name,business_type,state_registered,street_registered,city_registered,zip5_registered,state_physical,street_physical,city_physical,zip5_physical,filing_number,agent_name,agent_title,raw_physical_address,raw_registered_address
THE HOME FOR ORPHANS OF ODD FELLOWS OF PENNSYLVANIA,NONPROFIT,NAN,,,,,,,,4811151,,,NAN,
THE FIRST BAPTIST CHURCH OF SAYRE,NONPROFIT,NAN,,,,,,,,4811908,,,NAN,
"INFRASTRUCTURE CONSULTING & ENGINEERING, PLLC",LLC,SC,,,,PA,7208 RED TOP RD,HUMMELSTOWN,17036,4812783,,,7208 RED TOP RD HUMMELSTOWN PA 17036 DAUPHIN,
RAE-BECC INVESTMENTS LLC,LLC,NJ,,,,PA,206 CARSON TERRACE,HUNTINGTON VALLEY,19006,4821653,,,206 CARSON TERRACE HUNTINGTON VALLEY PA 19006 OUT OF STATE,
"PAWLIKOWSKI PROPERTIES, LLC",LLC,PA,,,,PA,2951 SUNNYCREST ROAD,WILLOW GROVE,19090,4825159,,,2951 SUNNYCREST ROAD WILLOW GROVE PA 19090 MONTGOMERY,
ARETE ENGINEERS LLC,LLC,NC,,,,PA,193 STONE RD,BROOKVILLE,15825,4828040,,,193 STONE RD BROOKVILLE PA 15825 JEFFERSON,
BOROUGH OF CHESWICK,CORPORATION,PA,,,,,,,,4829507,,,NAN,
"IMPAC HOLDINGS III, L.L.C.",CORPORATION,NAN,,,,,,,,4829558,,,NAN,
