name,business_type,state_registered,street_registered,city_registered,zip5_registered,state_physical,street_physical,city_physical,zip5_physical,filing_number,agent_name,agent_title,raw_physical_address,raw_registered_address
MARJORIE PENDLETON LEARNING CENTER,NONPROFIT,PA,,,,PA,410 WALNUT AVENUE 2ND FLOOR,YEADON,19050,5055975,,,410 WALNUT AVENUE 2ND FLOOR YEADON PA 19050 DELAWARE,
"CHRISTIAN AND MISSIONARY ALLIANCE CONGREGATION OF WILLIAMSBURG, PENNSYLVANIA",NONPROFIT,PA,,,,,,,,5057138,,,NAN,
MUNHALL BOROUGH,CORPORATION,NAN,,,,,,,,5064984,,,NAN,
CENTRE CEMETERY ASSOCIATION,NONPROFIT,PA,,,,,,,,5070768,,,NAN,
"BIH LOGISTICS, LLC",LLC,PA,,,,PA,985 JUG RD,YORK,17404,5079235,,,985 JUG RD YORK PA 17404 YORK,
ASHIPA ELECTRIC LLC,LLC,PA,,,,PA,875 BEACON LANE,PITTSBURGH,15237,5079866,,,875 BEACON LANE PITTSBURGH PA 15237 ALLEGHENY,
