name,business_type,state_registered,street_registered,city_registered,zip5_registered,state_physical,street_physical,city_physical,zip5_physical,filing_number
SEALED AIR CORPORATION,CORPORATION,NC,2415 CASCADE POINTE BLVD.,CHARLOTTE,28208,,,,,521077
"STAFFING POWERED BY ASCENDHR, LLC",LLC,WV,143 FLAT TOP LAKE ROAD,GHENT,25843,WV,143 FLAT TOP LAKE ROAD,GHENT,25843,521078
"COMMODORE HOMES, LLC",LLC,AZ,"3636 N. CENTRAL AVENUE, SUITE 1200",PHOENIX,85012,,,,,521079
TODD L BROWN TRUCKING LLC,LLC,WV,108 MAJESTIC HILLS DR,PARKERSBURG,26101,WV,108 MAJESTIC HILLS DR,PARKERSBURG,26101,521080
"CONSIGN & DESIGN FURNITURE STUDIO, LLC",LLC,WV,P O BOX 42,BECKLEY,25802,WV,P O BOX 42,BECKLEY,25802,521081
"MANN MORTGAGE, LLC",LLC,MT,1220 WHITEFISH STAGE,KALISPELL,59901,,,,,521082
LONG FINANCIAL ASSETS LLC,LLC,WV,610 BIG PIGEON RD,AMMA,25005,WV,"NASON T. LONG, 610 BIG PIGEON RD",AMMA,25005,521083
"CASSCO, LLC",LLC,WV,17 TERRY STREET,MULLENS,25882,WV,17 TERRY STREET,MULLENS,25882,521084
M.A.A.C HEALTH AGENCY INC.,CORPORATION,FL,"5601 N. POWERLINE RD, SUITE 205",FT. LAUDERDALE,33309,,,,,521085
"COLOR BY H & M, LLC",LLC,WV,408 TUPELO LN,BRIDGEPORT,26330,WV,134 S THIRD ST,CLARKSBURG,26301,521086
"BAKER 114, LLC",LLC,VA,3902 LAKE BLVD,ANNANDALE,22003,VA,4306 EVERGREEN LN STE 102,ANNANDALE,22003,521087
SPARTAN ENGINE SERVICES LLC,LLC,WV,1141 PLUM RUN RD,GRAFTON,26354,WV,1141 PLUM RUN RD,GRAFTON,26354,521088
SNALLYGASTERS WINE BAR LLC,LLC,WV,740 W. WASHINGTON,HARPERS FERRY,25425,WV,1102 W WASHINGTON STREET,HARPERS FERRY,25425,521089
DAVISSON ENTERPRISES LLC,LLC,WV,17003 US HWY 19 SOUTH,WALKERSVILLE,26447,WV,17003 US HWY 19 SOUTH,WALKERSVILLE,26447,521090
"PROPERTY IMPROVERS, LLC",LLC,WV,105 CHRYSTAL LANE,BARBOURSVILLE,25504,WV,105 CHRYSTAL LANE,BARBOURSVILLE,25504,521091
INDIAN CORN TABLES LLC,LLC,WV,112 SHERIDAN CIR,CHARLESTON,25314,WV,112 SHERIDAN CIR,CHARLESTON,25314,521092
"DRAGONFLY WELLNESS SOLUTIONS, LLC",LLC,WV,1340 ANDERSON AVENUE,MORGANTOWN,26505,WV,110 JAMES ST,HINTON,25951,521093
VERDURE CAFE L.L.C.,LLC,WV,1020 10TH ST,HUNTINGTON,25701,,,,,521094
RADICAL CLEANING SOLUTIONS LLC,LLC,OH,51469 ST RT 536,CLARINGTON,43915,OH,51469 ST RT 536,CLARINGTON,43915,521095
"TWO WINGS DEVELOPMENT, LLC",LLC,MI,4937 STARR ST SE,GRAND RAPIDS,49546,WV,1520 BEECH ST.,KENOVA,25530,521096
"D.T. READ STEEL CO., INC.",CORPORATION,VA,1751 WEST ROAD,CHESAPEAKE,23323,VA,1751 WEST ROAD,CHESAPEAKE,23323,521097
XCEL NDT LLC,LLC,TX,2755 STATE HWY 322,LONGVIEW,75603,TX,P O BOX 8024,LONGVIEW,75607,521098
"PD & MD, LLC",LLC,VA,2355 WEST MAIN STREET,SALEM,24153,WV,1963 EDENS FORK RD,CHARLESTON,25312,521099
"EXCELL PETROLEUM, LLC",LLC,GA,305A EQUIPMENT CT,LAWRENCEVILLE,30046,GA,305A EQUIPMENT CT,LAWRENCEVILLE,30046,521100
"FOOTAGE FIRM, INC.",CORPORATION,VA,"1515 COURTHOUSE RD, SUITE 1000",ARLINGTON,22201,VA,"1515 COURTHOUSE RD, SUITE 1000",ARLINGTON,22201,521101
DEFINITIVE FLOORING INC.,CORPORATION,FL,2526 RUSSELL RD,GREEN COVE SPRINGS,32043,FL,2526 RUSSELL RD,GREEN COVE SPRINGS,32043,521102
"MORGAN-WHITE RISK MANAGERS, INC.",CORPORATION,MS,500 STEED ROAD,RIDGELAND,39157,MS,500 STEED ROAD,RIDGELAND,39157,521103
"WALKUP MOUNTAIN FAMILY FARM, LLC",LLC,WV,1112 SPRUCE FLAT ROAD,BUCKEYE,24924,WV,1112 SPRUCE FLAT ROAD,BUCKEYE,24924,521104
BISHOFF TRUCKING LLC,LLC,WV,2457 RALPH LIVENGOOD RD,BRUCETON MILLS,26525,WV,2457 RALPH LIVENGOOD RD,BRUCETON MILLS,26525,521105
"CENTER FOR INTERNATIONAL CYBER INTELLIGENCE, INC.",CORPORATION,WV,287 EAST MAIN STREET,ROMNEY,26757,WV,287 EAST MAIN STREET,ROMNEY,26757,521106
"UNDERWOOD ENERGY, INC.",CORPORATION,WV,100 SOUTH QUEEN STREET,MARTINSBURG,25401,WV,333 E. JOHN STREET,MARTINSBURG,25401,521107
"ASCENDHR 360, LLC",LLC,WV,143 FLAT TOP LAKE ROAD,GHENT,25843,WV,143 FLAT TOP LAKE ROAD,GHENT,25843,521108
"COMMERCIAL RESTORATION COMPANY, LLC",LLC,KS,13725 SOUTH MUR-LEN ROAD,OLATHE,66062,KS,13725 SOUTH MUR-LEN ROAD,OLATHE,66062,521109
STANLEY R MALLOW FACILITY LLC,LLC,WV,8791 PETERSBURG PIKE,UPPER TRACT,26866,WV,8791 PETERSBURG PIKE,UPPER TRACT,26866,521110
KIRGANS LLC,LLC,WV,3578 MILLER RIDGE RD,HICO,25854,WV,3578 MILLER RIDGE RD,HICO,25854,521111
MEDTEK SOLUTIONS LLC,LLC,WV,215 MAJESTIC DR,CROSS LANES,25313,,,,,521112
"HAWTHORNE WEST PROPERTIES, LLC",LLC,WY,1718 CAPITOL AVE.,CHEYENNE,82001,NV,"3225 MCLEOD DR, SUITE 100",LAS VEGAS,89121,521113
"HENSLEY PROPERTY MANAGEMENT, LLC",LLC,WV,760 RIDGEVIEW ESTATES,CHAPMANVILLE,25508,WV,760 RIDGEVIEW ESTATES,CHAPMANVILLE,25508,521114
AMANDA WALKER INC.,CORPORATION,WV,976 MOUNT UNION ROAD,FRAZIERS BOTTOM,25082,WV,2085 US-60,CULLODEN,25510,521115
GUARDIAN COMPLIANCE SERVICES LLC,LLC,WV,362 CIRCLE HEIGHTS RD,WESTON,26452,WV,362 CIRCLE HEIGHTS RD,WESTON,26452,521116
"RETAIL SECURITY SERVICES, INC.",CORPORATION,NY,3249 ROUTE 112 BLDG 4 SUITE 2,MEDFORD,11763,NY,3249 ROUTE 112 BLDG 4 SUITE 2,MEDFORD,11763,521117
3LEMMONGRLS LLC,LLC,WV,65 EDWARDS AVE,CHAPMANVILLE,25508,,,,,521118
WEST VIRGINIA BUILDING LLC,LLC,WV,1 CUMMINGS COURT,HUNTINGTON,25701,WV,1 CUMMINGS COURT,HUNTINGTON,25701,521119
ARETE INSURANCE AGENCY LLC,LLC,IL,"1115 W. FULTON MARKET, 3RD FLOOR",CHICAGO,60607,IL,"1115 W. FULTON MARKET, 3RD FLOOR",CHICAGO,60607,521120
"EARTHEN VESSELS COUNSELING, LLC",LLC,WV,P O BOX 576,CHESTER,26034,WV,135 HIGH ACRES DRIVE,CHESTER,26034,521121
"ASCENDHR EDGE, LLC",LLC,WV,143 FLAT TOP LAKE ROAD,GHENT,25843,WV,143 FLAT TOP LAKE ROAD,GHENT,25843,521122
"GLAZD, INC.",CORPORATION,WI,1818 PARMENTER ST. STE 400,MIDDLETON,53562,WI,1818 PARMENTER ST. STE 400,MIDDLETON,53562,521123
FREEDOM FOTOS INC.,CORPORATION,WV,15 LEWIS STREET,WHEELING,26003,WV,15 LEWIS STREET,WHEELING,26003,521124
SPATIAL AWARENESS LLC,LLC,WV,1275 KINGS ROAD,MORGANTOWN,26508,WV,1275 KINGS ROAD,MORGANTOWN,26508,521125
SMOKIN DAVENPORTS LLC,LLC,WV,5584 JUBILEE STREET,SAINT ALBANS,25177,WV,5584 JUBILEE STREET,SAINT ALBANS,25177,521126
"MOUNTAINEER REINSURANCE, LLC",LLC,WV,PO BOX 278,DANVILLE,25053,WV,104 STEPHENS DRIVE,DANVILLE,25053,521127
"ASCENDHR WELLNESS, LLC",LLC,WV,143 FLAT TOP LAKE ROAD,GHENT,25843,WV,143 FLAT TOP LAKE ROAD,GHENT,25843,521128
GIOMETTI CATERING LLC,LLC,WV,1801 PENNSYLVANIA AVE,WEIRTON,26062,WV,1801 PENNSYLVANIA AVE,WEIRTON,26062,521129
"GALILEO MEDICAL GROUP WV, INC.",CORPORATION,NY,"64 BLEECKER STREET, #151",NEW YORK,10012,,,,,521130
"MICHELLE GARRETT AESTHETICS, LLC",LLC,WV,487 VALLEY MANOR LANE,WILLIAMSTOWN,26187,OH,6 TIBER WAY,MARIETTA,45750,521132
"WILD CREEK BOUTIQUE, LLC",LLC,WV,1016 ORAL LAKE RD,BRIDGEPORT,26330,WV,1016 ORAL LAKE RD,BRIDGEPORT,26330,521133
"SUMMERS MEDICAL SUPPLY, LLC",LLC,WV,795 MARIE RD,WAYSIDE,24985,WV,310 3RD AVE,HINTON,25951,521134
BUDS AFFORDABLE PLUMBING LLC,LLC,WV,3857 LETART RD,POINT PLEASANT,25550,WV,3857 LETART RD,POINT PLEASANT,25550,521135
WYNN HOLDING COMPANY LLC,LLC,WV,P O BOX 181,ALUM CREEK,25003,WV,P O BOX 181,ALUM CREEK,25003,521136
CH CANDLE CO LLC,LLC,WV,4009 KANAWHA TPKE APT. 3F,SOUTH CHARLESTON,25309,WV,4009 KANAWHA TPKE. APT 3F,SOUTH CHARLESTON,25309,521137
"PRECISION AESTHETICS, LLC",LLC,WV,1324 OVERLOOK DRIVE,WEIRTON,26062,,,,,521138
NAILS BY JORDAN LLC,LLC,WV,2176 HOY ROAD,AUGUSTA,26704,WV,2176 HOY ROAD,AUGUSTA,26704,521139
FRANCIS LOGISTICS LLC,LLC,WV,2537 COLLIS AVE,HUNTINGTON,25703,WV,2537 COLLIS AVE,HUNTINGTON,25703,521140
"MOUNTAIN PASS, PLLC",LLC,TX,1602 AVENUE Q,LUBBOCK,79401,TX,"HARRY KYLE SHEETS, MD, 1602 AVENUE Q",LUBBOCK,79401,521141
WEST WASHINGTON STREET CHARLES TOWN LLC,LLC,MA,5 GLEN OAK DRIVE,WAYLAND,01788,,,,,521142
DG COURTNEY COMPANY,CORPORATION,WV,600 QUARRIER STREET,CHARLESTON,25301,WV,114 MONONGALIA STREET,CHARLESTON,25302,521143
"BRIDGEWAY STAFFING SERVICES, LLC",LLC,OH,4700 ASHWOOD DR. SUITE 200,CINCINNATI,45241,,,,,521144
WV STATE TAX CERT PURCHASED 2021 LLC,LLC,FL,1280 W NEWPORT CENTER DRIVE,DEERFIELD BEACH,33442,WV,38496 MIDLAND TRAIL E,WHITE SULPHUR SPRINGS,24986,521145
WALLACE COOKS LLC,LLC,WV,"2239 EOFF ST APT 2S, 2S",WHEELING,26003,WV,"2239 EOFF ST APT 2S, 2S",WHEELING,26003,521146
"SANDERS TRANSPORTATION SERVICES, INC.",CORPORATION,WV,384 MARA ROSE LANE,HARPERS FERRY,25425,WV,384 MARA ROSE LANE,HARPERS FERRY,25425,521147
"HIGHLY MOTIVATED, INC.",CORPORATION,NC,191 SWEETGUM TRAIL,HENDERSONVILLE,28739,NC,191 SWEETGUM TRAIL,HENDERSONVILLE,28739,521148
FARMORE RETREATS LLC,LLC,OH,15323 HAWN ROAD,PLAIN CITY,43064,OH,15323 HAWN ROAD,PLAIN CITY,43064,521149
STEEL VALLEY CONTRACTING AND MAINTENANCE LLC,LLC,OH,P O BOX 2151,WINTERSVILLE,43953,OH,"143 CANTON ROAD, P O BOX 2151",WINTERSVILLE,43953,521150
"E & K FARMS, LLC",LLC,WV,105 MANILLA CRK RD,POCA,25159,WV,"EVAN AND KEREE BELLER, 105 MANILLA CREEK ROAD",POCA,25159,521151
MEDICALESHOP INC,CORPORATION,CT,"87 DANBURY ROAD, UNIT 1",NEW MILFORD,06776,CT,"87 DANBURY ROAD, UNIT 1",NEW MILFORD,06776,521152
L&M TAG & TITLE SERVICE LLC,LLC,WV,4464 CLENDENIN CREEK RD.,LIBERTY,25124,WV,344 B S CHURCH ST.,RIPLEY,25271,521153
THE CONCIERGE NP LLC,LLC,WV,P O BOX 8458,CHARLESTON,25303,WV,P O BOX 8458,SOUTH CHARLESTON,25303,521154
WONDER LUX WELLNESS LLC,LLC,WV,482 CAMPBELLS CREEK DRIVE,CHARLESTON,25306,WV,"REGISTERED AGENTS INC., 110 JAMES ST.",HINTON,25951,521155
"HAPPY TO HELP PERIOD, INC.",CORPORATION,WV,144 PINE TREE LANE,MORGANTOWN,26508,WV,"ROBERT M. URSE, 108 FALLING WATER LANE",MORGANTOWN,26508,521156
R&H HOLDINGS LLC,LLC,WV,1057 6TH AVE,HUNTINGTON,25701,WV,1057 6TH AVE,HUNTINGTON,25701,521157
ROYAL FAMILY BOOSTERS CORPORATION,CORPORATION,WV,103 BLAKES PLACE,BRIDGEPORT,26330,WV,"C/O APRIL STEWART, 117 EAST MAIN STREET",BRIDGEPORT,26330,521158
"PEPPERTREE CAPITAL FUND VIII QP, LP",PARTNERSHIP,OH,57 E WASHINGTON STREET,CHAGRIN FALLS,44022,OH,"CYNTHIA DEBEVEC, COO, 57 E WASHINGTON STREET",CHAGRIN FALLS,44022,521159
"HILL ASC, INC.",CORPORATION,FL,879 W LAKESHORE DRIVE,CLERMONT,34711,MD,1 RESEARCH CT. SUITE 450-421,ROCKVILLE,20850,521160
"BRANDILYNN'S UNIQUE CUSTOM SEWING BOUTIQUE, LLC.",LLC,WV,172 BRUSHY RIDGE LANE,SLATYFORK,26291,WV,P. O. BOX 83,SLATYFORK,26291,521161
CREATIVE PROPERTY SOLUTIONS LLC,LLC,WV,320 CHESTNUT HILL ROAD,HARPERS FERRY,25425,WV,320 CHESTNUT HILL ROAD,HARPERS FERRY,25425,521162
STUDIO 23 LTD. CO.,LLC,WV,110 HIGHLAND AVE,WELLSBURG,26070,WV,110 HIGHLAND AVE,WELLSBURG,26070,521163
"PEPPERTREE CAPITAL FUND VIII, LP",PARTNERSHIP,OH,57 E WASHINGTON STREET,CHAGRIN FALLS,44022,OH,"CYNTHIA DEBEVEC, COO, 57 E WASHINGTON STREET",CHAGRIN FALLS,44022,521164
MARS BANK,CORPORATION,PA,"145 GRAND AVENUE, P O BOX 927",MARS,16046,PA,"145 GRAND AVENUE, P O BOX 927",MARS,16046,521165
"HAGER TRUCKING & ASPHALT REPAIR, LLC",LLC,WV,50 PADDIES BRANCH ROAD,BRANCHLAND,25506,WV,"INC AUTHORITY RA, 232 CAPITOL ST, STE 100",CHARLESTON,25301,521166
C & C SALES LLC,LLC,WV,P O BOX 23,PRINCETON,24740,WV,P O BOX 23,PRINCETON,24740,521167
HEELY-BROWN COMPANY,CORPORATION,GA,1280 CHATTAHOOCHEE AVE,ATLANTA,30318,GA,1280 CHATTAHOOCHEE AVE,ATLANTA,30318,521168
"MAYBERRY HOMESTEAD, LLC",LLC,WV,621 MAYBERRY RUN,HARRISVILLE,26362,WV,621 MAYBERRY RUN,HARRISVILLE,26362,521169
GIT SETTLEMENT SERVICES LLC,LLC,IL,120 N LASALLE STREET,CHICAGO,60602,IL,120 N LASALLE STREET,CHICAGO,60602,521170
"MM CS SERVICES, LLC",LLC,GA,305 A EQUIPMENT COURT,LAWRENCEVILLE,30046,,,,,521171
DAVE TRAUBE CREATIVE LLC,LLC,WV,6157 BIRKEWOOD RD,HUNTINGTON,25705,WV,"DAVID PAUL TRAUBE, 6157 BIRKEWOOD RD",HUNTINGTON,25705,521172
"CAVINESS LAMBERT ENGINEERING, LLC",LLC,SC,10 PARKWAY COMMONS WAY,GREER,29650,SC,10 PARKWAY COMMONS WAY,GREER,29650,521173
DREAMPHASE LLC,LLC,WV,1797 GREENBRIER MOUNTAIN ROAD,PANTHER,24872,WV,4115 COAL HERITAGE ROAD,BLUEWELL,24701,521174
HAYMAKER HILL FARM LLC,LLC,WV,336 HAYMAKER ROAD,HEDGESVILLE,25427,WV,"ANTHONY SPITZER, 336 HAYMAKER ROAD",HEDGESVILLE,25427,521175
TDR ENTERPRISES LLC,LLC,WV,116 ASHMORE DRIVE,BRIDGEPORT,26330,WV,527 CLUBVIEW DR,BRIDGEPORT,26330,521176
TREEWORX LAND MANAGEMENT CORP.,CORPORATION,WV,207 KELLY AVE,MOUNT HOPE,25880,WV,207 KELLY AVE,MOUNT HOPE,25880,521177
MORGANTOWN CIGAR SHOP AND TOBACCO LLP,PARTNERSHIP,WV,803 CHESTNUT RIDGE ROAD SUITE 100,MORGANTOWN,26505,WV,803 CHESTNUT RIDGE ROAD SUITE 100,MORGANTOWN,26505,521178
MILLER WELL DRILLING & PUMP CO. LLC,LLC,WV,505 MILLER RD,RIDGELEY,26753,WV,505 MILLER RD,RIDGELEY,26753,521179
ALL COUNTRY RENTALS LLC,LLC,WV,1045 REED ROAD,GRAFTON,26354,WV,1045 REED ROAD,GRAFTON,26354,521180
"SMART SOLUTIONS MOVING, LLC",LLC,WV,147 WILLOWBROOK RD,PRINCETON,24739,WV,"INC AUTHORITY RA, 232 CAPITOL ST, STE 100",CHARLESTON,25301,521181
RIVER VALLEY CAPITAL SOLUTIONS LLC,LLC,WV,101 BRYAN DRIVE,SAINT MARYS,26170,WV,101 BRYAN DRIVE,SAINT MARYS,26170,521182
WV COUNTY TAX CERT PURCHASED 2021 LLC,LLC,FL,1280 W NEWPORT CENTER DRIVE,WHITE SULPHUR SPRINGS,33442,WV,38496 MIDLAND TRAIL E,WHITE SULPHUR SPRINGS,24986,521183
SCHWARZENBERG & SCHWARZENBERG MDS,PARTNERSHIP,,,,,,,,,521184
"BULLY’S BBQ, LLC",LLC,WV,278 STOLLINGS BRANCH RD,DANVILLE,25053,WV,278 STOLLINGS BRANCH RD,DANVILLE,25053,521185
GALLERY 304 LLC,LLC,WV,327 HIGH ST.,MORGANTOWN,26508,WV,327 HIGH ST,MORGANTOWN,26505,521186
KNICELEY'S TRUCKING LLC,LLC,WV,57 HILL RIDGE RD,HEATERS,26627,WV,57 HILL RIDGE RD,HEATERS,26627,521187
PRETTY BEING PETTY LLC,LLC,WV,"1425 SARATOGA AVE, B",MORGANTOWN,26505,WV,"1425 SARATOGA AVE, B",MORGANTOWN,26505,521188
"MOONBASE CAMPING, LLC",LLC,MD,1707 VEIRS MILL ROAD,ROCKVILLE,20851,MD,1707 VEIRS MILL ROAD,ROCKVILLE,20851,521189
"KEH LAND, LLC",LLC,WV,87 CANYON ROAD,MORGANTOWN,26508,WV,87 CANYON ROAD,MORGANTOWN,26508,521190
FIFTY-SIX ACE LLC,LLC,WV,1814 WORTHINGTON 303D,PARKERSBURG,26101,WV,1814 WORTHINGTON 303D,PARKERSBURG,26101,521191
"TRADEMARK CONTRACTING, LLC",LLC,WV,1522 OAKHURST DR A,CHARLESTON,25314,WV,1522 OAKHURST DR A,CHARLESTON,25314,521192
GURY PROPERTIES INC.,CORPORATION,WV,5108 LITTLE SANDY ROAD,ELKVIEW,25071,WV,5108 LITTLE SANDY ROAD,ELKVIEW,25071,521221
WILSON DEVELOPMENT GROUP LLC,LLC,WV,P O BOX 2747,CHARLESTON,25330,WV,PO BOX 2747,CHARLESTON,25330,521222
"G2 RESOURCES CONSOLIDATED, LLC",LLC,TX,"6060 N. CENTRAL EXPRESSWAY, STE. 730",DALLAS,75206,TX,"6060 N CENTRAL EXPRESSWAY, STE. 730",DALLAS,75206,521223
LETZ GO LLC,LLC,WV,1642 PLEASURE VALLEY ROAD,MONTROSE,26283,WV,1642 PLEASURE VALLEY ROAD,MONTROSE,26283,521224
TESS M DOEFFINGER LLC,LLC,WV,8079 OHIO RIVER RD,POINT PLEASANT,25550,WV,8079 OHIO RIVER RD,POINT PLEASANT,25550,521226
"DIRT ROAD HEATING AND COOLING, LLC",LLC,WV,930 MINERAL ROAD,GLENVILLE,26351,WV,930 MINERAL ROAD,GLENVILLE,26351,521227
APPALACHIAN ADVANCED ENVIRONMENTAL SERVICES LLC,LLC,WV,366 SUMMERS FORK OF SANDY RD,WALLBACK,25285,,,,,521228
"SOUTHLAKE LEASING & MANAGEMENT, INC.",CORPORATION,TX,101 SAINT LOUIS AVENUE,FORT WORTH,76104,TX,101 SAINT LOUIS AVENUE,FORT WORTH,76104,521229
SPOTLYSS CLEAN LLC,LLC,WV,308 S GREEN ST,BERKELEY SPRINGS,25411,WV,308 S GREEN ST,BERKELEY SPRINGS,25411,521230
"TILDEN TECH, LLC",LLC,WV,17 HUNGARDS CREEK ROAD,ALDERSON,24910,WV,17 HUNGARDS CREEK ROAD,ALDERSON,24910,521231
"APPALASIAN, LLC",LLC,WV,339 DWYER LANE,LEWISBURG,24901,WV,339 DWYER LANE,LEWISBURG,24901,521232
BUMPY ROAD RENTALS LLC,LLC,WV,1029 AUTUMN AVE,MORGANTOWN,26508,WV,1029 AUTUMN AVE,MORGANTOWN,26508,521233
MORTGAGE SOLUTIONS FCS INC.,CORPORATION,CA,2700 YGNACIO VALLEY RD. SUITE 255,WALNUT CREEK,94598,,,,,521234
TEST,CORPORATION,,,,,,,,,521235
NU GLOW AESTHETICS LLC,LLC,PA,1524 ROBERTSON DRIVE,PITTSBURGH,15237,PA,1524 ROBERTSON DRIVE,PITTSBURGH,15237,521236
CHEZ BOUJIE,CORPORATION,NV,12544 CLAYMORE HIGHLAND AVENUE,LAS VEGAS,89138,CA,43240 LOS CORRALITOS RD,TEMECULA,92592,521237
TWO CUBS TRADING CO LLC,LLC,WV,657 STRATTON ST,LOGAN,25601,WV,657 STRATTON ST,LOGAN,25601,521238
"GRACE COTTAGE COMMUNITY THRIFT, LLC",LLC,WV,216 N CHESTNUT ST,CLARKSBURG,26301,WV,216 N CHESTNUT ST,CLARKSBURG,26301,521239
OPEN NETWORK FOUNDATION A NON-PROFIT CORPORATION,CORPORATION,NJ,"10 E. STOW ROAD, SUITE 250",MARLTON,08053,WV,61 CAESAR ROAD,HARPERS FERRY,25425,521240
302 WEST VIRGINIA LLC,LLC,NY,1545 ARCHER RD,"APT ME, BRONX",10462,WV,302 W 4TH AVE,WILLIAMSON,25661,521241
ZACH'S RESTAURANT AT THE LINKS INC.,CORPORATION,WV,3130 INDIAN CAMP RD,FRENCH CREEK,26218,WV,3130 INDIAN CAMP RD,FRENCH CREEK,26218,521242
"WEST VIRGINIA MOUNTAIN STONE, L.L.C.",LLC,WV,"214 IVY CREST DRIVE, P O BOX 1955",LOGAN,25601,WV,"214 IVY CREST DRIVE, P O BOX 1955",LOGAN,25601,521243
"REBEL'S KITCHEN, LLC",LLC,WV,1946 BENEDICT LN,LEWISBURG,24901,WV,1946 BENEDICT LN,LEWISBURG,24901,521244
OVERFLOW CHURCH INCORPORATED,CORPORATION,WV,1702 RIVER ROAD,MORGANTOWN,26501,WV,1702 RIVER ROAD,MORGANTOWN,26501,521245
"RUSSMAR UTILITY MANAGEMENT, LLC",LLC,KY,2371 IRVINE ROAD,RICHMOND,40475,KY,2371 IRVINE ROAD,RICHMOND,40475,521246
ELEPHANT THAI RESTAURANT INC,CORPORATION,WV,130 MOUNT VERNON LN,HURRICANE,25526,WV,228 7TH AVE,SOUTH CHARLESTON,25303,521247
STEVE SARRAS LLC,LLC,WV,PO BOX 188,BEECH BOTTOM,26030,WV,PO BOX 188,BEECH BOTTOM,26030,521248
"PROPERTY ONE, LLC",LLC,WV,4204 VENABLE AVENUE,CHARLESTON,25304,WV,4204 VENABLE AVENUE,CHARLESTON,25304,521249
ALL AMERICAN ELECTRIC LLC,LLC,WV,#1 HUMMINGBIRD LANE,TORNADO,25202,WV,#1 HUMMINGBIRD LANE,TORNADO,25202,521250
MECHANICSBURG ENTERPRISES LLC,LLC,WV,400 OHIO STREET,CAPON BRIDGE,26711,WV,400 OHIO DRIVE,CAPON BRIDGE,26711,521251
"EQUITY HOMESTEADS REALTY, LLC",LLC,UT,"1218 EAST 7800 SOUTH, SUITE 150",SANDY,84094,WV,367 WIEST LANE,GERRARDSTOWN,25420,521252
KERN FAMILY AUTO REPAIR LLC,LLC,WV,1495 DARKE LANE,KEARNEYSVILLE,25430,WV,1495 DARKE LANE,KEARNEYSVILLE,25430,521253
"QUINWOOD COMMUNITY FOOD SERVICE, INC.",CORPORATION,WV,116 AMICK AVENUE,QUINWOOD,25981,WV,116 AMICK AVENUE,QUINWOOD,25981,521254
"SKOOTS LOGISTICS,LLC",LLC,WV,4 BOGGESS ST,BUCKHANNON,26201,WV,4 BOGGESS ST,BUCKHANNON,26201,521255
HAMMER DOWN TRUCKING LLC,LLC,WV,1411 21ST STREET,VIENNA,26105,WV,1411 21ST STREET,VIENNA,26105,521256
TMGI PROPERTIES LLC,LLC,WV,61 CEASER ROAD,HARPERS FERRY,25425,WV,"ALLISON NEUBAUER, 61 CEASER ROAD",HARPERS FERRY,25425,521257
"PHILLIP LEWIS ENGINEERING, INC",CORPORATION,WA,110 JAMES ST,HINTON,25951,,,,,521258
"SM WEST VIRGINIA BROKERAGE, LLC",LLC,VA,"11710 PLAZA AMERICA DRIVE, SUITE 1100",RESTON,20190,VA,"11710 PLAZA AMERICA DRIVE, SUITE 1100",RESTON,20190,521259
T&B FARMS OF PETTRY LLC,LLC,WV,3022 RED SULPHUR TPKE,PRINCETON,24739,WV,3022 RED SULPHUR TPKE,PRINCETON,24739,521260
FATHERLAND FARMS LLC,LLC,WV,10 DOGWOOD DR,DELBARTON,25670,WV,10 DOGWOOD DR,DELBARTON,25670,521261
STUMBO DUMP TRAILERS LLC,LLC,WV,2 THOROUGHBRED ROAD,SCOTT DEPOT,25560,WV,2 THOROUGHBRED ROAD,SCOTT DEPOT,25560,521262
BUSTED ATV RESORT INC.,CORPORATION,FL,41 PINEHURST CIR,ORMOND BEACH,32174,WV,7661 COAL HERITAGE RD,BLUEFIELD,24701,521263
"RI INSURANCE SERVICES, LLC",LLC,WA,1400 BROADWAY ST,BELLINGHAM,98225,WA,1400 BROADWAY ST,BELLINGHAM,98225,521264
HIGHWAY EXPRESS LLC,LLC,WV,154 CANAL ROAD,FALLING WATERS,25419,WV,154 CANAL ROAD,FALLING WATERS,25419,521265
"RECOVERY EXCHANGE, LLC",LLC,NY,485 CAYUGA ROAD,CHEEKTAWAGA,14225,NY,485 CAYUGA ROAD,CHEEKTAWAGA,14225,521266
"FALVEY SHIPPERS INSURANCE, LLC",LLC,RI,66 WHITECAP DRIVE,NORTH KINGSTOWN,02852,RI,66 WHITECAP DRIVE,NORTH KINGSTOWN,02852,521267
MAPLE GROVE CABINS LLC,LLC,OH,5040 W STATE ROUTE 29,URBANA,43078,OH,5040 W STATE ROUTE 29,URBANA,43078,521268
AMERICAN AFFILIATE CO. LLC,LLC,NV,"505 E. WINDMILL LANE, STE 1C #150",LAS VEGAS,89123,NV,505 E WINDMILL LANE STE 1C #150,LAS VEGAS,89123,521269
TRI STATE SALES LLC,LLC,OH,6323 PINE COVE LANE,LOVELAND,45140,OH,6323 PINE COVE LANE,LOVELAND,45140,521270
"AM PM SYSTEMS, INC.",CORPORATION,BC,"2237 HAWKINS STREET, UNIT 1110",PORT COQUITLAM,0M2,WA,"1602 PIKE STREET NW, UNIT 101",AUBURN,98001,521271
UNILEVER TEA MSO USA LLC,LLC,NJ,700 SYLAN AVENUE,ENGLEWOOD CLIFFS,07632,NJ,700 SYLVAN AVENUE,ENGLEWOODS CLIFFS,07632,521272
INTERBORO PACKAGING CORP.,CORPORATION,NY,114 BRACKEN ROAD,MONTGOMERY,12549,NY,114 BRACKEN RD.,MONTGOMERY,12549,521273
"WORKFORCE180, LLC",LLC,CT,"800 VILLAGE WALK, SUITE #169",GUILFORD,06437,CT,"800 VILLAGE WALK, SUITE #169",GUILFORD,06437,521274
"MM BP PROPERTIES, LLC",LLC,GA,305 A EQUIPMENT COURT,LAWRENCEVILLE,30046,,,,,521275
ARCHED ANGEL AESTHETICS LLC,LLC,WV,138 SUNRISE AVE,BECKLEY,25801,WV,138 SUNRISE AVE,BECKLEY,25801,521276
MONEY NEVA SLEEPS LLC,LLC,WV,110 JAMES ST,HINTON,25951,,,,,521277
FLETCHERS FINE FINISHING LLC,LLC,WV,1589A WASHINGTON PIKE,WELLSBURG,26070,,,,,521278
MUD-MADE MILLIONAIRES MANAGEMENT LLC,LLC,KY,PO BOX 4000,MANCHESTER,40962,,,,,521279
UNITED DRYWALL AND PAINTING LLC,LLC,NC,4690 MURRAY RD,WINSTON SALEM,27106,NC,P O 11706,WINSTON SALEM,27116,521280
"WHELEN ENGINEERING COMPANY, INC",CORPORATION,,,,,WV,CORPORATION SERVICE COMPANY,CHARLESTON,25302,521281
"CARE & HELPING ANIMALS SURVIVE EMERGENCIES, INC.",CORPORATION,WV,P O BOX 431,DUNBAR,25064,WV,P O BOX 431,DUNBAR,25064,521282
"INFRASOURCE PIPELINE CONSTRUCTION, LLC",LLC,TX,"2800 POST OAK BLVD., STE. 2600",HOUSTON,77056,WV,"CORPORATION SERVICE COMPANY, 209 WEST WASHINGTON STREET",CHARLESTON,25302,521283
DIAMOND IN THE RUFF GROOMING LLC,LLC,OH,3635 ARCHERS FORK ROAD,NEW MATAMORAS,45767,,,,,521284
STONE & SMITH DEVELOPMENT LLC,LLC,WV,PO BOX 444,GILBERT,25621,WV,PO BOX 444,GILBERT,25621,521285
"PARKS VALLEY ENERGY, LLC",LLC,VA,"2311 WILSON BOULEVARD, SUITE 640",ARLINGTON,22201,VA,"2311 WILSON BOULEVARD, SUITE 640",ARLINGTON,22201,521286
NOVOCARE INTERNATIONAL LLC,LLC,WV,110 JAMES ST.,HINTON,25951,,,,,521287
USA TOBACCO AND VAPE LLC,LLC,WV,704 WINCHESTER AVENUE,MARTINSBURG,25401,WV,704 WINCHESTER AVENUE,MARTINSBURG,25401,521288
POP INTO LEARNING LLC,LLC,WV,1632 STEAMBOAT RUN ROAD,SHEPHERDSTOWN,25443,WV,2433 HEDGESVILLE ROAD,MARTINSBURG,25403,521289
"KTD PRODUCTS, LLC",LLC,WV,"1355 OLD COURTHOUSE SQUARE, #2256",MARTINSBURG,25404,WV,"1355 OLD COURTHOUSE SQUARE, #2256",MARTINSBURG,25404,521290
M & R RESTAURANT AND DAIRY BAR LLC,LLC,WV,7688 LYNN AVE APT 31,HAMLIN,25523,WV,7688 LYNN AVE APT 31,HAMLIN,25523,521291
GOOD LUCK VENDING LLC,LLC,WV,1026 ELM STREET,SAINT ALBANS,25177,WV,1026 ELM STREET,SAINT ALBANS,25177,521292
FAFO SOLUTIONS INC,CORPORATION,WV,570 S SEWELL ST,RAINELLE,25962,WV,570 S SEWELL ST,RAINELLE,25962,521293
WEST VIRGINIA MEDICAL SPECIALISTS PLLC,LLC,WV,3501 MACCORKLE AVENUE SE,CHARLESTON,25304,,,,,521294
DOUBLE JENKS ENTERPRISES LLC,LLC,WV,2879 3RD RUN ROAD,GLENVILLE,26351,WV,2879 3RD RUN ROAD,GLENVILLE,26351,521295
RGM HANDYMAN LLC,LLC,WV,"1109, 2ND AVENUE",MARLINTON,24954,WV,"1109, 2ND AVENUE",MARLINTON,24954,521296
ARVILLA PROPERTIES LLC,LLC,WV,1225 WASHINGTON AVENUE,PARKERBURG,26101,WV,"WILLIAM E. SAMS, POST OFFICE BOX 91",ST MARYS,26170,521297
RIGHT LANE RENTALS LLC,LLC,WV,325 TOWN MOUNTAIN RD,SUMMERSVILLE,26651,WV,1006 WAL STREET,SUMMERSVILLE,26651,521298
"STILL OF THE NIGHT, LLC",LLC,OH,8749 MT HOPE RD,HARRISON,45030,WV,258 BROOKSIDE RD,DAVIS,26260,521299
BLENDED BUBBLES BATH CO. LLC,LLC,WV,1330 WASHINGTON AVENUE,HUNTINGTON,25704,WV,1330 WASHINGTON AVE,HUNTINGTON,25704,521300
"BANG BOUTIQUE, LLC",LLC,WV,40 B SREET,SAINT ALBANS,25177,WV,40 B SREET,SAINT ALBANS,25177,521301
FRESH BEGINNINGS DEVELOPMENT LLC,LLC,WV,1217 LAUREL RUN PISGAH ROAD,BRUCETON MILLS,26525,,,,,521302
"NOBIS ENTERPRISES, INC",CORPORATION,GA,1480 BELLS FERRY ROAD,MARIETTA,30066,GA,1480 BELLS FERRY ROAD,MARIETTA,30066,521303
"CHASE'S LAWN CARE, LLC",LLC,WV,44 KANSAS ST.,DELBARTON,25670,,,,,521304
SMALL TOWN HANDYMAN LLC,LLC,WV,5 BAILEY AVE,WESTON,26452,WV,5 BAILEY AVE,WESTON,26452,521305
"RUST & ROOTS, LLC",LLC,WV,1718 FOREST HILLS DRIVE,VIENNA,26105,WV,1718 FOREST HILLS DRIVE,VIENNA,26105,521306
CHEMICO LLC,LLC,MI,901 BLOOMFIELD CLUB COURT,BLOOMFIELD HILLS,48301,MI,25200 TELEGRAPH RD STE #120,SOUTHFIELD,48034,521307
"RAW FIELD SERVICES, LLC",LLC,WV,P O BOX 5099,PRINCETON,24740,WV,P O BOX 5099,PRINCETON,24740,521308
"NETWORKING TECHNOLOGIES, LLC",LLC,PA,4666 GLEN CREST DRIVE,ERIE,16509,PA,"3910 CAUGHEY ROAD, SUITE 207",ERIE,16506,521309
GREEN SOLAR SYSTEMS LLC,LLC,PA,531 TURNEY STREET,GREENSBURG,15601,PA,531 TURNEY STREET,GREENSBURG,15601,521310
"THENOTEWEAVER, LLC",LLC,WV,99 HIALEAH PLACE,MARTINSBURG,25404,WV,99 HIALEAH PLACE,MARTINSBURG,25404,521311
"FOUTTY ENTERPRISES, LLC",LLC,OH,300 MITCHELL DR.,NEWPORT,45768,OH,300 MITCHELL DR.,NEWPORT,45768,521312
"MAZOOMA US, INC.",CORPORATION,GA,"400 GALLERIA PKWY, STE 1500",ATLANTA,30339,,,,,521313
"UNITED RENEWABLE ENERGY, LLC",LLC,GA,"5895 SHILOH ROAD, SUITE 104",ALPHARETTA,30005,GA,"5895 SHILOH ROAD, SUITE 104",ALPHARETTA,30005,521314
NC DETAILING LLC,LLC,WV,27 ATLATL LANE,HEDGESVILLE,25427,WV,27 ATLATL LANE,HEDGESVILLE,25427,521315
APPALACHIAN HOMES LLC,LLC,WV,329 SHORT RUN ROAD,BELLEVILLE,26133,WV,329 SHORT RUN ROAD,BELLEVILLE,26133,521316
"STAR SPANGLED FITNESS, LLC",LLC,WV,1165 MIDLAND TRAIL,HURRICANE,25526,WV,1165 MIDLAND TRAIL,HURRICANE,25526,521317
A & M HINES PROPERTIES LLC,LLC,OH,546 COUNTY RD 115,CHESAPEAKE,45619,WV,"809 3RD AVE, UNIT 7",HUNTINGTON,25701,521318
MOUNTAIN TOP FARMS LLC,LLC,WV,5002 RIDGEMONT HEIGHTS,LAVALETTE,25535,WV,1430 MOUNT UNION RD,WAYNE,25570,521319
"ASBURY RISK SERVICES, LLC",LLC,GA,"2905 PREMIERE PKWY, STE 300",DULUTH,30097,,,,,521320
SUGAR GROVE BUILDERS LLC,LLC,WV,5808 DOE HILL ROAD,SUGAR GROVE,26815,WV,5808 DOE HILL ROAD,SUGAR GROVE,26815,521321
SELICHEF CULINARY CONSULTING SERVICES LLC,LLC,WV,"60 BUXTON STREET, P O BOX",THOMAS,26292,WV,"60 BUXTON STREET, P O BOX 309",THOMAS,26292,521322
"CRAFTERJAKS, LLC",LLC,WV,4 HENRY STREET,RAVENSWOOD,26164,WV,4 HENRY STREET,RAVENSWOOD,26164,521323
BMW PIZZA LLC,LLC,WV,1225 WASHINGTON AVENUE,PARKERSBURG,26101,WV,"WILLIAM E. SAMS, POST OFFICE BOX 91",ST. MARYS,26170,521324
BARKLEY & COMPANY LLC,LLC,WV,23 CAMP RUN RD.,FLEMINGTON,26347,WV,23 CAMP RUN RD.,FLEMINGTON,26347,521325
DXT COMMODITIES NORTH AMERICA INC.,CORPORATION,,,,,,,,,521326
JACKSON'S CONCRETE FINISHING LLC,LLC,WV,11 WHISPERING PINES LANE,HUNTINGTON,25704,WV,11 WHISPERING PINES LANE,HUNTINGTON,25704,521327
FRUITS DE LA ROSE LLC,LLC,WV,10719 HARRIS HWY,BELLEVILLE,26133,WV,10679 HARRIS HWY,BELLEVILLE,26133,521328
MURAD HEATING & AIR LLC,LLC,WV,131 ZANE ST,WHEELING,26003,WV,131 ZANE ST,WHEELING,26003,521329
"IT'S CALLED SOUTHERN, LLC",LLC,WV,734 DECLARATION DR,CHARLES TOWN,25414,WV,734 DECLARATION DR,CHARLES TOWN,25414,521330
CHRATE 3 LLC,LLC,WV,P O BOX 44,SNOWSHOE,26209,WV,P O BOX 44,SNOWSHOE,26209,521331
304 VV LLC,LLC,WV,1274 TARTAN LN,MORGANTOWN,26505,WV,1274 TARTAN LN,MORGANTOWN,26505,521332
"SHOTFIRE FITNESS, LLC",LLC,WV,1165 MIDLAND TRAIL,HURRICANE,25526,WV,3422 CARPENTER AVE,HURRICANE,25526,521333
"INSURANCE BENEFITS OF AMERICA, INC.",CORPORATION,FL,1400 E.,OAKLAND PARK,33334,,,,,521335
"STORK USA, INC.",CORPORATION,,,,,,,,,521336
ACTION INSTALLATIONS & MAINTENANCE INC.,CORPORATION,PA,1 E BROAD STREET STE 130 PMB 175,BETHLEHEM,18018,WV,"BLUMBERGEXCELSIOR CORPORATION SERVICES, INC., 214 CAPITOL ST. SUITE 100",CHARLESTON,25301,521337
"BOYD PROPERTIES, LLC.",LLC,WV,307 THISTLE RIDGE LN.,RANSON,25438,WV,307 THISTLE RIDGE LN.,RANSON,25438,521338
"CREATEIT, LLC",LLC,WV,P O BOX 746,HURRICANE,25526,WV,P O BOX,HURRICANE,25526,521339
IREACHUSA INC,CORPORATION,WV,419 OAKHURST AVENUE,BLUEFIELD,24701,WV,419 OAKHURST AVENUE,BLUEFIELD,24701,521340
K & K WHOLESALE INC,CORPORATION,WV,308 E MAIN ST,MILTON,25541,WV,308 E MAIN ST,MILTON,25541,521341
"CARET HOLDINGS, INC.",CORPORATION,,,,,,,,,521342
"CARET HOLDINGS, INC.",CORPORATION,,,,,,,,,521342
"EORIGINAL, INC.",CORPORATION,,,,,WV,"C T CORPORATION SYSTEM, 5098 WASHINGTON STREET WEST, SUITE 407",CHARLESTON,25313,521343
MID ATLANTIC RESOURCES LLC,LLC,WV,30 GENERAL LEE STREET,CRAIGSVILLE,26205,WV,"UNITED STATES CORPORATION AGENTS, INC., 1344 COVE HILL ROAD",WEIRTON,26062,521344
RW LOANCO LLC,LLC,GA,"ONE GLENLAKE PARKWAY, STE 1400",ATLANTA,30328,,,,,521345
BIG BEND PROPERTIES LLC,LLC,WV,500 RACE STREET,RAVENSWOOD,26164,,,,,521346
COUGAR LOVE LLC,LLC,UT,524 W. 700 SOUTH,OREM,25311,UT,542 W. 700 SOUTH,OREM,84058,521376
CRYPTO HOLDINGS LLC,LLC,WV,2420 CRANBERRY SQUARE,MORGANTOWN,26508,WV,2420 CRANBERRY SQUARE,MORGANTOWN,26508,521377
IVY MEDICAL GROUP PLLC,LLC,WV,1210 GREENMONT CIRCLE,VIENNA,26105,WV,1210 GREENMONT CIRCLE,VIENNA,26105,521378
GLOSS NAILS LLC,LLC,WV,5839 DAVIS CREEK RD APT 5,BARBOURSVILLE,25504,WV,5839 DAVIS CREEK RD APT 5,BARBOURSVILLE,25504,521379
HILL & VALE PROPERTIES LLC,LLC,WV,P O BOX 1188,KEYSER,26726,WV,58 WEST PIEDMONT STREET,KEYSER,26726,521380
"FORREST PLACE PRESERVATION ASSOCIATES, LLC",LLC,DE,977 E MASTEN CIRCLE,MILFORD,19963,DE,977 E MASTEN CIRCLE,MILFORD,19963,521381
"INFORMATION MANAGEMENT RESOURCES, INC.",CORPORATION,CA,85 ARGONAUT STE. 215,ALISO VIEJO,92656,CA,85 ARGONAUT STE. 215,ALISO VIEJO,92656,521382
WILD WAYNE'S BBQ AND CATERING LLC,LLC,WV,52 QUAIL DR.,FISHER,26818,WV,52 QUAIL DR.,FISHER,26818,521383
CHRISTIANS USED TIRES COMPANY,CORPORATION,WV,822 DRIFT CREEK RD,GENOA,25517,,,,,521384
ELITE CONTRACTING LLC,LLC,MD,1110 MARTON ST,LAUREL,20707,WV,"NORTHWEST REGISTERED AGENT LLC, 110 JAMES ST.",HINTON,25951,521385
"PEPPERTREE CAPITAL FVIII CO-INVESTORS, LLC",LLC,OH,57 E WASHINGTON STREET,CHAGRIN FALLS,44022,,,,,521387
LAST FRONTIER VENTURES LLC,LLC,WV,110 WHITE PINE DR.,FAIRMONT,26554,WV,"UNITED STATES CORPORATION AGENTS, INC., 1344 COVE HILL ROAD",WEIRTON,26062,521388
HIDDEN CREEK PROPERTY SERVICES LLC,LLC,WV,433 MIMOSE DR.,MARTINSBURG,25404,WV,"UNITED STATES CORPORATION AGENTS, INC., 1344 COVE HILL ROAD",WEIRTON,26062,521389
DROP YOUR PANTS OFF LAUNDROMAT & LAUNDRY SERVICE LLC,LLC,WV,202 LOWER SPRUCE STREET,FOLLANSBEE,26037,WV,929 MAIN STREET,FOLLANSBEE,26037,521390
WAYNE DOOR SALES INC.,CORPORATION,OH,13424 TOWNSHIP ROAD 166,BLOOMINGDALE,43910,OH,13424 TOWNSHIP ROAD 166,BLOOMINGDALE,43910,521391
SIMPLY GOLDEN TEES LLC,LLC,WV,411 WASHINGTON AVENUE,CLARKSBURG,26301,WV,411 WASHINGTON AVENUE,CLARKSBURG,26301,521392
NERD CAPTAIN LLC,LLC,WV,31 G WILLIAMS LN.,ROMNEY,26757,WV,"UNITED STATES CORPORATION AGENTS, INC., 1344 COVE HILL ROAD",WEIRTON,26062,521393
PRITT'S LOGGING LLC,LLC,WV,635 WARD FLAT RD,HUTTONSVILLE,26273,WV,"JAIMIE ALLYSON SCOTT, 635 WARD FLAT RD",HUTTONSVILLE,26273,521394
ORACLE OPERATIONS L.L.C.,LLC,WV,428 THURMAN AVE,WEIRTON,26062,WV,"UNITED STATES CORPORATION AGENTS, INC., 1344 COVE HILL ROAD",WEIRTON,26062,521395
NOTABLE NOTARY LOAN SIGNING SERVICES LLC,LLC,WV,325 SPRING ST,FAIRMONT,26554,WV,"LEGALINC CORPORATE SERVICES INC., 1344 COVE HILL ROAD",WEIRTON,26062,521396
FAST TRACK TRUCKING LLC,LLC,WV,325 OVER YONDER WAY,CAMP CREEK,25820,WV,325 OVER YONDER WAY,CAMP CREEK,25820,521397
MOBETTA PROPERTIES LLC,LLC,UT,524 W. 700 SOUTH,OREM,84058,UT,524 W. SOUTH,OREM,84058,521398
MADE ON MOUNTAINS LLC,LLC,WV,418 GROVESNOR TER.,VIENNA,26105,WV,"HANNAH ELIZABETH GROGG, 418 GROVESNOR TER.",VIENNA,26105,521399
"SBM REALTY, LLC",LLC,WV,1975 WILTSHIRE BLVD.,HUNTINGTON,25701,WV,1975 WILTSHIRE BLVD.,HUNTINGTON,25701,521400
"RED BEARDS HAULING, DELIVERY, AND JUNK REMOVAL LLC",LLC,WV,118 CUB COURT,BEAVER,25813,WV,118 CUB COURT,BEAVER,25813,521401
"HAMPTON TRANSPORTING, LLC",LLC,WV,PO BOX 218,COAL CITY,25823,WV,2273,COAL CITY,25823,521402
"PYNIT CONSULTING, LLC",LLC,WV,902 MISTY MEADOWS COURT,MORGANTOWN,26508,WV,902 MISTY MEADOWS COURT,MORGANTOWN,26508,521403
THAT SCENT DOG BOX LLC,LLC,WV,238 BRANNON LN,CHARLES TOWN,25414,WV,238 BRANNON LN,CHARLES TOWN,25414,521404
IDUMP LLC,LLC,WV,118 LEVI LANE,BECKLEY,25801,WV,118 LEVI LANE,BECKLEY,25801,521405
RAVE LAWN CARE LLC.,LLC,WV,1101 S B STREET,SAINT ALBANS,25177,WV,1101 S B STREET,SAINT ALBANS,25177,521406
WALNUT SPRING LUMBER LLC,LLC,WV,1754 NORTH FORK LOOP,GREEN BANK,24944,WV,1754 NORTH FORK LOOP,GREEN BANK,24944,521407
THORNSLEY TREE & LANDSCAPE LLC,LLC,WV,1325 STEWARTSTOWN RD APT A07,MORGANTOWN,26505,WV,"1325 STEWARTSTOWN RD, APT A07",MORGANTOWN,26505,521408
"ADV DESIGNS, INC.",CORPORATION,NV,3773 HOWARD HUGHES PKWY STE 500S,LAS VEGAS,89169,WV,120 CANAL WAY,SHEPHERDSTOWN,25443,521409
JRC CONSTRUCTION SERVICES LLC,LLC,WV,164 ZIEGLERS PATH,FALLING WATERS,25419,WV,"LEGALINC CORPORATE SERVICES INC., 1344 COVE HILL ROAD",WEIRTON,26062,521410
"FIRST PORTFOLIO VENTURES II, LLC",LLC,GA,"3091 GOVERNORS LAKE DR, SUITE 500",PEACHTREE CORNERS,30071,GA,"3091 GOVERNORS LAKE DR, SUITE 500",PEACHTREE CORNERS,30071,521411
NEW RIVER HANDYMAN LLC,LLC,WV,97 PUDDS RD,LANSING,25862,WV,"ANDREW LACOUR, 97 PUDDS RD",LANSING,25862,521412
"EATING PROTEIN SAVES LIVES, INC",CORPORATION,WV,65 DANA DR,WAYNE,25570,WV,"CHRISTINA WESELAB, 65 DANA DR",WAYNE,25570,521413
SUBSONIC PRINT & DESIGN LLP,PARTNERSHIP,WV,229 BLUE RIDGE LN,MORGANTOWN,26508,WV,229 BLUE RIDGE LN,MORGANTOWN,26508,521414
ADT TRUCKING LLC,LLC,WV,62 FRONT ST,SALEM,26426,WV,"LEGALINC CORPORATE SERVICES INC., 1344 COVE HILL ROAD",WEIRTON,26062,521415
WILLIAMS ENERGY SERVICES LLC,LLC,WV,211 TEAYS MEADOWS,SCOTT DEPOT,25560,WV,211 TEAYS MEADOWS,SCOTT DEPOT,25560,521416
RED BIRD PROPERTY MANAGEMENT LLC,LLC,WV,15323 MIDLAND TRAIL,ANSTED,25812,WV,15323 MIDLAND TRAIL,ANSTED,25812,521417
WOODLAND TERRACE MHC LLC,LLC,NJ,3 ANTHONY LANE,FAIRFIELD,07004,WV,"COGENCY GLOBAL INC., 1627 QUARRIER STREET EAST",CHARLESTON,25311,521418
"GOOD VIBES TRIBE, LLC",LLC,WV,811 RUSTIC TAVERN ROAD,HEDGESVILLE,25427,WV,"INC AUTHORITY RA, 232 CAPITOL ST, STE 100",CHARLESTON,25301,521419
PARK STREET LIVING LLC,LLC,WV,1330 AIRPORT BLVD,MORGANTOWN,26505,WV,"UNITED STATES CORPORATION AGENTS, INC., 1344 COVE HILL ROAD",WEIRTON,26062,521420
"HALLECK FIELDS, LLC",LLC,WV,3496 STEWARTSTOWN RD,MORGANTOWN,26508,,,,,521421
EASY RV RENTALS LLC,LLC,WV,83 VERONICA LN,CHARLES TOWN,25414,WV,"CHRISTOPHER JOHN BURNS, 83 VERONICA LN",CHARLES TOWN,25414,521422
"HALLECK FIELDS PROPERTY OWNERS ASSOCIATION, INC",CORPORATION,WV,"ATTN: MARIAH CANTONI, 3496 STEWARTSTOWN RD",MORGANTOWN,26508,,,,,521423
ACER LIMITED LLC,LLC,WV,85 HACKBERRY LANE,TRIADELPHIA,26059,WV,"ANDREW J. BARGER, III, 85 HACKBERRY LANE",TRIADELPHIA,26059,521424
"THE REDWING COMPANY, INC.",CORPORATION,WV,P.O. BOX 333,HINTON,25951,WV,419 MAIN STREET,MOUNT HOPE,25880,521425
"TERRA DENTAL LAB, LLC.",LLC,WV,3499 ORCHARD ROAD,HUNTINGTON,25705,WV,105 WHITAKER BLVD,HUNTINGTON,25701,521426
MASH ALT RECORDS LLC,LLC,WV,130 REAGAN DRIVE,INWOOD,25428,WV,130 REAGAN DRIVE,INWOOD,25428,521427
"AR-MOUNDSVILLE PLAZA, LLC",LLC,MD,678 REISTERSTOWN ROAD,PIKESVILLE,21208,MD,678 REISTERSTOWN ROAD,PIKESVILLE,21208,521428
GMP NATURE QUEST LLC,LLC,WV,30 PINNACLE DRIVE,CHARLESTON,25311,WV,30 PINNACLE DRIVE,CHARLESTON,25311,521429
"BLACK UNICORN, LLC.",LLC,WV,"2209 WASHINGTON STREET EAST, APT C",CHARLESTON,25311,WV,"2209 WASHINGTON STREET EAST, APT C",CHARLESTON,25311,521430
Q D VENTURES LLC,LLC,WV,106 CAPITOL STREET,CHARLESTON,25301,WV,106 CAPITOL STREET,CHARLESTON,25301,521431
PHILADELPHIA MIXING SOLUTIONS LLC,LLC,NC,401 SHASTA LANE,CHARLOTTE,28211,PA,1221 E MAIN STREET,PALMYRA,17078,521432
"ETD CONSTRUCTION, LLC",LLC,MO,14208 N. STARK,LIBERTY,64068,MO,14208 N. STARK,LIBERTY,64068,521433
WELLNESS INSURANCE NETWORK RISK PURCHASING GROUP LLC,LLC,NH,"41 LIBERTY HILL ROAD, BLDG #2",HENNIKER,03242,NH,"41 LIBERTY HILL ROAD, BLDG #2",HENNIKER,03242,521434
"EZ PAY BUILDINGS, LLC",LLC,OH,845 CLAYCRAFT RD STE O,GAHANNA,43230,OH,2148 E EAGLE PASS,WOOSTER,44691,521435
"FRAMPTON CONSTRUCTION COMPANY, LLC",LLC,SC,P O BOX 737,LADSON,29456,SC,3227 BENCHMARK DRIVE,LADSON,29456,521436
"AENEAS INVESTMENTS, LLC",LLC,VA,5400 MOULTRIE RD,SPRINGFIELD,22151,VA,5400 MOULTRIE RD,SPRINGFIELD,22151,521437
"COMPREHENSIVE CLINICAL ANALYTICS, INC.",CORPORATION,MI,45211 HELM STREET,PLYMOUTH,48170,MI,45211 HELM STREET,PLYMOUTH,48170,521438
"STUBHUB, INC.",CORPORATION,CA,"199 FREMONT STREET, 4TH FLOOR",SAN FRANCISCO,94105,,,,,521439
CORONADO GLOBAL RESOURCES INC.,CORPORATION,CT,57 DANBURY ROAD,WILTON,06897,WV,100 BILL BAKER WAY,BECKLEY,25801,521440
"AK MATERIAL HANDLING SYSTEMS, INC.",CORPORATION,MN,8630 MONTICELLO LANE NORTH,MAPLE GROVE,55369,MN,8630 MONTICELLO LANE NORTH,MAPLE GROVE,55369,521441
"TK MINING TECHNOLOGIES USA, INC.",CORPORATION,CO,"6400 S. FIDDLER'S GREEN CIRCLE, SUITE 700",GREENWOOD VILLAGE,80111,,,,,521442
CR MOTORS LLC,LLC,WV,487 WILSON FORK RD,ELIZABETH,26143,WV,487 WILSON FORK RD,ELIZABETH,26143,521443
HM NATIONWIDE HEALTH ADVISORS L.L.C,LLC,FL,"9050 PINES BLVD., SUITE 206",PEMBROKE PINES,33024,,,,,521444
WV ADVISORS LLC,LLC,WV,89 BETHANY PIKE,WHEELING,26003,WV,89 BETHANY PIKE,WHEELING,26003,521445
"ADAM STARKS, LLC",LLC,WV,59 WILSON ST,PHILIPPI,26416,WV,110 JAMES ST,HINTON,25951,521446
"WYATT'S EXCAVATING, LLC",LLC,WV,257 CREEK ROAD,MORGANTOWN,26508,WV,257 CREEK ROAD,MORGANTOWN,26508,521447
COLLECTIVE KREATIONS LLC,LLC,WV,120 LEVI LANE,BECKLEY,25801,WV,120 LEVI LANE,BECKLEY,25801,521448
LIPSTICK MAFIA CREATIONS LLC,LLC,WV,314 MARLOWE DR,INWOOD,25428,WV,314 MARLOWE DR,INWOOD,25428,521449
SECURE SCREEN.LLC,LLC,WV,13502 S. PRESTON HWY,TUNNELTON,26444,WV,13502 S. PRESTON HWY,TUNNELTON,26444,521450
"HUMAN HEALTH OF NEBRASKA, P.C.",CORPORATION,CA,2269 CHESTNUT STREET #523,SAN FRANCISCO,94123,,,,,521451
HALSTEAD GENERAL CONTRACTING LLC,LLC,WV,PO BOX 291,PEYTONA,25154,WV,PO BOX 291,PEYTONA,25154,521452
CME OPERATIONS LP,PARTNERSHIP,PA,"975 GEORGES STATION RD., STE 100",GREENSBURG,15601,,,,,521453
"ATM BUSINESS SOLUTIONS, INC.",CORPORATION,WV,P.O BOX 775,FORT ASHBY,26719,WV,"MATTHEW A. TWIGG, 174 JAMIE STREET",FORT ASHBY,26719,521454
WELLNESS YOUR WAY LLC,LLC,WV,97 CHASE DR,HURRICANE,25526,WV,97 CHASE DR,HURRICANE,25526,521455
THUNDER MOUNTAIN FARMS LLC,LLC,WV,20343 KNOBLEY ROAD,NEW CREEK,26743,,,,,521456
"REDAPTIVE CAPITAL I, LLC",LLC,CA,"340 BRANNAN STREET, SUITE 400",SAN FRANCISCO,94107,,,,,521457
PANSCH INVESTIGATIONS LLC,LLC,WV,71 DELLVIEW WAY,PETERSBURG,26847,WV,"KEVIN R. PANSCH, 71 DELLVIEW WAY",PETERSBURG,26847,521458
"WOMEN'S JAILBIRD MINISTRY, INC.",CORPORATION,WV,P.O. BOX 58113,SOUTH CHARLESTON,25358,,,,,521459
ALEX HOMES INC,CORPORATION,WV,273 RANDOLPH RD,MORGANTOWN,26505,WV,273 RANDOLPH RD,MORGANTOWN,26505,521460
ACCENTURE OPERATIONS SERVICES PRIVATE LIMITED,CORPORATION,,,,,,,,,521461
"K & T PIANO SERVICES, LLC",LLC,WV,406 SPRING HIL LANE,ALBRIGHT,26519,WV,406 SPRING HIL LANE,ALBRIGHT,26519,521462
SNOWSHOE SIGNATURE SERVICES LLC,LLC,VA,20227 KENTUCKY OAKS CT,ASHBURN,20147,WV,21918 SENECA TRL,VALLEY HEAD,26294,521463
EVERYMATRIX AMERICAS CORPORATION,CORPORATION,,,,,,,,,521464
BREWPRO INC.,CORPORATION,OH,P O BOX 62065,CINCINNATI,45262,OH,P O BOX 62065,CINCINNATI,45262,521465
EXPERIENTIAL SYSTEMS INC.,CORPORATION,IN,2543 HICKORY DR,DYER,46311,IL,P O BOX 188,LANSING,60438,521466
BLUSHING BRUNETTE BOUTIQUE LLC,LLC,GA,"506 MANCHESTER EXPY SUITE, A14",COLUMBUS,31904,GA,"506 MANCHESTER EXPY, A14",COLUMBUS,31904,521467
JC MECHANICAL SERVICES LLC,LLC,WV,1808 DOGWOOD DRIVE,SISSONVILLE,25320,WV,1808 DOGWOOD DRIVE,SISSONVILLE,25320,521468
ELLIOT'S PLACE LLC,LLC,WV,409 WILSON ST,LOGAN,25601,,,,,521469
"GUARDIAN TAX WV, LLC",LLC,NE,13575 LYNAM DRIVE,OMAHA,68138,,,,,521470
MACHINE GUN SYNDICATE LLC,LLC,WV,418 MONTMORENCY DR,BUNKER HILL,25413,WV,1091 SPECKS RUN RD,BUNKER HILL,25413,521471
DUENKINS ENTERPRISES LTD. CO.,LLC,WV,839 GORDON DR,CHARLESTON,25303,WV,839 GORDON DR,CHARLESTON,25303,521472
"KANDICE M, INC.",CORPORATION,WV,1144 AVIATION DRIVE,FAIRMONT,26554,WV,"KANDICE M. HARRISON, 1144 AVIATION DRIVE",FAIRMONT,26554,521473
HOUSE OF NAILS & SPA LLC,LLC,WV,1210 HOME STREET,CHARLESTON,25302,,,,,521474
TRACKSTAR CAREGIVING LLC,LLC,WV,109 IRIS LANE,MORGANTOWN,26501,WV,"CHRISTOPHER HARPER, 109 IRIS LANE",MORGANTOWN,26501,521475
"T5 DATA CENTERS, LLC",LLC,GA,"3344 PEACHTREE ROAD NE, SUITE 2550",ATLANTA,30326,WV,"CORPORATION SERVICE COMPANY, 209 WEST WASHINGTON STREET",CHARLESTON,25302,521476
"T. YOUNG ENTERPRISES, LLC",LLC,WV,1098 COMSTOCK DRIVE,SHEPHERDSTOWN,25443,WV,1098 COMSTOCK DRIVE,SHEPHERDSTOWN,25443,521477
"JSA CONTRACTING, INC.",CORPORATION,VA,"4431 BROOKFIELD CORPORATE DRIVE, UNIT H",CHANTILLY,20151,VA,"4431 BROOKFIELD CORPORATE DRIVE, UNIT H",CHANTILLY,20151,521478
S.S. HAYNES EXCAVATING L.L.C.,LLC,WV,20 PAINTERS CROSSING,WILLIAMSTOWN,26187,WV,20 PAINTERS CROSSING,WILLIAMSTOWN,26187,521479
CRYPTO HEADS LLC,LLC,WV,6105 CLARK DRIVE,HUNTINGTON,25705,WV,6105 CLARK DRIVE,HUNTINGTON,25705,521480
"THE RUSHMORE GROUP, L.L.C.",CORPORATION,MI,3863 S NOTTAWA RD,MOUNT PLEASANT,48858,SD,316 S COTEAU STREET,PIERRE,57501,521481
A1 BED BUGS LLC,LLC,WV,93 MOHICAN WAY,FALLING WATERS,25419,WV,93 MOHICAN WAY,FALLING WATERS,25419,521482
"BURR RABBIT CHILD DEVELOPMENT CENTER OF WV, INC",CORPORATION,WV,1950 COMMUNITY LANE,WHITE SULPHUR SPRINGS,24986,WV,150 COMMUNITY LANE,WHITE SULPHUR SPRINGS,24986,521483
ELITE LEGAL LLC,LLC,WV,P O BOX 254,BRAMWELL,24715,WV,P O BOX 254,BRAMWELL,24715,521484
"CURATED, INC.",CORPORATION,CA,"638, 4TH ST",SAN FRANCISCO,94107,CA,"638, 4TH ST",SAN FRANCISCO,94107,521485
ANDERSON DEVELOPMENT LLC,LLC,WV,1855 TENT CHURCH ROAD,COLLIERS,26035,WV,1855 TENT CHURCH ROAD,COLLIERS,26035,521486
ALMOST HEAVEN ACCOUNTING LLC,LLC,WV,428 AMAZING GRACE DRIVE,BRUCETON MILLS,26525,WV,428 AMAZING GRACE DRIVE,BRUCETON MILLS,26525,521487
"CW CANDLE AND CREATIONS, LLP",PARTNERSHIP,WV,65 N WALNUT ST,SHINNSTON,26431,WV,65 N WALNUT ST,SHINNSTON,26431,521488
"SAENZ BUILDERS, LLC",LLC,WV,18 GRAYWOOD LANE,CHARLES TOWN,25414,WV,18 GRAYWOOD LANE,CHARLES TOWN,25414,521489
BABY & CO. ULTRASOUND STUDIO LLC,LLC,WV,257 LINTON ROAD,INDEPENDENCE,26374,WV,1253 CANYON ROAD,INDEPENDENCE,26374,521490
"VON HAGEL PROPERTIES, LLC",LLC,WV,79 N OLD MILL DRIVE,FORT ASHBY,26719,WV,79 N OLD MILL DRIVE,FORT ASHBY,26719,521491
KANAWHA VALLEY CONSULTING GROUP LLC,LLC,WV,907 UPTON DRIVE,SOUTH CHARLESTON,25309,WV,907 UPTON DRIVE,SOUTH CHARLESTON,25309,521492
SHEARIDGE TRUCKING LLC,LLC,WV,204 PLOTT HOUND DR.,ELLAMORE,26267,WV,204 PLOTT HOUND DR,ELLAMORE,26267,521493
THE GROOVE COFFEE SHOP LLC,LLC,WV,720 DYLAN DR.,WHITE HALL,26554,WV,11 MIDDLETOWN RD,WHITE HALL,26554,521494
DBURTO LLC,LLC,WV,1060 SHELDON AVENUE,MORGANTOWN,26501,WV,1060 SHELDON AVENUE,MORGANTOWN,26501,521495
"OHANA RECOVERY, INC.",CORPORATION,WV,85 OAKWOOD DRIVE,MADISON,25130,WV,438 RIVIERA ROAD,MOUNT NEBO,26679,521496
