,PROPID,SUBDNUM,MOBILEHOMEPARKCODE,MAINTAREA,PROPCLASS,ACRES,LANDSQFT,LANDSCHEDULE,STATCLASS,SALEPRICE,SALEDATE,SALETYPE,MAPTAXLOT,SITUSNUMBER,SITUSSTREET,SITUSCITYSTATEZIP,DEEDBOOKANDPAGE,DEEDTYPE,SELLERNAME,SELLERADDR1,SELLERADDR2,SELLERADDR3,SELLERCSZ,BUYERNAME,BUYERADDR1,BUYERADDR2,BUYERADDR3,BUYERCSZ,YEARBUILT,BLDGSQFT,LIVINGAREA,FLOOR1SQFT,FLOOR2SQFT,ATTICSQFT,BSMTFINISHEDSQFT,BSMTUNFINISHEDSQFT,QUALITYADJ,NUMADDLPROPS,ADDLPROPIDS
0,M125789,,,F610,049,,,,T44,525.0,1940-04-01,14,082W36C 00800,8582.0,LITTLE,"AUMSVILLE, OR 97325",,,"WOODALL,WILLIAM",,,,,Missing Buyer Record,,,,,1965.0,580.0,580.0,580.0,,,,,,0,
1,R18514,,,F220,551,59.44,7800.0,OSDA.RUR,A04,10.0,1944-05-31,6,062W15A 00300,9295.0,72ND,"SALEM, OR 97305",03030315,DE,"HENNY,FRANK C",,,,,"HENNY,FRANK C 50% &","HENNY,IRENE L 50%",,,,1918.0,2376.0,2376.0,1506.0,,870.0,,1600.0,,1,R48506
2,R73227,26229.0,,I001,303,6.01,261796.0,ISI,I10,10.0,1945-05-03,0,073W14DD00100,1520.0,WOODROW,"SALEM, OR 97301",03200616DE,BS,"SMITH,GEORGE &","SMITH,MARIE A",,,,WILLAMETTE CHERRY GROWERS INC,,,,,,,,,,,,,,0,
3,R15458,,,F310,451,,,,F09S,,1945-05-23,0,061W01  01600A1,,,,V3220124,MI,"KRAEMER,THEODORE &","KRAEMER,CAROLINE",,,,"PURDY,MARK J",,,,,1982.0,,,,,,,,,0,
4,R61372,87494.0,,F460,501,48.5,0.0,OSDA.RUR,F25,10.0,1946-03-28,14,092W07  00100,4184.0,RIDGEWAY,"TURNER, OR 97392",03420276DE,WD,"HENSELL,WILLIAM H & IRENE B",,,,,"STEVENSON,EARL L &","STEVENSON,EDNA T",,,,1890.0,2080.0,2080.0,1040.0,1040.0,,,,93.0,0,
5,R37460,,,F360,551,11.5,0.0,OSDA.RUR,A23E,0.0,1946-11-14,0,061E16B 00800,17239.0,MT ANGEL SCOTTS MILLS,"SILVERTON, OR 97381",03660590,DE,"GRAVES,CLIFORD & BIRDIE &",DEWIE & RACHEL & EDWIN &,"STUART,SARAH & ALBERT",,,"GRAVES,WILBUR & ALYCE",,,,,1911.0,1562.0,1562.0,962.0,600.0,,,,,0,
6,R49445,37369.0,,F220,550,18.36,0.0,035I,A60,10.0,1947-02-26,14,062W14A 01200,,,,03640738,DE,ROYAL MOBILE ESTATES,4652 AVENS ST,,,"SALEM, OR  97301","HYNES,EDWARD & LILLIAN",6030 80TH AVE NE,,,"SALEM, OR  97305",,,,,,,,,,1,R49444
7,R15922,,,R11F,101,0.2,8712.0,03A,R43,10.0,1948-03-26,0,061W10AB08200,705.0,TAYLOR,"MT ANGEL, OR 97362",03850453DE,WD,"SCHNACK,CLARA ETAL",,,,,"ANNEN,HENRY &","ANNEN,JOSEPHINE",,,,1927.0,2489.0,2489.0,1881.0,,,608.0,1273.0,,0,
8,R30829,,,C00K,C50,3.06,133277.0,APT.SLM,C63,10.0,1948-08-02,14,082W29DA07200,7750.0,1ST,"TURNER, OR 97392",03920023DE,DE,"DAVIS,CORNELIA A-EST OF",,,,,TURNER MEMORIAL HOME,PO BOX 58,,,"TURNER, OR  97392",1927.0,28830.0,28830.0,28830.0,,,,,,0,
9,R83081,62467.0,,R461,101,0.08,3300.0,003U,R33,10.0,1948-08-07,14,073W27CD08700,140.0,MYERS,"SALEM, OR 97302",03920283DE,WD,"HUFF,HARVEY S &","HUFF,EOLA",,,,"WRIGHT,ALBERT H &","WRIGHT,WINONA I",,,,1946.0,1250.0,1250.0,1000.0,,,250.0,750.0,,0,
10,R104535,85982.0,,C004,201,0.17,7400.0,3D2,S20,10.0,1948-12-21,14,091W10DC10400,146.0,1ST,"STAYTON, OR 97383",0398-0583,DE,"CURTIS,CLAUDE & HAZEL M",,,,"STAYTON, OR  97383","GILBERT,CHARLES R & MARGIE M",,,,"STAYTON, OR  97383",1970.0,1500.0,1500.0,1500.0,,,,,,0,
11,R105514,86884.0,,R63J,491,1.16,50348.0,02JG,R43,10.0,1949-01-11,0,081W34DB06400,364.0,CHURCH,"SUBLIMITY, OR 97385",03990405,DE,"LULAY,H R &","LULAY,CECILIA",,,,"RUSSELL,HAROLD E JR & VELMA M",PO BOX 125,,,"SUBLIMITY, OR  97385",1951.0,3454.0,3454.0,2313.0,,,1141.0,1172.0,110.0,0,
12,R15908,,,R11F,101,0.3,13125.0,03A,R44,,1949-01-25,13,061W10AB08100,175.0,ST MARY'S,"MT ANGEL, OR 97362",V04000268,WD,MT ANGEL ABBEY,1 ABBEY DR,,,"ST BENEDICT, OR  97373","FICKER,LEONARD A &","FICKER,ELEANOR M",,,,1949.0,2384.0,2384.0,1128.0,,474.0,782.0,318.0,91.0,0,
13,R104535,85982.0,,C004,201,0.17,7400.0,3D2,S20,10.0,1949-04-20,14,091W10DC10400,146.0,1ST,"STAYTON, OR 97383",0404-0380,DE,"GILBERT,CHARLES R & MARGIE M",,,,"STAYTON, OR  97383","EVANS,ROSE",,,,"STAYTON, OR  97383",1970.0,1500.0,1500.0,1500.0,,,,,,0,
14,R42310,,,C007,C60,0.06,2614.0,,,29403.0,1949-12-05,15,105E02DA05800,,,,04110456DE,DE,HAMMOND LUMBER CO,,,,,UNITED STATES OF AMERICA,,,,,,,,,,,,,,0,
