,PROPID,SUBDNUM,MOBILEHOMEPARKCODE,MAINTAREA,PROPCLASS,ACRES,LANDSQFT,LANDSCHEDULE,STATCLASS,SALEPRICE,SALEDATE,SALETYPE,MAPTAXLOT,SITUSNUMBER,SITUSSTREET,SITUSCITYSTATEZIP,DEEDBOOKANDPAGE,DEEDTYPE,SELLERNAME,SELLERADDR1,SELLERADDR2,SELLERADDR3,SELLERCSZ,BUYERNAME,BUYERADDR1,BUYERADDR2,BUYERADDR3,BUYERCSZ,YEARBUILT,BLDGSQFT,LIVINGAREA,FLOOR1SQFT,FLOOR2SQFT,ATTICSQFT,BSMTFINISHEDSQFT,BSMTUNFINISHEDSQFT,QUALITYADJ,NUMADDLPROPS,ADDLPROPIDS
0,R79541,45474.0,,R461,R20,1.97,85800.0,005,X,10.0,1950-11-02,3,073W27CD01700,1444,LIBERTY,"SALEM, OR 97302",04220479,DE,SCHOOL DISTRICT NO 24,1309 FERRY ST SE,,,"SALEM, OR  97301",RECTOR WARDENS & VESTRY OF,THE PARISH OF ST PAUL,1440 LIBERTY ST SE,,"SALEM, OR  97302",,,,,,,,,,0,
1,R26839,,,R411,101,0.26,11388.0,015,R44,10000.0,1951-06-02,0,073W23DB07500,1070,15TH,"SALEM, OR 97301",4290236DE,MI,"BENNER,MOODY A &","BENNER,GOLDA L",,,,"PATCH,D W &","PATCH,DOROTHY T",6014 NW KAUPPMAN AV,,"VANCOUVER, WA  98663",1928.0,2423.0,2423.0,1246.0,,702.0,475.0,771.0,91.0,0,
2,R77718,40964.0,,R461,101,0.17,7590.0,003,R43V,10.0,1951-07-30,0,073W34CC01400,275,CULVER,"SALEM, OR 97302",04310227,DE,Missing Seller Record,,,,,"NICHOLLS,FRED J &","NICHOLLS,LA VERNE C",,,,1951.0,1622.0,1622.0,1622.0,,,,1176.0,91.0,0,
3,R14925,,,F220,551,15.78,0.0,008NGI,A60,,1951-08-20,0,052W21  03400,,,,04320025,DE,"KAVANAUGH,HENRY J &","KAVANAUGH,KATHERINE L",,,,"WERNER,FRED &","WERNER,ELVA",,,,,,,,,,,,,0,
4,R17192,,,R222,101,0.26,11377.0,020,R31,1300.0,1951-09-26,0,061W34DA04300,115,CHERRY,"SILVERTON, OR 97381",04330103DE,MI,"THOMAS,DONALD W &","THOMAS,IRENE",,,,"JACKSON,LESTER W & MARVEL G",115 CHERRY ST,,,"SILVERTON, OR  97381",1927.0,1397.0,1397.0,1397.0,,,,,,0,
5,R73283,26679.0,,R461,121,0.17,7500.0,003,R44,1.0,1952-02-10,2,073W34BA09700,1705,COMMERCIAL,"SALEM, OR 97302",02731136,RD,"CUMMINS,ARTHUR B JR",,,,,"JONES,ROBERT B & DOROTHY JEAN",300 PIONEER TRUST BUILDING,,,"SALEM, OR  97301",1920.0,2919.0,2919.0,1170.0,,789.0,960.0,,91.0,0,
6,R82953,61730.0,,R461,101,0.27,11900.0,002,M45,11000.0,1952-06-10,12,083W02BB07800,1220-1228,MARILYN,"SALEM, OR 97302",08690287,WD,"WELLS,WALTER ET ALP",,,,,"MELONUK,SARAH A",PO BOX 13052,,,"SALEM, OR  97309",1969.0,3440.0,3440.0,3440.0,,,,,,0,
7,R33705,,,F430,451,17.99,0.0,009S,F09,10.0,1953-01-14,0,084W24A 01400,4492,VITAE SPRINGS,"SALEM, OR 97306",04470204,DE,"LARSON,A.A & MARY HELEN",,,,,"BELL,MAX K & GLORIA A",,,,,1980.0,,,,,,,,,0,
8,R41849,,,F63E,101,0.37,16261.0,03D,R31,10.0,1953-02-18,0,093E30CA01100,1043,ALDER,"MILL CITY, OR 97360",04480356,DE,"ESTENSON,CLARENCE W & ALICE N",,,,,"STEWART,GEORGE & ELMA",,,,,1930.0,783.0,783.0,783.0,,,,,,0,
9,R81596,52863.0,,R461,101,0.16,7140.0,015,R33,10.0,1953-03-14,14,073W24BC06400,1825,23RD,"SALEM, OR 97301",04500342DE,DE,"PLUNKETT,HOMER W & ETHEL A",,,,,"DOUGHTON,WAYNE N & MELVA BELLE",,,,,1942.0,1000.0,1000.0,1000.0,,,,560.0,109.0,0,
10,R101469,80574.0,,R22H,101,0.25,11000.0,028,R32,,1953-05-01,13,061E15DC03400,209,GRAND VIEW,"SCOTTS MILLS, OR 97375",04510038DE,MI,"SKIRVIN,LENA",,,,,"BAKER,GEORGE E &","BAKER,EDNA M",,,,1901.0,1486.0,1486.0,912.0,,574.0,,,,0,
11,R16388,,,F320,551,49.71,0.0,OSDA.RUR,A63,10.0,1953-09-05,6,061W21  00200,7578,MT ANGEL,"SILVERTON, OR 97381",01901908,QC,"HOLMAN,JAMES",,,,,"HOLMAN,JOHN M ET AL",7578 MT ANGEL HWY NE,,,"SILVERTON, OR  97381",1912.0,2348.0,2348.0,1494.0,854.0,,,,,1,R16390
12,R66798,6583.0,,R411,101,0.14,6125.0,002,R33,10500.0,1954-02-15,14,073W23BC14100,1025,CHURCH,"SALEM, OR 97301",01941169,RC,"JONES,MADGE B",,,,,"<FIELDS, FRANK ELMER & EVELYN I.",1025 CHURCH ST NE,,,"SALEM, OR  97301",1924.0,1192.0,1192.0,1192.0,,,,1120.0,109.0,0,
13,R24155,,,R36U1,101,0.25,10707.0,015,R31,11500.0,1954-08-09,12,072W30DD02800,154,45TH,"SALEM, OR 97317",02910718,WD,"DAMASKE,CARL B & FRANCES E",,,,,"OSMUS,HARRY & THEOLA V",154 45TH ST SE,,,"SALEM, OR  97301",1954.0,1204.0,1204.0,1204.0,,,,,,0,
14,R24152,,,R36U1,101,0.23,9901.0,015,R31,10.0,1954-10-04,13,072W30DD02900,174,45TH,"SALEM, OR 97317",07830468,RD,"DAMASKE,CARL B",,,,,"BEEBE,WILLIAM C & D DARLENE",PO BOX 988,,,"SALEM, OR  97308",1954.0,1326.0,1326.0,1326.0,,,,,109.0,0,
15,R24153,,,R36U1,101,0.23,9901.0,015,R31,0.0,1954-10-21,13,072W30DD03600,173,45TH,"SALEM, OR 97317",09360297,RD,"DAMASKE,CARL B",,,,,"BEEBE,WILLIAM C & DOROTHY ANN",P BO BX 988,,,"SALEM, OR  97308",1954.0,1196.0,1196.0,1196.0,,,,,,0,
16,R40879,,,F620,581,158.0,0.0,03Q,A90,,1954-10-26,0,092E09  00300,10006,WAGNER,"LYONS, OR 97358",04740299DE,WD,"ZIMMERMAN,MAUDE I",,,,,"WAGNER,HUBERT J & VIOLET A",10006 WAGNER RD SE,,,"LYONS, OR  97358",,,,,,,,,,3,R40880;R40876;R40877
17,R24144,,,R36U1,101,0.23,9901.0,015,R31,11500.0,1954-12-10,14,072W30DD03200,224,45TH,"SALEM, OR 97317",01861421,RC,"DAMASKE,CARL B & FRANCES E",,,,,"KLING,WALLACE J & IDA S",4510 STATE ST,,,"SALEM, OR  97302",1954.0,1200.0,1200.0,1200.0,,,,,,0,
18,R49468,37370.0,,F220,551,13.87,0.0,008CI,A60,10.0,1955-03-17,14,062W12C 01300,,,,04740136DE,WD,"HOLLAND,LEONARD E &","HOLLAND,HELEN J",,,,"SCHMIDT,FRED J &","SCHMIDT,ANNA R &","SCHMIDT,CLARENCE R",,,,,,,,,,,,1,R49464
19,R101346,31149.0,,F360,640,30.1,0.0,032,A90,10.0,1955-05-24,0,061E26  01200,,,,04760015DE,DE,"BEYER,M A &","BEYER,O M",,,,"BEYER,FRANCIS J &","BEYER,JOETTA",,,,,,,,,,,,,1,R101334
20,R24149,,,R36U1,101,0.23,9901.0,015,R31,0.0,1955-06-21,12,072W30DD03000,184,45TH,"SALEM, OR 97317",06250083,RD,"DAMASKE,CARL B & FRANCES E",,,,,"OWEN,ROBERT R & JUDITH E",P O BXX 988,,,"SALEM, OR  97308",1954.0,1468.0,1468.0,1468.0,,,,,,0,
21,R102012,19252.0,,R222,101,0.16,7040.0,019,R31,0.0,1955-07-22,14,061W35CA06300,427,2ND,"SILVERTON, OR 97381",07700250,RD,"NOREN,NETTIE M",,,,,"NELSON,RICHARD & LILLIAN",427 S 2ND ST,,,"SILVERTON, OR  97381",1948.0,992.0,992.0,992.0,,,,,,0,
22,R28187,,,F660,551,37.75,0.0,008SG,A40,10.0,1955-10-14,14,081W10  00400,,,,04810222,DE,"JONES,AMELIA",,,,,"EBNER,EDWARD F & BENITIA A",,,,,,,,,,,,,,0,
23,R28187,,,F660,551,37.75,0.0,008SG,A40,10.0,1955-10-24,14,081W10  00400,,,,04810221,DE,"MORLEY,EVERETT J",,,,,"EBNER,EDWARD F & BENITIA A",,,,,,,,,,,,,,0,
24,R28187,,,F660,551,37.75,0.0,008SG,A40,10.0,1955-10-24,14,081W10  00400,,,,04810220,DE,"WHITLOCK,GRETA & JOHN C & BROUGHTON,PERCY & GERMAINE",,,,,"EBNER,EDWARD F & BENITIA A",,,,,,,,,,,,,,0,
25,R87983,77566.0,,R641,101,0.18,7920.0,002,R33,16339.0,1955-12-20,14,083W02CA07500,1465,AERIAL,"SALEM, OR 97302",01970321,RC,"PEDERSEN,ROLLIN W & FRANCES B",,,,,"<TRACY,VERNON D & LOIS E",1883 BERRY ST SE,#02-04341,,"SALEM, OR  97302",1955.0,1650.0,1650.0,1265.0,,,385.0,880.0,109.0,0,
26,R28187,,,F660,551,37.75,0.0,008SG,A40,10.0,1955-12-27,14,081W10  00400,,,,04990302,DE,"DOWNS,MARTHA JANE & CHARLES R",,,,,"EBNER,EDWARD F & BENITIA A",,,,,,,,,,,,,,0,
27,R36585,,,F420,401,0.31,0.0,008S,F23A,,1955-12-27,0,093W30A 02600,13433,MARLATT,"JEFFERSON, OR 97352",04830262DE,MI,,,,,,"BIRCH,KENNETH D &","BIRCH,OLIVE C",,,,1968.0,2220.0,2220.0,2220.0,,,,,,0,
28,R27459,,,R461,101,0.3,12775.0,015,R34,,1955-12-31,0,073W26AD16800,2115,CHEMEKETA,"SALEM, OR 97301",04830440,DE,UNKNOWN,,,,,"SEEGER,DELBERT S & FRANCES",1950 45AV NE #219,,,"SALEM, OR  97305",1935.0,1567.0,1567.0,865.0,,364.0,338.0,494.0,,1,R57695
29,R87983,77566.0,,R641,101,0.18,7920.0,002,R33,10.0,1956-02-21,12,083W02CA07500,1465,AERIAL,"SALEM, OR 97302",02551461,WD,"PEDERSEN,ROLLIN W & FRANCES B",,,,,"TRACY,VERNON D & LOIS E",1883 BERRY ST SE,,,"SALEM, OR  97302",1955.0,1650.0,1650.0,1265.0,,,385.0,880.0,109.0,0,
30,R27843,,,C001,201,1.25,54754.0,SEC,S50,,1956-02-25,0,073W35AA09500,1221-1253,23RD,"SALEM, OR 97302",04850157DE,MI,"STEINKE,DURWARD W",,,,,"CURLYS DAIRY,INC",PO BOX 12219,,,"SALEM, OR  97309",2007.0,13125.0,13125.0,13125.0,,,,,,0,
31,R24273,,,R41U1,101,0.23,9901.0,015,R31,11500.0,1956-05-12,14,072W31AA08000,403,45TH,"SALEM, OR 97317",01880430,RC,"DAMASKE,CARL B & FRANCES E",,,,,"<BOATWRIGHT,JOE & FLORENCE",1955 DALLAS HWY NW APT 408,,,"SALEM, OR  97304",1955.0,1202.0,1202.0,1202.0,,,,,109.0,0,
32,R24269,,,R41U1,101,0.23,9901.0,015,R31,0.0,1956-06-18,14,072W31AA07800,443,45TH,"SALEM, OR 97317",01850917,RC,"DAMASKE,CARL B & FRANCES E",,,,,"<SHAFFER,GLEN D & DORIS M",443 45TH AVE SE,,,"SALEM, OR  97301",1955.0,1204.0,1204.0,1204.0,,,,,,0,
33,R17032,,,F320,401,0.68,0.0,008C,F09R,10.0,1956-09-08,14,061W33B 01200,11655,HAZELGREEN,"SILVERTON, OR 97381",04920233DE,DE,Missing Seller Record,,,,,"BOLLIGER,ELMER & VERNA R-TRUST",11655 HAZELGREEN RD NE,,,"SILVERTON, OR  97381",,1152.0,1152.0,1152.0,,,,,,0,
34,R11519,,,R12B,101,0.37,16160.0,053,R35,35000.0,1956-10-12,12,041W33AC01400,3390,7TH,"HUBBARD, OR 97032",10540379,RD,"WAMBAUGH,MILDRED",,,,,"STEELE,TIMOTHY L & LORINDA",PO BOX 281,,,"HUBBARD, OR  97032",1916.0,2140.0,2140.0,1396.0,744.0,,,,109.0,0,
35,R15325,,,F330,F20,1.11,5000.0,008N,X,0.0,1956-11-27,13,052W35BA00200,12446,CHECKERBOARD,"GERVAIS, OR 97026",04950184,DE,"WADSWORTH,GEORGE T",,,,,MOLOKAN CHRISTIAN SPIRITUAL,CHURCH OF GERVAIS,12446 CHECKERBOARD RD NE,,"GERVAIS, OR  97026",1901.0,3441.0,3441.0,,,,,,,1,R98625
36,R47163,22243.0,,R36U1,101,0.22,9774.0,015,R33,10.0,1956-11-30,14,072W30DD08200,156,DRAPER,"SALEM, OR 97301",04950350DE,WD,"BALDWIN,RAYMOND G & BETTY L",166 DRAPER ST NE,,,"SALEM, OR  97301","SANDEEN,RAY A & MARGIE D",156 DRAPER ST NE,,,"SALEM, OR  97301",1954.0,768.0,768.0,768.0,,,,768.0,,0,
37,R77959,41918.0,,R361,R10,1.75,0.0,005,,,1956-12-17,13,072W18CA00400,,,,04960114DE,WD,"PEFFER,REX I &","PEFFER,RUTH M",,,,"GRAY,JOSEPH A &","GRAY,EVELYN M",,,,,,,,,,,,,0,
38,R17087,,,R22U2,491,2.5,0.0,027,R43,10.0,1957-02-18,14,061W34BC01100,327,MONSON,"SILVERTON, OR 97381",04980159DE,DE,"HANSON,JOHN I &","HANSON,BLANDA",,,,"HANSON,TRYGVE & ELAINE A",327 MONSON RD,,,"SILVERTON, OR  97381",1915.0,1940.0,1940.0,1940.0,,,,570.0,91.0,0,
39,R83225,62492.0,,R461,101,0.13,5500.0,014,R31,7350.0,1957-03-15,14,073W26DC04200,950,20TH,"SALEM, OR 97301",01890338,RC,"JONES,RONALD E JR & BARBARA H",,,,,"<BRADLEY,HELEN D",950 - 20TH SE,,,"SALEM, OR  97301",1950.0,1354.0,1354.0,1354.0,,,,,,0,
40,R28187,,,F660,551,37.75,0.0,008SG,A40,,1957-04-25,14,081W10  00400,,,,04990338,BS,"MORLEY,EFFIE",,,,,"EBNER,EDWARD F & BENITIA A",,,,,,,,,,,,,,0,
41,R40184,,,F660,451,6.39,0.0,03PA,,10.0,1957-06-05,14,091E01  00700,,,,05010030DE,WD,"CASTLE,EDWARD L &","CASTEL,ELIZABETH M",,,,"BOYLE,MERRILL J & EDITH M",,,,,,,,,,,,,,1,R40185
42,R73406,26679.0,,R461,101,0.15,6750.0,024,R44,10.0,1957-07-11,2,073W34BB09500,490,SUPERIOR,"SALEM, OR 97302",02521713,RD,"MONNETTE,J B & SHIRLEY G",,,,,"CROSS,WILLIAM C & PHYLLIS N",,,,,1921.0,2422.0,2422.0,1607.0,,815.0,,1132.0,110.0,0,
43,R24144,,,R36U1,101,0.23,9901.0,015,R31,10.0,1957-08-27,13,072W30DD03200,224,45TH,"SALEM, OR 97317",01861423,RC,"ROBERTS,HOWARD E & DONNA A",,,,,"<STUWE,CATHERINE E",4510 STATE ST,,,"SALEM, OR  97302",1954.0,1200.0,1200.0,1200.0,,,,,,0,
44,R27861,,,C001,C90,0.93,40718.0,ISI,W11,,1958-02-17,13,073W35AB03900,1440-1490,22ND,"SALEM, OR 97302",05080599DE,WD,Missing Seller Record,,,,,"OTJEN,EMIL W","OTJEN,ETHEL",,,,,5860.0,5860.0,5860.0,,,,,,0,
45,R89293,78771.0,,C001,003,,,,,,1958-03-04,0,073W27BD00700,,,,05110318,WD,,,,,,BNSF RAILROAD COMPANY,PO BOX 961089,,,"FORT WORTH, TX  76161",,,,,,,,,,0,
46,R104535,85982.0,,C004,201,0.17,7400.0,3D2,S20,10.0,1958-10-22,14,091W10DC10400,146,1ST,"STAYTON, OR 97383",0516-0889,DE,"EVANS,ROSE",,,,"STAYTON, OR  97383","CAMP,FRED V & BERNICE",,,,,1970.0,1500.0,1500.0,1500.0,,,,,,0,
47,R38946,,,F360,501,38.9,0.0,WOOD,,,1958-11-10,13,071E26  00300,,,,05170704DE,DE,"MURPHY,V E &","MURPHY,BESSIE",,,,"MAULDING,DARRELL G",18663 POWERS CREEK LP NE,,,"SILVERTON, OR  97381",,,,,,,,,,1,R38947
48,R15432,,,F210,451,3.35,0.0,008N,R41,,1959-02-19,0,053W36  00800,3472,MATHENY,"GERVAIS, OR 97026",05780295DE,MI,"WINSLOW,PAUL & LOVEY M &","WILLIAMS,MARION M & J MARIE",,,,"DEFFENBAUGH,LEON I &","DEFFENBAUGH,AMY M",,,,1967.0,2336.0,2336.0,1711.0,,,625.0,,,0,
49,R65027,99685.0,,R163,101,0.46,20254.0,049,R31,10.0,1959-05-20,0,051W17BD00700,1575,LAUREL,"WOODBURN, OR 97071",05220784,WD,"KLEIN,NICKOLAS J &","KLEIN,LOTTIE",,,,"OWRE,TENA A",,,,,1950.0,918.0,918.0,918.0,,,,,,0,
50,R14981,,,F330,500,27.9,0.0,039,,10.0,1959-07-08,14,052W23  02100,,,,05240361DE,WD,"LENHARDT,H E &","LENHARDT,LUELLA PEARL",,,,"SINGLER,JOHN",,,,,,,,,,,,,,0,
51,R19064,,,F260,551,9.92,0.0,008CG,A60,10.0,1959-08-11,14,062W26  01400,8127,NUTMEG,"SALEM, OR 97303",02931199,WD,"HUTTO,JOHN & EDITH",,,,,"ZOLLNER,DONALD R & MARGARET",,,,,,,,,,,,,,1,R19065
52,R77407,40412.0,,R561,101,0.26,11200.0,002,R33,9500.0,1959-08-29,14,083W03CA05500,3625,SCENIC VIEW,"SALEM, OR 97302",01870798,RC,"WHITTIER,SUMMER G",,,,,"<STEWART,JOSEPH E & JESSIE M",3625 SCENIC VIEW DR SE,,,"SALEM, OR  97302",1950.0,1110.0,1110.0,1110.0,,,,1110.0,,0,
53,R34897,,,F660,451,1.82,0.0,008S,F34,,1959-09-22,13,091W18A 01900,10477,STAYTON,"AUMSVILLE, OR 97325",05270293DE,DE,"FORRETTE,,CYRIL &","FORRETTE,MARJORIE",,,,"HALES,WILLIS B & MARGARET C",10477 STAYTON RD SE,,,"AUMSVILLE, OR  97325",1935.0,969.0,969.0,652.0,,317.0,,652.0,91.0,0,
54,R56501,65634.0,,R25M,101,0.22,9520.0,044,R41,,1959-11-20,13,073W01BC06400,1948,WIESSNER,"KEIZER, OR 97303",05280680DE,WD,Missing Seller Record,,,,,"RAPPE,RICK D & KELLIE L",1948 WIESSNER DR NE,,,"KEIZER, OR  97303",1959.0,1752.0,1752.0,1752.0,,,,,91.0,0,
