,PROPID,SUBDNUM,MOBILEHOMEPARKCODE,MAINTAREA,PROPCLASS,ACRES,LANDSQFT,LANDSCHEDULE,STATCLASS,SALEPRICE,SALEDATE,SALETYPE,MAPTAXLOT,SITUSNUMBER,SITUSSTREET,SITUSCITYSTATEZIP,DEEDBOOKANDPAGE,DEEDTYPE,SELLERNAME,SELLERADDR1,SELLERADDR2,SELLERADDR3,SELLERCSZ,BUYERNAME,BUYERADDR1,BUYERADDR2,BUYERADDR3,BUYERCSZ,YEARBUILT,BLDGSQFT,LIVINGAREA,FLOOR1SQFT,FLOOR2SQFT,ATTICSQFT,BSMTFINISHEDSQFT,BSMTUNFINISHEDSQFT,QUALITYADJ,NUMADDLPROPS,ADDLPROPIDS
0,R89472,78771.0,,C001,C50,0.39,17031,,Q40,10.0,1960-09-15,14,073W27AA01800,299,COTTAGE,"SALEM, OR 97301",03130875,WD,"MERCER,HARRIET R ET AL",,,,,"RANSOM,HOLLIS C & OLGA M",299 COTTAGE ST NE,,,"SALEM, OR  97301",1924.0,9078.0,9078.0,9078.0,,,,5259.0,,0,
1,R19064,,,F260,551,9.92,0,008CG,A60,10.0,1960-04-18,12,062W26  01400,8127,NUTMEG,"SALEM, OR 97303",02931197,WD,"ZOLLNER,DONALD R & MARGARET",,,,,"RAY,MARSHALL T & VERNA LEE",1245 WOODACRE DR SE,,,"SALEM, OR  97302",,,,,,,,,,1,R19065
2,R24272,,,R41U1,101,0.23,9907,015,R31,613.0,1960-03-16,14,072W31AA06800,404,45TH,"SALEM, OR 97317",01851505,RC,"ZANE,E W & NINA",,,,,"<MILLER,WILLIAM J & LUCILLE E",404 45TH AVE SE,,,"SALEM, OR  97301",1955.0,1349.0,1349.0,1349.0,,,,,109.0,0,
3,R34938,,,F660,451,0.33,0,008S,F31,10.0,1960-04-04,14,091W19  00700,9362,SANTIAM,"AUMSVILLE, OR 97325",02011754,RD,"SCHAD,AGNES B & LEONARD ET AL",,,,,"HAMPTON,JOHN A & MAE I",P O BOX 3311,,,"SALEM, OR  97302",1950.0,1794.0,1794.0,1794.0,,,,,,0,
4,R45568,14747.0,,C00M,C80,0.63,27540,,Q30,10.0,1960-12-23,3,073W02BA04400,661,CHEMAWA,"KEIZER, OR 97303",02321130,RD,"OLSON,ONAS S & L HELEN",,,,,KEIZER RURAL FIRE PROTECTION,,,,,1970.0,2958.0,2958.0,2958.0,,,,,,0,
5,R47732,27931.0,,R25M,101,0.18,7968,044,R31,12150.0,1960-11-23,14,073W02BB02700,403,CHEMAWA,"KEIZER, OR 97303",01841327,RC,DE PUY & JONES INC,,,,,"<GREG,ROBERT R & ANNA K",445 ONION ST NE,,,"SALEM, OR  97301",1960.0,1008.0,1008.0,1008.0,,,,,109.0,0,
6,R48449,33130.0,,R32U1,101,0.21,9100,015,R41,69500.0,1960-05-01,0,072W07DA03900,4508,SESAME,"SALEM, OR 97305",02111038,WD,"JOSEPHSON,JAMES M & JANICE E",,,,,"FRYMIRE,JAMES A & JUDY L",4508 SESAME ST NE,,,"SALEM, OR  97303",1973.0,2007.0,2007.0,2007.0,,,,,91.0,0,
7,R52190,48350.0,,R36U1,101,0.22,9520,015,R31,12950.0,1960-06-09,14,072W30DD06600,152,45TH,"SALEM, OR 97301",01990074,RC,"DAVIES,WILLIAM W & HELEN E",,,,,"<THORNTON,EDGAR H & E THERESA",PO BX 186,,,"VANCOUVER, WA  98660",1960.0,1210.0,1210.0,1210.0,,,,,109.0,0,
8,R52194,48350.0,,R36U1,101,0.22,9520,015,R31,0.0,1960-05-20,13,072W30DD05900,151,45TH,"SALEM, OR 97301",03740418,RD,"DAVIES,WILLIAM W & HELEN F",,,,,"PETERSON,SHIRLEY ANN",301 MONROE CT NE,,,"SALEM, OR  97301",1959.0,1204.0,1204.0,1204.0,,,,,109.0,0,
9,R52604,49401.0,,R41U1,101,0.21,9231,014,R31,10.0,1960-10-11,12,072W31BB00600,3840,LA BRANCH,"SALEM, OR 97317",02191079,RD,"FOSSETT,ROBERT M & CAROL J",,,,,"HENRY,BERT ASHE & BETHEL FAYE",TULARE COUNTY,,,"CALIFORNIA,",1946.0,1020.0,1020.0,1020.0,,,,,,0,
10,R10989,,,F260,451,1.08,0,042,F09,10.0,1960-04-16,13,041W19C 02100,19566,BUTTEVILLE,"AURORA, OR 97002",05320867,MI,UNKNOWN,,,,,"FOSS,ELMER & DOROTHY V",19536 BUTTEVILLE RD NE,,,"AURORA, OR  97002",,,,,,,,,,0,
11,R20643,,,R24U2,101,0.42,18295,019,R32,,1960-01-16,0,071W01CC00400,1357,WATER,"SILVERTON, OR 97381",05300365DE,WD,"KINNAIRD,FRED COOPER &","KINNAIRD,ALICE MIRIAM",,,,"OLSON,REX E & AURILIE M",1357 S WATER ST,,,"SILVERTON, OR  97381",1917.0,1441.0,1441.0,987.0,,454.0,,,,0,
12,R22250,,,R32U1,101,0.3,13050,015,R32,,1960-10-24,13,072W07AD02900,4447,SATTER,"SALEM, OR 97305",6270488DE,DE,,,,,,"ESSER,CARL J &","ESSER,VIRGINA MARIE",,,,1966.0,1678.0,1678.0,1278.0,,400.0,,,,0,
13,R76802,39685.0,,C00M,201,0.34,14600,SEC,O11,10.0,1960-08-25,14,073W11BA02700,3990,CHERRY,"KEIZER, OR 97303",05370207DE,WD,LODER BROS CO,,,,,"PORTER,ALBERT E & HANNAH E",4885 RIVER RD N,,,"SALEM, OR  97303",2005.0,3066.0,3066.0,3066.0,,,,,,0,
14,R33121,,,F460,451,37.28,0,OSDA.RUR,F31,10.0,1960-05-24,14,083W28A 01900,411,HYLO,"SALEM, OR 97306",05350469DE,WD,Missing Seller Record,,,,,"CAMMACK,FORREST W & ORPHA L",,,,,1946.0,1296.0,1296.0,1296.0,,,,,91.0,1,R61458
