,PROPID,SUBDNUM,MOBILEHOMEPARKCODE,MAINTAREA,PROPCLASS,ACRES,LANDSQFT,LANDSCHEDULE,STATCLASS,SALEPRICE,SALEDATE,SALETYPE,MAPTAXLOT,SITUSNUMBER,SITUSSTREET,SITUSCITYSTATEZIP,DEEDBOOKANDPAGE,DEEDTYPE,SELLERNAME,SELLERADDR1,SELLERADDR2,SELLERADDR3,SELLERCSZ,BUYERNAME,BUYERADDR1,BUYERADDR2,BUYERADDR3,BUYERCSZ,YEARBUILT,BLDGSQFT,LIVINGAREA,FLOOR1SQFT,FLOOR2SQFT,ATTICSQFT,BSMTFINISHEDSQFT,BSMTUNFINISHEDSQFT,QUALITYADJ,NUMADDLPROPS,ADDLPROPIDS
0,R83484,63272.0,,R421,101,0.25,10872,015,R32,8500.0,1961-07-15,12,073W14DB07400,2386.0,CHERRY,"SALEM, OR 97301",01930989,RC,"KIRSCH,JOHN H & MARIE B",,,,,"<MERRITT,SHIRLEY MARIE",2386 CHERRY AVE NE,,,"SALEM, OR  97303",1928.0,1664.0,1664.0,1232.0,,432.0,,,,0,
1,R86489,73510.0,,C001,200,1.03,44709,SEC,,12500.0,1961-03-08,14,083W10AC00600,4345.0,SUNNYSIDE,"SALEM, OR 97302",01880235,RC,"DERRY,JESSE E & GERTRUDE M",,,,,"<FELTMAN,ALFRED F & DOROTHY G.",4345 SUNNYSIDE RD,,,"SALEM, OR  97302",,,,,,,,,,0,
2,R19337,,,F260,550,20.12,0,036I,A40,,1961-12-16,7,062W33B 01000,,,,E05520695DE,DE,"HENDERSON,LOIS E &LYLE,JEAN A",,,,"SALEM, OR","HENDERSON,LOIS &LYLE,JEAN A",,,,"SALEM, OR",,,,,,,,,,0,
3,R21115,,,F360,551,29.2,0,OSDA.RUR,A23,10.0,1961-03-24,6,071W05  01500,10833.0,SELAH SPRINGS,"SILVERTON, OR 97381",01960717,RD,"LINCOLN,MYRTLE",,,,,"LINCOLN,LARRY L & PATRICIA",10833 SELAH SPRINGS RD,,,"SILVERTON, OR  97381",1949.0,1737.0,1737.0,1737.0,,,,,,0,
4,R49942,38227.0,,F260,401,0.22,9730,030,F31,11000.0,1961-02-06,14,062W30AD01000,4439.0,BARBARA,"SALEM, OR 97305",01940416,RC,"HANSON,MARTIN E & BLOSSOM V",,,,,"<BLOOM,ROY L & MARGARET I",613 ILLINOIS NE,,,"SALEM, OR  97301",1960.0,1258.0,1258.0,1258.0,,,,,109.0,0,
5,R57579,68743.0,,R26M,101,0.16,6900,044,R41,14950.0,1961-09-18,14,073W03AC00200,4876.0,CRATER,"KEIZER, OR 97303",01850635,RC,"REIMANN,BEN & ANN L",,,,,"<ROTH,ROBERT L & DEANNA M",4785 38TH NE,,,"SALEM, OR  97303",1960.0,1408.0,1408.0,1408.0,,,,,91.0,0,
6,R57939,69651.0,,R32U1,101,0.3,13140,002,R41,14750.0,1961-04-06,14,072W06DA09500,4555.0,JAPONICA,"SALEM, OR 97305",01871272,RC,DE PUY & JONES INC,,,,,"<FRAUNFELDER,REYNARD W &A.E.",437 UNION ST NE,,,"SALEM, OR  97301",1961.0,1460.0,1460.0,1460.0,,,,,,0,
7,R38950,,,F360,551,7.46,0,WOOD,A90,10.0,1961-11-10,15,071E26  00400,,,,05510203,DE,"HITTNER,FRANK E &","HITTNER,MARGARET J",,,,"MAULDING,DARRELL G &","MAULDING,RUBY L",18804 POWERS CREEK LP NE,,"SILVERTON, OR  97381",,,,,,,,,,1,R38951
