,PROPID,SUBDNUM,MOBILEHOMEPARKCODE,MAINTAREA,PROPCLASS,ACRES,LANDSQFT,LANDSCHEDULE,STATCLASS,SALEPRICE,SALEDATE,SALETYPE,MAPTAXLOT,SITUSNUMBER,SITUSSTREET,SITUSCITYSTATEZIP,DEEDBOOKANDPAGE,DEEDTYPE,SELLERNAME,SELLERADDR1,SELLERADDR2,SELLERADDR3,SELLERCSZ,BUYERNAME,BUYERADDR1,BUYERADDR2,BUYERADDR3,BUYERCSZ,YEARBUILT,BLDGSQFT,LIVINGAREA,FLOOR1SQFT,FLOOR2SQFT,ATTICSQFT,BSMTFINISHEDSQFT,BSMTUNFINISHEDSQFT,QUALITYADJ,NUMADDLPROPS,ADDLPROPIDS
0,R67514,9400.0,,R461,101,0.09,3750,015,R31,7750.0,1962-12-01,14,073W23DD09400,695.0,BREYS,"SALEM, OR 97301",05660660,DE,"KREMER,ALLEN M &","KREMER,MILDRED",,,,"MCLAUGHLIN,MILDRED",695 BREYS AVE NE,,,"SALEM, OR  97301",1950.0,952.0,952.0,952.0,,,,,,0,
1,R81503,51662.0,,R521,101,0.2,8858,002,R41,13500.0,1962-10-22,14,083W10BC05200,428.0,IDYLWOOD,"SALEM, OR 97302",01820290,RC,BENJ FRANKLIN FED S & L,,,,,"<BIGGS,ROBERT E & CAROL J",428 HOLLYWOOD DR,,,"SALEM, OR  97302",1958.0,1371.0,1371.0,1371.0,,,,,91.0,0,
2,R86333,73057.0,,R421,101,0.1,4150,015,R31,21000.0,1962-11-10,33,073W14CD14000,2005.0,HAZEL,"SALEM, OR 97301",05050489,RC,"ERNST,VINCENT G & BERNICE L",,,,,"<MUNGER,MARY J & BETTI L",1598 ALDER DRIVE NE,,,"SALEM, OR  97303",1925.0,804.0,804.0,804.0,,,,,,0,
3,R89155,78771.0,,C001,201,0.35,15008,CORE,B10,16500.0,1962-01-05,14,073W22DC07100,280.0,LIBERTY,"SALEM, OR 97301",02060137,DE,"WALKER,J E & SONS",,,,,"<HANSEN,MELVIN LEE & H LOUELLA",763 BLAINE ST,,,"WOODBURN, OR  97071",1946.0,17986.0,17986.0,8993.0,,,8993.0,,,1,R108007
4,R95652,93420.0,,R461,101,0.1,4560,002U,R44,14250.0,1962-08-01,14,073W26AA17700,529.0,23RD,"SALEM, OR 97301",01830863,RC,"SERCOMBE,F M & ADRIENNE",,,,,"TALBOT,DAVID G & ANN E",529 23RD STREET NE,,,"SALEM, OR  97301",1933.0,1727.0,1727.0,869.0,,686.0,172.0,596.0,91.0,0,
5,R21361,,,F360,581,39.09,0,008CF,A20,10.0,1962-10-15,14,071W02D 01000,4189.0,VICTOR POINT,"SILVERTON, OR 97381",02161006,WD,"TOWE,ORVILLE S",,,,,"RYAN,MAX M & FLORENCE L",4189 VICTOR POINT RD NE,,,"SILVERTON, OR  97381",,,,,,,,,,1,R21362
6,R34328,,,R624,101,0.23,10200,011,R31,10.0,1962-07-13,14,091W10BB00800,1881.0,EVERGREEN,"STAYTON, OR 97383",05610375,WD,"SPITZ,EDWARD H & MARIAN R",10443 SUMMIT LP SE,,,"TURNER, OR  97392","OVERCASH,CALVIN &","OVERCHASH,BETTY",,,,1954.0,1120.0,1120.0,1120.0,,,,,109.0,0,
7,R12242,,,F220,551,24.09,0,OSDA.RUR,A22,22200.0,1962-10-07,14,042W25  03200,8494.0,BROADACRES,"AURORA, OR 97002",03270829,RD,"CRANE,H L & DELPHA H",,,,,"MERRILL,CLAY D &","MERRILL,DOROTHY I",8494 BROADACRES RD NE,,"AURORA, OR  97002",1930.0,1352.0,1352.0,1128.0,,224.0,,,,0,
8,R41835,,,F630,451,0.94,0,03Q,R00S,12500.0,1962-04-13,14,093E30CC00500,28162.0,RIVER,"MILL CITY, OR 97360",02541829,RC,"DE WITT,ELLEN T",,,,,"<GARTON,MERLE E & GORDETTE W",R1 BX234B,,,"LYONS, OR  97358",2004.0,,,,,,,,,0,
9,R52215,48351.0,,R36U1,101,0.2,8840,015,R31,13250.0,1962-10-25,14,072W30DA05300,261.0,45TH,"SALEM, OR 97301",01880412,RC,"DAVIES,WILLIAM W & HELEN E",,,,,"BURSE,RICHARD T & SALLY KAYE",PO BX 186,,,"VANCOUVER, WA  98660",1962.0,1245.0,1245.0,1245.0,,,,,109.0,0,
10,R52219,48351.0,,R36U1,101,0.24,10500,015,R31,10.0,1962-09-06,12,072W30DA04900,291.0,45TH,"SALEM, OR 97301",02450596,WD,"DAVIES,WILLIAM W & HELEN E",,,,,"LACCOARCE,JUDITH A",PO BX 186,,,"VANCOUVER, WA  98660",1962.0,1232.0,1232.0,1232.0,,,,,,0,
11,R55537,59726.0,,R36U1,101,0.19,8250,015,R32,10.0,1962-09-28,14,072W18AA02400,4630.0,WYOMING,"SALEM, OR 97305",02240437,WD,"NYSTROM,WALTER W & DELMA DEAN",,,,,"BRUCE,JOHN R & MARY M",4630 WYOMING AVE NE,,,"SALEM, OR  97301",1954.0,1280.0,1280.0,960.0,,320.0,,,,0,
12,R15922,,,R11F,101,0.2,8712,03A,R43,10.0,1962-04-13,0,061W10AB08200,705.0,TAYLOR,"MT ANGEL, OR 97362",05600550DE,BS,"ANNEN,JOSEPHINE 50% &","ANNEN,CLETUS J 50%",,,,"ANNEN,CLETUS J &","ANNEN,AGNES M",,,,1927.0,2489.0,2489.0,1881.0,,,608.0,1273.0,,0,
13,R20034,,,R24M,R70,3.68,160301,005,,,1962-05-22,3,063W26CC06500,,,,05590280,BS,,,,,,CLAGGETT CEMETERY ASSN,C/O SUSAN MCGLADREY,8373 WHEATLAND RD N,,"SALEM, OR  97303",,,,,,,,,,0,
14,R54566,56619.0,,C00M,201,0.56,24394,PRIM,E30,17500.0,1962-11-06,0,073W11CB04800,3451.0,RIVER,"KEIZER, OR 97303",05650396,RC,"MASON,B M & ODELL",,,,,"MASON,B M & ODELL","<POTTS,MELVIN O",,,,1974.0,4267.0,4267.0,4267.0,,,,,,0,
