,PROPID,SUBDNUM,MOBILEHOMEPARKCODE,MAINTAREA,PROPCLASS,ACRES,LANDSQFT,LANDSCHEDULE,STATCLASS,SALEPRICE,SALEDATE,SALETYPE,MAPTAXLOT,SITUSNUMBER,SITUSSTREET,SITUSCITYSTATEZIP,DEEDBOOKANDPAGE,DEEDTYPE,SELLERNAME,SELLERADDR1,SELLERADDR2,SELLERADDR3,SELLERCSZ,BUYERNAME,BUYERADDR1,BUYERADDR2,BUYERADDR3,BUYERCSZ,YEARBUILT,BLDGSQFT,LIVINGAREA,FLOOR1SQFT,FLOOR2SQFT,ATTICSQFT,BSMTFINISHEDSQFT,BSMTUNFINISHEDSQFT,QUALITYADJ,NUMADDLPROPS,ADDLPROPIDS
0,R67281,8384.0,,R461,101,0.09,3750,014,R31,6950,1963-01-04,14,073W26DD07700,2355,HYDE,"SALEM, OR 97301",01831643,RC,"SCHAFER,EDWARD A & EULALIA A",,,,,"<WATSON,ORVAL L & DOROTHY J",2355 HYDE SE,,,"SALEM, OR  97302",1950.0,792.0,792.0,792.0,,,,,,0,
1,R67281,8384.0,,R461,101,0.09,3750,014,R31,0,1963-01-04,12,073W26DD07700,2355,HYDE,"SALEM, OR 97301",03610674,WD,"SCHAFER,EDWARD A & EULALIA A",,,,,"WATSON,ORVAL L & DOROTHY J",128 HOMEWOOD CT N,,,"SALEM, OR  97303",1950.0,792.0,792.0,792.0,,,,,,0,
2,R78046,42168.0,,R561,491,2.36,0,006,R47,10,1963-06-03,14,083W05B 01100,3356,RIVER,"SALEM, OR 97302",02241049,WD,"FROST,O W & MARY B",,,,,"PHILLIPS,RANDALL & H PATRICIA",,,,,1930.0,2756.0,2756.0,1076.0,840.0,,840.0,,91.0,0,
3,R108523,89573.0,,R163,101,0.2,8500,048,R31R,0,1963-08-26,13,051W07DB04600,1145-1147,3RD,"WOODBURN, OR 97071",03840281,WD,"FENDALL,DEVERE & NAOMI",,,,,"DAVIS,JOSEPH W & DEANNA L",995 ESPANA AVE N.,,,"SALEM, OR  97303",1901.0,2340.0,2340.0,2340.0,,,,,,0,
4,R21078,,,F360,550,3.2,0,036I,A30,600,1963-03-21,3,071W04D 01000,,,,02780142,RD,MARION COUNTY,,,,,"GEHRING,LAWRENCE W & ALICE M",SALEM OR 97301,,,,,,,,,,,,,0,
5,R26115,,,R36U1,101,0.31,13600,014,R33,14950,1963-11-15,14,073W12DA01400,3977,35TH,"SALEM, OR 97305",03130345,RC,"PREUIT,JAMES E ET AL",,,,,"FRYE,ERWIN L & ADELINE C",SALEM OR 97302,,,,1963.0,2112.0,2112.0,1056.0,,,1056.0,,109.0,0,
6,R37092,,,F410,551,48.14,0,OSDA.RUR,A64,0,1963-03-25,14,103W02  00800,15361,JEFFERSON HY 99E,"JEFFERSON, OR 97352",03251077,WD,"BUCHNER,DELMER C & GEORGIA G",,,,,"AMMON,EDWARD N & ALICE B ET AL",PO BX146,,,"JEFFERSON, OR  97352",1910.0,1924.0,1924.0,1044.0,880.0,,,900.0,,0,
7,R48039,29936.0,,R26M,101,0.36,15582,044,R33,17500,1963-05-23,14,073W10DA02700,509,APPLE BLOSSOM,"KEIZER, OR 97303",01850906,RC,"HAUGSTAD,EARLING ARTHUR & HELEN",,,,,"<FRANCE,ROWLAND G JR & CAROLE M",3423 COUNTRY CLUB DR S,,,"SALEM, OR  97302",1952.0,2216.0,2216.0,1410.0,,,806.0,364.0,,0,
8,R17652,,,R222,101,0.53,0,027,R32,10,1963-07-05,14,061W35AA00500,1124,OAK,"SILVERTON, OR 97381",05740371,WD,"HECHT,FRANCIS B &","HECHT,MARY E",,,,"BITTNER,SAMUEL A &","BITTNER,PATRICIA J",1124 OAK ST,,"SILVERTON, OR  97381",1950.0,1512.0,1512.0,936.0,,576.0,,,,0,
9,R49951,38227.0,,F260,401,0.21,9073,030,F33,10,1963-11-29,0,062W30AD01900,4348,BARBARA,"SALEM, OR 97305",05800470,DE,"ARRIOLA,PAUL M &","ARRIOLA,BETTY JANE",,,,"HELTON,WILLIAM J &","HELTON,THELMA E",,,,1958.0,2822.0,2822.0,1661.0,,,1161.0,,,0,
10,R74449,30999.0,,R411,101,0.18,7740,015,R45,10,1963-06-21,14,073W23DB04300,1125,16TH,"SALEM, OR 97301",06660029DE,WD,Missing Seller Record,,,,,"ADAMS,HUGH E & EVELYN M",875 16TH STREET NE,,,"SALEM, OR  97301",2009.0,1904.0,1904.0,952.0,952.0,,,,,0,
11,R28650,,,R635,490,1.6,0,02JA,,10,1963-08-13,0,081W30  02100,,,,05760054DE,DE,Missing Seller Record,,,,,"TOLLETT,JOHN T & AUDRA M",9527 GORDON LN SE,,,"AUMSVILLE, OR  97325",,,,,,,,,,0,
12,R82882,61707.0,,R461,101,0.15,6695,002,R43,10,1963-10-19,0,083W03AD01300,1030,MORNINGSIDE,"SALEM, OR 97302",05780563,DE,"YEAGER,JOHN J & ELISE M",,,,,"RABE,H E & LENA","RABE,JAMES H & BARBARA",,,,1981.0,2905.0,2905.0,1610.0,,,1295.0,,,0,
