,PROPID,SUBDNUM,MOBILEHOMEPARKCODE,MAINTAREA,PROPCLASS,ACRES,LANDSQFT,LANDSCHEDULE,STATCLASS,SALEPRICE,SALEDATE,SALETYPE,MAPTAXLOT,SITUSNUMBER,SITUSSTREET,SITUSCITYSTATEZIP,DEEDBOOKANDPAGE,DEEDTYPE,SELLERNAME,SELLERADDR1,SELLERADDR2,SELLERADDR3,SELLERCSZ,BUYERNAME,BUYERADDR1,BUYERADDR2,BUYERADDR3,BUYERCSZ,YEARBUILT,BLDGSQFT,LIVINGAREA,FLOOR1SQFT,FLOOR2SQFT,ATTICSQFT,BSMTFINISHEDSQFT,BSMTUNFINISHEDSQFT,QUALITYADJ,NUMADDLPROPS,ADDLPROPIDS
0,R15387,,,F210,551,57.24,0,OSDA.RUR,A54,10.0,1964-04-01,12,053W12  00600,15871,RIVER,"GERVAIS, OR 97026",02621442,WD,"VANDEHAY,F N & CECELIA",,,,,"STEVENS,JAMES & THERESA ANN",15871 RIVER RD NE,,,"GERVAIS, OR  97026",1980.0,2620.0,2620.0,2620.0,,,,,,0,
1,R76831,39685.0,,R26M,101,0.23,10000,043,R31,10.0,1964-05-09,14,073W11AB02900,3855,BROOKS,"KEIZER, OR 97303",05860111DE,DE,Missing Seller Record,,,,,"SNITKER,EDWARD J &","SNITKER,GLADYS E",,,,1945.0,1116.0,1116.0,1116.0,,,,,,0,
2,R79533,45474.0,,C001,201,0.09,3750,9930,R33,10.0,1964-07-09,14,073W27CD04400,360,MYERS,"SALEM, OR 97302",05880674DE,BS,Missing Seller Record,,,,,"MAVRAEDIS,LUELLA C",,,,,1919.0,904.0,904.0,904.0,,,,904.0,109.0,0,
3,R84859,65334.0,,R411,101,0.17,7657,015,R44,,1964-06-06,0,073W23AA01600,1825,18TH,"SALEM, OR 97301",05880340DE,MI,"SIM,THOMAS R &","SIM,ELSIE",,,,"DANCER,LEE &","DANCER,ELOISE",,,,1939.0,1535.0,1535.0,995.0,,540.0,,915.0,,1,R110558
4,R18039,,,R222,101,0.17,7500,019,R21,,1964-09-23,0,061W35CB05700,400,JERSEY,"SILVERTON, OR 97381",06760084DE,BS,"DILLON,MABEL Z",,,,,"KASER,MILDRED L",C/O TAX OFFICE OF,"MELODI MOLT,LLC",92 W ADAMS,"BURNS, OR  97720",1901.0,790.0,790.0,790.0,,,,,109.0,0,
5,R92585,86484.0,,R361,101,0.2,8750,015,R31,8592.0,1964-12-30,14,073W12CD01400,2155,STORTZ,"SALEM, OR 97301",01880881,RC,"MASSA,H E & ANNA MARIE",,,,,"<BOREN,TOMMY E",799 45TH AVE NE,,,"SALEM, OR  97301",1949.0,976.0,976.0,976.0,,,,,,0,
6,R99290,32557.0,,C00A,200,0.11,5000,STOWN,,10.0,1964-09-10,14,052W26AC09700,500 BLK,3RD,"GERVAIS, OR 97026",02811658,RD,"KUHN,RAYMOND & SHIRLEY",,,,,"LADD,FAY ET AL",395 3RD ST,,,"GERVAIS, OR  97026",,,,,,,,,,0,
7,R99297,32557.0,,C00A,201,0.13,5400,STOWN.MINF,E50,10.0,1964-09-18,14,052W26AC09000,,,,02811656,RD,"KUHN,RAYMOND & SHIRLEY",,,,,"LADD,FAY ET AL",395 3RD ST,,,"GERVAIS, OR  97026",1902.0,2500.0,2500.0,2500.0,,,,,,1,R99298
8,R19478,,,F210,551,107.78,0,008CI,A90S,0.0,1964-12-30,12,063W11  01000,9965,WHEATLAND,"SALEM, OR 97303",02711394,RD,"HOXSEY,EUGENE R & EVELYN ET AL",,,,,"CHAPIN,JACK R & MARY L",411 SALMON ST N R2,,,"SALEM, OR  97303",1979.0,,,,,,,,,0,
9,R103293,9551.0,,R624,101,0.23,10000,011,R35,7500.0,1964-11-01,14,091W10CD08700,454,WATER,"STAYTON, OR 97383",01901066,RC,"DURSHELLA,HARMON P & LOIS A",,,,,"<REYES,LUCIANO & EMMA",454 WEST WATER ST,,,"STAYTON, OR  97331",1905.0,1672.0,1672.0,944.0,728.0,,,,109.0,0,
10,R106125,10151.0,,R163,101,0.23,10000,049,R36,0.0,1964-07-22,14,051W07CD11400,480,3RD,"WOODBURN, OR 97071",01971390,WD,"MILLER,NORA L & HAROLD F",,,,,"MARSHALL,ALFRED G & MARGARET",PO BOX 201,,,"WOODBURN, OR  97071",1901.0,2876.0,2876.0,1516.0,960.0,400.0,,,109.0,0,
11,R109040,99223.0,,C003,201,0.11,5000,OSI,G60,7950.0,1964-07-31,14,051W18AB12800,387,BROADWAY,"WOODBURN, OR 97071",02630077,WD,"BOOMER,PAUL E & EMMA JEAN",,,,,"LANGDON,WILLIAM W & ZITA W",,,,,,,,,,,,,,0,
12,R22588,,,R36U1,101,0.24,10480,015,R31,10500.0,1964-12-01,14,072W08CC09300,3625,48TH,"SALEM, OR 97305",01881779,WD,"RENNER,JOSEPH R & MARY L",,,,,"WAY,CHARLES O & JUDITH C",1547 SONYA DR SE,,,"SALEM, OR  97302",1952.0,1162.0,1162.0,1162.0,,,,,109.0,0,
13,R31040,,,F460,550,41.74,0,032,A90,4000.0,1964-01-24,12,082W31  00700,,,,02060738,WD,"SCHAEFER,ROBERT J",,,,,Missing Buyer Record,,,,,,,,,,,,,,0,
14,R36629,,,02F,550,21.24,0,03NGI,A40,10900.0,1964-10-01,13,093W34  01500,,,,03381582,RC,"RICKARD,ROBERT F & PATRICIA",,,,,"<FERRY,WELDON C & MARY R",15668 S HENRICI RD,,,"OREGON CITY , OR  97045",,,,,,,,,,0,
15,R44250,11310.0,,R25M,101,0.18,7744,044,R32,11750.0,1964-04-20,14,073W02CA06600,4575,CLARK,"KEIZER, OR 97303",01860856,RC,RAWLINS MORTGAGE & INSURANCE CO,,,,,"<DYER,WALTER LEE & MARY D",4575 CLARK AVE NE,,,"SALEM, OR  97303",1947.0,1632.0,1632.0,1224.0,,408.0,,,,0,
16,R61774,88053.0,,R32U1,101,0.14,5986,014,R09R,,1964-05-28,14,072W06BC07000,3710,MICHEL,"SALEM, OR 97305",05860400DE,DE,"CLADEK,W A &","CLADEK,CHRISTINA A",,,,"DUNN,ELVIS L &","DUNN,ADA M",,,,,1148.0,1148.0,1148.0,,,,,,0,
17,R89184,78771.0,,C001,201,1.19,51965,PRIM,D10,10.0,1964-03-18,14,073W22DB00100,745,LIBERTY,"SALEM, OR 97301",05850264DE,DE,Missing Seller Record,,,,,"WILSON,W O & CORAL L 47.5% &","DELON,THOMAS T & TERRI W 25% &","LODER,JAMES C & MARDELLA MAE 27.5%",,,1966.0,16424.0,16424.0,16424.0,,,,,,0,
18,R79533,45474.0,,C001,201,0.09,3750,9930,R33,10.0,1964-06-29,14,073W27CD04400,360,MYERS,"SALEM, OR 97302",05880129DE,BS,"SPENCER,GRACE NEFF",,,,,"MAVRAEDIS,LUELLA C",,,,,1919.0,904.0,904.0,904.0,,,,904.0,109.0,0,
19,R60759,86232.0,,F420,401,20.0,0,OSDA.RUR,F33,10.0,1964-03-24,14,093W14  02100,1910,STEIWER,"JEFFERSON, OR 97352",05840602DE,WD,"WILLIAMS,PAUL T &","WILLIAMS,GEORGIA L",,,,"LAWLER,ARTHUR L &","LAWLER,MARGARET M",,,,1972.0,1344.0,1344.0,1344.0,,,,1344.0,,0,
