,PROPID,SUBDNUM,MOBILEHOMEPARKCODE,MAINTAREA,PROPCLASS,ACRES,LANDSQFT,LANDSCHEDULE,STATCLASS,SALEPRICE,SALEDATE,SALETYPE,MAPTAXLOT,SITUSNUMBER,SITUSSTREET,SITUSCITYSTATEZIP,DEEDBOOKANDPAGE,DEEDTYPE,SELLERNAME,SELLERADDR1,SELLERADDR2,SELLERADDR3,SELLERCSZ,BUYERNAME,BUYERADDR1,BUYERADDR2,BUYERADDR3,BUYERCSZ,YEARBUILT,BLDGSQFT,LIVINGAREA,FLOOR1SQFT,FLOOR2SQFT,ATTICSQFT,BSMTFINISHEDSQFT,BSMTUNFINISHEDSQFT,QUALITYADJ,NUMADDLPROPS,ADDLPROPIDS
0,R59838,79973.0,,R361,101.0,0.22,9600.0,014,R32,8700.0,1965-09-23,14,072W19BB01000,2123.0,CORAL,"SALEM, OR 97305",03330875,RD,"GALL,MARTIN G & LORENA",,,,,"SMITH,WILLIAM D & JOYCE M",2123 CORAL AVE NE,,,"SALEM, OR  97305",1949.0,1198.0,1198.0,814.0,,384.0,,,,0,
1,R16283,,,F320,551.0,13.59,0.0,008CGI,A40,70000.0,1965-08-15,14,061W17  01100,,,,01970598,RC,"HESS,KARL & ROSA",,,,,"<FAESSLER,CHARLES & GERALDINE",11381 NUSOM RD NE,,,"SILVERTON, OR  97381",,,,,,,,,,0,
2,R16451,,,F310,551.0,62.28,0.0,OSDA.RUR,A09,0.0,1965-12-15,12,061W24  00700,7636.0,MERIDIAN,"SILVERTON, OR 97381",02930101,WD,"DE LANGH,WILLIAM & LOTTIE",,,,,AMMON BROS INC,PO BOX 146,,,"JEFFERSON, OR  97352",,,,,,,,,,0,
3,R75628,34360.0,,R361,101.0,0.14,6300.0,014,R32,6500.0,1965-10-23,14,073W13AB03100,3399.0,ROBERT,"SALEM, OR 97301",02631911,RC,"THOMAS,ROBERT J & BETTY LOU",,,,,"<BOUCHE,JOEL R & ARLENE A",3399 ROBERTS AVENUE NE,,,"SALEM, OR  97303",1947.0,1188.0,1188.0,948.0,,240.0,,,109.0,0,
4,R17228,,,R222,101.0,37.47,14760.0,020,R41,0.0,1965-05-19,29,061W34AD08000,326.0,MCCLAINE,"SILVERTON, OR 97381",06010319,DE,"NYS,ALBERT P & AGNES M",,,,,"NYS,HAZEL E & NYS,FRANCIS O",5820 BROOKLAKE RD NE,,,"SALEM, OR  97305",1954.0,1247.0,1247.0,1247.0,,,,,,1,R18892
5,R89067,78771.0,,R461,101.0,0.14,6250.0,023,R33,15500.0,1965-01-12,14,073W27AC01800,685.0,CHURCH,"SALEM, OR 97301",02871929,WD,"ALBIN,GUY H & FRANCES T",,,,,"HOILAND,GERALD A ET AL",595 LESLIE ST SE,,,"SALEM, OR  97301",1920.0,1834.0,1834.0,1418.0,,,416.0,983.0,109.0,0,
6,R103652,37977.0,,R624,101.0,0.31,13500.0,011,R31,13500.0,1965-07-01,14,091W10BB05700,833.0,REGIS,"STAYTON, OR 97383",02560174,RC,"DRUSHELLA,HARMON P & LOIS A ETAL",,,,,"<HENDRICKS,MICHAEL M & JOYCE M",805 WINTER NE,,,"SALEM, OR  97301",1962.0,1886.0,1886.0,1886.0,,,,,109.0,0,
7,R106708,38729.0,,R163,101.0,0.27,11680.0,049,R33,15000.0,1965-04-01,14,051W18AC07300,810.0,CLEVELAND,"WOODBURN, OR 97071",01911701,RC,"HOFFMAN,ELMER L & CONNIE A",,,,,"KARSSEBOOM,JOHN D & NELLIE A",540 HERMANSON,,,"WOODBURN, OR  97071",1955.0,2228.0,2228.0,1310.0,,,918.0,392.0,109.0,0,
8,R108043,75615.0,,R163,101.0,0.14,6120.0,049,R21,6000.0,1965-11-11,14,051W17BB01900,891.0,MCKINLEY,"WOODBURN, OR 97071",11080275,WD,"KENT,ALBERT S & INA C",,,,,"HODGKISS,WILLIAM N",1462 E CLEVELAND ST,,,"WOODBURN, OR  97071",1920.0,602.0,602.0,602.0,,,,,109.0,0,
9,M140978,,,,,,,,,20000.0,1965-06-07,20,,0.0,,,,,"BRANCH,RICHARD MANNING",,,,,"PFLUG,BEVERLY J",,,,,,,,,,,,,,0,
10,R23874,,,F260,401.0,0.27,0.0,009C,F31,8800.0,1965-04-16,14,072W29AD03000,395.0,HAMPDEN,"SALEM, OR 97317",02260014,RC,"SCHLICKER,GUS & MURIEL",,,,,"<PONTIUS,JAMES W & DOROTHY L",395 HAMPDEN LN NE,,,"SALEM, OR  97301",1956.0,1526.0,1526.0,1526.0,,,,,,0,
11,R27968,,,CW01,301.0,1.68,73181.0,ISC,W82,0.0,1965-06-04,0,073W35CB02700,2561.0,PRINGLE,"SALEM, OR 97302",06020143,DE,"KOENIG,CHARLES R",,,,,"BROWN,VONA",2895 MOLALLA RD,,,"WOODBURN, OR  97071",,,,,,,,,,1,R27970
12,R28388,,,F660,551.0,30.83,0.0,OSDA.RUR,A24S,10500.0,1965-12-20,14,081W21  01200,6438.0,SHERMAN,"AUMSVILLE, OR 97325",01991463,RD,"MC CLELLAN,ALBERT T &BURNADETTE",,,,,"PETERS, THEODORE J & MARGARET",6438 SHERMAN ROAD SE,,,"AUMSVILLE, OR  97325",1980.0,2516.0,2516.0,2516.0,,,,,,0,
13,R29019,,,R63J,101.0,0.4,17627.0,02JG,R41,16500.0,1965-09-04,14,081W34BD05200,269.0,CENTER,"SUBLIMITY, OR 97385",02800869,RC,"MC COY,JAMES L & MARLENE",,,,,"<MC CLAIN,WAYNE C & DOROTHY",2010 E PINE,,,"STAYTON, OR  97383",1952.0,1435.0,1435.0,1435.0,,,,,,0,
14,R35716,,,F620,550.0,20.0,0.0,WASTE,A90,10.0,1965-05-31,14,092W27  00400,,,,02560321,WD,"WHEELER,R G & THELMA M",,,,,"SCHERMACHER,E F & ALYCE",12793 WOODPECKER DR SE,,,"TURNER, OR  97392",,,,,,,,,,0,
15,R40514,,,F660,401.0,3.5,0.0,03PA,F09,1750.0,1965-09-21,0,091E13A 00600,21039.0,NORTH SANTIAM,"STAYTON, OR 97383",V06080445,WD,Missing Seller Record,,,,,"SCOTT,CHARLES G &","SCOTT,VIRGINIA A",,,,,,,,,,,,,0,
16,R49341,37218.0,,R26M,101.0,0.28,12000.0,043,R31,15500.0,1965-07-30,14,073W11BA07000,1137.0,RING,"KEIZER, OR 97303",01881183,RC,"HELTON,WILLIAM J & THELMA E",,,,,"<WESTERGARD,CHARLES A& MILDRED J",4348 BARBARA WAY NE,,,"SALEM, OR  97303",1965.0,1180.0,1180.0,1180.0,,,,,109.0,0,
17,R55577,59726.0,,R36U1,101.0,0.18,7800.0,015,R31,7400.0,1965-08-01,14,072W18AD00400,4624.0,UTAH,"SALEM, OR 97305",01871748,RC,"YODER,ARNOLD E & SYBIL E",,,,,"<FREDINBURG,EBERT L & BETTY D",320 CHURCH NE,,,"SALEM, OR  97301",1949.0,960.0,960.0,960.0,,,,,,0,
18,R56313,65184.0,,F610,40.0,0.41,0.0,TCVACANT,,,1965-04-22,12,106E22AB00600,49630.0,NORTH SANTIAM,"IDANHA, OR 97350",06730831,WD,Missing Seller Record,,,,,"RENNER,GEORGE P &","RENNER,DOLORES M",,,,,,,,,,,,,1,R56314
19,R11144,,,F360,551.0,34.88,0.0,OSDA.RUR,A63,17600.0,1965-07-16,14,041W23  00400,19730.0,FOBERT,"HUBBARD, OR 97032",06050448,DE,"EPPERLY,ELISE ESTATE OF",,,,,"EPPERLY,CLARENCE",,,,,1901.0,1648.0,1648.0,1136.0,512.0,,,,,0,
20,R21374,,,F360,401.0,6.15,0.0,008C,F43,10.0,1965-12-27,14,071W11B 00400,3995.0,EDISON,"SILVERTON, OR 97381",06110117,DE,"RICHARDS,C GERRALD &","RICHARDS,HELEN M",,,,"QUALEY,NORMAN A &","QUALEY,MARVEL J",3995 EDISON RD NE,,"SILVERTON, OR  97381",1970.0,2696.0,2696.0,1462.0,,,1234.0,,,0,
21,R21699,,,F360,551.0,64.0,0.0,WOOD,A40,7800.0,1965-07-26,6,071W27  00900,13285.0,RICHES,"SILVERTON, OR 97381",06040545,DE,"PATTEN,DAVID M & CAROL R",,,,,"PATTEN,RICHARD R &","PATTEN,JOYE G",13285 RICHES RD NE,,"SILVERTON, OR  97381",,,,,,,,,,1,R21700
22,R27470,,,R461,101.0,0.15,6428.0,015,R31,10.0,1965-11-03,14,073W26AD16300,388.0,21ST,"SALEM, OR 97301",06090092DE,WD,"FISCHER,EDWARD J & FERN D",,,,,"JONES,ALBERT WARREN &","JONES,MARIE L",,,,1965.0,1192.0,1192.0,1192.0,,,,,109.0,0,
23,R30878,,,F460,660.0,181.22,0.0,033,A90,0.0,1965-10-07,12,082W29B 01100,,,,08260023,RD,Missing Seller Record,,,,,"SMITH,FRED S &","SMITH,DORIS JEAN",10730 STATE ST,,"SALEM, OR  97317",,,,,,,,,,2,R29991;R31020
