,PROPID,SUBDNUM,MOBILEHOMEPARKCODE,MAINTAREA,PROPCLASS,ACRES,LANDSQFT,LANDSCHEDULE,STATCLASS,SALEPRICE,SALEDATE,SALETYPE,MAPTAXLOT,SITUSNUMBER,SITUSSTREET,SITUSCITYSTATEZIP,DEEDBOOKANDPAGE,DEEDTYPE,SELLERNAME,SELLERADDR1,SELLERADDR2,SELLERADDR3,SELLERCSZ,BUYERNAME,BUYERADDR1,BUYERADDR2,BUYERADDR3,BUYERCSZ,YEARBUILT,BLDGSQFT,LIVINGAREA,FLOOR1SQFT,FLOOR2SQFT,ATTICSQFT,BSMTFINISHEDSQFT,BSMTUNFINISHEDSQFT,QUALITYADJ,NUMADDLPROPS,ADDLPROPIDS
0,R65563,1830.0,,R25M,101,0.4,17290.0,043,R43,0.0,1966-05-24,12,073W02DD01300,4308,BATTING,"KEIZER, OR 97303",03411909,RD,"UTZIG,ETHEL L",,,,,"TREML,JOSEPH & LUISA",315 COURT ST NE,,,"SALEM, OR  97301",2004.0,2245.0,2245.0,1575.0,,,670.0,,91.0,0,
1,R65564,1830.0,,R25M,101,0.45,19390.0,043,R43,0.0,1966-05-24,14,073W02DD01200,4318,BATTING,"KEIZER, OR 97303",03411907,RD,"UTZIG,CARL & ETHEL L",,,,,"TREML,JOSEPH & LUISA",315 COURT ST NE,,,"SALEM, OR  97301",2004.0,2355.0,2355.0,1541.0,,,814.0,,91.0,0,
2,R65565,1830.0,,R25M,101,0.44,19194.0,043,R43,0.0,1966-05-24,12,073W02DD01100,4338,BATTING,"KEIZER, OR 97303",03411908,RD,"UTZIG,ETHEL L",,,,,"TREML,JOSEPH & LUISA",315 COURT ST NE,,,"SALEM, OR  97301",2004.0,2245.0,2245.0,1575.0,,,670.0,,91.0,0,
3,R65570,1830.0,,R25M,101,0.16,7000.0,043,R43,0.0,1966-05-24,12,073W02DB13600,4358,BATTING,"KEIZER, OR 97303",03411910,RD,"UTZIG,ETHEL L",,,,,"TREML,JOSEPH & LUISA",315 COURT ST NE,,,"SALEM, OR  97301",2004.0,2432.0,2432.0,1562.0,,,870.0,,91.0,0,
4,R77300,39985.0,,R421,101,0.16,7150.0,014,R34,34000.0,1966-01-15,12,073W14BD04300,2657,CHERRY,"SALEM, OR 97301",04450088,RD,Missing Seller Record,,,,,"KNAPP,GARY J & JOAN C",PO BOX 254,,,"AUMSVILLE, OR  97325",1930.0,1128.0,1128.0,968.0,,160.0,,280.0,,0,
5,R78046,42168.0,,R561,491,2.36,0.0,006,R47,10.0,1966-05-25,12,083W05B 01100,3356,RIVER,"SALEM, OR 97302",02241051,RD,"PHILLIPS,RANDALL & H PATRICIA",,,,,"HOGENSTAD,LEIF & CONSTANCE",,,,,1930.0,2756.0,2756.0,1076.0,840.0,,840.0,,91.0,0,
6,R87847,77266.0,,R461,101,0.25,10890.0,015,R31,10.0,1966-09-28,6,073W26BA00600,486,14TH,"SALEM, OR 97301",02051249,BS,"SCHWICHTENBERG,ANNA",,,,,"SCHWICHTENBERG,NORMA D",486 14TH ST NE,,,"SALEM, OR  97301",1963.0,936.0,936.0,936.0,,,,,,0,
7,R89513,78771.0,,C001,201,0.09,4049.0,,G60,10.0,1966-05-03,2,073W22DD00700,753,MARION,"SALEM, OR 97301",03440947,QC,"PAULUS,WILLIAM G & NORMA J ET AL",,,,,"CLARK,OLA L ET AL",%PAULUS & CALLAHAN-ATTYS AT LAW,750 FRONT ST NE SUITE 100,,"SALEM, OR  97301",,,,,,,,,,0,
8,R89513,78771.0,,C001,201,0.09,4049.0,,G60,10.0,1966-05-04,14,073W22DD00700,753,MARION,"SALEM, OR 97301",03110949,WD,"CLARK,OLA L ET AL",,,,,"PAULUS,WILLIAM G & NORMA J ET AL",100 MCNARY SQUARE,750 FRONT ST NE,,"SALEM, OR  97301",,,,,,,,,,0,
9,R95595,93069.0,,R461,101,0.14,5895.0,015,R31,10.0,1966-05-10,12,073W26AB15000,1858,CENTER,"SALEM, OR 97301",02941279,WD,"GARDNER,L MAY",,,,,"PURVIS,MYRTLE O",1858 CENTER ST NE,,,"SALEM, OR  97301",1925.0,738.0,738.0,738.0,,,,,,0,
10,R99136,32557.0,,R11A,101,0.2,8750.0,025,R31,0.0,1966-08-05,12,052W26DB05900,140,1ST,"GERVAIS, OR 97026",02941403,WD,"JOHNSON,MADELINR S ET AL",,,,,"RODRIGUEZ,PEDRO & PAULA",140 1ST,,,"GERVAIS, OR  97026",1991.0,1316.0,1316.0,1316.0,,,,,,0,
11,R106463,24765.0,,R163,101,0.23,10000.0,049,R31,10.0,1966-06-11,14,051W07DB01800,1009,5TH,"WOODBURN, OR 97071",02511819,RD,"MANNING,RAY J & HELEN D",,,,,"LUCHT,ARNOLD E & JEANNETTE Y",1009 N 5TH ST,,,"WOODBURN, OR  97071",1949.0,1262.0,1262.0,1262.0,,,,,,0,
12,R109040,99223.0,,C003,201,0.11,5000.0,OSI,G60,8000.0,1966-09-07,14,051W18AB12800,387,BROADWAY,"WOODBURN, OR 97071",01871574,RC,"LANGDON,WILLIAM W & ZITA W",,,,,"<SALINAS,FELIPE & CARMEN",387 BROADWAY,,,"WOODBURN, OR  97071",,,,,,,,,,0,
13,R109684,99330.0,,R133,101,0.1,4400.0,048,R31,0.0,1966-08-31,6,051W07BB01800,1841,UMPQUA,"WOODBURN, OR 97071",03590624,WD,"LAURS,AILEEN",,,,,"BROWN,RICHARD",1841 UMPQUA RD,,,"WOODBURN, OR  97071",1966.0,1516.0,1516.0,1516.0,,,,,109.0,0,
14,R26718,,,R411,101,0.18,7810.0,015,R34,10.0,1966-06-07,14,073W23CD02600,652,14TH,"SALEM, OR 97301",02051168,WD,"OSBORN,LOUIS L",,,,,"SMAILES,ROBERT E & JACQUETTA J",16929 MT VIEW LN,,,"WOODBURN, OR  97071",1919.0,1474.0,1474.0,942.0,,532.0,,936.0,109.0,0,
15,R26761,,,R461,101,0.22,9450.0,015,R33,37000.0,1966-05-29,14,073W23DC09400,1630,A,"SALEM, OR 97301",02510137,WD,"ELLIS,WILLIAM A & MILDRED P",,,,,"HUGHES,HAROLD R & LILLIAN A",1630 A ST NE,,,"SALEM, OR  97301",1920.0,988.0,988.0,988.0,,,,546.0,,0,
16,R27267,,,R361,101,0.14,6099.0,015,R31,0.0,1966-05-06,12,073W24DB04500,1295,30TH,"SALEM, OR 97301",04150151,RD,"DVORAK,STANLEY & KATHERINE",,,,,"SPONSELLER,NANCY E",1295 30TH NE,,,"SALEM, OR  97301",1949.0,1008.0,1008.0,1008.0,,,,,109.0,0,
17,R27321,,,R36U1,121,0.42,18260.0,015,R41,14900.0,1966-10-06,14,072W30BB07000,659,36TH,"SALEM, OR 97301",01861814,RC,"WILSON,EDDIE L & SHIRLEY ANN",,,,,"<MILLER,DWYN E & BEVERLY J",659 36TH AVE NE,,,"SALEM, OR  97301",1966.0,1300.0,1300.0,1300.0,,,,,,0,
18,R33809,,,F430,451,3.66,7860.0,009S,F43,10.0,1966-08-16,33,084W36DC00800,4386,RIVERSIDE,"SALEM, OR 97302",06200427,DE,"BECK,MARTHA J",,,,,"NORMAN,PATRICIA C",5589 RIVERDALE DR S,,,"SALEM, OR  97302",1958.0,2928.0,2928.0,1488.0,,,1440.0,,,1,R81717
19,R12147,,,F210,550,58.19,0.0,039I,A90,10.0,1966-02-15,12,042W21  00600,,ST PAUL HY,,02720350,WD,"FICK,GEORGE S & MARY ELLEN",,,,,"GRANT,ARNOLD C",6507 ST PAUL HWY NE,,,"ST PAUL , OR  97137",,,,,,,,,,0,
20,R13435,,,R163,101,0.23,10200.0,049,R31B,10000.0,1966-07-12,12,051W17BA00600,1425,LINCOLN,"WOODBURN, OR 97071",03051925,WD,"HULL,HERBERT R & MAXINE L",,,,,"CARROLL,DONALD E & RUTH M",985 YOUNG ST,,,"WOODBURN, OR  97071",1927.0,1930.0,1930.0,1930.0,,,,,,0,
21,R48651,33757.0,,F330,451,1.54,0.0,008N,F31,10.0,1966-08-02,14,051W04C 00300,16898,HIGHWAY 99E,"WOODBURN, OR 97071",02380753,WD,"HIGGINBOTHAM,THOMAS A",,,,,"DOSSETT,ERIC & MABEL",16898 HWY 99E NE,,,"WOODBURN, OR  97071",1950.0,864.0,864.0,864.0,,,,,,0,
22,R52208,48351.0,,R36U1,101,0.24,10500.0,015,R31,300.0,1966-02-26,14,072W30DA06600,282,45TH,"SALEM, OR 97301",01851215,RC,"SUNDLIE,ELLIS A & CLEONE M",,,,,"<JARMAN,EDWIN D & KAY F",PO BX 186,,,"VANCOUVER, WA  98660",1962.0,1202.0,1202.0,1202.0,,,,,109.0,0,
23,R55149,58223.0,,R41U1,101,0.5,0.0,005,R31,8000.0,1966-06-10,14,072W31BD04500,4072,GLENWOOD,"SALEM, OR 97317",01970032,RC,SALEM FEDERAL SAVINGS & LOAN,,,,,"<ASHLEY,GARY & MARY",580 STATE,,,"SALEM, OR  97301",1946.0,1762.0,1312.0,1312.0,,,,,,0,
24,R56524,65635.0,,R25M,101,0.79,34412.0,006,Q50,,1966-06-07,13,073W02AD03000,4700 BLK,18TH,"KEIZER, OR 97303",06190572,DE,Missing Seller Record,,,,,NORTHVIEW TERRACE SWIM CLUB INC,PO BOX 20852,,,"KEIZER, OR  97307",,,,,,,,,,0,
25,R56534,65635.0,,R25M,101,0.26,11524.0,044,R41,15500.0,1966-06-16,14,073W02AD02500,1740,DEARBORN,"KEIZER, OR 97303",01870866,RC,PORTLAND FEDERAL SAVINGS & LOAN,,,,,"<POOLE, CLARENCE R & KATHRYN E",1740 DEARBORN ST NE,,,"SALEM, OR  97303",1964.0,1440.0,1440.0,1440.0,,,,,91.0,0,
26,R57764,68745.0,,R26M,101,0.21,9130.0,044,R41,18500.0,1966-07-15,14,073W03BD11300,997,MONEDA,"KEIZER, OR 97303",01870864,RC,PORTLAND FEDERAL SAVINGS & LOAN,,,,,"<KELLY,L ZANE & TRACY E",997 MONEDA AVE,,,"SALEM, OR  97303",1960.0,2026.0,2026.0,2026.0,,,,,,0,
27,R12743,,,F330,451,0.36,0.0,008N,,10.0,1966-03-10,14,051W06AD01100,,,,06150286DE,WD,"GORMAN,EDWARD C & ERMA E",,,,,"PIPER,HARLEY &","PIPER,MARIAN",,,,,,,,,,,,,0,
28,R14384,,,F330,551,49.67,0.0,OSDA.RUR,A44,10.0,1966-02-21,0,051W36  02200,11575,MERIDIAN,"MT ANGEL, OR 97362",06130581DE,MI,"BUCHHOLZ,CARL &","BUCHHOLZ,KENNETH",11575 MERIDIAN RD NE,,"MT ANGEL, OR  97362","BUCHHOLZ,CARL &","BUCHHOLZ,KENNETH",11575 MERIDIAN RD NE,,"MT ANGEL, OR  97362",1910.0,2145.0,2145.0,1086.0,1059.0,,,,110.0,0,
29,R14552,,,F210,581,8.0,0.0,OSDA.RUR,A95A,10.0,1966-03-09,0,052W04  00200,6229,STATE HY 219,"GERVAIS, OR 97026",06140103DE,WD,"KOONTZ,RALPH K &","KOONTZ,SHIRLEY R",,,,"LICHTE,FRED J",6229 STATE HWY 219,,,"GERVAIS, OR  97026",1935.0,2883.0,2883.0,2307.0,288.0,288.0,,,,0,
30,R102028,19252.0,,R222,101,0.13,5830.0,019,R31,,1966-07-18,6,061W35CB07600,422,2ND,"SILVERTON, OR 97381",06190589,WD,"LEIGHTY,VERNIE",,,,"TURNER, OR  97392","LEIGHTY,GLEN & CAROLYN",7548 PINETREE LN SE,,,"TURNER, OR  97392",1917.0,884.0,884.0,884.0,,,,,,0,
31,R19349,,,F260,551,1.0,0.0,OSDA.RUR,A24,10.0,1966-01-06,14,062W33A 01000,6405,HAZELGREEN,"SALEM, OR 97305",06110427,WD,"ROBINSON,HARRY A &","ROBINSON,ELNORA I",,,,"GINTHER,GREGORY J &","GINTHER,JOANN T",6405 HAZELGREEN RD NE,,"SALEM, OR  97305",1966.0,1873.0,1873.0,1873.0,,,,,91.0,0,
32,R64260,96716.0,,R21M,101,0.23,10062.0,003,R41,10.0,1966-04-25,14,063W35AA04000,1487,MEADOWLARK,"KEIZER, OR 97303",06160183DE,WD,"EPPING,JEROME V & AVIS J",,,,,"GIBBY,LEONARD A &","GIBBY,MABEL H",,,,1966.0,1700.0,1700.0,1700.0,,,,,,0,
33,M124888,,,F260,49,,,,T53,4840.0,1966-01-01,6,072W11CD00500,7980,HERON,"SALEM, OR 97305",,PURGED,"RIGGS,MAUDE L",2232 42ND AVE SE SPC 326,,,"SALEM, OR  97301","HOWE,WILMA RUTH",648 WIPWOOD DR SE,,,"SALEM, OR  97306",1966.0,600.0,600.0,600.0,,,,,,0,
34,R48951,34660.0,,R25M,101,0.19,8217.0,044,R41,10.0,1966-04-18,0,073W02CA09400,991,IVY,"KEIZER, OR 97303",06160005,DE,HALLMARK INC,,,,,"GREGG,WESLEY D &","GREGG,DONNA L",991 IVY WY NE,,"KEIZER, OR  97303",1961.0,1608.0,1608.0,1608.0,,,,,,0,
35,R104535,85982.0,,C004,201,0.17,7400.0,3D2,S20,10.0,1966-02-17,14,091W10DC10400,146,1ST,"STAYTON, OR 97383",0616-0095,DE,"CAMP,FRED V & BERNICE",,,,,"BLAYLOCK,HARVEY L & OLLIE",,,,"STAYTON, OR  97383",1970.0,1500.0,1500.0,1500.0,,,,,,0,
36,R41068,,,F620,401,1.22,0.0,03PA,F31,10.0,1966-12-21,0,092E18AD02000,22865,JENNIE,"LYONS, OR 97358",06260246DE,DE,"THOMPSON,LOUIS L &","THOMPSON,BLANCHE K",,,,"ADER,WILLIAM J & RANAE",22865 JENNIE ROAD,,,"LYONS, OR  97358",1950.0,1100.0,1100.0,1100.0,,,,,,0,
