,PROPID,SUBDNUM,MOBILEHOMEPARKCODE,MAINTAREA,PROPCLASS,ACRES,LANDSQFT,LANDSCHEDULE,STATCLASS,SALEPRICE,SALEDATE,SALETYPE,MAPTAXLOT,SITUSNUMBER,SITUSSTREET,SITUSCITYSTATEZIP,DEEDBOOKANDPAGE,DEEDTYPE,SELLERNAME,SELLERADDR1,SELLERADDR2,SELLERADDR3,SELLERCSZ,BUYERNAME,BUYERADDR1,BUYERADDR2,BUYERADDR3,BUYERCSZ,YEARBUILT,BLDGSQFT,LIVINGAREA,FLOOR1SQFT,FLOOR2SQFT,ATTICSQFT,BSMTFINISHEDSQFT,BSMTUNFINISHEDSQFT,QUALITYADJ,NUMADDLPROPS,ADDLPROPIDS
0,R62239,89003.0,,F660,401,0.57,0.0,008S,F31,14500.0,1967-07-01,14,082W26D 03200,8083,MILL CREEK,"TURNER, OR 97392",01880614,RC,"SNYDER,FREDERICK J",,,,,"<DUKE,BENNY H & KAY A",8083 MILLCREEK RD SE,,,"AUMSVILLE, OR  97325",1956.0,1320.0,1320.0,1320.0,,,,,,0,
1,R64744,97970.0,,R36U1,101,0.25,11068.0,015,R41,10.0,1967-03-20,12,072W30DD04400,143,44TH,"SALEM, OR 97301",02301718,RD,"WILSON,EDDIE L",,,,,"CORCRAN,JAMES E & JEAN",166 44TH AVE SE,,,"SALEM, OR  97301",1967.0,1868.0,1868.0,1868.0,,,,,91.0,0,
2,R72227,25065.0,,R461,101,0.19,8366.0,015,R44,0.0,1967-08-11,14,073W23DC08100,695,17TH,"SALEM, OR 97301",03331573,WD,"GOELLER,HARRY E JR & JOYCE V",,,,,"GIDDEN,ROGER A & LORENA E",695 17TH NE,,,"SALEM, OR  97303",1915.0,2610.0,2610.0,1120.0,,1120.0,370.0,750.0,,0,
3,R10222,,,C0006,201,9.72,423251.0,OBC,W61,10.0,1967-09-26,14,041W02A 00500,23115,AIRPORT,"AURORA, OR 97002",01890621,WD,"JESKEY,WILLIAM A JR & CAROLINE M",,,,,"FERRELL,CHARLES R ET AL",2416 SW FIFTH AVE,,,"PORTLAND, OR  97201",1986.0,59118.0,59118.0,59118.0,,,,,,0,
4,R10226,,,F360,551,15.0,0.0,042GI,A33,0.0,1967-05-05,18,041W02A 01400,23200,HUBBARD CUTOFF,"AURORA, OR 97002",02690965,WD,"JESKEY,W T JR & CAROLINE M ET AL",,,,,"DE KONING,PATRICIA N",,,,,2000.0,4308.0,4308.0,4308.0,,,,,105.0,0,
5,R83055,62164.0,,C001,201,0.19,8286.0,PRIM,S30,10.0,1967-06-23,0,073W34CC05800,153-155,ALICE,"SALEM, OR 97302",V06290187,WD,"SLOPER,VAL &","SLOPER,E M",,,,"LAETSCH,HEINZ &","LAETSCH,LISA",2690 ENGLEWOOD AV NE,,"SALEM, OR  97301-1609",,,,,,,,,,0,
6,R83556,63572.0,,R461,121,0.16,7076.0,014,R31,8946.0,1967-04-01,14,073W35AC02700,2226,ELECTRIC,"SALEM, OR 97302",01880388,RC,"MC GLAUFLIN,THELMA P",,,,,"<TOWERS, DARYL H & JUDITH B",2226 ELECTRIC AVE SE,,,"SALEM, OR  97302",1951.0,1408.0,1408.0,1408.0,,,,,,0,
7,R84954,66189.0,,R641,101,0.19,8325.0,002,R33,16500.0,1967-08-01,14,083W10AA01500,4070,BLUFF,"SALEM, OR 97302",01951225,RC,"PREUIT,JAMES E ET AL",,,,,"<SHEWELL,HARRY & HJMAR",3233 LIBERTY RD SE,,,"SALEM, OR  97302",1967.0,2000.0,2000.0,1080.0,,,920.0,160.0,109.0,0,
8,R85409,67542.0,,R461,101,0.09,3996.0,015,R34,10.0,1967-03-16,10,073W26AB01600,570,18TH,"SALEM, OR 97301",02100178,QC,"<NEWBERRY,JAMES M & KATHRYN I",,,,,"HEINKE,EDWARD C & CHARLOTTE M",570 18TH NE ST NE,,,"SALEM, OR  97301",1940.0,1328.0,1328.0,968.0,,360.0,,744.0,,0,
9,R10350,,,F260,501,28.02,0.0,OSDA.RUR,F32,0.0,1967-05-02,12,041W08B 00700,10526,MATTHIEU,"AURORA, OR 97002",05020495,RD,"MEDEARIS,ROY E & VIOLET M",,,,,"LOUMENA,DANIEL J & EUNICE C",10526 MATTHIEU LN NE,,,"AURORA, OR  97002",1911.0,1845.0,1845.0,1230.0,,615.0,,,,0,
10,R96742,99785.0,,C001,701,0.23,9940.0,APT.SLM,H11,10.0,1967-01-11,14,073W27DD01600,1104-1120,WALLER,"SALEM, OR 97302",02680251,WD,"DEPUY,WALTER A & MABEL L",,,,,"WALTZ,FLOYD & HAZEL",2319 STATE ST,,,"SALEM, OR  97301",1965.0,7888.0,7888.0,7888.0,,,,,,0,
11,R108360,85832.0,,R163,101,0.17,7210.0,049,R31,12700.0,1967-06-22,14,051W08CD08700,1031,WILLIAMS,"WOODBURN, OR 97071",01861382,RC,"ELLIS,DUANE J",,,,,"<JAMES,VERNA",RT 1 BX 542,,,"SANTA MARIA , CA  93454",1950.0,1186.0,1186.0,1186.0,,,,,,0,
12,M125436,,M098,M753,019,,,,T53,9070.0,1967-01-01,14,052W12DD00400,612,CASCADE,"WOODBURN, OR 97071",,,"SMITH,THELMA F",,,,,Missing Buyer Record,,,,,1966.0,760.0,760.0,760.0,,,,,,0,
13,R25138,,,R25M,101,0.41,18032.0,044,R41,0.0,1967-08-28,14,073W02BD12900,653,MAINE,"KEIZER, OR 97303",03440041,WD,"HEATH,PEARL B",,,,,"DALEY,EVIN & FAYE L",653 MAINE AV NE,,,"SALEM, OR  97303",1949.0,2215.0,2215.0,2215.0,,,,,91.0,0,
14,R27940,,,16B,200,,,,,0.0,1967-07-14,14,073W35CC04700,0,,,02531376,WD,"AHSENMACHER,L J & IONE G",,,,,"ZARADNIK,ELVYN E & DORIS L",1210 MADRONA AV,,,"SALEM, OR  97302",,,,,,,,,,0,
15,R28753,,,F660,551,11.46,0.0,OSDA.RUR,A33,0.0,1967-11-27,12,081W32D 01000,10944,MILL CREEK,"AUMSVILLE, OR 97325",08720368,RD,"NEWTON,ROBERT LEE & GLADYS M",,,,,"JUDGE,JOHN B & MARY FRANCES",P O BOX 228,,,"AUMSVILLE, OR  97325",1963.0,1458.0,1458.0,1458.0,,,,,109.0,0,
16,R33624,,,F430,551,2.0,0.0,032,A90,,1967-09-19,13,084W01  00100,,,,06370544,WD,"SALEM DEVELOPMENT, INC",,,,,"FRY,DANIEL J JR &","FRY,PEGGY ANN 1/3",C/O GREENWAY FARMS,PO BOX 3212,"SALEM, OR  97302",,,,,,,,,,0,
17,R36629,,,02F,550,21.24,0.0,03NGI,A40,9323.0,1967-12-01,18,093W34  01500,,,,03381584,RC,"RICKARD,ROBERT F & PATRICIA",,,,,"<LASWELL,HAROLD J & EMMA D ET AL",15668 S HENRICI RD,,,"OREGON CITY , OR  97045",,,,,,,,,,0,
18,R43195,5547.0,,F330,451,1.2,52272.0,029,F31,,1967-12-08,6,051W30AC00700,13170,BETHLEHEM,"GERVAIS, OR 97026",V06400584,DE,Missing Seller Record,,,,,"GOKTAS,FIDAT &","GOKTAS,DUNYA",,,,1967.0,2382.0,2382.0,2382.0,,,,,,0,
19,R49891,37677.0,,R32U1,101,0.2,8800.0,002,R41,19000.0,1967-11-01,14,072W06CC00900,3913,IBIS,"SALEM, OR 97305",01901499,RC,"RICHTER,EUGENE V & JUNE A",,,,,"<COX,BOBBY L & DELORIS D",3913 IBIS NE,,,"SALEM, OR  97303",1967.0,1616.0,1616.0,1616.0,,,,,91.0,0,
20,R52215,48351.0,,R36U1,101,0.2,8840.0,015,R31,700.0,1967-09-01,14,072W30DA05300,261,45TH,"SALEM, OR 97301",01880410,RC,"BURSE,RICHARD T & SALLY KAYE",,,,,"<RAYMER, EUGENE A & WILMA S",PO BX 186,,,"VANCOUVER, WA  98660",1962.0,1245.0,1245.0,1245.0,,,,,109.0,0,
21,R54213,54966.0,,R461,101,0.17,7344.0,015,R31,18000.0,1967-08-31,14,082W06AA08200,4185,CARSON,"SALEM, OR 97317",01831929,RC,POLK CNTY FED S & L ASSN,,,,,"<FRANK,CYRIL N & VIVIAN R",4185 CARSON DR SE,,,"SALEM, OR  97301",1964.0,1726.0,1726.0,1726.0,,,,,109.0,0,
22,R14082,,,F330,400,0.16,0.0,008N,,0.0,1967-12-12,14,051W25DC01800,,,,03311364,BS,"BOESCH,E J & ALMA",,,,,"HUFF,CHARLES D & MAUDIE JANE",15184 WOODBURN-MONITER RD NE,,,"WOODBURN, OR  97071",,,,,,,,,,0,
23,R55156,58223.0,,R41U1,101,0.12,5250.0,015,R31,10.0,1967-04-17,14,072W31BD07100,4013,MACLEAY,"SALEM, OR 97317",06300113DE,WD,Missing Seller Record,,,,,"ANTRICAN,DONALD E &","ANTRICAN,JUDY M",,,,1950.0,920.0,920.0,920.0,,,,,,0,
24,R67194,8183.0,,R421,101,0.14,6000.0,015,R32,10.0,1967-12-27,29,073W14CC05900,2005,CHURCH,"SALEM, OR 97301",06410167,BS,"HANNEGAN,HAROLD A ET AL",,,,,"THOMPSON,EVELYN",7693 WHEATLAND RD N #001,,,"KEIZER, OR  97303",1938.0,1074.0,1074.0,738.0,,336.0,,,,0,
25,R89509,78771.0,,C001,C20,0.63,27554.0,CORE,X,32500.0,1967-06-16,19,073W22DD03800,476-480,COTTAGE,"SALEM, OR 97301",06340130DE,EX,"RHODA,DAVID L ESTATE",,,,,FIRST CONGREGATIONAL CHURCH,1155 CHEMEKETA ST NE,,,"SALEM, OR  97301",1935.0,19456.0,19456.0,,,,6384.0,,,0,
26,R79839,45926.0,,R461,101,0.25,10982.0,015,R34,10.0,1967-07-13,14,073W24BC13400,2020,MARKET,"SALEM, OR 97301",06340168DE,DE,"OTTO,HENRY G & MADELINE E",,,,,"MILLET,RUSSELL F & BERNICE J &","WAMPLER,FREDERICK M & MARGARET D",,,,1932.0,1512.0,1512.0,1008.0,,504.0,,672.0,,0,
27,R96928,99788.0,,R461,101,0.09,4000.0,002,R31,,1967-01-26,14,073W34AA16500,1860,BERRY,"SALEM, OR 97302",7720246DE,WD,"BEARD,RETA",,,,,"RONNING,LADLY A & DONNA J",11671 SW ROYAL VILLA DR,,,"TIGARD, OR  97224",1947.0,611.0,611.0,611.0,,,,,,0,
28,R30726,,,F460,451,0.31,0.0,008S,F21,10.0,1967-11-02,14,082W28CD01700,7946,MARION,"TURNER, OR 97392",06390013DE,WD,"PFLUG,THELMA",,,,,"WOODRUM,A B & LOUISE",7966 MARION ROAD SE,,,"TURNER, OR  97392",1947.0,861.0,861.0,861.0,,,,,93.0,0,
29,R91210,83778.0,,C001,201,0.42,18496.0,PRIM,E30,10.0,1967-04-18,0,083W03BA03200,3135,COMMERCIAL,"SALEM, OR 97302",06300195DE,WD,"JOHNSTON,WILLIAM H & ERMA E",,,,,"HERTEL,E J & ARLENE H",,,,,1957.0,2862.0,2862.0,2862.0,,,,,,0,
30,R51881,45801.0,,F660,451,0.86,0.0,03Q,F51W,0.0,1967-09-05,14,092E23CC00500,26232,SITKUM,"LYONS, OR 97358",06360310DE,MI,Missing Seller Record,,,,,"GIROD,LLOYD D & ELSIE R",,,,,1969.0,1924.0,1924.0,1924.0,,,,,90.0,0,
