,PROPID,SUBDNUM,MOBILEHOMEPARKCODE,MAINTAREA,PROPCLASS,ACRES,LANDSQFT,LANDSCHEDULE,STATCLASS,SALEPRICE,SALEDATE,SALETYPE,MAPTAXLOT,SITUSNUMBER,SITUSSTREET,SITUSCITYSTATEZIP,DEEDBOOKANDPAGE,DEEDTYPE,SELLERNAME,SELLERADDR1,SELLERADDR2,SELLERADDR3,SELLERCSZ,BUYERNAME,BUYERADDR1,BUYERADDR2,BUYERADDR3,BUYERCSZ,YEARBUILT,BLDGSQFT,LIVINGAREA,FLOOR1SQFT,FLOOR2SQFT,ATTICSQFT,BSMTFINISHEDSQFT,BSMTUNFINISHEDSQFT,QUALITYADJ,NUMADDLPROPS,ADDLPROPIDS
0,R14626,,,F220,550,10.06,0.0,039,A40,0.0,1968-12-16,14,052W11B 01200,,STATE HY 219,"WOODBURN, OR 97071",02321244,RD,"SONNEN,BLANDINA",,,,,"SONNEN,RICHARD J ET AL",768 HARRISON ST,,,"WOODBURN, OR  97071",,,,,,,,,,0,
1,R14885,,,F210,551,48.65,0.0,OSDA.RUR,A79,24000.0,1968-09-14,12,052W19  01000,13873,FRENCH PRAIRIE,"GERVAIS, OR 97026",01930106,RD,"KLECZYNSKI,LEO & SOPHIE",,,,,"NUSOM,DONALD A & TALITHA N",13501 RIVER ROAD NE,,,"GERVAIS, OR  97026",,,,,,,,,,0,
2,R63664,95447.0,,F220,401,0.79,0.0,008N,F45A,0.0,1968-12-16,14,052W11AB00300,16395,BUTTEVILLE,"WOODBURN, OR 97071",02321243,BS,"SONNEN,BLANDINA",,,,,"SONNEN,RICHARD J ET AL",768 HARRISON ST,,,"WOODBURN, OR  97071",1996.0,2651.0,2651.0,1874.0,777.0,,,,110.0,0,
3,R64358,97415.0,,R26M,101,0.22,9500.0,044,R41,21500.0,1968-02-10,14,073W10AD00200,463,HOLLYHOCK,"KEIZER, OR 97303",01931693,RC,"JESTER,DAVE J & LINDA K",,,,,"<HUSKEY,DONALD J & JOYCE ANN",462 HOLLYHOCK PL,,,"SALEM, OR  97303",1966.0,1624.0,1624.0,1624.0,,,,,,0,
4,R64484,97618.0,,F660,551,8.34,0.0,OSDA.RUR,A34S,0.0,1968-10-02,14,091W18B 02000,11351,BEAN ALLEY,"AUMSVILLE, OR 97325",01870064,WD,"TAYLOR,BELDEN C & LOTTIE I",,,,,"JONES,HERBERT M ETAL",2585 SE THOMPSON,,,"CORVALLIS, OR  97330",1997.0,1901.0,1901.0,1901.0,,,,,91.0,0,
5,R64752,97970.0,,R36U1,101,0.29,12804.0,015,R31,15800.0,1968-01-25,14,072W30DA04000,4435,HUDSON,"SALEM, OR 97301",02680031,RC,"WILSON,EDDIE L",,,,,"<WICKER,WARREN C & CLAIRE M",166 44TH AVE SE,,,"SALEM, OR  97301",1967.0,1336.0,1336.0,1336.0,,,,,109.0,0,
6,R65419,1677.0,,R521,101,0.22,9540.0,002,R41,16250.0,1968-05-21,14,083W09DD07300,4995,PULLMAN,"SALEM, OR 97302",01860542,RC,BENJAMIN FRANKLIN FED SAVINGS,,,,,"<AVERETTE,FRED & ESTHER L",4995 PULLMAN AVE SE,,,"SALEM, OR  97302",1965.0,1287.0,1287.0,1287.0,,,,,91.0,0,
7,R86106,72457.0,,R461,101,0.12,5250.0,003U,R31,6500.0,1968-04-16,14,073W34AB15900,1730,COTTAGE,"SALEM, OR 97302",03091355,WD,"LOFGREN,CORNELIUS & CATHERINE",,,,,"WHEELER,MARK L & AUDREY ANN",,,,,1947.0,825.0,825.0,825.0,,,,,,0,
8,R98604,21443.0,,R128,121,0.21,9250.0,055,R31,8500.0,1968-04-09,12,041W17CA02900,10772,OAK,"DONALD, OR 97020",03000705,WD,"KAUFFMAN,RAY S & LOUISE",,,,,"TAUTFEST,JAMES A & JANICE F",PO BOX 381,,,"DONALD, OR  97020",1942.0,936.0,936.0,936.0,,,,,109.0,0,
9,R102050,19252.0,,R222,101,0.35,15214.0,019,R09R,9000.0,1968-11-14,12,061W35CA09900,521,3RD,"SILVERTON, OR 97381",02681379,WD,"CARLYLE,LL & ELSIE B",,,,,"STARKEY,WILLIAM B & LOIS C",521 SOUTH 3RD ST,,,"SILVERTON, OR  97381",1920.0,1808.0,1808.0,1808.0,,,,,,0,
10,R106628,35715.0,,R163,101,0.07,3250.0,049U,R31,6000.0,1968-05-10,12,051W07CA01600,1087,CHURCH,"WOODBURN, OR 97071",01990598,WD,"DURETTE,F RALPH & EVELYN G",,,,,"MENDEZ,ROMAN C & MARIA J",675 N 3RD,,,"WOODBURN, OR  97071",1943.0,1283.0,1283.0,1283.0,,,,,,0,
11,R107080,45324.0,,R163,101,0.16,7000.0,049,R41,17000.0,1968-04-14,14,051W17BB10400,940,JOHNSON,"WOODBURN, OR 97071",03430868,RD,J E WALKER & SONS,,,,,"PRINCE,THOMAS T & CHERYL A",940 JOHNSON ST,,,"WOODBURN, OR  97071",1957.0,1323.0,1323.0,1323.0,,,,,91.0,0,
12,M124662,,M100,M753,019,,,,T54,8000.0,1968-12-10,33,051W06CC00100,1999,JANSEN,"WOODBURN, OR 97071",,,"WILLIAMS,HOMER B & ORA E",,,,,"DERING,AMY",,,,,1972.0,792.0,792.0,792.0,,,,,,0,
13,R23433,,,R361,101,0.43,18780.0,015,R31,12250.0,1968-02-13,0,072W17CC04300,4793,SUNNYVIEW,"SALEM, OR 97305",V06430185,WD,"FENIMORE,DELBERT R &","FENIMORE,VELMA I",,,,"EASON,LLOYD &","EASON,ESTHER N",4793 SUNNYVIEW RD NE,,"SALEM, OR  97305",1950.0,1000.0,1000.0,1000.0,,,,,109.0,0,
14,R11590,,,B5F,301,5.29,192535.0,,R32,19000.0,1968-12-03,14,041W33DB03000,2735,PACIFIC HY 99E,"HUBBARD, OR 97032",03211695,RD,"JONES,LAVELL J & HATTIE S",,,,,"ALVAREZ,NOE & HELEN M",R1 BX362,,,"HUBBARD, OR  97032",,,,,,,,,,1,R11591
15,R30082,,,R61K,101,0.99,0.0,02JG,R43,2500.0,1968-04-24,0,082W20DD01600,6855,SUNSET,"TURNER, OR 97392",06480429DE,DE,"MICKEY,JOHN M & FRANCINE A",,,,,"FEDERICO,LEONARD & RUTH J",,,,,1968.0,2413.0,2413.0,1556.0,,,857.0,699.0,,0,
16,R30085,,,R61K,101,0.74,0.0,02JG,R43,23300.0,1968-10-29,14,082W20DD06200,5504,VAL VIEW,"TURNER, OR 97392",01901801,WD,"CHRISTENSEN,HAROLD A & ARDIS",,,,,"MICKEY,LAWRENCE E & C SUZANNE",5504 VAL VIEW DR SE,,,"TURNER, OR  97392",1967.0,4306.0,4306.0,2153.0,,,2153.0,,,0,
17,R82844,61707.0,,R641,101,0.27,11880.0,002,R43V,2250.0,1968-04-01,0,083W02CB04000,3605,13TH,"SALEM, OR 97302",06450081DE,DE,Missing Seller Record,,,,,"MCGEE,DALE A & YVONNE F-TRUST",3605 13TH ST SE,,,"SALEM, OR  97302",1968.0,2146.0,2146.0,1446.0,,,700.0,,,0,
18,R12159,,,F210,551,142.21,0.0,042GI,A90S,80000.0,1968-02-28,14,042W23  00400,,,,04740299,DE,"MERTEN,MAURICE H & ADA",,,,,"SPADA,ARTHUR &","SPADA,MARY B",7251 ST PAUL HY NE,,"ST PAUL, OR  97137",,,,,,,,,,0,
19,R35112,,,F460,551,32.32,0.0,008SGI,A30,19700.0,1968-08-11,12,092W05  00900,,,,03430851,WD,"HENNIES,LOUIS & GERTRUDE H",,,,,"CARLISLE,IRVIN R & JANET",2805 BAKER BLVD,,,"EUGENE, OR  97403",,,,,,,,,,0,
20,R35115,,,F460,551,38.79,0.0,WASTE,A20,12000.0,1968-07-09,14,092W05  00700,,,,06510036,WD,Missing Seller Record,,,,,Missing Buyer Record,,,,,,,,,,,,,,1,R35119
21,R12471,,,F210,551,139.6,0.0,OSDA.RUR,A93A,90000.0,1968-03-13,12,042W19  00500,19751,RIVER,"ST PAUL, OR 97137",06540195,WD,"MERTEN,ROBERT N & DOROTHY",,,,,COLEMAN FARMS INC,16873 FRENCH PRAIRIE RD NE,,,"WOODBURN, OR  97071",1901.0,4247.0,4247.0,3057.0,1190.0,,,,,0,
22,R39619,,,F660,551,210.55,0.0,WASTE,A80,28000.0,1968-08-28,12,081E05  00300,17485,KATHERINE,"SILVERTON, OR 97381",02731369,RD,"MOSS,ALFRED R & LILLIAN E",,,,,"OLSON,HARRY E & BETTY E ET AL",504 SANTIAGO AV,,,"LONG BEACH , CA  90814",,,,,,,,,,1,R39620
23,R12853,,,R163,101,0.15,6500.0,049,R31,0.0,1968-12-16,14,051W07CD02100,768,HARRISON,"WOODBURN, OR 97071",02321242,BS,"SONNEN,BLANDINA",,,,,"SONNEN,RICHARD J ET AL",768 HARRISON ST,,,"WOODBURN, OR  97071",1945.0,992.0,992.0,992.0,,,,,109.0,0,
24,R46276,17401.0,,R22H,R10,7.08,0.0,041,,10000.0,1968-10-22,3,061E15CD00400,,,,06660146,RD,"ROSENBLAD,ARTHUR R & CAROL A",,,,,SCHOOL DISTRICT NO 73-J,,,,,,,,,,,,,,1,R46277
25,R53050,50076.0,,F660,401,2.78,0.0,009S,F31,88000.0,1968-07-30,15,082W10A 02000,4267,75TH,"SALEM, OR 97317",04840123,RD,"GRIFFITH,S M & PAMELA A",,,,,"BISHOP,JOHN O & MARGARET R",4267 75TH AVE SE,,,"SALEM, OR  97301",1973.0,1840.0,1840.0,1840.0,,,,,,1,R53071
26,R54346,55266.0,,F420,401,0.46,20000.0,010,F21W,7000.0,1968-03-25,12,092W33BC01100,14327,DUCKFLAT,"TURNER, OR 97392",04310251,RD,"WILT,JEWELL S",,,,,"MARTIN,THELMA E",14327 DUCKFLAT RD,,,"TURNER, OR  97392",1949.0,1224.0,1224.0,1224.0,,,,,,0,
27,R57587,68743.0,,R26M,101,0.18,8040.0,044,R31,16341.0,1968-09-16,14,073W03AC09500,4825,VENTURA,"KEIZER, OR 97303",01850850,RC,"REIMANN,RON & ANN L",,,,,"<PIERCE,JOHN M & SALLY F",4785 38TH NE,,,"SALEM, OR  97303",1960.0,1886.0,1886.0,1886.0,,,,,109.0,0,
28,R58684,75365.0,,R32U1,101,0.73,0.0,006,R21,9000.0,1968-05-31,14,072W06CA01700,4748,LANCASTER,"SALEM, OR 97303",02030343,RC,"MELSHA,GOLDIE M",,,,,"<BEAN,GARY ALLEN",1335 NEAHKAHNIE ST SE,,,"SALEM, OR  97302",1938.0,492.0,492.0,492.0,,,,,109.0,0,
29,R11310,,,F220,551,9.61,0.0,042GI,A60S,6500.0,1968-11-04,0,041W30C 01400,0,,,06560225DE,WD,"LUCAS,ESTHER E",,,,,"PALACIOS,AUGUSTIN &","PALACIOS,MARIA C",18936 BUTTEVILLE RD NE,,"AURORA, OR  97002",,,,,,,,,,0,
30,R106625,35715.0,,R163,101,0.09,4000.0,049,R31,6500.0,1968-05-01,14,051W07CA01200,1041,CHURCH,"WOODBURN, OR 97071",06760027,WD,"RILEY,STANLEY J",,,,,"KRASKOVA,NASTASIA K &","KRASKOVA,UILIANA",,,,1947.0,1080.0,1080.0,1080.0,,,,,,0,
31,R24989,,,C00M,701,0.51,22200.0,APT.SLM,H11,,1968-06-07,12,073W02BD00900,4946-4956,6TH,"KEIZER, OR 97303",16640316,WD,"WINDRED,MARVIN J & SHEILA ANN",<INVESTOR'S BANCORP,"<BRUCK,GEORGE & DIANE ET AL",%IVALOR R/E 1900 COMMERCIAL,"SALEM, OR  97303","BRUCK,GEORGE & DIANE-ETAL",<INVESTORS BANCORP,1900 COMMERCIAL ST NE,,"SALEM, OR  97303",1967.0,3642.0,3642.0,3642.0,,,,,,1,R24987
32,R25107,,,R25M,101,0.25,11040.0,044,R31,16300.0,1968-05-22,0,073W02CA06800,840,DIETZ,"KEIZER, OR 97303",06480163DE,BS,"MOONEY,JOSEPH E &","MOONEY,EVELYN M",,,,"MCBRIDE,ELIZABETH F",840 DIETZ AVE N,,,"KEIZER, OR  97303",1966.0,1706.0,1706.0,1706.0,,,,,109.0,0,
33,R54566,56619.0,,C00M,201,0.56,24394.0,PRIM,E30,22000.0,1968-10-08,39,073W11CB04800,3451,RIVER,"KEIZER, OR 97303",07260341,AC,"MASON,B M & ODELL","<BLAKELEY,CLINTON & D JUNE &","SELMER,HARLAND & ROSEMARY",,,"MASON,B M & ODELL","<EHLI,RALPH & MARIAN",,,,1974.0,4267.0,4267.0,4267.0,,,,,,0,
34,R69624,13794.0,,R461,101,0.36,15600.0,003,R51,10.0,1968-08-13,14,083W04BB00500,3095,ELDERBERRY,"SALEM, OR 97302",06520233DE,WD,"WELLS,DONALD H &","WELLS,SARA ANN",,,,"KNOTT,JOHN W &","KNOTT,KAY S",3361 EL DORADO LP S,,"SALEM, OR  97302",1969.0,2991.0,2991.0,2991.0,,,,,90.0,0,
35,R50674,43479.0,,R53U1,101,0.25,11000.0,01J,R55V,7100.0,1968-01-14,0,083W06BD03100,3698,AUGUSTA NATIONAL,"SALEM, OR 97302",06530623,DE,SALEM DEVELOPMENT INC,,,,,"CHAFFIN,LEO E &","CHAFFIN,GERALDINE",3698 AUGUSTA NATIONAL,,"SALEM, OR  97302",1967.0,2681.0,2681.0,2239.0,442.0,,,,,0,
36,R93890,87653.0,,R511,101,0.19,8400.0,002,R31,16400.0,1968-04-21,0,083W09AB08800,4212,PENNY,"SALEM, OR 97302",06460119,DE,"LAKEY,GARY S & STEFFANIE A",,,,,"HALVORSEN,ROBERT L &","HALVORSEN,BETTY A",,,,1959.0,1248.0,1248.0,1248.0,,,,,109.0,0,
37,R33864,,,F660,F70,1.13,0.0,032,,1.0,1968-01-16,3,091W02  00900,,,,24400113,MI,NORTH SANTIAM SCHOOL DIST 29,1155 W 3RD ST,,,"STAYTON, OR  97383",LONE OAK CEMETERY,PO BOX 333,,,"STAYTON, OR  97383",,,,,,,,,,0,
38,R51882,45801.0,,F660,451,0.61,0.0,03Q,,2500.0,1968-01-12,14,092E23CC00600,,,,06450178DE,MI,"LENGACHER,JOHN & JUDITH ET AL",,,,,"GIROD,LLOYD D & ELSIE R",,,,,,,,,,,,,,0,
39,R61307,87494.0,,F460,661,3.2,0.0,008S,A94,1680.0,1968-08-01,0,092W06B 00800,9402,ROSELAND,"TURNER, OR 97392",06510442,DE,"ROSENAU,C J &","ROSENAU,HELEN BETTY",,,,"HAVERLAND,CLARENCE C &","HAVERLAND,IRIS YVONNE",,,,1970.0,2786.0,2786.0,1481.0,,,1305.0,,,0,
