,PROPID,SUBDNUM,MOBILEHOMEPARKCODE,MAINTAREA,PROPCLASS,ACRES,LANDSQFT,LANDSCHEDULE,STATCLASS,SALEPRICE,SALEDATE,SALETYPE,MAPTAXLOT,SITUSNUMBER,SITUSSTREET,SITUSCITYSTATEZIP,DEEDBOOKANDPAGE,DEEDTYPE,SELLERNAME,SELLERADDR1,SELLERADDR2,SELLERADDR3,SELLERCSZ,BUYERNAME,BUYERADDR1,BUYERADDR2,BUYERADDR3,BUYERCSZ,YEARBUILT,BLDGSQFT,LIVINGAREA,FLOOR1SQFT,FLOOR2SQFT,ATTICSQFT,BSMTFINISHEDSQFT,BSMTUNFINISHEDSQFT,QUALITYADJ,NUMADDLPROPS,ADDLPROPIDS
0,R15301,,,F330,451,3.0,0.0,008N,F09R,5900.0,1969-09-13,26,052W35  00500,11918,DUCK INN,"GERVAIS, OR 97026",02420517,WD,"SEYMOUR,OLIVER G & MARY R",,,,,Missing Buyer Record,,,,,,1747.0,1747.0,1747.0,,,,,,0,
1,R69472,13488.0,,C001,301,0.23,10019.0,ISI,W12,,1969-10-22,13,073W01C 01800,,,,06730398,DE,Missing Seller Record,,,,,"MILLS,M L &","MILLS,MICHAEL &","WARD,DOUGLAS",325 COMMERCIAL ST NE,"SALEM, OR  97301",,,,,,,,,,0,
2,R71034,19939.0,,R461,101,0.14,6000.0,014,R21,5000.0,1969-08-02,14,073W26CD07400,1595,LEE,"SALEM, OR 97302",02110495,WD,"ASHFORD,RUTH J",,,,,"BENTZ,MAXWELL D",,,,,1910.0,648.0,648.0,648.0,,,,,,0,
3,R73042,25867.0,,R561,101,0.53,0.0,006,R32,12000.0,1969-10-04,0,083W03CD00900,640,EWALD,"SALEM, OR 97302",06730077DE,DE,"WORLEY,NEWTON E &","WORLEY,EDNA M",,,,"JOHNSON,LLOYD MERLE &","JOHNSON,NORMA NADINE",640 EWALD AV SE,,"SALEM, OR  97302",1914.0,1600.0,1600.0,1288.0,,312.0,,,,0,
4,R10222,,,C0006,201,9.72,423251.0,OBC,W61,0.0,1969-01-10,12,041W02A 00500,23115,AIRPORT,"AURORA, OR 97002",01890622,WD,"FERRELL,CHARLES R ET AL",,,,,"DAVIS,JAMES O",2416 SW FIFTH AVE,,,"PORTLAND, OR  97201",1986.0,59118.0,59118.0,59118.0,,,,,,0,
5,R84821,65334.0,,R411,101,0.17,7384.0,015,R44,0.0,1969-06-12,19,073W23AD05200,1795,18TH,"SALEM, OR 97301",03041071,DE,"FERGUSON,DAISY",,,,,"TESKE,ERNEST S- TRUSTEE",1795 18TH ST NE,,,"SALEM, OR  97303",1936.0,1743.0,1743.0,1253.0,,490.0,,1140.0,91.0,0,
6,R85681,69954.0,,R411,101,0.28,12196.0,015,R44W,19750.0,1969-08-01,12,073W23CD06500,700,STEWART,"SALEM, OR 97301",01921448,WD,"CARVER,EUGENE HEWITT",,,,,"GILLESPIE,ROBERT M & FLORENCE T",700 STEWART ST,,,"SALEM, OR  97301",1922.0,2453.0,2453.0,1485.0,,968.0,,1485.0,,0,
7,R86048,72307.0,,R421,101,0.17,7600.0,015,M41,23200.0,1969-04-25,14,073W11CC04500,540-542,PLAZA DEL REY,"SALEM, OR 97303",01930264,RC,"FOWLER,GEORGE D & LOIS A",,,,,"WEBER,HAROLD G & JOYCE T",540 PLAZA DEL RAY,,,"SALEM, OR  97303",1961.0,2022.0,2022.0,2022.0,,,,,,0,
8,R86289,73057.0,,R421,101,0.14,6000.0,015,R33,10950.0,1969-09-12,14,073W14CA14100,838,HIGHLAND,"SALEM, OR 97301",03800059,WD,"MILLER,HOWARD M & ALENE M",,,,,"ALLENBY,CARROLL E & ESTHER I",838 HIGHLAND NE,,,"SALEM, OR  97303",1925.0,864.0,864.0,864.0,,,,864.0,,0,
9,R86619,73710.0,,R641,101,0.25,10935.0,002,R41,3500.0,1969-06-04,12,083W02CA17400,3728,EDWARD,"SALEM, OR 97302",06650739,DE,Missing Seller Record,,,,,"HUMPHREYS,BRIAN G &","HUMPHREYS,GERALDINE L",,,,1969.0,1513.0,1513.0,1513.0,,,,,91.0,0,
10,R89483,78771.0,,C001,C10,0.12,5032.0,5D4,,45000.0,1969-06-23,12,073W27AA03300,198,CHURCH,"SALEM, OR 97301",04750178,RD,"BURRIGHT,GLENN O & ETHEL A",,,,,"COOK,D DELYNN & M DARLA",198 CHURCH ST SE,,,"SALEM, OR  97301",,,,,,,,,,0,
11,R91608,83781.0,,R461,010,0.01,400.0,SFT1,,21076.0,1969-06-10,12,073W34DD02300,,,,V7850255,QC,Missing Seller Record,,,,,"NELSON,DOUGLAS TYCE &","NELSON,KAY BEVERLERLY 33.4%","OLSON,JEROME & NANN TYMREL 33.3%",761 HYLO RD SE,"SALEM, OR  97306",,,,,,,,,,0,
12,R90361,82528.0,,R461,101,0.08,3500.0,014,R31,0.0,1969-05-09,29,073W35AA04000,990,24TH,"SALEM, OR 97301",06640137,WD,"EVENDEN,STANLEY",,,,,"EVENDEN,STANLEY",990 24TH ST SE,,,"SALEM, OR  97301",1953.0,858.0,858.0,858.0,,,,,,0,
13,R98273,36015.0,,F617,101,0.17,7500.0,03I,R32,8500.0,1969-09-30,18,105E01BC08700,220,BOULDER,"DETROIT, OR 97342",04290235,WD,"GOLDER,IDA H",,,,,"LAMBERT,MEL & PAULINE",PO BOX 558,,,"DETROIT, OR  97342",1962.0,1315.0,1315.0,918.0,,397.0,,,,0,
14,R101982,17701.0,,R252,101,0.11,5000.0,019,R32,4950.0,1969-08-26,14,071W02BB00800,809,BARGER,"SILVERTON, OR 97381",06700526,DE,Missing Seller Record,,,,,"HUDDLESTON,JACK R &","HUDDLESTON,BETTY J",,,,1917.0,1460.0,1460.0,866.0,,594.0,,,91.0,0,
15,R102060,22093.0,,R222,101,0.15,6700.0,019,R31,0.0,1969-08-21,10,061W35CB05800,315,2ND,"SILVERTON, OR 97381",11440360,QC,"<BOVEE,ARCHIE W & RUTH V (LE)",,,,,WESTERN ORE CONF ASSN OF,13455 S.E. 97TH AVENUE,,,"CLACKAMAS, OR  97015",1947.0,1550.0,1550.0,1550.0,,,,,,0,
16,R102172,31299.0,,06FU,101,0.092,4000.0,018,,9500.0,1969-06-11,14,061W34BD02400,,FOSHOLM,"SILVERTON, OR 97381",03230250,WD,"HORTON,RAY & DONNA L",,,,,"ELLING,MARLEY E",PO BOX 702,,,"SILVERTON, OR  97381",,,,,,,,,,0,
17,R102370,54516.0,,R222,101,0.42,18295.0,019,R43W,26000.0,1969-08-25,0,061W34AB10300,1109,MAPLE,"SILVERTON, OR 97381",06700545,WD,"TOKSTAD,LAURA B",,,,,"NEUWIRTH,HAROLD F &","NEUWIRTH,CAROLINE M",1109 MAPLE ST,,"SILVERTON, OR  97381",1962.0,1982.0,1982.0,1332.0,,,650.0,,,0,
18,R102535,65484.0,,R222,101,0.14,6001.0,018,R32,11500.0,1969-11-21,12,061W26CB07400,512,JEFFERSON,"SILVERTON, OR 97381",02341505,WD,"SIMPSON,JESSE D & CORA E",,,,,"RODENBAUGH,NEHEMIAH & MARIE L",512 JEFFERSON,,,"SILVERTON, OR  97381",1925.0,1388.0,1388.0,1188.0,,200.0,,,91.0,0,
19,R105717,90535.0,,R61K,121,0.08,3375.0,011,R21,6000.0,1969-09-09,14,082W29DA01800,5273,ASH,"TURNER, OR 97392",02211051,RC,"WEBB,M F & ZELLA N",,,,,"<SMITH,JAMES R & SANDRA B",PO BOX 203,,,"TURNER, OR  97392",1953.0,699.0,699.0,699.0,,,,,109.0,0,
20,R107877,69049.0,,R163,101,0.17,7200.0,049,R31,10900.0,1969-02-14,12,051W18BA13100,382,OAK,"WOODBURN, OR 97071",02760022,WD,"HIGGENBOTHAM,TOM & CONNIE S",,,,,"PINNEY,ANNA M",382 OAK ST,,,"WOODBURN, OR  97071",1945.0,1412.0,1412.0,1412.0,,,,,109.0,0,
21,R108003,75615.0,,R163,101,0.15,6400.0,049,R31,12000.0,1969-07-01,12,051W17BB04300,960,BRYAN,"WOODBURN, OR 97071",06130271,RD,"TURNER,WILLIAM H & GLADYS E",,,,,"SALINAS,MIGUEL & LIDIA G",8420 CASON LN,,,"GLADSTONE, OR  97027",1957.0,904.0,904.0,904.0,,,,,,0,
22,R108631,90928.0,,R163,101,0.16,6800.0,049,R31,16000.0,1969-05-13,14,051W07CA06700,835,HIGH,"WOODBURN, OR 97071",02880750,RD,"HANDY,ERNEST W & OLA W",,,,,"FLATHERS,ELMER A & DORIS A",835 HIGH ST,,,"WOODBURN, OR  97071",1954.0,1352.0,1352.0,1352.0,,,,,109.0,0,
23,M127781,,M093,M71J,019,,,,T65,12500.0,1969-12-01,14,081W34AC00100,340,CREST,"SUBLIMITY, OR 97385",,,"CONNER,JAMES & KATHERINE",,,,,Missing Buyer Record,,,,,1969.0,1120.0,1120.0,1120.0,,,,,,0,
24,R12808,,,R163,121,0.11,5000.0,049,R42,,1969-08-06,12,051W07CD12300,483,2ND,"WOODBURN, OR 97071",14760569,BS,"DEVANEY,WILLIS F",,,,,Missing Buyer Record,,,,,1900.0,1908.0,1908.0,1228.0,,680.0,,,,0,
25,R22942,,,F260,551,59.64,0.0,OSDA.RUR,A94A,56000.0,1969-10-16,12,072W15  00400,7023,SUNNYVIEW,"SALEM, OR 97305",05960276,RD,"LIEN,ADOLPH M & ALICE",,,,,"FORDYCE,ROBERT B & NORMA J",7023 SUNNYVIEW RD NE,,,"SALEM, OR  97305",1979.0,2290.0,2290.0,1421.0,,869.0,,,91.0,0,
26,R23868,,,F260,401,0.97,0.0,009C,F09R,9000.0,1969-02-17,12,072W29AD00600,5260,AUBURN,"SALEM, OR 97317",02891956,WD,"BARTELS,CARROLL O & KARLA ET AL",,,,,"LUKE,VERNON D & DOROTHY F","DENVER,COLORADO",,,,2002.0,1755.0,1755.0,1755.0,,,,,,0,
27,R25138,,,R25M,101,0.41,18032.0,044,R41,18250.0,1969-10-03,12,073W02BD12900,653,MAINE,"KEIZER, OR 97303",03440042,RD,"DALEY,EVIN & FAYE L",,,,,"CONLEY,JAMES S & DONNA J",653 MAINE AV NE,,,"SALEM, OR  97303",1949.0,2215.0,2215.0,2215.0,,,,,91.0,0,
28,R26718,,,R411,101,0.18,7810.0,015,R34,9750.0,1969-09-08,12,073W23CD02600,652,14TH,"SALEM, OR 97301",02051169,BS,"SMAILES,ROBERT E & JACQUETTA J",,,,,"STONE,STEPHEN A JR",16929 MT VIEW LN,,,"WOODBURN, OR  97071",1919.0,1474.0,1474.0,942.0,,532.0,,936.0,109.0,0,
29,R28931,,,R63J,101,0.44,19320.0,02E,R45,12800.0,1969-04-01,14,081W34DC03500,122,DIVISION,"SUBLIMITY, OR 97385",01881621,WD,"LAUX,JOHN J & DELORES O",,,,,"SEEGER, DAVID M & JUDY A",PO BX94,,,"SUBLIMITY, OR  97385",1957.0,2728.0,2728.0,1768.0,960.0,,,,,0,
30,R70331,16991.0,,R641,101,0.19,8320.0,003,R51,300.0,1969-12-09,0,083W11BB11400,1230,PANORAMA,"SALEM, OR 97302",06790461,DE,Missing Seller Record,,,,,"LACROSSE,ALAN & CAROLYN",1780 FRONT NE,,,"SALEM, OR  97301",1994.0,2040.0,2040.0,2040.0,,,,,90.0,0,
31,R11667,,,R12B,101,0.14,6225.0,053,,300.0,1969-12-09,0,041W34CB03200,,,,06790461,DE,"GLYNN,JACK K &","GLYNN,SALLY J",,,,"CUTSFORTH,WANDA I",PO BOX 427,,,"HUBBARD, OR  97032",,,,,,,,,,0,
32,R31778,,,R53U1,101,1.0,0.0,005,R43,19000.0,1969-07-02,12,083W08C 02600,4670,CROISAN CREEK,"SALEM, OR 97302",06690104,DE,"LARGENT,JACK L &","LARGENT,GWEN",,,,"CORENBAUM,ROBERT C &","CORENBAUM,GAYLE K",,,,1956.0,1782.0,1782.0,1242.0,,,540.0,,91.0,0,
33,R36552,,,F420,551,142.46,0.0,OSDA.RUR,A94,85000.0,1969-04-05,12,093W30  01200,13933,MARLATT,"JEFFERSON, OR 97352",07450088,RD,"BLAKENEY,ARTHUR J & ENID M",,,,,"NEELY,SARAH C",13933 MARLATT RD S,,,"JEFFERSON, OR  97352",1952.0,2016.0,2016.0,1680.0,,336.0,,,109.0,2,R36606;R36607
34,R36666,,,F410,401,1.5,0.0,008S,F51,25000.0,1969-06-20,12,093W35CD01600,15002,LAUREL,"JEFFERSON, OR 97352",03060401,RD,"MARTIN,CECIL G & RETA L",,,,,"MCGEHEE,LAURENCE L & LAUREL",1669 TALBOT ROAD SE,,,"JEFFERSON, OR  97352",2003.0,2861.0,2861.0,1088.0,1080.0,693.0,,,,0,
35,R37172,,,C00D,201,0.0,0.0,,G70,4582.0,1969-05-02,14,103W11AD01800,150,MAIN,"JEFFERSON, OR 97352",02311267,WD,"YOUNG,M ET AL",,,,,"ARNOLD,VILAS & SOPHIA",354 FLORENCE,,,"STAYTON, OR  97383",,,,,,,,,,0,
36,R37574,,,F360,551,69.98,0.0,WOOD,A90,0.0,1969-03-27,12,061E19A 00700,16244,HERIGSTAD,"SILVERTON, OR 97381",12320581,RD,"WHITMAN,H H & ANNA V",,,,,"TOFT,HAROLD & LOIS",16244 HERIGSTAD RD NE,,,"SILVERTON, OR  97381",,,,,,,,,,5,R37575;R37576;R37578;R37579;R37580
37,R43938,9435.0,,R36U1,101,0.36,15840.0,015,R31,19500.0,1969-08-04,14,072W30AD01400,538,46TH,"SALEM, OR 97301",06700076,DE,PACIFIC FARMS INC,,,,,"YOUNG,ELMER J &","YOUNG,DARLENE M",929 CLOVER VALLEY CT,,"SALEM, OR  97317",1969.0,1334.0,1334.0,1334.0,,,,,109.0,1,R91938
38,R44071,10610.0,,F260,551,11.75,0.0,OSDA.RUR,A43,0.0,1969-03-13,12,072W22D 01100,988,69TH,"SALEM, OR 97317",13290059,RD,"SMITH,ALVIE H & DOROTHY D",,,,,"STENSLAND,VIRGINIA M",8240 PACIFIC HWY,,,"RICKERALL, OR  97371",1936.0,1418.0,1418.0,938.0,,480.0,,840.0,91.0,0,
39,R45286,13643.0,,R36U1,101,0.31,13345.0,015,R09R,12500.0,1969-09-30,12,072W30CD08000,295,ELMA,"SALEM, OR 97317",02720260,WD,"LOVELAND,PHILLIP H & DAISY L",,,,,"LOGSDON,ABNER V & MARVEL J",295 ELMA AVE SE,,,"SALEM, OR  97301",2002.0,1836.0,1836.0,1836.0,,,,,,0,
40,R47245,23320.0,,R36U1,101,0.29,12750.0,015,R31,16500.0,1969-05-26,14,072W30DC06100,186,44TH,"SALEM, OR 97317",01831994,RC,"WILSON,EDDIE L & SHIRLEY ANN",,,,,"<SIDDOWAY,RICHARD L & SALLY A",166 44TH AVE SE,,,"SALEM, OR  97302",1969.0,1304.0,1304.0,1304.0,,,,,109.0,0,
41,R47250,23320.0,,R41U1,101,0.18,8000.0,015,R31,17000.0,1969-04-25,14,072W31AB00200,296,44TH,"SALEM, OR 97317",02631086,RC,"WILSON,EDDIE L",,,,,"<STIFFLER,WAYNE L & JANICE D",166 44TH AVE SE,,,"SALEM, OR  97301",1969.0,1334.0,1334.0,1334.0,,,,,109.0,0,
42,R47254,23320.0,,R41U1,101,0.38,16400.0,015,R31,16500.0,1969-07-08,12,072W31AB00600,356,44TH,"SALEM, OR 97317",02111774,RD,"WILSON,EDDIE L & SHIRLEY ANN",,,,,"WEST,ROBERT M & CONNIE J",,,,,1969.0,1300.0,1300.0,1300.0,,,,,109.0,1,R47255
43,R47254,23320.0,,R41U1,101,0.19,8200.0,015,R31,16500.0,1969-06-29,14,072W31AB00600,356,44TH,"SALEM, OR 97317",01851896,RC,"WILSON,EDDIE L & SHIRLEY ANN",,,,,"<WEST,ROBERT H & CONNIE J",356 44TH AVE SE,,,"SALEM, OR  97301",1969.0,1300.0,1300.0,1300.0,,,,,109.0,0,
44,R13477,,,R16U3,491,1.06,0.0,006,R00S,10700.0,1969-12-08,0,051W18C 01000,1225,BROWN,"WOODBURN, OR 97071",03511088,WD,"BELDEN,KENNETH M",,,,,"HAWLEY,FRANK & ALMEDA",1225 SO BROWN ST,,,"WOODBURN, OR  97071",,,,,,,,,,0,
45,R49152,35415.0,,R41U1,101,0.41,18000.0,015,R31,0.0,1969-05-09,18,072W31DB02300,4260,MUNKERS,"SALEM, OR 97317",04660228,RC,"<KNOTTS,J R & ANNA",,,,,"<KNOTTS,STANLEY M & FLORENCE E",131 WOODSIDE DRIVE,,,"SAN ANSELMO , CA  94960",1953.0,804.0,804.0,804.0,,,,,,0,
46,R13606,,,C003,201,0.93,40511.0,WOOD,G60,16000.0,1969-03-27,12,051W18AB10400,404,TOOZE,"WOODBURN, OR 97071",02201195,WD,"EBENAL,ROBERT F & PATRICIA A",,,,,"HAMMER,MAURICE E & SHIRLEY A",,,,,,720.0,720.0,720.0,,,,,,0,
47,R13770,,,R163,101,0.81,0.0,006,R35Y,7000.0,1969-04-30,12,051W18BD02600,208,CLEVELAND,"WOODBURN, OR 97071",03361290,RD,STATE FINANCE CO,,,,,"RODRIGUEZ,JOSE LUIS &","RODRIGUEZ,OCTAVIA",208 E CLEVELAND ST,,"WOODBURN, OR  97071",1910.0,1841.0,1841.0,1300.0,541.0,,,,109.0,0,
48,R13816,,,R163,101,0.2,8800.0,049,R32,2000.0,1969-01-03,6,051W18BA03600,362,GARFIELD,"WOODBURN, OR 97071",01851664,WD,"KENT,A S",,,,,"KENT,ROSCOE W & MARY A",362 GARFIELD ST,,,"WOODBURN, OR  97071",1901.0,2222.0,2222.0,1166.0,,1056.0,,,,0,
49,R14820,,,F220,550,0.92,0.0,039I,A40,,1969-10-17,0,052W16AD00700,,,,06730329,DE,"BAUMAN,SUSAN LEE",15094 MANNING ST NE,,,"WOODBURN, OR  97071","RAY,DONALD K &","RAY,HALLEY B","<SCOTT,FRANK JULIUS &","SCOTT,ALLEAN VERA",,,,,,,,,,,0,
50,R21605,,,F360,641,17.44,0.0,OSDA.RUR,A94,8500.0,1969-06-10,0,071W20  01700,1533,HIBBARD,"SILVERTON, OR 97381",06770255,DE,"HERSCH,ADAM &","HERSCH,GLADYS",,,,"GOULD,ROBERT L &","GOULD,LILLY M",1533 HIBBARD RD NE,,"SILVERTON, OR  97381",1971.0,1467.0,1467.0,1467.0,,,,,,0,
51,R24138,,,R36U1,101,0.35,15100.0,014,R31,15500.0,1969-08-13,14,072W30CD00200,4176,HUDSON,"SALEM, OR 97301",06700463,DE,"POTTS,CLAIR A &","POTTS,ELOISE G",,,,"O'NEIL,PATRICK D &","O'NEIL,SHARON A",4176 HUDSON ST NE,,"SALEM, OR  97301",1948.0,1389.0,1389.0,1389.0,,,,,,0,
52,R52600,49401.0,,R41U1,101,0.26,11403.0,014,R32,0.0,1969-09-26,13,072W31BB01000,3790,LA BRANCH,"SALEM, OR 97317",0672463,DE,"TERCH,LAWRENCE P & ELEANORE J",,,,,"MCDANIEL,MERILLA M",,,,,1948.0,1278.0,1278.0,813.0,,465.0,,,,0,
53,R71550,22793.0,,R361,101,0.13,5600.0,015,R32,14900.0,1969-08-05,0,073W24CA10800,2645,ENGLEWOOD,"SALEM, OR 97301",06690362DE,WD,"EMPEY,ERNEST WARNE &","EMPEY,ANNA MAY",,,,"BISHOP,BILL R & EVELYN M",2645 ENGLEWOOD AVE NE,,,"SALEM, OR  97301",1952.0,1820.0,1820.0,1100.0,,720.0,,,109.0,0,
54,R30685,,,F660,551,143.31,0.0,008S,A40,,1969-04-11,13,082W27  00100,0,,,06630283DE,QC,"BAKER,SAMUEL CLINT",,,,,"BAKER,JOHNNIE W & BAKER,JERRY L",7192 OLNEY ST SE,,,"SALEM, OR  97301",,,,,,,,,,0,
55,R81297,51654.0,,R521,101,0.27,11600.0,002,R41,15300.0,1969-02-13,0,083W09DD02100,4833,FIR DELL,"SALEM, OR 97302",06610478DE,DE,Missing Seller Record,,,,,"HOGAN,RALPH A & ARLENE R",,,,,1955.0,1624.0,1624.0,1624.0,,,,,91.0,0,
56,R40331,,,F660,581,162.13,0.0,008S,A90,1.0,1969-01-23,0,091E05  01800,16822,FERN RIDGE,"STAYTON, OR 97383",06600146DE,DE,"HOLCOMB,DARRELENE A",,,,,"STURTEVANT,JACK L & DELLA C",16822 FERN RIDGE ROAD SE,,,"STAYTON, OR  97383",,,,,,,,,,6,R40332;R40454;R40455;R40521;R40522;R40523
57,R41652,,,F630,640,113.45,0.0,TCVACANT,A90,47300.0,1969-01-16,0,093E27  00400,,,,06590202DE,WD,"KLUTKE,ELMER &","KLUTKE,BETTY J",,,,FRANK TIMBER PRODUCTS INC,DRAWER 79,,,"MILL CITY, OR  97360",,,,,,,,,,0,
