,PROPID,SUBDNUM,MOBILEHOMEPARKCODE,MAINTAREA,PROPCLASS,ACRES,LANDSQFT,LANDSCHEDULE,STATCLASS,SALEPRICE,SALEDATE,SALETYPE,MAPTAXLOT,SITUSNUMBER,SITUSSTREET,SITUSCITYSTATEZIP,DEEDBOOKANDPAGE,DEEDTYPE,SELLERNAME,SELLERADDR1,SELLERADDR2,SELLERADDR3,SELLERCSZ,BUYERNAME,BUYERADDR1,BUYERADDR2,BUYERADDR3,BUYERCSZ,YEARBUILT,BLDGSQFT,LIVINGAREA,FLOOR1SQFT,FLOOR2SQFT,ATTICSQFT,BSMTFINISHEDSQFT,BSMTUNFINISHEDSQFT,QUALITYADJ,NUMADDLPROPS,ADDLPROPIDS
0,R14749,,,F330,551,3.25,0.0,OSDA.RUR,A23,24500.0,1970-06-27,12.0,052W13  00900,8908,PARR,"GERVAIS, OR 97026",09010265,RD,"LINDLEY,ARTHUR & THELMA",,,,,"HANSEN,PATRICIA",8908 PARR RD NE,,,"GERVAIS, OR  97026",1936.0,1630.0,1630.0,1630.0,,,,,,0,
1,R14773,,,R16U3,101,0.35,15246.0,049,R31,16000.0,1970-10-09,14.0,052W13BD00200,15198,STUBB,"GERVAIS, OR 97026",01970905,WD,"MARKS,ALBERT W & THERESA C",,,,,"BRUMBAUGH,ROLAND J",R1 BX150,,,"HUBBARD, OR  97032",1920.0,1157.0,1157.0,1157.0,,,,,,0,
2,R62241,89003.0,,F660,400,0.44,0.0,008S,F09,6500.0,1970-12-19,12.0,082W26D 02600,7932,TERRANCE,"AUMSVILLE, OR 97325",02091858,WD,"HAMILTON,LESLIE A",,,,,"GARRETT,ROBERT P & GWEN A",,,,,,,,,,,,,,0,
3,R64752,97970.0,,R36U1,101,0.29,12804.0,015,R31,0.0,1970-06-19,14.0,072W30DA04000,4435,HUDSON,"SALEM, OR 97301",02680029,RC,"<WICKER,WARREN C & CLAIRE M",,,,,"<HYDEN,ROY A & CONNIE D",,,,,1967.0,1336.0,1336.0,1336.0,,,,,109.0,0,
4,R65027,99685.0,,R163,101,0.46,20254.0,049,R31,7000.0,1970-04-08,0.0,051W17BD00700,1575,LAUREL,"WOODBURN, OR 97071",06810405,RC,"KNUTSON,ORLEY T &","KNUTSON,LEONA O",,,,"KNUTSON,ORLEY T &","KNUTSON,LEONA O","<SHARABARIN,ELENA",1575 LAUREL AV,"WOODBURN, OR  97071",1950.0,918.0,918.0,918.0,,,,,,0,
5,R15301,,,F330,451,3.0,0.0,008N,F09R,1280.0,1970-04-24,12.0,052W35  00500,11918,DUCK INN,"GERVAIS, OR 97026",02420519,WD,Missing Seller Record,,,,,"LIKENS,SAM T & GLADYS M",3815 GLENWOOD LP SE,,,"SALEM, OR  97301",,1747.0,1747.0,1747.0,,,,,,0,
6,R67111,7683.0,,R361,101,0.27,11781.0,015,R32,0.0,1970-05-01,10.0,073W13DC03000,2199,BYRAM,"SALEM, OR 97301",02081150,DE,"<EVANS,GENE M",,,,,"<EVANS,MARY K",2199 BYRAM NE,,,"SALEM, OR  97303",1948.0,1488.0,1488.0,1108.0,,380.0,,,,0,
7,R69659,14094.0,,C001,701,0.74,32234.0,APT.SLM,H11,180000.0,1970-06-30,14.0,073W22DA04300,761-781,CHURCH,"SALEM, OR 97301",01970367,WD,"SMITH,BOB L & PAMELA E ET AL",,,,,"EYRE,RALPH M & NELLIE R",4562 CENTURY DR S,,,"SALEM, OR  97302",1966.0,11506.0,11506.0,11506.0,,,,,,0,
8,R16223,,,F310,551,115.91,0.0,OSDA.RUR,A94,30000.0,1970-02-23,12.0,061W14  00700,13987,DOWNS,"MT ANGEL, OR 97362",03810166,RD,"AMAN,CAROLINE",,,,,"AMAN,GORDON & LAVERNE",13987 DOWNS RD NE,,,"MT ANGEL , OR  97362",1977.0,2868.0,2868.0,1728.0,,,1140.0,588.0,,0,
9,R16224,,,F310,551,77.74,0.0,OSDA.RUR,A92,30000.0,1970-02-12,12.0,061W14  00900,13717,DOWNS,"MT ANGEL, OR 97362",05910224,RD,"AMAN,CAROLINE",,,,,"AMAN,RUSSELL & GERTRUDE",13717 DOWNS ROAD NE,,,"MT ANGEL , OR  97362",1907.0,3440.0,3440.0,1544.0,960.0,936.0,,,,0,
10,R73320,26679.0,,R461,101,0.08,3400.0,023,R22,6266.0,1970-04-21,14.0,073W34BC01300,250,SUPERIOR,"SALEM, OR 97302",03510768,WD,"COOK,KILE J & IRENE V",,,,,"GROVES,ROBERT E",PO BOX 430,,,"SALEM, OR  97308",1930.0,1058.0,1058.0,728.0,,330.0,,,109.0,0,
11,R16728,,,C002,C10,7.73,336820.0,,,25000.0,1970-07-27,3.0,061W27DD00400,,,,02951114,RD,"TOFT,HAROLD L & LOIS E",,,,,MARION COUNTY SCH DIST NO 7J,,,,,,,,,,,,,,1,R16739
12,R81950,55768.0,,R411,101,0.13,5832.0,015,R34,14000.0,1970-03-17,12.0,073W23AC06100,1330,15TH,"SALEM, OR 97301",02270019,WD,"DUNKEL,HERMAN W & PATSY",,,,,"MALONE,ARNOLD M & VIOLETTE E",,,,,1950.0,1886.0,1886.0,1247.0,,639.0,,1247.0,,0,
13,R83678,64173.0,,C001,201,0.34,14697.0,PRIM,O11,20728.0,1970-07-17,12.0,073W34BD10300,2020,COMMERCIAL,"SALEM, OR 97302",02731946,WD,"FORBES,DONALD L",,,,,"NELSON,CHET I & DOROTHY S",PO BX3223,,,"SALEM, OR  97302",2002.0,5847.0,5847.0,4062.0,,,1785.0,,,0,
14,R84207,64750.0,,R421,101,0.16,7000.0,015,R31,17500.0,1970-12-05,14.0,073W11CB07200,3341,2ND,"SALEM, OR 97303",01871921,RC,PHAIR NOLAN & COMPANY,,,,,"<MORLEY,ELMER J & ALICE M",3341 2ND AVE NO,,,"SALEM, OR  97303",1970.0,1268.0,1268.0,1268.0,,,,,109.0,0,
15,R84522,65008.0,,R461,101,0.18,7800.0,014,M48A,10500.0,1970-04-27,12.0,073W22AA02400,436-440,NORWAY,"SALEM, OR 97301",02011666,WD,"YOUNG, ELIZABETH ETAL",,,,,"LAURITSEN, CLIFFORD R & LILLIAN",4021 MAHRT AV SE,,,"SALEM, OR  97301",1910.0,5202.0,5202.0,2701.0,,2115.0,386.0,1748.0,109.0,0,
16,R89589,78772.0,,R461,101,0.1,4400.0,023,R44,14500.0,1970-05-07,12.0,073W27CA00300,745,HIGH,"SALEM, OR 97302",03870004,RD,"FODELSONG,LEDA B",,,,,"YOUNGER,JANET L",745 HIGH ST SE,,,"SALEM, OR  97301",1930.0,1680.0,1680.0,990.0,,690.0,,990.0,91.0,0,
17,R89831,80124.0,,R461,101,0.37,16157.0,014,R31W,11500.0,1970-03-24,12.0,073W26DD14300,2520,HYDE,"SALEM, OR 97301",03350252,WD,"SCHISSLER,A L & ELIZABETH A",,,,,"TAYLOR,DUANE F ET AL",2520 HYDE CT SE,,,"SALEM, OR  97301",1953.0,606.0,606.0,606.0,,,,,,0,
18,R95084,90988.0,,C001,C50,0.0,100.0,CORE,G60,99000.0,1970-07-21,14.0,073W27DA00500,0,,,02231741,WD,"CROTHERS,WILLIAM F & ETHEL L",,,,,THE BELLEVUE GROUP,939 OAK ST SE,,,"SALEM, OR  97301",,,,,,,,,,0,
19,R95124,90988.0,,C001,003,,,,,100000.0,1970-08-06,14.0,073W27AA03600,194,COTTAGE,"SALEM, OR 97301",02011040,RD,"MEJSTRIK,PATRICK J & ELIZABETH",,,,,PACIFIC NW BELL TELEPHONE CO,421 SW OAK,,,"PORTLAND, OR  97204",,,,,,,,,,1,R95127
20,R96857,99786.0,,16B,201,0.157,6820.0,,D20,11000.0,1970-10-09,14.0,073W35BB07200,1450,13TH,"SALEM, OR 97302",02041234,RC,"CLINE,LEE R & DOROTHY E",,,,,"LAMBERT,MEL & PAULINE",1440 13TH ST SE,,,"SALEM, OR  97302",,,,,,,,,,0,
21,R99292,32557.0,,R11A,101,0.11,5000.0,025,R35,7200.0,1970-04-18,12.0,052W26AC09600,325,ELM,"GERVAIS, OR 97026",02651097,WD,"KARAJLL,FOTI & ARINA",,,,,"HISSAM,HAROLD W & JOANNE",,,,,1890.0,2274.0,2274.0,1306.0,560.0,408.0,,,,0,
22,R101157,61864.0,,R11F,101,0.11,5000.0,03A,R21,5500.0,1970-09-03,14.0,061W10BB01300,280,RAILROAD,"MT ANGEL, OR 97362",01970294,WD,"SIMON,MATHILDA",,,,,"YBARRA,OCTAVIO & JULIANA",280 RAILROAD STREET,,,"MT ANGEL , OR  97362",1900.0,1196.0,1196.0,1196.0,,,,,109.0,0,
23,R106246,12813.0,,R163,101,0.11,5000.0,049,R31,12000.0,1970-05-11,12.0,051W07DB01700,547,FIR,"WOODBURN, OR 97071",06050426,WD,"FEYRER,MINA K",,,,,"ERICKSON,FRED & BETTY M",547 FIR ST,,,"WOODBURN, OR  97071",1959.0,950.0,950.0,950.0,,,,,109.0,0,
24,R108962,99123.0,,C003,201,1.34,58425.0,WOOD,W74,70000.0,1970-02-18,12.0,051W08A 04700,2200,PACIFIC,"WOODBURN, OR 97071",06680123,WD,"PFAFFINGER,NORMAN & EDNA",,,,,"SULLIVAN,DEMPSY D & MARY M",1942 ROCKLAND DR NW,,,"SALEM, OR  97304",1989.0,17180.0,17180.0,17180.0,,,,,,0,
25,R20739,,,R252,491,5.55,0.0,027,R56,0.0,1970-08-06,14.0,071W02C 04500,967,WOODLAND,"SILVERTON, OR 97381",03520314,QC,"SYLCHAK,MARY",,,,,"SYLCHAK,CHARLES",4025 MELROSE AVE,,,"LOS ANGELES , CA  90029",2004.0,4024.0,4024.0,1922.0,1622.0,480.0,,,,0,
26,R95692,93420.0,,R461,101,0.14,6130.0,002,R33,0.0,1970-10-27,25.0,073W26AA13200,534,22ND,"SALEM, OR 97301",15080326,DC,"SELL,FLORABELLE",534 22ND ST NE,,,"SALEM, OR  97301","SELL,FLORABELLE",534 22ND ST NE,,,"SALEM, OR  97301",1942.0,1037.0,1037.0,1037.0,,,,280.0,109.0,0,
27,R29847,,,F660,401,2.97,0.0,009S,F47,,1970-09-28,,082W15D 01400,5705,72ND,"SALEM, OR 97317",06920109,DE,"LARSEN, GARYJ. & JUDITH A.",,,,,"MCCANSE,RICHARD & MARJORIE I",5705 72ND AVE SE,,,"SALEM, OR  97301",1976.0,3080.0,3080.0,1232.0,1232.0,,616.0,616.0,,0,
28,R23874,,,F260,401,0.27,0.0,009C,F31,11000.0,1970-05-27,14.0,072W29AD03000,395,HAMPDEN,"SALEM, OR 97317",02250012,RC,"<PONTIUS,JAMES W & DOROTHY L",,,,,"<HEROLD,JOE C & CLARA S",395 HAMPDEN LN NE,,,"SALEM, OR  97301",1956.0,1526.0,1526.0,1526.0,,,,,,0,
29,R28695,,,F660,401,0.75,0.0,008S,F21,6300.0,1970-04-15,14.0,081W31C 01300,8541,HOLMQUIST,"AUMSVILLE, OR 97325",07740072,PURGED,"MC NEAL,MARGARET M",,,,,"<REED,JIM & ELLA",,,,,1950.0,1248.0,1248.0,1248.0,,,,,,0,
30,R29868,,,F660,401,2.04,0.0,009S,F41,21950.0,1970-07-27,12.0,082W15AC01400,7260,AUMSVILLE,"SALEM, OR 97317",09450371,RD,"NORTON,DONALD E & AUDREY G",,,,,"HOWARD,HERMOND & JUDITH ANN",7260 AUMSVILLE HWY SE,,,"SALEM, OR  97317",1961.0,1400.0,1400.0,1400.0,,,,,,0,
31,R30874,,,F460,451,2.57,0.0,008S,F09S,0.0,1970-11-06,12.0,082W29BD00200,7375,7TH,"TURNER, OR 97392",05720232,WD,"WILLOUGHBY,LEVONE M",,,,,"LONGSHORE,IRVEN R & VIVIAN T",4993 DELANEY RD SE,,,"SALEM, OR  97301",1973.0,,,,,,,,,0,
32,R35246,,,F610,451,0.42,0.0,008S,F32,8500.0,1970-04-20,14.0,092W11A 01900,10323,BRICK,"TURNER, OR 97392",01861655,RC,"PRIDDY,VERNON D & VIOLET S",,,,,"<KEIFER,EUGENE & SHIRLEY ANN",10323 BRICK RD SE,,,"TURNER, OR  97392",1930.0,1440.0,1440.0,1180.0,,260.0,,,,0,
33,R39252,,,F360,661,43.22,0.0,008C,A90,16500.0,1970-04-30,12.0,072E07  01600,,,,06960085,RD,"FOLLIS,WARNER S",,,,,"HETTWER,HUBERT J",3533 CROOKED FINGER RD NE,,,"SCOTTS MILLS , OR  97375",,,,,,,,,,2,R39258;R39259
34,R43256,6783.0,,F330,F20,0.19,0.0,008N,,,1970-04-27,5.0,041W36B 00900,,,,06820382,WD,SHANK & SCHLABACH & STRUBHAR,,,,"SALEM, OR",HOPEWELL MENNONITE CHURCH INC,14527 WHISKEY HILL RD NE,,,"HUBBARD, OR  97032",,,,,,,,,,0,
35,R13190,,,F330,551,31.86,0.0,OSDA.RUR,A93R,39000.0,1970-09-23,12.0,051W15  01900,12953,ELLIOTT PRAIRIE,"WOODBURN, OR 97071",03150493,RD,"WALDRON,GEORGE E & EVELYN R",,,,,"STRUBHAR,TIMOTHY J & ANN T",12953 ELLIOT PRAIRIE RD NE,,,"WOODBURN, OR  97071",1945.0,3142.0,3142.0,3142.0,,,,,,0,
36,R45616,14797.0,,R24M,101,0.2,8800.0,044,R43,53400.0,1970-03-10,0.0,063W35DD08600,5176,ARCADE,"KEIZER, OR 97303",02041585,RC,"LEWIS,DELBERT R & NORMA R",,,,,"<FRANCISCO,TONI MARIE",5176 ARCADE AVE NE,,,"SALEM, OR  97303",1961.0,1932.0,1932.0,1288.0,,,644.0,,91.0,0,
37,R13400,,,C003,201,1.08,47044.0,WOOD,S50,110000.0,1970-02-13,12.0,051W17BB09300,595,PACIFIC,"WOODBURN, OR 97071",06750221,WD,"HERMANSON,GLEN & THELMA L",,,,,"REMINGTON,LEONARD K & MILDRED E",595 N PACIFIC HWY,,,"WOODBURN, OR  97071",1967.0,7870.0,7870.0,7870.0,,,,,,0,
38,R49152,35415.0,,R41U1,101,0.41,18000.0,015,R31,0.0,1970-03-11,18.0,072W31DB02300,4260,MUNKERS,"SALEM, OR 97317",04660229,RC,"<KNOTTS,STANLEY M & FLORENCE E",,,,,"<SIMS,HOMER D & NEVA C ET AL",131 WOODSIDE DRIVE,,,"SAN ANSELMO , CA  94960",1953.0,804.0,804.0,804.0,,,,,,0,
39,R50033,39033.0,,R25M,101,0.25,11000.0,044,M45,204000.0,1970-09-23,12.0,073W02AB06100,4976-4988,13TH,"KEIZER, OR 97303",06870222,WD,"MARTINSON,RONALD A & KAREN C",,,,,"GEDNEY,HERBERT D JR & LOIS L",4514 CENTURY DR S,,,"SALEM, OR  97302",1968.0,3206.0,3206.0,3206.0,,,,,,0,
40,R51528,44536.0,,R32U1,101,0.18,8008.0,002,R41,23500.0,1970-09-11,12.0,072W06DD09800,4436,JADE,"SALEM, OR 97305",01991783,WD,"STEWART,BERNARD A & OLIVE REE",,,,,"GONZALES,JUAN C & SEBASTIANA M",4374 41ST ST NE,,,"SALEM, OR  97303",1968.0,1862.0,1862.0,1862.0,,,,,,0,
41,R53577,52363.0,,R36U1,101,0.18,7952.0,015,M33,33000.0,1970-03-03,12.0,072W18BD07200,2810-2830,LANCASTER,"SALEM, OR 97303",03200712,WD,"TIPTON,RAYMOND & CLAUDIA",,,,,"BOEDIGHEIMER,NORVILLE W",2810 LANCASTER DR NE,,,"SALEM, OR  97305",1964.0,2208.0,2208.0,2208.0,,,,,92.0,0,
42,R14052,,,F330,551,38.73,0.0,008NGI,A70S,59500.0,1970-10-15,26.0,051W22  00900,,,,03050503,WD,"PFAFFINGER,ARTHUR",,,,,"ASHLAND,LLOYD & GRACE",12786 HITZ LN NE,,,"WOODBURN, OR  97071",,,,,,,,,,0,
43,R52308,48951.0,,R31U1,101,0.82,0.0,005,R41,2000.0,1970-07-21,0.0,062W32CA00600,5850,LAKE LABISH,"SALEM, OR 97305",06880110DE,WD,"DARLING,THOMAS F & JULIE",,,,,"CASSELMAN,MARCEIL L S & MELVIN R",5850 LAKE LABISH RD NE,,,"SALEM, OR  97305",1976.0,1928.0,1928.0,1928.0,,,,,91.0,0,
44,R19828,,,F210,451,0.25,0.0,009C,,675.0,1970-04-06,0.0,063W24C 01800,,,,06810398,DE,"ZIELINSKI,RAYMOND JAMES &","ZIELINSKI,GLORIA",,,,"CHERRY,ROBERT A & EMMA M",7545 RIVER RD NE,,,"SALEM, OR  97303",,,,,,,,,,0,
45,R38324,,,F360,451,82.78,0.0,008C,,10.0,1970-03-24,6.0,071E05  00200,,,,06800367DE,WD,STATE FINANCE COMPANY,,,,,RSM FISCHER TR,"FISCHER,EDWARD J & FERN-TRUSTEES","C/O FISCHER,RON",PO BOX 13306,"SALEM, OR  97301",,,,,,,,,,3,R38325;R38326;R38327
46,R65528,1830.0,,R25M,101,0.16,7000.0,043,R21,3500.0,1970-11-30,14.0,073W02DC04700,1551,SIEBURG,"KEIZER, OR 97303",06950164DE,WD,Missing Seller Record,,,,,"BERRY,HERBERT L & CORAL F",1551 SIEBURG ST NE,,,"KEIZER, OR  97303",1948.0,1026.0,1026.0,1026.0,,,,,,0,
47,R29231,,,F660,451,0.95,0.0,032,F00S,4750.0,1970-01-10,12.0,082W03C 02500,,,,00071034,WD,"BURSON,VIRGIL E & GLADYS V","<GRISWOLD,LEE H &","GRISWOLD,EVELYN L",,,"GRISWOLD,LEE H &","GRISWOLD,EVELYN L",6562 GANON SE,,"SALEM, OR  97317",1991.0,,,,,,,,,1,R29230
48,R92214,84982.0,,R461,101,0.17,7303.0,002,R31,11500.0,1970-05-27,33.0,083W03BB06200,275,SOUTHVIEW,"SALEM, OR 97302",06850161,DE,"HARNAR,DOUGLAS C &","HARNAR,LYNN &","HAWKINS,MARY LEE & CLAIRE",,,"MOORHEAD,EARLE C JR &","MOORHEAD,NONA L",275 SOUTH VIEW PL S,,"SALEM, OR  97302",1946.0,1123.0,1123.0,1123.0,,,,,,0,
49,R95385,91290.0,,R511,101,0.35,15451.0,002,M35,5228.0,1970-05-25,0.0,083W09CA02000,1125-1165,LIBERTY,"SALEM, OR 97302",06840131,WD,"SCHEUBREIN,BERT",,,,,"SCHIENO,ANGELO & CAROL D",,,,,1973.0,3468.0,3468.0,3468.0,,,,,,0,
50,R60759,86232.0,,F420,401,20.0,0.0,OSDA.RUR,F33,26000.0,1970-03-30,12.0,093W14  02100,1910,STEIWER,"JEFFERSON, OR 97352",06800633DE,RD,"LAWLER,ARTHUR L &","LAWLER,MARGARET M",,,,"LAWLER,ARTHUR L & MARGARET M","<DAVID,GEORGE O & EDNA &","CARRIGAN,ELAINE K",,,1972.0,1344.0,1344.0,1344.0,,,,1344.0,,0,
