,PROPID,SUBDNUM,MOBILEHOMEPARKCODE,MAINTAREA,PROPCLASS,ACRES,LANDSQFT,LANDSCHEDULE,STATCLASS,SALEPRICE,SALEDATE,SALETYPE,MAPTAXLOT,SITUSNUMBER,SITUSSTREET,SITUSCITYSTATEZIP,DEEDBOOKANDPAGE,DEEDTYPE,SELLERNAME,SELLERADDR1,SELLERADDR2,SELLERADDR3,SELLERCSZ,BUYERNAME,BUYERADDR1,BUYERADDR2,BUYERADDR3,BUYERCSZ,YEARBUILT,BLDGSQFT,LIVINGAREA,FLOOR1SQFT,FLOOR2SQFT,ATTICSQFT,BSMTFINISHEDSQFT,BSMTUNFINISHEDSQFT,QUALITYADJ,NUMADDLPROPS,ADDLPROPIDS
0,R14959,,,F220,551,16.09,0.0,008NGI,A40,16008.0,1971-12-03,12,052W21B 01100,,,,02591883,WD,"LEITH,ALBERT & AMANDA",,,,,"MATLOCK,R D & GLORIA ANN",,,,,,,,,,,,,,0,
1,R14966,,,F220,551,12.0,0.0,008NGI,A40,10184.0,1971-12-03,12,052W21B 00700,,,,02591881,WD,"LEITH,ALBERT & AMANDA",,,,,"MATLOCK,R D & GLORIA ANN",,,,,,,,,,,,,,0,
2,R14975,,,04C,550,11.31,0.0,01ZGI,A60,7234.0,1971-12-03,12,052W16  00900,,,,02591879,WD,"LEITH,ALBERT & AMANDA",,,,,"MATLOCK,R D & GLORIA ANN",,,,,,,,,,,,,,0,
3,R15455,,,F310,551,57.85,0.0,OSDA.RUR,A14,75000.0,1971-03-23,12,061W01  02100,10695,MERIDIAN,"MT ANGEL, OR 97362",02801794,RD,"ELLISON,CLIRE F",,,,,"ATSMA,GERBEN & ANNA",10695 MERIDIAN RD NE,,,"MT ANGEL , OR  97362",1928.0,2153.0,2153.0,1399.0,,754.0,,1287.0,,0,
4,R69659,14094.0,,C001,701,0.74,32234.0,APT.SLM,H11,200000.0,1971-03-01,14,073W22DA04300,761-781,CHURCH,"SALEM, OR 97301",01970369,RD,"EYRE,RALPH M & NELLIE R",,,,,"REANEY,DOROTHY M",4562 CENTURY DR S,,,"SALEM, OR  97302",1966.0,11506.0,11506.0,11506.0,,,,,,0,
5,R70657,18475.0,,R561,101,0.16,7150.0,003,R45,16500.0,1971-11-03,12,083W05AC03800,2265,STARFLOWER,"SALEM, OR 97302",02061671,WD,OHMART & CALABA INC,,,,,"FERDER,PAUL ET AL",3653 GOLDSTONE CT NE,,,"SALEM, OR  97303",1980.0,2037.0,2037.0,1199.0,838.0,,,,,0,
6,R72334,25065.0,,R411,101,0.14,6165.0,015,R21,9000.0,1971-05-21,14,073W23DA08200,1070,18TH,"SALEM, OR 97301",02730684,WD,"NELSON,RASMUS P",,,,,"BEEBE,CARL S & JOY A",,,,,1900.0,1080.0,1080.0,1080.0,,,,,109.0,0,
7,R72910,25867.0,,C001,201,0.5,21663.0,SEC,O91,28000.0,1971-11-01,12,083W04DA08300,3655,LIBERTY,"SALEM, OR 97302",07050377,WD,"BARTON,CARRIE K & WOODRING,G",,,,,"STONE,OTHO",14750 FERNS COMER RD,,,"MONMOUTH, OR  97361",1954.0,1974.0,1974.0,1974.0,,,,,110.0,0,
8,R85409,67542.0,,R461,101,0.09,3996.0,015,R34,12400.0,1971-01-15,14,073W26AB01600,570,18TH,"SALEM, OR 97301",02100179,WD,"HEINKE,EDWARD C & CHARLOTTE M",,,,,"BRECKENRIDGE,GEORGE C & MARY L",570 18TH NE ST NE,,,"SALEM, OR  97301",1940.0,1328.0,1328.0,968.0,,360.0,,744.0,,0,
9,R85573,68593.0,,C001,201,0.45,19732.0,ISC,K20,41000.0,1971-07-01,14,073W35BC01000,1351-1391,HOYT,"SALEM, OR 97302",02600453,RC,"VAN HORN,RALPH E & M CORALIE",,,,,"<MAHAFFEY,WAYNE E & ELLA L",1870 - 13TH ST SE,,,"SALEM, OR  97302",1942.0,6397.0,6397.0,6397.0,,,,,,0,
10,R17650,,,R22U2,101,0.45,19602.0,019,R33,10900.0,1971-01-25,12,061W35AB00500,1061,OAK,"SILVERTON, OR 97381",06410312,RD,"ROBERTS,BEULAH F",,,,,"SESSUMS,WALLACE R & VIRGINIA A",1061 OAK ST,,,"SILVERTON, OR  97381",1943.0,1444.0,1444.0,1444.0,,,,682.0,109.0,0,
11,R86770,74012.0,,R461,101,0.07,3024.0,015,R23,7000.0,1971-08-19,12,073W26AC06100,246,17TH,"SALEM, OR 97301",04310020,RD,"BAKER,JAMES M & LAURA A",,,,,"CHRIST,HELGA",2030 BRUCE ST NE,,,"SALEM, OR  97303",1936.0,604.0,604.0,604.0,,,,468.0,109.0,0,
12,R87183,75215.0,,R36U1,101,0.18,8000.0,014,R31,12500.0,1971-11-01,14,072W30BC08800,536,36TH,"SALEM, OR 97301",01871778,RC,"ERNTSON,RUTH L",,,,,"<RANK,MILDRED R",605 SE 39TH AVE,,,"PORTLAND, OR  97214",1955.0,1190.0,1190.0,1190.0,,,,,109.0,0,
13,R89544,78771.0,,C001,701,0.29,12632.0,APT.SLM,H11,107500.0,1971-06-25,12,073W22DA04400,749-759,CHURCH,"SALEM, OR 97301",03021502,WD,"SCHACKMAN,JOHN D & EDITH M ET AL",,,,,"BUCHHOLZ,WILLARD C & ELIZABETH",5340 WINDSOR ISLAND RD NE,,,"SALEM, OR  97303",1967.0,6534.0,6534.0,6534.0,,,,,,0,
14,R98446,70140.0,,F617,101,0.33,14490.0,03L,R00W,12000.0,1971-08-04,14,105E02AD04100,220,LAKECREST,"DETROIT, OR 97342",02151355,RC,"PATTON,HARRY C",,,,,"<BAKER,LARRY E",10250 SW ARBORCREST WAY,,,"PORTLAND, OR  97383",2002.0,,,,,,,,,0,
15,R19242,,,F260,551,76.04,0.0,036I,A60S,260000.0,1971-07-01,14,062W31B 00200,,,,02700443,RC,"JONES,RONALD E & MADGE B",,,,,"<WOOD,ERNEST L & LORENE D",4598 WARD DR NE,,,"SALEM, OR  97305",1994.0,,,,,,,,,1,R19243
16,R101011,32707.0,,R11F,101,0.2,8625.0,03A,R33,13000.0,1971-06-24,12,061W10AC04900,250,LEO,"MT ANGEL, OR 97362",09580224,WD,"NEAL,ADA BOURBONNAIS",,,,,"FIRMIN,MARY ANN",PO BOX 811,,,"SILVERTON, OR  97381",1923.0,1320.0,1320.0,1320.0,,,,1288.0,,0,
17,R104535,85982.0,,C004,201,0.17,7400.0,3D2,S20,3500.0,1971-01-16,14,091W10DC10400,146,1ST,"STAYTON, OR 97383",06970094,DE,"HOLLAND,OLLIE BLAYLOCK & JOHN",,,,"STAYTON, OR  97383",NORSANCO INC,PO BOX 40,,,"STAYTON, OR  97383",1970.0,1500.0,1500.0,1500.0,,,,,,0,
18,R104546,85982.0,,C004,201,0.0,0.0,,Q3A,10.0,1971-01-18,2,091W10DC03200,118,HIGH,"STAYTON, OR 97383",02710497,BS,"KNIGHT,MABEL E",,,,,"GENTRY,MARGIE",118 E HIGH,,,"STAYTON, OR  97383",,,,,,,,,,0,
19,R105418,86884.0,,C00J,C90,0.0,0.0,,,0.0,1971-01-01,14,081W34CA03500,0,DENNY,"SUBLIMITY, OR 97385",07010695,DE,"LULAY,RALPH M & MACKIE,JOHN J",,,,,"WOURMS,LOWELL D & CONSTANCE M",PO BOX 141,,,"SUBLIMITY, OR  97385",,,,,,,,,,0,
20,R106116,10151.0,,R163,101,0.23,10000.0,049,R35,9500.0,1971-07-20,12,051W07CD09900,488,LINCOLN,"WOODBURN, OR 97071",02090234,WD,"COVEY,LOUISE ET AL",,,,,"HANNON,RONALD P & LYNDA L",488 W LINCOLN ST,,,"WOODBURN, OR  97071",1880.0,1941.0,1941.0,1245.0,696.0,,,,109.0,0,
21,R106130,10151.0,,R163,101,0.11,5000.0,049,R31,11000.0,1971-11-06,14,051W07CD11900,389,LINCOLN,"WOODBURN, OR 97071",02191297,RC,"MANNING,RAY J & HELEN M",,,,,"<CASTILE,GILBERT K ET AL",389 W LINCOLN ST,,,"WOODBURN, OR  97071",1917.0,915.0,915.0,915.0,,,,,109.0,0,
22,R106400,21793.0,,R163,121,0.18,7800.0,048,R32,7000.0,1971-01-09,14,051W18AB06600,178,OSWALD,"WOODBURN, OR 97071",01831629,WD,"PARNESS,CLARENCE C & TILDA S",,,,,"WHITE,HENRY R & RUBY L",178 OSWALD ST,,,"WOODBURN, OR  97071",1911.0,1120.0,1120.0,784.0,,336.0,,,,0,
23,R106572,35715.0,,C003,201,0.23,10000.0,4E4,S10,22500.0,1971-07-31,14,051W07CA03400,695,SETTLEMIER,"WOODBURN, OR 97071",03030585,WD,"SMITH,GLADYS C & JESSE F",,,,,T & C SHOPPING CENTER INC,6149 SW SHATTUCK RD,,,"PORTLAND, OR  97221",1947.0,1810.0,1810.0,1810.0,,,,,,0,
24,R107438,60275.0,,R163,101,0.29,12616.0,049,R31,17500.0,1971-10-11,12,051W18DA04900,1161,WILSON,"WOODBURN, OR 97071",03900349,WD,"BJELLAND,E LYLE & JUDY A",,,,,"MARTUSHEV,IVAN & VASSA",1161 WILSON ST,,,"WOODBURN, OR  97071",1969.0,1400.0,1400.0,1400.0,,,,,,0,
25,R20237,,,R21M,491,8.69,369655.0,005,R41,13500.0,1971-05-24,12,063W34CC00200,1093,BOWDEN,"KEIZER, OR 97303",02081724,RD,"WOELK,FRANK & ANN",,,,,"HARCOURT,DOROTHY M",1093 BOWDEN LN N,,,"SALEM, OR  97303",1960.0,1718.0,1718.0,1718.0,,,,,,1,R20238
26,M126009,,,F460,049,,,,T51,750.0,1971-04-01,13,092W17D 01000,12045,PARRISH GAP,"TURNER, OR 97392",,,"MCNUTT,RONALD D",,,,,Missing Buyer Record,,,,,1956.0,448.0,448.0,448.0,,,,,,0,
27,M131506,,,03E,,,,,T53C,5200.0,1971-03-01,14,092E18BA00300,11114,WAGNER,"LYONS, OR 97358",,,"MCDONALD,CARMEN L",,,,,Missing Buyer Record,,,,,1971.0,900.0,900.0,900.0,,,,,,0,
28,M133193,,M023,M75M,019,,,,T63,6500.0,1971-12-01,13,063W35CB00300,5355,RIVER,"KEIZER, OR 97303",,,"FRAUNFELDER,FRIEDA",,,,,Missing Buyer Record,,,,,1966.0,764.0,764.0,764.0,,,,,,0,
29,R49343,37223.0,,F410,401,0.79,0.0,008S,F31,0.0,1971-10-30,25,093W35CC00600,14780,WHITE,"JEFFERSON, OR 97352",15330168,DC,"OTTO,NORBERT & AGNES",14780 WHITE LN SE,,,"JEFFERSON, OR  97352","OTTO,AGNES",14780 WHITE LN SE,,,"JEFFERSON, OR  97352",1970.0,1294.0,1294.0,1294.0,,,,,109.0,0,
30,R99230,32557.0,,R11A,101,0.11,4792.0,025,R31,0.0,1971-04-28,25,052W26DB02100,220,FIR,"GERVAIS, OR 97026",15510065,DC,"BOWLEY,JOSEPH & ALICE",,,,,"BOWLEY,ALICE",,,,,2004.0,1056.0,1056.0,1056.0,,,,,,0,
31,R22482,,,F260,451,0.39,0.0,009C,F09,100.0,1971-06-17,14,072W08  00200,5373,SILVERTON,"SALEM, OR 97305",02261715,RD,"WINN,DALE R & ESTHER E",,,,,"FLETCHER,NORMAN & IDRES C",5373 SILVERTON RD,,,"SALEM, OR  97303",2003.0,,,,,,,,,0,
32,R23868,,,F260,401,0.97,0.0,009C,F09R,12600.0,1971-09-27,12,072W29AD00600,5260,AUBURN,"SALEM, OR 97317",02891959,WD,"LUKE,VERNON D & DOROTHY F",,,,,"COOPER,GERALD C & DORIS M",5260 AUBURN ROAD NE,,,"SALEM, OR  97301",2002.0,1755.0,1755.0,1755.0,,,,,,0,
33,R25437,,,R26M,101,0.33,14374.0,044,R31,8000.0,1971-03-03,12,073W03AB09400,772,CHEMAWA,"KEIZER, OR 97303",04370461,WD,"ERNEST,ADELINE EULALA",,,,,"HARDMAN,RICHARD G & NEOLA E",1887 WATER ST N.E.,,,"SALEM, OR  97303",1925.0,2613.0,2613.0,2613.0,,,,,,0,
34,R26222,,,C001,701,1.19,51836.0,APT.SLM,H11,20000.0,1971-12-31,12,073W13BD03800,3100-3190,EVERGREEN,"SALEM, OR 97301",08440115,WD,"MOORE,MARVIN E & MARIAN L",,,,,"DEPUY,MABEL L",527 JOSEPH CT SE,,,"SALEM, OR  97302",1998.0,19362.0,19362.0,19362.0,,,,,,0,
35,R26763,,,R461,101,0.24,10454.0,015,R37,4044.0,1971-06-01,14,073W23DC09100,587,STATESMAN,"SALEM, OR 97301",01921565,RC,"BANGS,LAWRENCE R & SHIRLEY",,,,,PACIFIC INTERNATIONAL IND LTD,,,,,1900.0,1868.0,1868.0,1146.0,722.0,,,698.0,109.0,0,
36,R26821,,,R411,101,0.07,2856.0,015,R33,16500.0,1971-09-17,12,073W23DB12300,970,14TH,"SALEM, OR 97301",03150620,WD,"MCMILLAN,ELMO W",,,,,"MILLER,VERDAYNE L & CAROL L",9451 SMITH RD SE,,,"AUMSVILLE, OR  97325",1924.0,1228.0,1228.0,810.0,,,418.0,,,0,
37,R27406,,,R461,101,0.28,12200.0,015,R34,18000.0,1971-12-01,14,073W26AD04100,240,24TH,"SALEM, OR 97301",01891087,RC,"HALL,DAVID B & ANN STEIN",,,,,"<MARCROFT,JOSEPH W JR & BERNICE",240 24TH NE,,,"SALEM, OR  97301",1924.0,1872.0,1872.0,1296.0,,576.0,,1276.0,109.0,0,
38,R29308,,,F660,401,1.51,0.0,009S,F42,10.0,1971-10-15,12,082W03A 01300,,,,01840186,RD,"DIBACCO,FRANK & WILLA V",,,,,"DE MARTINO,DAVID J & ROSALIE L",7162 DARLING SE,,,"SALEM, OR  97302",,2660.0,2660.0,2268.0,,392.0,,,,0,
39,R29333,,,F460,551,10.34,0.0,009SG,A23,19900.0,1971-03-30,12,082W04C 01600,3045,DEER PARK,"SALEM, OR 97317",10060107,RD,"CHASE,RICHARD O & SHIRLEY G",,,,,"HUDSON,LAURENCE L SR",3015 DEER PARK DR SE,,,"SALEM, OR  97301",1947.0,1734.0,1734.0,1734.0,,,,,91.0,1,R29348
40,R30647,,,F660,551,4.7,0.0,OSDA.RUR,A23,20700.0,1971-08-18,14,082W26A 01300,8444,OLNEY,"SALEM, OR 97317",02031176,RC,"WARREN,CHARLES N & DORA M",,,,,"<NASH,DAREN B & DIXIE A",1104 V ST,,,"VANCOUVER, WA  98661",1952.0,1510.0,1510.0,1510.0,,,,,109.0,0,
41,R30647,,,F660,551,4.7,0.0,OSDA.RUR,A23,20700.0,1971-08-18,12,082W26A 01300,8444,OLNEY,"SALEM, OR 97317",02440136,WD,"WARREN,CHARLES N & DORA M",,,,,"NASH,DAREN B",,,,,1952.0,1510.0,1510.0,1510.0,,,,,109.0,0,
42,R37018,,,F410,451,1.0,0.0,008S,F31,15000.0,1971-11-10,12,103W01AA00600,3293,JEFFERSON MARION,"JEFFERSON, OR 97352",04940329,RD,"SHEFFIELD,ORVILLE E &","SHEFFIELD,ESTHER L",,,,"MCDONALD,M L & BETTY JEAN",3293 JEFFERSON-MARION RD SE,,,"JEFFERSON, OR  97352",1935.0,1122.0,1122.0,1122.0,,,,676.0,,0,
43,R37363,,,F410,451,0.88,38172.0,008S,F42,0.0,1971-05-28,6,103W13B 02200,17082,WEDDLE,"JEFFERSON, OR 97352",03581070,RD,"LEA,DONALD M",,,,,"LEA,JANIE ALINE",17082 WEDDLE RD SE,,,"JEFFERSON, OR  97352",2005.0,2882.0,2882.0,1441.0,1441.0,,,,91.0,0,
44,R38371,,,F360,401,1.43,0.0,008C,F09R,8500.0,1971-11-30,18,071E06C 00100,15905,OAK RIDGE,"SILVERTON, OR 97381",02930396,WD,"FACKLER,E JOHN & ROXANA M",,,,,"LEIKEM,ROBERT G & TRACY I ET AL",SAN DIEGO CA,,,,,3738.0,3738.0,3738.0,,,,,,0,
45,R39137,,,F360,640,38.64,0.0,032,A90,31800.0,1971-12-30,14,071E35C 00200,,,,03261538,RC,"HEDLIND,GEORGE",,,,,"<DESANTIS,ANTHONY & SHARON",RT 3 BOX 120,,,"RUPERT, ID  83350",,,,,,,,,,0,
46,R41097,,,F620,661,18.79,11088.0,03PA,A90,12000.0,1971-01-01,33,092E18A 00400,22568,WAGNER,"LYONS, OR 97358",07200320,DE,"LINDEMANN,FRED",,,,,"SLATER,ALAN D &","SLATER,MARY L",PO BOX 98,,"MEHAMA, OR  97384",,,,,,,,,,2,R41098;R82075
47,R42273,,,F617,101,0.1,4368.0,03J,R46,7500.0,1971-06-11,14,105E02AD09200,110,SHORT,"DETROIT, OR 97342",07930246,RD,"RUTHERFORD,HARRY W",,,,,"RUSSO,PETE &","RUSSO,DOROTHY J",17400 NE HILLSBORO HY,,"NEWBERG, OR  97132",2003.0,1864.0,1864.0,840.0,744.0,280.0,,,91.0,0,
48,R43302,7883.0,,R42U1,101,0.14,6000.0,015,R31,49500.0,1971-02-25,12,072W32BB15400,4778,ADOBE,"SALEM, OR 97317",04580340,RD,"KEETON,JOHN C & PHYLLIS A",,,,,"MCBRIDE,WOLFGANG W & CARROLL E",4778 ADOBE ST SE,,,"SALEM, OR  97301",1972.0,1280.0,1280.0,1280.0,,,,,109.0,0,
49,R135585,,,,,,,,,30000.0,1971-09-21,12,,0,,,04720082,WD,"GARREN,ROSE V",,,,,"BIGEY,JACK R ET AL",1220 NO PACIFIC HWY,,,"WOODBURN, OR  97071",,,,,,,,,,0,
50,R47274,23322.0,,R41U1,101,0.2,8500.0,015,R31,19500.0,1971-08-31,14,072W31AA12600,438,EASTLAND,"SALEM, OR 97317",01830865,RC,"WILSON,EDDIE L SHIRLEY ANN",,,,,"<ROWLES,BERT E & FRANCES M",438 EASTLAND SE,,,"SALEM, OR  97301",1972.0,1286.0,1286.0,1286.0,,,,,109.0,0,
51,R13481,,,C0003,201,3.2,139540.0,,D10,125000.0,1971-09-20,12,051W17CB01300,280,PACIFIC,"WOODBURN, OR 97071",02561517,WD,"WORKMAN,BENARE H & DONNA",,,,,"MC SMITH,M R & JUNE L",PO BOX 338,,,"WOODBURN, OR  97071",1971.0,14660.0,14660.0,14660.0,,,,,,0,
52,R51896,46228.0,,R21M,101,0.43,18915.0,044,R32,20000.0,1971-08-10,12,063W34CD06600,5195,WINDSOR ISLAND,"KEIZER, OR 97303",03770233,RD,"WILEY,LEONA M",,,,,"LEEK,LARRY ALBERT",5195 WINDSOR ISLAND RD N,,,"SALEM, OR  97303",1924.0,1533.0,1533.0,963.0,,570.0,,,109.0,0,
53,R13876,,,R163,101,0.14,6050.0,049,R31,8000.0,1971-08-23,12,051W18DA01400,1444,CLEVELAND,"WOODBURN, OR 97071",02621864,RD,"RAPPE,FRANK E & GRACE",,,,,"HAGEN,HOWARD R",1444 E CLEVELAND ST,,,"WOODBURN, OR  97071",1954.0,808.0,808.0,808.0,,,,,,0,
54,R14014,,,F330,551,101.22,0.0,008NGI,A60,97000.0,1971-01-30,12,051W21  02800,,,,02511689,RD,"SEETHOFF,AMANDA",,,,,"VISTICA,CARL IVAN & VEDA G",RT 2 BX 28,,,"WOODBURN, OR  97071",,,,,,,,,,1,R14015
55,R53840,53775.0,,R42U1,101,0.15,6500.0,015,R35Z,34000.0,1971-06-11,15,072W32CB09400,4721,RAFFON,"SALEM, OR 97317",02520719,WD,Missing Seller Record,,,,,ALPHA CONSTRUCTION CORP,112 GLYNBROOK N,,,"SALEM, OR  97303",1981.0,1088.0,1088.0,544.0,544.0,,,,,0,
56,R55565,59726.0,,R36U1,101,0.19,8320.0,015,R31,8875.0,1971-04-24,12,072W18AA05300,4650,ARIZONA,"SALEM, OR 97305",02731086,WD,"BROTT,FRANK J & DORA S",,,,,"GOMEZ,CRISTOBEL W & ELVIRA",,,,,1949.0,1148.0,1148.0,1148.0,,,,,91.0,0,
57,R14300,,,F330,551,8.76,0.0,OSDA.RUR,A03E,15001.0,1971-06-01,14,051W32  00200,11530,WAGNER,"MT ANGEL, OR 97362",01950627,RC,"WAGNER,JOSEPH C & TERESA K",,,,,"<WAGNER,DAVID F & JUDY",12367 BARON ROAD NE,,,"WOODBURN, OR  97071",1914.0,1712.0,1712.0,988.0,724.0,,,724.0,,0,
58,R58069,69661.0,,R31U1,101,0.23,10200.0,002,R41,24500.0,1971-11-05,0,072W05CC09600,4585,GRABER,"SALEM, OR 97305",V07160374,WD,Missing Seller Record,,,,,"EBERHARDT,CLIFFORD E &","EBERHARDT,DOROTHY MAE",,,,1971.0,1860.0,1860.0,1860.0,,,,,,0,
59,R52777,49880.0,,F360,F99,0.15,6650.0,030,,130000.0,1971-07-31,0,041W22DD01100,,DIAMOND LAKE,"AURORA, OR 97002",07180064DE,BS,,,,,,PRIVATE STREET,ASSESSED WITH ADJACENT,LOTS WHICH OWN UNDIVIDED,INTERESTS,,,,,,,,,,,0,
60,R52776,49880.0,,F360,F99,0.08,3650.0,030,,130000.0,1971-07-31,0,041W22DD01900,,CRATER LAKE,"AURORA, OR 97002",07180064DE,BS,,,,,,PRIVATE STREET,ASSESSED WITH ADJACENT,LOTS WHICH OWN UNDIVIDED,INTERESTS,,,,,,,,,,,0,
61,R52775,49880.0,,F360,F99,0.21,9550.0,030,,130000.0,1971-07-31,0,041W22DD02600,,BLUE LAKE,"AURORA, OR 97002",07180064DE,BS,,,,,,PRIVATE STREET,ASSESSED WITH ADJACENT,LOTS WHICH OWN UNDIVIDED,INTERESTS,,,,,,,,,,,2,R52723;R52725
62,R105927,1.0,,R163,121,0.1,4514.0,049,R34,13500.0,1971-12-11,12,051W18BA01500,416,2ND,"WOODBURN, OR 97071",15950144,WD,"GILLETTE,W M & ELISE M","<MEZA,ANTONIA",416 N 2ND ST,,"WOODBURN, OR  97071","MEZA,JOSE H & ANTONIA &","MEZA,ANTONIO",416 N 2ND ST,,"WOODBURN, OR  97071",1917.0,3038.0,3038.0,1286.0,,912.0,840.0,,,0,
63,R47863,28533.0,,R24M,100,0.93,40326.0,003,,22500.0,1971-02-19,14,063W26CD05000,6600 BLK,WHEATLAND,"KEIZER, OR 97303",06980355,DE,Missing Seller Record,,,,,"CARMICHAEL,DONALD M &","CARMICHAEL,NINA",,,,,,,,,,,,,2,R47864;R47865
64,R38939,,,F360,551,4.9,0.0,OSDA.RUR,A94S,0.0,1971-12-30,14,071E26  01000,19021,POWERS CREEK,"SILVERTON, OR 97381",07550468DE,WD,"MAULDING,DARRELL G & RUBY",18663 POWERS CREEK LOOP NE,,,"SILVERTON, OR  97381","PERRINE,SHIRLEY &","PERRINE,PETER D",PO BOX 1023,,"SILVERTON, OR  97381",1973.0,1745.0,1745.0,1745.0,,,,288.0,,0,
65,R57935,69648.0,,R32U1,101,0.3,13000.0,002,R41,25000.0,1971-12-29,14,072W06DD03600,4532,HARLAN,"SALEM, OR 97305",07190035DE,WD,"RICHTER,EUGENE & JUNE",,,,,"OLSON,LEONARD M & BARBARA",4532 HARLAN,,,"SALEM, OR  97305",1971.0,1541.0,1541.0,1541.0,,,,,,0,
66,R24251,,,R41U1,101,0.19,8200.0,015,R41,21600.0,1971-11-30,0,072W31AD06500,4536,PENNSYLVANIA,"SALEM, OR 97317",07170494,WD,"ZUMSTEIN,FRANK J &","ZUMSTEIN,JOSEPHINE E",,,,"JOHNSON,LLOYD &","JOHNSON,RUBY",4536 PENNSYLVANIA AV SE,,"SALEM, OR  97317",1971.0,1391.0,1391.0,1391.0,,,,,91.0,0,
67,R44280,11310.0,,R25M,101,0.17,7260.0,044,R31,15950.0,1971-01-04,0,073W02CA00500,4665,THORMAN,"KEIZER, OR 97303",06960219DE,WD,"GIDDINGS,DAVID G & LEONE G",,,,,"MCKNIGHT,ALVA H & CARENA",,,,,1951.0,1180.0,1180.0,1180.0,,,,,,0,
68,R55682,59726.0,,R36U1,101,0.37,16100.0,015,R31,22000.0,1971-10-18,14,072W17BC12300,4728,INDIANA,"SALEM, OR 97305",07150203DE,MI,"BANICK,BOBBY R & LYDA M",,,,,"GUTHNER,DENNIS R &","GUTHNER,JOYCE",,,,1968.0,1544.0,1544.0,1544.0,,,,,109.0,1,R95899
69,R77672,40964.0,,R461,101,0.16,6930.0,003,R43,22500.0,1971-09-02,0,073W34CB10900,215,BOICE,"SALEM, OR 97302",07110488DE,WD,"CALLAHAN,LYNN J &","CALLAHAN,MARILYN J",,,,"MCDERMEIT,ELDON G &","MCDERMETT,CHARYEL",215 BOICE ST S,,"SALEM, OR  97302",1950.0,2064.0,2064.0,1356.0,,,708.0,648.0,110.0,0,
70,R80940,50454.0,,R461,101,0.3,12900.0,003,R41,,1971-12-16,13,083W04BA07000,3170,CAMELLIA,"SALEM, OR 97302",07190187DE,MI,"SCHAFFER,JERRY E &","SCHAFFER,DOROTHY ANN",,,,"SCHWARTZ,RICHARD K &","SCHWARTZ,KAY M",3170 CAMELLIA DR S,,"SALEM, OR  97302",1969.0,1992.0,1992.0,1992.0,,,,,,0,
71,R81504,51662.0,,R521,101,0.19,8466.0,002,R41,21000.0,1971-07-08,0,083W10BC05100,418,IDYLWOOD,"SALEM, OR 97302",07070013DE,WD,"CHAMBERLAIN,LYNN","CHAMBERLAIN,LYDIA",,,,"LOCKE,CHARLES B & CAROL L",418 IDYLWOOD DR SE,,,"SALEM, OR  97302",1961.0,1317.0,1317.0,1317.0,,,,,91.0,0,
72,R41004,,,F620,400,2.38,0.0,03PA,,4500.0,1971-10-08,0,092E17AD00100,23991,DR,"LYONS, OR 97358",07140026DE,MI,"WILLIAMSON,E M &","WILLIAMSON,CATHERINE E",,,,"HOLBROOK,ROY E & LUANNA B",,,,,,,,,,,,,,0,
73,R36375,,,F420,550,44.0,0.0,008S,A40,,1971-06-16,12,093W18  00200,0,,,17690043,WD,BACK TO THE BIBLE BROADCAST,"<PRUETT,MILDRED E ET AL",%WALT HASKINS,830 VENTURA ST N,"SALEM, OR  97303","GEMMELL,MILDRED E",805 SHADOW RANCH LN,,,"ROSEBURG, OR  97470",,,,,,,,,,0,
