,PROPID,SUBDNUM,MOBILEHOMEPARKCODE,MAINTAREA,PROPCLASS,ACRES,LANDSQFT,LANDSCHEDULE,STATCLASS,SALEPRICE,SALEDATE,SALETYPE,MAPTAXLOT,SITUSNUMBER,SITUSSTREET,SITUSCITYSTATEZIP,DEEDBOOKANDPAGE,DEEDTYPE,SELLERNAME,SELLERADDR1,SELLERADDR2,SELLERADDR3,SELLERCSZ,BUYERNAME,BUYERADDR1,BUYERADDR2,BUYERADDR3,BUYERCSZ,YEARBUILT,BLDGSQFT,LIVINGAREA,FLOOR1SQFT,FLOOR2SQFT,ATTICSQFT,BSMTFINISHEDSQFT,BSMTUNFINISHEDSQFT,QUALITYADJ,NUMADDLPROPS,ADDLPROPIDS
0,R14773,,,R16U3,101,0.35,15246.0,049,R31,2650.0,1972-03-26,14,052W13BD00200,15198,STUBB,"GERVAIS, OR 97026",01970908,BS,"BRUMBAUGH, ROLAND JAMES &CAROL M",,,,,"BRUMBAUGH,CHARLES R & BERNICE M",R1 BX150,,,"HUBBARD, OR  97032",1920.0,1157.0,1157.0,1157.0,,,,,,0,
1,R61484,87498.0,,F460,401,6.09,15000.0,009S,F21,0.0,1972-09-26,36,083W21DC00100,330,REES HILL,"SALEM, OR 97306",05890317,DE,"CLINE,WALTER M & ADA M",,,,,"ZINK,LEEROY C III & GENEVA D",330 REES HILL RD SE,,,"SALEM, OR  97306",1940.0,1356.0,1356.0,1356.0,,,,,109.0,2,R61485;R83877
2,R15002,,,F330,551,10.95,0.0,OSDA.RUR,A49S,9000.0,1972-09-16,18,052W23  01400,14107,BUTTEVILLE,"GERVAIS, OR 97026",04250176,WD,"WARD,JAMES A & HELEN A",,,,,"CAVEN,MICHAEL J & JOAN E",9349 CROSBY ROAD,,,"WOODBURN, OR  97071",2004.0,,,,,,,,,0,
3,R67045,7083.0,,15C,701,0.301,13110.0,,H11,67000.0,1972-10-25,18,073W26DA14600,2450,STATE,"SALEM, OR 97301",08580422,WD,"FRICKEY,HERSCHEL B",,,,,"<WEEKS,JACK F ETAL",1976 HARBORVIEW DR,,,"OLYMPIA, WA  98502",2000.0,5916.0,5916.0,2940.0,2976.0,,,,,0,
4,R67362,8384.0,,R461,101,0.14,6250.0,014,R31,0.0,1972-10-25,6,073W35AA07000,2380,CLAUDE,"SALEM, OR 97301",06400247,RD,"STANDLEY,ANNIE M",,,,,"STANDLEY,PATRICIA ANN",2380 CLAUDE ST SE,,,"SALEM, OR  97301",1929.0,808.0,808.0,808.0,,,,,,0,
5,R68378,10767.0,,R461,101,0.11,4800.0,015,R35,6000.0,1972-10-12,14,073W26CA02900,330,16TH,"SALEM, OR 97301",07370115,DE,"VOGT,HOWARD N & BETTY C",,,,,"LUNDIN,THOMAS D &","LUNDIN,PATRICIA L",330 16TH ST SE,,"SALEM, OR  97301",1900.0,1369.0,1369.0,1052.0,317.0,,,,,0,
6,R68721,10935.0,,R361,101,0.21,8946.0,015,R32,1.0,1972-02-11,35,073W12CD05500,3435,ABRAMS,"SALEM, OR 97301",03091601,LE,"KIRKPATRICK,ANNA",,,,,"KIRKPATRICK,ANNA (LE)",3435 ABRAMS AVE NE,,,"SALEM, OR  97303",1940.0,532.0,532.0,532.0,,,,,91.0,0,
7,R68734,10935.0,,R361,101,0.21,9198.0,015,R32,10000.0,1972-06-19,18,073W13BA07700,3265,ABRAMS,"SALEM, OR 97301",02940192,WD,"MC DULIN,UNA BELLE",,,,,"HARP,BURTON L & CLARINE B",,,,,1939.0,1136.0,1136.0,800.0,,336.0,,,,0,
8,R68734,10935.0,,R361,101,0.21,9198.0,015,R32,10000.0,1972-06-01,18,073W13BA07700,3265,ABRAMS,"SALEM, OR 97301",02940195,WD,"HARP,BURTON L & CLARINE B",,,,,"GIPE,GEORGE JR & JANE Y",,,,,1939.0,1136.0,1136.0,800.0,,336.0,,,,0,
9,R71034,19939.0,,R461,101,0.14,6000.0,014,R21,0.0,1972-06-20,12,073W26CD07400,1595,LEE,"SALEM, OR 97302",02110496,WD,"BENTZ,MAXWELL D",,,,,"RUDY,WAYNE & LENA ANN",,,,,1910.0,648.0,648.0,648.0,,,,,,0,
10,R71673,22893.0,,R361,101,0.19,8320.0,015,R31,13750.0,1972-04-08,12,073W13AD03500,3010,BYRAM,"SALEM, OR 97301",07990115,RD,"MULL,FRED L JR",,,,,"BAKER,JOHN F",999 MC GILCHRIST SE,,,"SALEM, OR  97302",1961.0,1440.0,1440.0,1440.0,,,,,,0,
11,R72582,25867.0,,C001,201,0.14,5900.0,1A6,S20,14400.0,1972-06-08,14,083W03BB08100,245,SALEM HEIGHTS,"SALEM, OR 97302",01890509,RC,"DRIESSLER,LILLIAN A",,,,,"KOSTELECKY,DENNIS D ET AL","%HUMAN,ESTOL H & VIOLA M",4121 CROISAN CREEK RD S,,"SALEM, OR  97302",,1544.0,1544.0,1544.0,,,,,,0,
12,R75489,33908.0,,C001,201,0.63,27550.0,PRIM,O91,14250.0,1972-02-29,12,083W14CA00700,5514,COMMERCIAL,"SALEM, OR 97306",02411612,RD,"CARTER,JESSE R & MILDRED M R",,,,,"MENDEZ,STEVE B & CRISTINA R",5514 COML ST SE,,,"SALEM, OR  97302",1920.0,1144.0,1144.0,1144.0,,,,1144.0,,0,
13,R16869,,,F320,551,24.94,0.0,OSDA.RUR,A24,46000.0,1972-07-31,12,061W29  01100,6712,TORVEND,"SILVERTON, OR 97381",04260414,WD,"KALLHOFF,LEO R & MARY R",,,,,"ZILKO,ORVILLE & MARGARET",6712 TORVEND RD NE,,,"SILVERTON, OR  97381",1920.0,2145.0,2145.0,1725.0,,420.0,,1308.0,,0,
14,R16947,,,F320,551,50.02,0.0,008CGI,A30,55000.0,1972-01-08,14,061W32  01500,,,,02401074,RD,"HERRIFORD,ANNA I OHRT",,,,,"MALLORIE,ROBERT J & JUANITA M",308 W MAIN ST,,,"SILVERTON, OR  97381",,,,,,,,,,0,
15,R17021,,,F320,551,9.44,0.0,OSDA.RUR,A23,0.0,1972-05-31,18,061W33B 01900,11614,HAZELGREEN,"SILVERTON, OR 97381",09000348,WD,"<ROY,MICHAEL T & SHARON L",,,,,"<ROY,MICHAEL T & SHARON L",11614 HAZELGREEN RD NE,,,"SILVERTON, OR  97381",1917.0,1444.0,1444.0,884.0,,560.0,,144.0,,0,
16,R81936,54816.0,,C001,C10,24.85,1082297.0,ISI,,33000.0,1972-05-31,12,082W05A 03200,5240,GAFFIN,"SALEM, OR 97317",11800584,WD,"FRIESS,ROBERT C",,,,,"LAMBERT,MEL & PAULINE",1364 WILSHIRE DR,,,"STAYTON, OR  97383",,,,,,,,,,0,
17,R81958,55868.0,,R641,101,0.34,14810.0,002,R41,3000.0,1972-09-06,0,083W02CB05300,3656,MARLIN,"SALEM, OR 97302",07340356DE,WD,HILL VILLA ESTATES,,,,,"RAVEN,WILBUR H & EVELYN",3656 MARLIN CT SE,,,"SALEM, OR  97302",1972.0,1990.0,1990.0,1990.0,,,,,,0,
18,R82985,62014.0,,R521,101,0.24,10500.0,002,R43,27500.0,1972-01-08,14,083W10CD08900,530,JUNEAU,"SALEM, OR 97302",01880544,RC,BENJ FRANKLIN FED SAVINGS & LOAN,,,,,"<ZIMMERMAN,ERNEST J",1 SW COLUMBIA AVE,,,"PORTLAND, OR  97258",1969.0,2037.0,2037.0,1443.0,,,594.0,,,0,
19,R17591,,,R222,101,0.42,18400.0,020,R41V,3600.0,1972-06-12,14,061W35AC02000,1105,MAIN,"SILVERTON, OR 97381",07280550DE,DE,Missing Seller Record,,,,,"QUALEY,ROBERT BRUCE &","QUALEY,MARGARET M",,,,1972.0,1800.0,1800.0,1800.0,,,,,91.0,0,
20,R86106,72457.0,,R461,101,0.12,5250.0,003U,R31,10.0,1972-07-01,12,073W34AB15900,1730,COTTAGE,"SALEM, OR 97302",03091356,WD,"WHEELER,MARK L B & AUDREY A",,,,,"WHEELER,ERNESTINE M",PO BOX 183,,,"SALEM, OR  97308",1947.0,825.0,825.0,825.0,,,,,,0,
21,R88655,78503.0,,R361,101,0.14,6020.0,015,R31,38950.0,1972-01-22,12,072W19DA01600,4657,LORDS,"SALEM, OR 97301",12910574,RD,"NABER,BEN F & LILLIAN A",,,,,"BURNETT,JOYCE G",4657 LORDS CT NE,,,"SALEM, OR  97301",1976.0,1066.0,1066.0,1066.0,,,,,,0,
22,R89244,78771.0,,C001,024,0.08,3700.0,5D6,S30,70000.0,1972-01-01,26,073W27AB07000,372,STATE,"SALEM, OR 97301",02370814,WD,"PAULUS,FRED H",,,,,BILL BEARD SPORTING GOODS INC,1556 CHURCH ST NE,,,"SALEM, OR  97303",1905.0,5267.0,5267.0,5267.0,,,,1960.0,,0,
23,R89269,78771.0,,C001,201,0.29,12605.0,PRIM,O91,40000.0,1972-09-11,12,073W27BD03100,765,LIBERTY,"SALEM, OR 97301",04830467,WD,"MERRITT,HENRIETTA S",,,,,"BOISE,EVAN B",875 PROSPECT PLACE S,,,"SALEM, OR  97302",1911.0,2896.0,2896.0,2896.0,,,,1118.0,,0,
24,R90261,82524.0,,R461,101,0.13,5520.0,015,R31,14500.0,1972-08-04,14,073W26DA10700,2460,TRADE,"SALEM, OR 97301",01870165,RC,"PARKHURST,BESSIE LOUISE",,,,,"<TIBBOTT, AUDREY E",P O BOX 3431,,,"SALEM, OR  97302",1920.0,1108.0,1108.0,1108.0,,,,896.0,109.0,0,
25,R18313,,,F210,550,22.61,0.0,035I,A40,25950.0,1972-12-22,12,062W08  01100,,,,02691824,WD,"ASPINWALL,CLARENCE & LUCILLE",,,,,"DUGGER,VIRGIL E",,,,,,,,,,,,,,0,
26,R94935,90075.0,,R461,101,0.24,10625.0,002,R41,18500.0,1972-09-29,14,083W02BD09800,1443,GEORGIA,"SALEM, OR 97302",01861367,RC,"OAKLEY,RAY H & LILLIE M",,,,,"MC CLEARY,RALPH T & VIOLA",1443 GEORGIA SE,,,"SALEM, OR  97302",1955.0,1215.0,1215.0,1215.0,,,,,91.0,0,
27,R95101,90988.0,,C001,C50,0.17,7500.0,,G60,6100.0,1972-04-27,7,073W27DA06300,740,WINTER,"SALEM, OR 97302",02131516,BS,"KIMBALL,REID R",,,,,"VICKERY,C CD R ET AL",740 WINTER ST SE,,,"SALEM, OR  97301",,,,,,,,,,0,
28,R95297,90988.0,,R461,101,0.14,6162.0,015,R35,9000.0,1972-08-28,12,073W26CB01100,558,14TH,"SALEM, OR 97301",06740102,WD,"GATTS,MILDRED L",,,,,"ZEEK,ALVIN O & MARY",1291 62ND AVE SE,,,"SALEM, OR  97301",1910.0,1348.0,1348.0,932.0,416.0,,,,,0,
29,R96063,95247.0,,R521,101,0.22,9450.0,002,R41,26000.0,1972-06-30,0,083W10CC03700,4930,LONE OAK,"SALEM, OR 97302",07300450,DE,Missing Seller Record,,,,,"TOY,JAMES M &","TOY,AUDREY JANE",,,,1968.0,1554.0,1554.0,1554.0,,,,,91.0,0,
30,R96319,97315.0,,R461,101,0.11,5000.0,015,R31,9000.0,1972-08-01,14,073W26AD07900,440,23RD,"SALEM, OR 97301",02141383,RC,"HOLOUBEK,THOMAS J & EDITH J",,,,,"<HOCHSTETLER,PAUL E & ILA J",4124 CORDON RD NE,,,"SALEM, OR  97303",1927.0,1165.0,1165.0,1165.0,,,,,,0,
31,R96735,99785.0,,C001,201,0.08,3550.0,SEC,K20,13500.0,1972-08-17,14,073W27DD02300,1185,HINES,"SALEM, OR 97302",03060107,WD,"BURLINGTON,IVAH B HARRIS",,,,,"FOSTER,GERALD L & MARGARET ET AL",,,,,,2160.0,2160.0,2160.0,,,,,,0,
32,R96835,99786.0,,C001,701,0.34,14811.0,APT.SLM,H11,89000.0,1972-05-25,12,073W34AA09700,1155-1173,HOWARD,"SALEM, OR 97302",12720183,RD,"LOVE,JAMES S & JANE R",,,,,"KARO,JOAN M",P O BOX 5552,,,"SALEM, OR  97304",1962.0,7392.0,7392.0,7392.0,,,,,,0,
33,R98157,36015.0,,F617,101,0.17,7400.0,03J,R42,16000.0,1972-10-10,12,105E02DA02500,175,SANTIAM,"DETROIT, OR 97342",02451176,WD,RAYMOND ORVILLE B & DIANA J,,,,,"STOWITSCHEK,FRED J & MILDRED",1030 70TH AVE SE,,,"SALEM, OR  97301",2004.0,1596.0,1596.0,1026.0,,570.0,,,,0,
34,R98201,36015.0,,C007,200,0.32,13750.0,STOWN,,2000.0,1972-02-04,14,105E01BC15800,210,FRONT,"DETROIT, OR 97342",02670691,RD,"PATTON,HARRY C & ROWENA E",,,,,"JACOBSEN,MELVIN L & BETTY L",1441 E MAIN ST,,,"MONMOUTH, OR  97361",,,,,,,,,,1,R98221
35,R98727,27612.0,,R128,101,0.14,6200.0,055,R09,10650.0,1972-10-04,14,041W17CA01700,10882,OAK,"DONALD, OR 97020",03201540,WD,"STEELE,BRUCE D & ANNE L",,,,,"HINCKLEY,WILLIAM P & M JUNE",709 7TH STREET,,,"OREGON CITY , OR  97045",,,,,,,,,,0,
36,R99432,32557.0,,R11A,101,0.14,6259.0,025,R41,0.0,1972-05-01,6,052W26BD00100,770,HEMLOCK,"GERVAIS, OR 97026",04540223,BS,"PFEIFER,EUGENE J ETAL",,,,,BRIDGECREEK ASSOCIATION DBA,PO BOX 511,,,"SILVERTON, OR  97381",2006.0,1443.0,1443.0,1443.0,,,,,,0,
37,R99996,43179.0,,F61C,101,0.15,6500.0,03K,R32,0.0,1972-05-10,14,106E16CD03400,145,MAIN,"IDANHA, OR 97350",01961768,RC,"BENTON,DALLAS & SARAH",,,,,"<EOAS,LEE & PEARL",PO BX428,,,"IDANHA, OR  97350",1940.0,1352.0,1352.0,936.0,,416.0,,,,0,
38,R100485,44834.0,,C00D,201,0.24,10470.0,STOWN,D30,36000.0,1972-02-28,12,103W11AD05500,0,MAIN,"JEFFERSON, OR 97352",02740552,RD,"KNODELL,G C & LUDY B",,,,,"OBERSON,ALVIN L & PEARL C",834 SCENIC DR NW,,,"ALBANY, OR  97321",1961.0,2379.0,2379.0,2035.0,,344.0,,688.0,,0,
39,R100511,44834.0,,C00D,201,0.32,14096.0,2F1,K90,12500.0,1972-02-03,14,103W11AA02200,298,2ND,"JEFFERSON, OR 97352",02761451,WD,"KIPPER,RAY J & ELAINE G",,,,,"MITCHELL,HARVEY D & ETHEL N",,,,,1920.0,4368.0,4368.0,4368.0,,,,,,0,
40,R100802,98371.0,,C00D,781,0.25,10700.0,APT.SLM,M35,10.0,1972-08-23,12,103W11DD01000,655,MAIN,"JEFFERSON, OR 97352",07330628,WD,Missing Seller Record,,,,,"HAMBY,ELLIS & JOAN &","TIERCE,JOSEPH C & MIRIAM A",111 S 2ND,,"JEFFERSON, OR  97352",1975.0,3120.0,3120.0,3120.0,,,,,,0,
41,R102977,82374.0,,C002,201,0.0,0.0,,G60,13000.0,1972-09-01,12,061W35CB00700,108,WATER,"SILVERTON, OR 97381",03730134,WD,"NORTON,ROBERT L & EUNICE",,,,,"ROLIE,LOREN",120 5TH,,,"SILVERTON, OR  97381",,,,,,,,,,0,
42,R105581,90525.0,,R61K,101,0.05,2250.0,011,R31Z,0.0,1972-10-15,29,082W29DD05200,5340,ELGIN,"TURNER, OR 97392",04400499,DE,"KIRSCH,LUCILLE",,,,,TURNER MEMORIAL HOME,5340 ELGIN ST SE,,,"TURNER, OR  97392",1973.0,836.0,836.0,836.0,,,,,109.0,0,
43,R106127,10151.0,,R163,101,0.11,5000.0,049,R42,7500.0,1972-06-28,12,051W07CD11600,540,3RD,"WOODBURN, OR 97071",02171547,WD,"TEHN,MARJORIE TRUSTEE ET AL",,,,,"PICKERING,RALPH E & BLANCHE C",391 S WORKMAN DR,,,"WOODBURN, OR  97071",1906.0,1776.0,1776.0,1056.0,,720.0,,,91.0,0,
44,R106389,20539.0,,R163,101,0.23,10200.0,049,R41,15000.0,1972-05-07,14,051W17BC02000,575,ELM,"WOODBURN, OR 97071",03001503,WD,"STOUT,CHARLES E & ROBERTA",,,,,"WEBB,BYRON W & DORIS E",575 ELM ST,,,"WOODBURN, OR  97071",1954.0,1344.0,1344.0,1344.0,,,,,91.0,0,
45,R107209,49959.0,,R163,R90,0.06,2765.0,SFT1,,0.0,1972-05-15,3,051W17BD02500,,,,01951690,RD,LANDURA CORP,,,,,CITY OF WOODBURN,PO BX344,,,"WOODBURN, OR  97071",,,,,,,,,,0,
46,R107760,68293.0,,R163,121,0.28,12394.0,049,R35,9000.0,1972-06-22,12,051W18AB08800,234,LINCOLN,"WOODBURN, OR 97071",02960519,WD,"PETSHOW,LEONA H",,,,,"KARLSSON,HJORDIS E ET AL",234 E LINCOLN ST,,,"WOODBURN, OR  97071",1901.0,2212.0,2212.0,1340.0,,872.0,,,109.0,0,
47,R107764,68293.0,,R163,121,0.16,6993.0,048,R35,5000.0,1972-08-14,0,051W18AB09800,299,OSWALD,"WOODBURN, OR 97071",10570280,RD,"TWITTY,EVERETT & DORIS",,,,,"NYBURG,JUNIOR BLAINE & MARIA R",299 OSWALD ST,,,"WOODBURN, OR  97071",1910.0,1099.0,1099.0,791.0,308.0,,,,109.0,0,
48,R108049,80424.0,,C003,701,0.45,19767.0,APT.SLM,H11,32000.0,1972-05-10,14,051W18AD08200,950,YOUNG,"WOODBURN, OR 97071",03300586,WD,ENGLE THOMAS T & JOYCE ET AL,,,,,"MILLER,LEROY B & JOY L ET AL",1117 N 1ST ST,,,"WOODBURN, OR  97071",1925.0,5268.0,5268.0,5268.0,,,,,,0,
49,R108559,89725.0,,R163,101,0.22,9375.0,049,R32,9000.0,1972-04-25,12,051W18BC01800,197,TOUT,"WOODBURN, OR 97071",02420832,RD,"PETTY,JESSIE",,,,,"KOFFLER,FRIEDA",197 TOUT ST,,,"WOODBURN, OR  97071",1901.0,1272.0,1272.0,984.0,,288.0,,,,0,
50,R109528,99328.0,,R133,101,0.09,4000.0,048,R31,0.0,1972-12-18,29,051W07BC14100,1564,THOMPSON,"WOODBURN, OR 97071",07410520,DE,"MILLS,BESSIE J",,,,,"DAY,SHARON R ET AL",1564 THOMPSON RD,,,"WOODBURN, OR  97071",1964.0,625.0,625.0,625.0,,,,,,0,
51,M124033,,M023,M75M,019,,,,T54,10800.0,1972-05-01,14,063W35CB00300,5355,RIVER,"KEIZER, OR 97303",,,"CHURCH,ROBERT D & MARIE H",,,,,DEALER,,,,,1972.0,938.0,938.0,938.0,,,,,,0,
52,M124103,,M031,M721,019,,,,T66,15476.0,1972-06-15,14,082W06  01800,3100,TURNER,"SALEM, OR 97302",,,"SMITH,VIRGINIA TRUSTEE",,,,,SIEVERS,,,,,1969.0,1368.0,1368.0,1368.0,,,,,,0,
53,M124379,,M97821,34F,,,,,T66A,20557.0,1972-06-01,14,052W11AD01500,577,WILLOW,"WOODBURN, OR 97071",,,"DONALDSON,IRIS J",,,,,Missing Buyer Record,,,,,1972.0,1596.0,1596.0,1596.0,,,,,,0,
54,M132707,,M048,M72U1,019,,,,T54,9000.0,1972-02-01,14,072W20BD00200,4915,SWEGLE,"SALEM, OR 97301",,,"MELTING,MINNIE L",,,,,Missing Buyer Record,,,,,1972.0,910.0,910.0,910.0,,,,,,0,
55,R20853,,,R252,491,1.58,0.0,027,R43,12201.0,1972-01-19,14,071W02BB03300,128,BEE,"SILVERTON, OR 97381",02031359,BS,"PRATHER,FIDELIA H",,,,,"PRATHER,NEAL J & SHIRLEY J",128 BEE LANE NE,,,"SILVERTON, OR  97381",1952.0,2038.0,2038.0,1019.0,,,1019.0,,91.0,0,
56,R67543,9400.0,,R461,101,0.15,6500.0,015,R31B,,1972-11-10,25,073W23DD10100,648-652,BREYS,"SALEM, OR 97301",15260664,DC,"MEYER,ROSE L",%GREG EIDE,550 WINDING WY S,,"SALEM, OR  97302","MEYERS,ROSE LEE","<EIDE,MELVIN D & NANCY L",550 WINDING WAY SE,,"SALEM, OR  97302",1950.0,2373.0,2373.0,2373.0,,,,,91.0,0,
57,R22416,,,C00U1,201,0.44,0.0,,D20,35000.0,1972-12-20,12,072W07DC01600,4335,SILVERTON,"SALEM, OR 97305",02120592,RD,"CHAPMAN,F M & AVA A",,,,,"FLORA,LYLE H & EVELYN ET AL",4335 SILVERTON RD NE,,,"SALEM, OR  97303",1940.0,3750.0,3750.0,3750.0,,,,,,0,
58,R22492,,,R32U1,491,4.34,0.0,006,R41,42500.0,1972-08-10,12,072W08A 02200,4125,CORDON,"SALEM, OR 97305",07950325,WD,"CAZZELL,ELLSWORTH C ET AL",,,,,"YOUNGBLOOD,HARLEY O & ELINORA",4125 CORDON RD NE,,,"SALEM, OR  97305",1961.0,1796.0,1796.0,1796.0,,,,,,0,
59,R22700,,,F260,550,57.16,0.0,036I,A90,78000.0,1972-08-21,14,072W09  00600,,,,03590383,RC,"<BEATON,C RUSSELL",,,,,"<DESANTIS,ANTHONY F & SHARON M",1640 SAGINAW ST S,,,"SALEM, OR  97302",,,,,,,,,,0,
60,R23821,,,F260,401,1.8,0.0,009C,F45,6224.0,1972-02-04,18,072W28BD01100,5903,ASPEN,"SALEM, OR 97317",03421138,RC,"<BUCKOUT,RYAN K & GERTRUDE F",,,,,"<CLAGGETT,LARRY W & JO ANN",1511 CHURCH ST NE,,,"SALEM, OR  97303",1990.0,3513.0,3513.0,2630.0,883.0,,,,110.0,0,
61,R24285,,,R41U1,101,0.23,9901.0,015,R31,3200.0,1972-09-28,14,072W31AA08500,333,45TH,"SALEM, OR 97317",02520632,RC,"<WOODHOUSE,LLOYD A & JEANNIE M",,,,,"<CARLSON,RAWLAND C & JUNE E",1955 DALLAS HWY NW APT 408,,,"SALEM, OR  97304",1955.0,1202.0,1202.0,1202.0,,,,,109.0,0,
62,R11025,,,F360,551,39.62,0.0,OSDA.RUR,A74E,90000.0,1972-05-23,27,041W22  00600,19861,BOONES FERRY,"AURORA, OR 97002",03850333,RD,"PARDEY,HENRY & OLGA",,,,,"WOLF,GEORGE A &","WOLF,BETTY R",51299 HY 332,,"MILTON FREEWATER, OR  97862",1934.0,2580.0,2580.0,1290.0,1290.0,,,1290.0,91.0,0,
63,R24605,,,F260,401,2.32,0.0,009C,F41E,3500.0,1972-04-05,14,072W34CA00500,6878,BURNETT,"SALEM, OR 97317",02100957,WD,"TUCKER,ORAL W & PEARLE R",,,,,"MC QUEARY,V A & EVA",855 N KEENE WAY DRIVE,,,"MEDFORD, OR  97501",1962.0,2002.0,2002.0,2002.0,,,,,,0,
64,R24646,,,F260,451,0.24,0.0,009C,,0.0,1972-11-24,14,072W34B 00300,,,,02010862,BS,"HILBORN,NILE W & PAULINE A",,,,,"MCQUEARY,VIVIAN A & EVA E",6878 BURNETT SE,,,"SALEM, OR  97302",,,,,,,,,,0,
65,R25007,,,R25M,101,0.14,6280.0,044,M41,33921.0,1972-10-31,12,073W02BA07000,763-765,ARLETA,"KEIZER, OR 97303",06660301,WD,"AVERY,A C & WANDA LEE",,,,,"TOEWS,JOHN J & VIOLA A",553 ROSE PARK LN N E,,,"SALEM, OR  97303",1972.0,1828.0,1828.0,1828.0,,,,,,0,
66,R26138,,,R361,101,0.17,7400.0,015,R31,7500.0,1972-03-13,14,073W13AD06200,3310,HAMMEL,"SALEM, OR 97301",02281912,WD,"MORRISON,HAZEL M",,,,,"EBERT,ARNOLD L & BERNICE M",1582 NE VINE,,,"ROSEBURG, OR  97470",1938.0,686.0,686.0,686.0,,,,,91.0,0,
67,R11296,,,F330,551,27.64,0.0,042GI,A00,60000.0,1972-02-15,12,041W27  00300,,,,06860227,WD,"DOUBRAVA,CYRIL M",,,,,"GROS JACQUES,JOE A ET AL",PO BX20515,,,"PORTLAND, OR  97220",,,,,,,,,,0,
68,R26754,,,R411,101,0.1,4400.0,002U,R44,16000.0,1972-12-13,12,073W23CB00300,1070,SUMMER,"SALEM, OR 97301",07650065,WD,"BROWN,WESLEY R & EVELYN M",,,,,"CRONK,DAVID R & NOLA D",19235 SW PROSPECT ST,,,"ALOHA, OR  97007",1930.0,1423.0,1423.0,1033.0,,390.0,,870.0,91.0,0,
69,R11323,,,F220,550,61.53,0.0,039I,A90,45000.0,1972-09-17,12,041W30  00600,,,,03001454,RD,"LENHARDT,ROY C & GRACE O",,,,,"NYQUIST,ERWIN M &","NYQUIST,BARBARA J",20265 BUTTEVILLE RD NE,,"HUBBARD, OR  97032",,,,,,,,,,2,R64813;R64814
70,R11385,,,F330,551,10.0,0.0,042,A93,29500.0,1972-11-10,12,041W32D 01200,17830,BOONES FERRY,"HUBBARD, OR 97032",02460731,WD,"WILLIAMS,BEVERLY & LAURA M",,,,,"FAGG,B GRANT & JEAN H",17950 BOONES FERRY,,,"HUBBARD, OR  97032",1910.0,1174.0,1174.0,726.0,,448.0,,,,0,
71,R27485,,,R461,101,0.15,6708.0,015,R31A,15500.0,1972-02-01,12,073W26AA07200,590-592,20TH,"SALEM, OR 97301",02690428,WD,"MUNKERS,WILLIAM M & LARENE J",,,,,"CROSSLER,DARRELL & JOAN E",1746 EWALD ST S,,,"SALEM, OR  97302",1947.0,1408.0,1408.0,1408.0,,,,,,0,
72,R27803,,,R461,101,0.22,9758.0,003,R44,20500.0,1972-06-23,12,073W34CB06400,2495,SAGINAW,"SALEM, OR 97302",01951478,WD,"HERBERGER,GEORGE R & DELLA E",,,,,"DOWNEY,HAROLD L & HELEN F",3827 MEADOWLAWN LOOP SE AP 1,,,"SALEM, OR  97301",1948.0,3701.0,3701.0,1460.0,,666.0,1575.0,,91.0,0,
73,R27937,,,C001,C80,3.95,172062.0,ISC,O11,0.0,1972-12-29,14,073W35CC01000,2611,PRINGLE,"SALEM, OR 97302",03460885,WD,SUPRA PRODUCTS INC,,,,,SUPRA PRODUCTS INC RET TRUST,PO BX 3167,,,"SALEM, OR  97302",1972.0,68028.0,68028.0,68028.0,,,,,,0,
74,R28220,,,F660,551,20.69,0.0,OSDA.RUR,A44,17000.0,1972-09-05,12,081W12A 00100,15545,WALDO HILLS,"SUBLIMITY, OR 97385",03970288,RD,"VERBECK,ROY N & HELEN F",,,,,"RISBY,CHARLES W & KERTTU",15545 WALDO HILLS DR SE,,,"SUBLIMITY, OR  97385",1974.0,2055.0,2055.0,1175.0,,880.0,,,,0,
75,R11719,,,CN0B,707,6.49,0.0,,N14,125000.0,1972-09-27,12,041W34B 00900,3256,ELM,"HUBBARD, OR 97032",09870426,RD,"SHERWOOD,GERALD M & MYRTLE M",,,,,"LAVALLA,CLETUS V & CATHARINE M",3256 ELM ST,,,"HUBBARD, OR  97032",1930.0,1088.0,1088.0,1088.0,,,,,,0,
76,R30647,,,F660,551,4.7,0.0,OSDA.RUR,A23,10.0,1972-09-30,14,082W26A 01300,8444,OLNEY,"SALEM, OR 97317",02031183,RC,"NASH,DIXIE ANN",,,,,"<NASH,DAREN B",1104 V ST,,,"VANCOUVER, WA  98661",1952.0,1510.0,1510.0,1510.0,,,,,109.0,0,
77,R33358,,,F460,451,2.0,0.0,009S,F43,16750.0,1972-06-02,12,083W33BC00900,1942,BUNKER HILL,"SALEM, OR 97306",02400512,RD,"DEAN,CHARLES H & DAISY A",,,,,"WALLACE,WILTON L & IVY L",1962 BUNKER HILL RD S,,,"SALEM, OR  97302",1998.0,3692.0,3692.0,2278.0,,,1414.0,864.0,,0,
78,R34045,,,F660,551,20.23,10200.0,OSDF.RUR,A69R,4700.0,1972-01-12,33,091W05  00800,10955,MIX,"AUMSVILLE, OR 97325",07190261,DE,I.C. CO INC,,,,O,"MIX,FRANCIS A",10955 MIX RD SE,,,"AUMSVILLE, OR  97325",,1392.0,1392.0,1392.0,,,,,,1,R96533
79,R35104,,,F460,551,10.0,0.0,OSDA.RUR,A99R,8021.0,1972-12-26,12,092W04  00400,9050,55TH,"TURNER, OR 97392",03200616,DE,"JENSEN,E A",,,,,"MASTERSON,FERN E",9050 55TH AVE SE,,,"TURNER, OR  97392",,3007.0,3007.0,3007.0,,,,,,0,
80,R12251,,,F220,551,1.52,0.0,OSDA.RUR,A73S,25750.0,1972-11-10,12,042W26  00700,19155,ARBOR GROVE,"WOODBURN, OR 97071",10490158,RD,"DAVIS,HARRIET M",,,,,"SONNEN,RODERICK J & JANET L",19155 ARBOR GROVE ROAD NE,,,"WOODBURN, OR  97071",1950.0,1692.0,1692.0,1492.0,,200.0,,,,0,
81,R35476,,,F610,551,99.89,0.0,008SGI,A90,25000.0,1972-01-06,12,092W22  00700,,,,08650464,RD,"ROBERTSON,VIVIAN S ET AL",,,,,"KARG,ROBERT L",9601 KARG LANE SE,,,"AUMSVILLE, OR  97325",,,,,,,,,,0,
82,R35856,,,F420,551,35.46,0.0,OSDF.RUR,A33E,11000.0,1972-07-13,0,092W30  00300,13395,PARRISH GAP,"JEFFERSON, OR 97352",07310182,DE,Missing Seller Record,,,,,"PUFFPAFF,LEVERN J &","PUFFPAFF,ELAINE J",,,,1968.0,1560.0,1560.0,1560.0,,,,,,0,
83,R37026,,,F410,451,0.98,0.0,008S,F45,1200.0,1972-06-22,6,103W01AA00300,3383,JEFFERSON MARION,"JEFFERSON, OR 97352",07290662DE,WD,"SHEFFIELD,ORVILLE E &","SHEFFIELD,ESTHER L",,,,"SHEFFIELD,ROBERT E &","SHEFFIELD,ROSE MARIE",3383 JEFFERSON-MARION RD SE,,"JEFFERSON, OR  97352",1972.0,2152.0,2152.0,1404.0,748.0,,,,,0,
84,R38119,,,F360,641,10.0,0.0,008C,A93,26000.0,1972-02-17,12,061E35  00700,5535,CROOKED FINGER,"SCOTTS MILLS, OR 97375",01991056,WD,"PEPPER,VERNE V & HAZEL",,,,,"DAVENPORT,ROBERT C & GISLINDE",5535 CROOKED FINGER RD N,,,"SCOTTS MILLS , OR  97375",1979.0,2586.0,2586.0,1494.0,1092.0,,,,109.0,0,
85,R38716,,,F360,600,40.0,0.0,060D,A90,14000.0,1972-07-24,14,071E14  00300,,,,02410285,WD,"PORTER,ALBERTA G & WILLIAM",,,,,"SMITH,MARVIN W & BETH A",632 CREIGHTON,,,"CHEYENNE, WY  82001",,,,,,,,,,0,
86,R39147,,,F360,451,12.3,0.0,008C,,6000.0,1972-03-09,14,071E35C 00100,19907,WINTERS HILL,"SILVERTON, OR 97381",02181484,WD,"RIGGS,CARL B",,,,,"<RUSSO,ANTHONY A & OR PAULA M",,,,,,,,,,,,,,1,R39148
87,R12733,,,F330,550,29.97,0.0,039I,A60,45000.0,1972-11-16,14,051W06C 00100,,,,02741063,WD,"ALINE,CLARENCE D ET AL",,,,,"HOLTZ,ANDREW L & CATHERINE F",25441 EMPTY SADDLE DR,,,"LAGUNA HILLS , CA  92653",,,,,,,,,,0,
88,R12734,,,F330,550,29.93,0.0,039I,A60,45000.0,1972-11-16,14,051W06C 00200,,,,02741064,RD,"ALINE,CLARENCE D ET AL",,,,,"HOLTZ,ANDREW L & CATHERINE F",25441 EMPTY SADDLE DR,,,"LAGUNA HILLS , CA  92653",,,,,,,,,,0,
89,R12735,,,F330,550,32.62,0.0,039I,A60,31000.0,1972-11-16,21,051W06C 00300,16821,BOONES FERRY,"WOODBURN, OR 97071",02341214,WD,"ALINE,CLARENCE D & ELMER C",,,,,"HOLTZ,ANDREW L & CATHERINE F",,,,,,,,,,,,,,0,
90,R41617,,,C009,201,0.2,8850.0,2E1,S20E,14500.0,1972-04-28,12,093E26CC02500,106,CENTRAL,"GATES, OR 97346",05640447,RD,"KELLE,BETTY ANN",,,,,"JOHNSON,ROBERT LEE & BETTY LOU",PO BOX 106,,,"MT ANGEL , OR  97362",1955.0,3008.0,3008.0,3008.0,,,,,,0,
91,R43304,7883.0,,R42U1,101,0.16,6800.0,015,R31,18500.0,1972-06-28,12,072W32BB15200,4758,ADOBE,"SALEM, OR 97317",09360391,RD,"NOLAN,KENNETH J",,,,,"JOHNSON,MICHAEL W &","JOHNSON,CONNIE R",4758 ADOBE ST SE,,"SALEM, OR  97317",1972.0,1040.0,1040.0,1040.0,,,,,109.0,0,
92,R43342,7883.0,,R42U1,101,0.16,6800.0,015,R31,19950.0,1972-03-29,14,072W32BB09100,4637,ADOBE,"SALEM, OR 97317",01851436,RC,PHAIR-NOLAN & CO,,,,,"<WOLFE,THOMAS W",PO BX 2152,,,"SALEM, OR  97308",1972.0,1280.0,1280.0,1280.0,,,,,109.0,0,
93,R43343,7883.0,,R42U1,101,0.16,6800.0,015,R31,19950.0,1972-04-08,14,072W32BB09200,4627,ADOBE,"SALEM, OR 97317",01940121,RC,"NOLAN,KENNETH J",,,,,"<TILTON,JAMES S & CAROL J",PO BOX 2152,,,"SALEM, OR  97308",1972.0,1280.0,1280.0,1280.0,,,,,109.0,0,
94,R13120,,,34D,200,,,,,60000.0,1972-05-30,12,051W08DB00200,1540,PACIFIC,"WOODBURN, OR 97071",08890430,WD,"HILLYER,LAWSON,E & LEAH L",,,,,<FRED MEYER REAL ESTATE PROP,PO BOX 42121,,,"PORTLAND, OR  97242",,,,,,,,,,0,
95,R45305,13643.0,,R41U1,101,0.16,7008.0,015,R31,34000.0,1972-02-07,12,072W31BA02600,396,40TH,"SALEM, OR 97317",12850620,RD,"NEELY,ALVIN J & CARLEY M",,,,,"HERMES,BRENDA M",396 - 40TH PL SE,,,"SALEM, OR  97301",1962.0,1056.0,1056.0,1056.0,,,,,,0,
96,R46996,20841.0,,F330,551,33.11,0.0,008NGI,A90,52000.0,1972-06-19,12,041W35C 00500,,,,08540370,RD,"SASSE,VERNA R",,,,,"BOWMAN,JAMES E &","BOWMAN,MARRIETTA",17494 MONNIER RD NE,,"HUBBARD, OR  97032",,,,,,,,,,2,R46997;R46998
97,R47272,23322.0,,R41U1,101,0.2,8500.0,015,R31,19500.0,1972-12-20,14,072W31AA12400,398,EASTLAND,"SALEM, OR 97317",01830879,RC,"WILSON,EDDIE L SHIRLEY ANN",,,,,"<KIETZMAN,DONALD H & FLORENCE E",398 EASTLAND PLACE SE,,,"SALEM, OR  97301",1972.0,1330.0,1330.0,1330.0,,,,,109.0,0,
98,R47601,27292.0,,F260,451,0.84,0.0,042,,15000.0,1972-07-06,12,041W04CD00200,,,,02661074,RD,"PETERSON,ALMA M",,,,,"ITEL,DAVID H & RACETTE,LINDA M",22732 YEARY LANE NE,,,"AURORA, OR  97002",,,,,,,,,,5,R47602;R47603;R47604;R47605;R47606
99,R48116,30236.0,,R36U1,101,0.24,10472.0,014,R31,9500.0,1972-05-02,14,072W30DB03900,280,ELMA,"SALEM, OR 97301",01840975,RC,"BOYER,C E",,,,,"ROYLE,ERNEST F",280 ELMA AVE NE,,,"SALEM, OR  97301",1954.0,1188.0,1188.0,1188.0,,,,,,0,
100,R48116,30236.0,,R36U1,101,0.24,10472.0,014,R31,9500.0,1972-05-02,12,072W30DB03900,280,ELMA,"SALEM, OR 97301",01840982,WD,"BOYER,C E",,,,,"ROYLE,ERNEST F",280 ELMA AVE NE,,,"SALEM, OR  97301",1954.0,1188.0,1188.0,1188.0,,,,,,0,
101,R48123,30236.0,,R36U1,101,0.24,10472.0,014,R21,8500.0,1972-03-30,12,072W30DB03200,210,ELMA,"SALEM, OR 97301",02350912,BS,"FLOOD,MARY ET AL",,,,,"BERGER,DAVID W & VELDA IRENE",210 ELMA NE,,,"SALEM, OR  97301",1949.0,772.0,772.0,772.0,,,,,,0,
102,R13605,,,R163,101,0.16,6970.0,049,R33,8000.0,1972-11-19,12,051W18AA05100,771,BLAINE,"WOODBURN, OR 97071",02670807,WD,"BECK,ELLEN C",,,,,"WALKER,JOE JR & DORIS M",777 BLAINE ST,,,"WOODBURN, OR  97071",1927.0,840.0,840.0,840.0,,,,840.0,,0,
103,R52334,48951.0,,R31U1,101,0.95,0.0,005,R31,12500.0,1972-11-27,18,062W32CB01500,4555,HAZELGREEN,"SALEM, OR 97305",04370121,WD,"<RAMSEY,DON R",,,,,"<GIDLEY,DONALD G & BARBARA I",4555 HAZELGREEN RD NE,,,"SALEM, OR  97305",1930.0,1160.0,1160.0,1160.0,,,,,,0,
104,R53352,51811.0,,R41U1,101,0.259,11436.0,015,M41,4700.0,1972-04-01,0,072W31AD08500,800,CONNECTICUT,"SALEM, OR 97317",07300231,WD,"LARRY,EPPING BLDG CO",,,,,"HANSEN,REGINALD &","HANSEN,LINDA LEE &","HANSEN,JOSEPH C &","HANSEN,NADINE",,1972.0,1950.0,1950.0,1950.0,,,,,92.0,1,R53353
105,R54350,55266.0,,F420,401,0.56,0.0,010,F31,7000.0,1972-10-12,14,092W33BD02400,14371,MARION,"TURNER, OR 97392",02010299,RC,"TRUSSELL,CARL V & DOLORES J",,,,,"<DUNN,JAMES R & MARJORIE I",4755 VERDA LANE NE,,,"SALEM, OR  97303",1930.0,1380.0,1380.0,1380.0,,,,,,0,
106,R14123,,,F330,551,416.8,17118870.0,OSDA.RUR,A44,42500.0,1972-05-24,12,051W23  00800,13393,BONNEY,"WOODBURN, OR 97071",02300337,DE,"PANTLE,FLOYD W & MABEL H",,,,,"SNEGIREV,AKINFA F & IRINA I",,,,,1925.0,2096.0,2096.0,1568.0,528.0,,,952.0,91.0,4,R30033;R30034;R30036;R30038
107,R14134,,,F330,551,9.8,0.0,008NGI,A40,5875.0,1972-10-02,14,051W27  01800,,,,02421338,RD,"RIEGER,L J & J",,,,,"STENGER,RALPH & BETTY",12745 MONITOR-MCKEE RD NE,,,"WOODBURN, OR  97071",,,,,,,,,,0,
108,R14169,,,F330,551,10.2,0.0,008NGI,A40,36144.0,1972-05-26,12,051W28  02100,12788,MCKEE SCHOOL,"WOODBURN, OR 97071",02421670,WD,"RIEGER,JOHN ET AL",,,,,"VANDECOEVERING,C J & HATTIE C",13118 MCKEE SCHOOL ROAD NE,,,"WOODBURN, OR  97071",,,,,,,,,,0,
109,R55726,60387.0,,F260,551,5.0,0.0,OSDA.RUR,A74,30000.0,1972-04-20,12,041W19C 00100,19965,BUTTEVILLE,"HUBBARD, OR 97032",01831923,WD,"BARLOW,FRNAK O & ELLEN G",,,,,"HULSHIZER,DONALD L & ALICE L",3021 RIVERSIDE DRIVE,,,"FAIRBANKS, AK  99701",1901.0,2459.0,2459.0,2459.0,,,,,,0,
110,R57007,65937.0,,F460,400,6.3,0.0,009S,,12800.0,1972-02-17,12,082W04D 00600,6451,OAK DELL,"SALEM, OR 97317",03001900,RD,"JACKSON,IMOGENE",3100 TURNER RD SE #168,,,"SALEM, OR  97302","AMOTH,DAVID V & DONNA M",6461 GANON ST SE,,,"SALEM, OR  97301",,,,,,,,,,0,
111,R57030,65937.0,,F460,401,1.57,0.0,009S,F41,6000.0,1972-09-27,12,082W04D 03200,2536,62ND,"SALEM, OR 97317",02181483,WD,Missing Seller Record,,,,,"LEWIS,ARNOLD L & WYETTA G",,,,,1990.0,1500.0,1500.0,1500.0,,,,,110.0,0,
112,R57116,66711.0,,R36U1,101,0.22,9660.0,015,R31,20500.0,1972-12-26,14,072W17BB03600,4786,SOMERSET,"SALEM, OR 97305",01870842,RC,PHAIR NOLAN & COMPANY,,,,,"<PORTER, WAYNE G & KATHLEEN D",4782 SOMERSET CT SE,,,"SALEM, OR  97303",1972.0,1280.0,1280.0,1280.0,,,,,109.0,0,
113,R58056,69661.0,,R31U1,101,0.28,12000.0,002,R41,26950.0,1972-07-06,14,072W05CC08400,4589,SHAWN,"SALEM, OR 97305",01850866,,Missing Seller Record,,,,,"<LOUTHAN,DAVID L & JEAN M",2968 MARKET ST,,,"SALEM, OR  97301",1972.0,1622.0,1622.0,1622.0,,,,,,0,
114,R98027,84232.0,,R126,101,0.24,10454.0,055,M41,10.0,1972-07-21,14,041W13BA06500,14953-14963,BOBS,"AURORA, OR 97002",07310249DE,WD,"DURYEE,MELZIE E",,,,,"SAGER,CECIL W & PATSY R ET AL",,,,,1972.0,2083.0,2083.0,2083.0,,,,,,0,
115,R13173,,,F330,451,0.94,0.0,008N,F31,2000.0,1972-03-31,14,051W15  00100,13326,KILIAM,"WOODBURN, OR 97071",07330022DE,WD,"PFEIFER,ROBERT &","PFEIFER,MILDRED A",,,,"VALDEZ,MARIANO M &","VALDEZ,KAREN L",13326 KILIAM LP NE,,"WOODBURN, OR  97071",1974.0,1538.0,1538.0,1538.0,,,,,,0,
116,R106291,15935.0,,R163,101,0.19,8330.0,049,R31,3000.0,1972-07-27,0,051W18CB00900,933,FRONT,"WOODBURN, OR 97071",07330172DE,WD,"CORNWELL,CHARLES B & LOU JANE",,,,,"GONZALEZ,BERNARDINO T & CECILIA",933 S FRONT ST,,,"WOODBURN, OR  97071",1973.0,1320.0,1320.0,1320.0,,,,,,0,
117,R56765,65716.0,,R24M,101,0.23,9900.0,044,R41,56286.0,1972-06-20,14,063W35DB06400,1226,KIMBERLY,"KEIZER, OR 97303",07290160,WD,WOODLAND SUBDIVISION INC,,,,,ERNEST D FISH INC,,,,,1975.0,1654.0,1654.0,1654.0,,,,,,0,
118,R39236,,,F360,581,9.97,0.0,OSDA.RUR,A22,,1972-05-23,13,072E06B 01100,4594,CROOKED FINGER,"SCOTTS MILLS, OR 97375",V7280190,DE,"SCHONBACHLER,JOSEPH & PATRICIA",,,,,"HYSLOP,JOHN M & NANCY C",4594 CROOKED FINGER RD NE,,,"SCOTTS MILLS, OR  97375",1940.0,1640.0,1640.0,1064.0,,576.0,,,,1,R39235
119,R55167,58223.0,,R41U1,101,0.21,9000.0,015,R31,15500.0,1972-06-20,0,072W31BD05600,4187,MACLEAY,"SALEM, OR 97317",07300013DE,WD,"BELSHAW,RUSSELL J &","BELSHAW,HERMALINE G",,,,"REDDELL,MAURICE R & LORRAINE",4187 MACLEAY RD SE,,,"SALEM, OR  97317",1951.0,1118.0,1118.0,1118.0,,,,,,0,
120,R54965,58073.0,,R41U1,101,0.24,10260.0,015,R41,21900.0,1972-07-13,0,072W31BD07400,795,LANCASTER,"SALEM, OR 97317",07320391DE,DE,"SCHROEDER,JOHN E & LOUISE F",6700 ACORN ST,,,"TURNER, OR  97392","RADKE,ROGER DICK &","RADKE,NORMA JEAN",795 LANCASTER DR SE,,"SALEM, OR  97317",1959.0,1426.0,1426.0,1426.0,,,,,,0,
121,R54566,56619.0,,C00M,201,0.56,24394.0,PRIM,E30,22000.0,1972-04-28,12,073W11CB04800,3451,RIVER,"KEIZER, OR 97303",07260342,MI,"MASON,B M & ODELL","<EHLI,RALPH & MARIAN",,,,"EHLI,RALPH & MARIAN",,,,,1974.0,4267.0,4267.0,4267.0,,,,,,0,
122,R26807,,,R411,101,0.14,6200.0,015,R31,16500.0,1972-11-28,14,073W23DB10400,945,15TH,"SALEM, OR 97303",07400235DE,MI,"WIKOFF,GRNATE E & LOIS M",,,,,"GIBSON,WILLA MAE",945 15TH ST NE,,,"SALEM, OR  97301",1951.0,1066.0,1066.0,1066.0,,,,,,0,
123,R97043,99900.0,,R361,101,0.22,9583.0,015,R31,17000.0,1972-03-16,0,073W25AA04400,695,OREGON,"SALEM, OR 97301",07280294,DE,"STRAWN,RAYMOND &","REEVE,LEONA M &","STRAWN,JESSE F",,,"MCFARLAND,CALVIN R &","MCFARLAND,MARILYN M",695 OREGON AV NE,,"SALEM, OR  97301",1953.0,1704.0,1704.0,1704.0,,,,,109.0,0,
124,R28440,,,F660,551,43.36,0.0,WASTE,A40,,1972-09-25,0,081W24  00700,14764,SILVER FALLS,"SUBLIMITY, OR 97385",07360001DE,RC,"HUNT,MARION D & MARY R","<PORTER,DONALD E",885 E VIRGINIA ST,,"STAYTON, OR  97383","HUNT,MARY R","<PORTER,DONALD E",885 E VIRGINIA ST,,"STAYTON, OR  97383",,,,,,,,,,2,R28441;R28442
125,R29239,,,F660,401,1.47,0.0,009S,F42,,1972-03-27,13,082W03C 00900,6651,GANON,"SALEM, OR 97317",07230209DE,DE,"FOLKESTAD,C KENNETH & MARILYN &","HOUCK,ROY L JR &","HOUCK,ALTA",,,"HARRINGTON,TERRANCE E &","HARRINGTON,ELAINE G",6651 GANON ST SE,,"SALEM, OR  97317",1972.0,2508.0,2508.0,2046.0,,462.0,,,,0,
126,R85858,71904.0,,R461,101,0.48,20909.0,002,R31,12000.0,1972-02-14,0,083W03AA08600,1015,RATCLIFF,"SALEM, OR 97302",07210043DE,DE,"CUSHING,BERNARD F & BETTY G",PO BOX 12262,,,"SALEM, OR  97303","MILES,T RANDOLPH",1015 RATCLIFF DR SE,,,"SALEM, OR  97302",1950.0,1423.0,1423.0,1423.0,,,,,,0,
127,M124519,,,01E,,,,,T56C,,1972-01-01,6,092W20C 01400,12785,PARRISH GAP,"TURNER, OR 97392",,PURGED,"JORDAN,RODNEY WAYNE TRUSTEE","%JORDAN,ROCKY K",12775 PARRISH GAP RD SE,,"TURNER, OR  97392","JORDAN,ROCKY K",12775 PARRISH GAP RD SE,,,"TURNER, OR  97392",,,,,,,,,,0,
128,R36139,,,F420,401,1.39,0.0,009S,F35,15000.0,1972-02-22,14,093W04D 01700,9624,ANKENY CREST,"SALEM, OR 97306",07210355DE,DE,Missing Seller Record,,,,,"MURTY,GLEN R &","MURTY,HELEN","<ALMENDINGER,DAVID ET AL",,,2009.0,1408.0,1408.0,640.0,768.0,,,,91.0,0,
129,R60501,85152.0,,F420,401,4.73,0.0,009S,F45,8500.0,1972-09-21,14,093W09A 00800,315,EDELWEISS,"SALEM, OR 97306",07430160DE,WD,ARNCO CONSTRUCTION CO INC,,,,,"RIEDER,ROBERT & HILDA",10182 LIBERTY RD S,,,"SALEM, OR  97306",1974.0,1916.0,1916.0,1344.0,572.0,,,,,0,
