,PROPID,SUBDNUM,MOBILEHOMEPARKCODE,MAINTAREA,PROPCLASS,ACRES,LANDSQFT,LANDSCHEDULE,STATCLASS,SALEPRICE,SALEDATE,SALETYPE,MAPTAXLOT,SITUSNUMBER,SITUSSTREET,SITUSCITYSTATEZIP,DEEDBOOKANDPAGE,DEEDTYPE,SELLERNAME,SELLERADDR1,SELLERADDR2,SELLERADDR3,SELLERCSZ,BUYERNAME,BUYERADDR1,BUYERADDR2,BUYERADDR3,BUYERCSZ,YEARBUILT,BLDGSQFT,LIVINGAREA,FLOOR1SQFT,FLOOR2SQFT,ATTICSQFT,BSMTFINISHEDSQFT,BSMTUNFINISHEDSQFT,QUALITYADJ,NUMADDLPROPS,ADDLPROPIDS
0,R59165,77116.0,,F430,401,6.53,0.0,009S,F31,30000.0,1973-01-05,14,084W13B 01600,5198,RIVERDALE,"SALEM, OR 97302",10590231,WD,"COATS,GRADY J & MATTIE L",,,,,"SHAW,ROBERT E & BERTHA W",5198 RIVERDALE RD S,,,"SALEM, OR  97302",1963.0,1205.0,1205.0,1205.0,,,,,,0,
1,R59233,77450.0,,F660,401,3.07,0.0,008S,F43,0.0,1973-10-12,12,082W23B 03300,6421,WALINA,"SALEM, OR 97317",03860232,WD,Missing Seller Record,,,,,"HOWSER,WILLIAM P & JENNIE L-TRUSTEES",WILLIAM AND JENNIE HOWSER TRUST,2364 62ND SE,,"SALEM, OR  97301",2000.0,2566.0,2566.0,2566.0,,,,1942.0,110.0,0,
2,R59653,79710.0,,R42U1,101,0.15,6474.0,015,R31,20500.0,1973-03-14,14,072W32BD13500,4821,ELKHORN,"SALEM, OR 97317",01860064,RC,PHAIR NOLAN & CO,,,,,"<TAYLOR,FLORENCE J",4821 ELKHORN DR SE,,,"SALEM, OR  97301",1973.0,1280.0,1280.0,1280.0,,,,,109.0,0,
3,R59961,80274.0,,F330,550,23.85,0.0,WOOD,A30,62000.0,1973-11-30,12,041W26  00300,19408,HIGHWAY 99E,"HUBBARD, OR 97032",02731103,WD,"SCHOLL,JOHN L & WILMA M",,,,,LENTS INDUSTRIES INC,,,,,,,,,,,,,,0,
4,R14812,,,F220,551,19.14,0.0,OSDA.RUR,A25A,60000.0,1973-08-28,12,052W16  00800,14583,MANNING,"WOODBURN, OR 97071",01811164,WD,"COOP,EARL O & LORINE H",,,,,"WADSWORTH,JOANNA M",14583 MANNING RD NE,,,"WOODBURN, OR  97071",1974.0,4623.0,4623.0,3119.0,1504.0,,,,,0,
5,R61567,87499.0,,F460,401,0.42,0.0,009S,F31,24000.0,1973-01-09,14,083W29AD02000,7434,BATES,"SALEM, OR 97306",07530190,DE,"KING,HARRY A & BEULAH E ET AL",1976 COLE RD S,,,"SALEM, OR  97306","LAVERACK,GEORGE E JR",7545 BATES ROAD S,,,"SALEM, OR  97306",1971.0,994.0,994.0,994.0,,,,,109.0,0,
6,R62628,91090.0,,F420,401,5.0,0.0,008S,F42,7450.0,1973-06-06,14,093W15B 01500,888,MEADOWS,"JEFFERSON, OR 97352",02010454,RC,HICKS INVESTMENT CO,,,,,"<HARTZELL,EUGENE F & CAROL ANN",RT 1 BOX 83 C 11,,,"JEFFERSON, OR  97352",1992.0,2754.0,2754.0,2198.0,,556.0,,,110.0,0,
7,R62697,91793.0,,R36U1,101,0.16,7000.0,015,R31,21500.0,1973-07-13,14,072W08BB07300,4351,VERNON,"SALEM, OR 97305",01960559,RC,PHAIR-NOLAN & CO,,,,,"<SHUM,MICHAEL F & KATHLEEN O",PO BX 2152,,,"SALEM, OR  97308",1973.0,1280.0,1280.0,1280.0,,,,,109.0,0,
8,R62709,91793.0,,R32U1,101,0.15,6510.0,015,R31,20900.0,1973-03-09,14,072W07AA12800,4622,SANTIAM,"SALEM, OR 97305",01870757,RC,PHAIR NOLAN & CO OREGON LTD,,,,,"<DUNN,HELEN R",4622 SANTIAM ST NE,,,"SALEM, OR  97303",1973.0,1360.0,1360.0,1360.0,,,,,109.0,0,
9,R62712,91793.0,,R36U1,101,0.14,6110.0,015,R31,22500.0,1973-08-16,14,072W08BB09200,4662,SANTIAM,"SALEM, OR 97305",01870163,RC,PHAIR NOLAN & CO OREGON LTD,,,,,"<DIXON,NOEL F & URSULA M",4662 SANTIAM ST NE,,,"SALEM, OR  97303",1973.0,1368.0,1368.0,1368.0,,,,,109.0,0,
10,R15075,,,F330,551,31.86,0.0,008NGI,A40,37000.0,1973-01-09,12,052W25  00400,13501,BOONES FERRY,"WOODBURN, OR 97071",02591890,WD,"MARTIN,DE ETTA",,,,,"MATLOCK,RAY D & GLORIA ANN",,,,,,,,,,,,,,0,
11,R63354,92668.0,,F660,401,1.25,0.0,008S,F31,23875.0,1973-05-31,0,082W13C 01100,8837,SILVER FALLS,"AUMSVILLE, OR 97325",07530107,DE,PHAIR NOLAN & COMPANY,,,,,"BROADWELL,KENNETH W & ROSELLA",8837 SILVER FALLS HIWAY,,,"AUMSVILLE, OR  97325",1973.0,1280.0,1280.0,1280.0,,,,,109.0,0,
12,R65839,3406.0,,R561,101,0.06,2550.0,01F,R45Z,37250.0,1973-09-01,14,083W23CA05800,6736,CONTINENTAL,"SALEM, OR 97306",01881193,RC,RON JONES & CO,,,,,"<DELON,THOMAS T",437 UNION ST NE,,,"SALEM, OR  97301",1972.0,2244.0,2244.0,1164.0,1080.0,,,,,0,
13,R66923,6633.0,,R411,101,0.15,6484.0,015,R33,13950.0,1973-07-02,12,073W23BA02100,1780,COTTAGE,"SALEM, OR 97301",09060373,WD,"JACKSON,GEORGE E ET AL",,,,,"LYNN,HELEN C",1017 J Q ADAMS ST,,,"OREGON CITY , OR  97045",1925.0,1304.0,1304.0,888.0,,,416.0,416.0,,0,
14,R67493,9400.0,,R461,101,0.15,6500.0,015,R34,37000.0,1973-05-18,0,073W23DD07300,766,20TH,"SALEM, OR 97301",05460473,RC,"THOMAS,WILLLIAM & ELSIE",,,,,"<BROWN,LINDA LINDHOLM",89919 KNIGHT RD,,,"ELMIRA, OR  97437",1926.0,1191.0,1191.0,903.0,,288.0,,624.0,,0,
15,R15562,,,C00F,701,0.21,9148.0,APT.SLM,H11,65000.0,1973-05-20,12,061W03CD03400,750,MAIN,"MT ANGEL, OR 97362",06870107,WD,"BEAL,MAURICE & MARJORIE",,,,,"BLAKE,ARTHUR R & JEAN",820 VENTURA ST N,,,"SALEM, OR  97303",1971.0,2672.0,2672.0,2672.0,,,,,,0,
16,R15670,,,F330,551,33.19,0.0,OSDA.RUR,A93,0.0,1973-06-19,12,051W32  01100,11393,MT ANGEL GERVAIS,"MT ANGEL, OR 97362",06180116,RD,"FRANK,JOHN & FRANCES",,,,,"CRAWFORD,HOMER C",11393 MT ANGEL-GERVAIS RD,,,"MT ANGEL , OR  97362",1940.0,1552.0,1552.0,1552.0,,,,456.0,,0,
17,R69887,14546.0,,C00U1,201,0.39,16988.0,SEC,S20,115000.0,1973-09-25,14,072W30CC02300,3815,STATE,"SALEM, OR 97301",06880353,WD,"MARSHALL,HAZEL K",,,,,"HOSLER,DELBERT J& COGBURN,LEONA",3815 STATE ST,,,"SALEM, OR  97301",1949.0,4984.0,4984.0,4984.0,,,,,,0,
18,R15896,,,R11F,101,0.26,11326.0,03A,R44,30000.0,1973-08-02,12,061W10AB05800,115,OAK,"MT ANGEL, OR 97362",04650220,DE,"GREENWOOD,FLORENTINE MICKEL",,,,,"OSWALD,LEONARD J & IRENE E",PO BX287,,,"MT ANGEL , OR  97362",1936.0,2503.0,2503.0,1445.0,,1058.0,,1445.0,,0,
19,R71935,23555.0,,R421,101,0.14,6000.0,014,R21,6500.0,1973-07-18,18,073W14BC13000,2420,5TH,"SALEM, OR 97301",03140087,WD,"THRONEBERRY,BENJAMIN A & DELORES",,,,,"WILCOX,LOREN",,,,,1939.0,432.0,432.0,432.0,,,,,,0,
20,R72547,25717.0,,C001,701,0.85,36916.0,APT.SLM,H12,0.0,1973-07-26,13,073W24BD03300,1725-1781,EVERGREEN,"SALEM, OR 97301",14530188,RD,"MICHELS,LEONARD C & DOROTHY J",,,,,"KINION,ARTHUR N & ELDON L",1450 NW TERRACEGREEN PLACE,,,"CORVALLIS, OR  97330",1973.0,24156.0,24156.0,24156.0,,,,,,0,
21,R72742,25867.0,,C001,701,0.72,31200.0,APT.SLM,H11,592000.0,1973-12-31,14,083W03BD11500,397,MADRONA,"SALEM, OR 97302",01971493,RC,<UNITED EMPIRES CORP,,,,,"SHIVERS,DONALD L ETAL",%EXECUTIVE MANAGEMENT,711 SW ALDER SUITE 200,,"PORTLAND, OR  97205",1996.0,11520.0,11520.0,11520.0,,,,,,0,
22,R16187,,,F310,551,19.0,0.0,008CGI,A30,30105.0,1973-03-08,18,061W12D 00900,9495,MERIDIAN,"MT ANGEL, OR 97362",03000037,WD,"LORENZ,LUTHER F",,,,,"VANDECOEVERING,B F & H M",,,,,,,,,,,,,,0,
23,R75252,33907.0,,R651,101,0.26,11326.0,002,R09R,9000.0,1973-07-02,12,083W14BB00400,1420,BOONE,"SALEM, OR 97306",02610117,RD,BEN COLBATH MOBILE HOMES INC,,,,,"SPRADLING,CALVIN & VIVIAN ANN",1420 BOONE RD,,,"SALEM, OR  97302",1998.0,1782.0,1782.0,1782.0,,,,,,0,
24,R76035,36165.0,,F260,401,0.54,0.0,009C,F32,16500.0,1973-05-19,12,072W29AB02100,5200,CENTER,"SALEM, OR 97317",01841006,WD,"ANDRESEN,PAUL A & LILLIAN P",,,,,"HOUSTON,ELWOOD D & NORMA J",5200 CENTER ST NE,,,"SALEM, OR  97301",1940.0,1919.0,1919.0,1343.0,,576.0,,,,0,
25,R77071,39985.0,,R421,101,0.14,6000.0,015,R23,9000.0,1973-08-16,12,073W14CA15600,2140,MAPLE,"SALEM, OR 97301",04380413,RD,"LOCKLING,CAROLINE D",,,,,"THOMPSON,CLIFFORD W ET AL",8207 DARLEY ROAD SE,,,"AUMSVILLE, OR  97325",1927.0,811.0,811.0,811.0,,,,947.0,109.0,0,
26,R10226,,,F360,551,15.0,0.0,042GI,A33,34000.0,1973-12-17,12,041W02A 01400,23200,HUBBARD CUTOFF,"AURORA, OR 97002",02690967,WD,"DE KONING,PATRICIA N",,,,,"FREEMAN,PERCY F JR ET AL",2034 NW 27TH AVENUE,,,"PORTLAND, OR  97210",2000.0,4308.0,4308.0,4308.0,,,,,105.0,0,
27,R81204,51354.0,,R461,101,0.14,6000.0,014,M41,24950.0,1973-10-11,12,073W35BA03900,1183-1193,17TH,"SALEM, OR 97302",03251137,WD,"HARRELL,L C & LOIS M",,,,,"ANDRADE,ADELINE D & RUBY F",11005 STATE STREET,,,"SALEM, OR  97301",1958.0,1676.0,1676.0,1676.0,,,,,,0,
28,R17354,,,R222,101,0.22,9384.0,019,R33,7500.0,1973-02-11,12,061W34AA04300,712,PINE,"SILVERTON, OR 97381",03760246,BS,"HOUCK,ALBERT L & PAULINE R",,,,,"BORSCHOWA,GERTRUDE C",712 PINE ST,,,"SILVERTON, OR  97381",1922.0,1768.0,1768.0,1088.0,,,680.0,,,0,
29,R82706,61707.0,,C001,201,0.23,10019.0,6B3,O11,23500.0,1973-09-15,12,073W34DD06800,1190,FAIRVIEW,"SALEM, OR 97302",09380431,WD,"KREBS,WALBURGA",,,,,"LEE,DOROTHY B",2813 SE 12TH,,,"SALEM, OR  97302",1940.0,2046.0,2046.0,2046.0,,,,1354.0,,0,
30,R84073,64332.0,,R361,101,0.15,6750.0,015,R32,10000.0,1973-08-23,14,073W12DC00200,3166,NORTHGATE,"SALEM, OR 97301",01861676,RD,"HENICK,JAMES T",,,,,"WATKINS,RODNEY A &","WATKINS,GLENVA D",3166 NORTHGATE AV NE,,"SALEM, OR  97301",1964.0,1355.0,1355.0,1355.0,,,,,109.0,0,
31,R84204,64750.0,,R421,101,0.3,13240.0,015,,20750.0,1973-05-09,0,073W11CB07500,,,,07530716,WD,Missing Seller Record,,,,,"HUSTED,LAWRENCE D & GAYLE D",267 WILSHIRE DR N,,,"SALEM, OR  97303",,,,,,,,,,1,R84205
32,R84812,65334.0,,R411,101,0.25,11120.0,015,R31,23000.0,1973-05-10,14,073W23AD08400,1516,17TH,"SALEM, OR 97301",03550268,RD,"BARKER,SYDNEY A",,,,,"WALLIS,ALDEN T & VIRGINIA A",2020 32ND AVE NE,,,"SALEM, OR  97303",1948.0,916.0,916.0,916.0,,,,,,1,R84814
33,R85547,68443.0,,C001,701,1.03,44866.0,APT.SLM,H17,1341000.0,1973-12-31,14,073W27CB03400,352,BUSH,"SALEM, OR 97302",01860442,RC,UNITED EMPIRES CORP,,,,,"SHIVERS,DONALD L ETAL",% DANIEL R ADAMS CO,711 SW ALDER ST,,"PORTLAND, OR  97205",1964.0,37544.0,37544.0,37544.0,,,,,,0,
34,R85948,71954.0,,R461,101,0.4,17400.0,002,R45,51250.0,1973-08-29,12,083W03AC01700,3444,PIONEER,"SALEM, OR 97302",06770433,RD,"LAYTON,C REX & RUTH M",,,,,"WELLS,WILMA H",3344 PIONEER DR,,,"SALEM, OR  97302",1965.0,3088.0,3088.0,1782.0,1306.0,,,,,0,
35,R86306,73057.0,,R421,101,0.13,5640.0,015,R31,0.0,1973-11-07,6,073W14CD08100,2085,LAUREL,"SALEM, OR 97301",05560203,DE,"JOHNSON,MARY C",,,,,"JOHNSON,EDSEL F ET AL",2085 LAUREL AVE NE,,,"SALEM, OR  97303",1953.0,1004.0,1004.0,1004.0,,,,,109.0,0,
36,R88162,78166.0,,R411,101,0.11,4778.0,015,R32,9600.0,1973-04-11,14,073W23AD12000,1680,JEFFERSON,"SALEM, OR 97301",01881185,RC,Missing Seller Record,,,,,"<REDEL,KATHRYN M",1680 JEFFERSON ST N E,,,"SALEM, OR  97303",1940.0,1104.0,1104.0,704.0,,400.0,,,,0,
37,R88215,78167.0,,R411,101,0.16,7167.0,015,R34,17000.0,1973-05-15,12,073W23AD14300,1595,17TH,"SALEM, OR 97301",02270039,WD,"HAINES,E LOUISE",,,,,"WILSON,DALE A & DIANE M",1727 38TH PLACE NE,,,"SALEM, OR  97301",1931.0,1527.0,1527.0,1031.0,,496.0,,986.0,,0,
38,R89544,78771.0,,C001,701,0.29,12632.0,APT.SLM,H11,112000.0,1973-10-15,12,073W22DA04400,749-759,CHURCH,"SALEM, OR 97301",03021503,WD,"BUCHHOLZ,WILLARD C & ELIZABETH",,,,,"ELSNER,HARVEY J & BERNICE M",5340 WINDSOR ISLAND RD NE,,,"SALEM, OR  97303",1967.0,6534.0,6534.0,6534.0,,,,,,0,
39,R89566,78771.0,,C001,201,0.23,9892.0,PRIM,E50,0.0,1973-01-31,29,073W22AC03900,940,COMMERCIAL,"SALEM, OR 97301",07440418,BS,"CHAN,ALICE",,,,,"CHINN,JOYCE",1126 SE 16TH,,,"PORTLAND, OR",1936.0,2053.0,2053.0,2053.0,,,,,,0,
40,R18326,,,F210,551,10.96,0.0,008C,A74E,29500.0,1973-11-07,12,062W07  00500,10310,RIVER,"SALEM, OR 97303",02850469,WD,"DENSON,JAMES E & MARY JANE",,,,,"ORTON,RALPH F & IRENE I",10310 RIVER RD N,,,"SALEM, OR  97303",1961.0,1484.0,1484.0,1484.0,,,,,,0,
41,R10448,,,F360,451,0.93,0.0,042,F31,10000.0,1973-12-14,12,041W11C 01600,13694,EHLEN,"AURORA, OR 97002",06660490,RD,"HAYGARTH,CHARLES B",,,,,"PAVLICEK,VINCENT J &","PAVLICEK,JUDITH A",2335 E MADRONA,,"CANBY, OR  97013",1930.0,1064.0,1064.0,1064.0,,,,,,0,
42,R18775,,,F210,551,16.02,0.0,009CGI,A00,220000.0,1973-06-22,12,062W19  00500,,,,01970233,WD,"FRANKE,ROY M & ELSIE",,,,,"HASHAGEN,JACK S & WANDA I",8490 RIVER RD N,,,"SALEM, OR  97303",,,,,,,,,,0,
43,R95723,93570.0,,R461,101,0.09,3840.0,015,R31,9000.0,1973-09-21,12,073W26AA03800,634,20TH,"SALEM, OR 97301",03131377,WD,"STRAUB,ROBERT W & PATRICIA S",,,,,"PICKERING,DAVID A & JOYCE D",,,,,1914.0,933.0,933.0,933.0,,,,,,0,
44,R96684,99785.0,,C001,201,1.2,52350.0,SEC,O11,16590.0,1973-08-23,2,073W26CC14100,1255,LEE,"SALEM, OR 97301",02510250,BS,SECURITY BANK OF OREGON,,,,,"HANNA,DANIEL C",%TRANSAMERICA PROPERTIES INC,1212 MISSION SE-FIREHOUSE 5,,"SALEM, OR  97301",2005.0,27678.0,27678.0,27678.0,,,,,,0,
45,R96778,99786.0,,C001,200,0.16,7100.0,SEC,,12750.0,1973-11-30,35,073W26CC07300,1333,WALLER,"SALEM, OR 97302",01940973,RC,"BAILLIE,WILLIAM H & IDA M",,,,,"<LUKENBILL,CARL E & JANICE",1880 CAPITOL SE,,,"SALEM, OR  97301",,,,,,,,,,0,
46,R19100,,,F260,551,26.79,0.0,OSDA.RUR,A49,35000.0,1973-03-05,12,062W26  00700,7734,LABISH CENTER,"SALEM, OR 97305",01941687,RD,"ADAMSON,ARLIN E & ELAINE",,,,,"MALLORIE,GEORGE W & FRANCES J",7734 LABISH CTR RD NE,,,"SALEM, OR  97303",1979.0,,,,,,,,,0,
47,R98428,53614.0,,F617,100,0.6,26250.0,03PG,,1200.0,1973-08-06,12,105E01DC03600,170,MACKEY,"DETROIT, OR 97342",02510098,WD,"KRANTZ,CLEMENT J & MARIE",,,,,"MILLER,HARLAN R & JEAN M",5875 GAFFIN RD SE,,,"SALEM, OR  97301",,,,,,,,,,0,
48,R98606,21443.0,,C008,201,0.11,5000.0,STOWN.MINA,E50,38000.0,1973-05-24,12,041W17CA02700,10791,MAIN,"DONALD, OR 97020",01821972,WD,"KELSAY,DALE E & CORA M",,,,,"SCHAEFER,WILLIAM F & DONNA H",PO BOX 423,,,"DONALD, OR  97020",1903.0,2940.0,2940.0,2940.0,,,,,,0,
49,R99258,32557.0,,R11A,101,0.11,5000.0,025,R32,12500.0,1973-09-07,14,052W26AD01000,225,JUNIPER,"GERVAIS, OR 97026",03540663,WD,"CHRZ,LUCINA C",,,,,"SANDERS,JAHN R & MARY P","%FIET,FRED K",13918 PORTLAND ROAD NE,,"WOODBURN, OR  97071",1900.0,1250.0,1250.0,842.0,,408.0,,,109.0,0,
50,R99729,42573.0,,R12B,101,0.07,3000.0,053U,R35,0.0,1973-08-23,12,041W33AC10000,2686,G,"HUBBARD, OR 97032",10000137,WD,"KRIEGEL,W W & EVELYN M",,,,,"BINKLEY,VIRGIL W & JOAN E",1462 E CLEVELAND,,,"WOODBURN, OR  97071",1948.0,1132.0,1132.0,950.0,182.0,,,,109.0,0,
51,R103172,85682.0,,R12G,101,0.3,13200.0,059,R47,13000.0,1973-02-01,29,042W19AC00300,20310,MAIN,"ST PAUL, OR 97137",03280202,WD,"FROMHERZ,THOMAS E & KATHLEEN G",,,,,"COOKE,JAMES L & AGNES",242 NE MAIN,,,"ST PAUL , OR  97137",1924.0,1768.0,1768.0,904.0,864.0,,,864.0,91.0,0,
52,R103777,41666.0,,R624,101,0.23,10000.0,011,R42,11000.0,1973-03-30,14,091W10DB02600,418,JEFFERSON,"STAYTON, OR 97383",02711224,RC,"COOPER,TAYLOR J & BETTY",,,,,"<PENDLETON,ROBERT L & KAY L",418 E JEFFERSON ST,,,"STAYTON, OR  97383",1896.0,2087.0,2087.0,1636.0,,451.0,,,91.0,0,
53,R105576,90525.0,,R61K,101,0.08,3495.0,011,R31Z,0.0,1973-10-11,29,082W29DD05600,5332,ELGIN,"TURNER, OR 97392",04810443,DE,"GILES,LAURA",,,,,TURNER MEMORIAL HOME,PO BOX 58,,,"TURNER, OR  97392",1973.0,836.0,836.0,836.0,,,,,109.0,0,
54,R105578,90525.0,,R61K,101,0.06,2621.0,011,R31Z,0.0,1973-03-31,29,082W29DD05500,5334,ELGIN,"TURNER, OR 97392",05560028,BS,"LEWIS,GERTRUDE (LE)",,,,,TURNER MEMORIAL HOME,PO BOX 355,,,"TURNER, OR  97392",1973.0,836.0,836.0,836.0,,,,,109.0,0,
55,R105992,7383.0,,R163,101,0.12,5011.0,048,R31,12000.0,1973-09-10,12,051W18BD05900,129,BRADLEY,"WOODBURN, OR 97071",02010011,WD,"KONOVALOV,YACOV P & NINA",,,,,"KRASKOVA, ANA",141 BRADLEY,,,"WOODBURN, OR  97071",1981.0,1048.0,1048.0,1048.0,,,,,,0,
56,R106225,12811.0,,R163,101,0.2,8500.0,049,R32,9000.0,1973-03-16,12,051W07CA04900,790,SETTLEMIER,"WOODBURN, OR 97071",02481256,RD,"CAVETT,ELSIE L",,,,,"CHAMBERLAIN,GERTRUDE",790 N SETTLEMIER,,,"WOODBURN, OR  97071",1907.0,1300.0,1300.0,822.0,,478.0,,,,0,
57,R106405,22543.0,,R163,101,0.39,17200.0,049,R44,24500.0,1973-05-15,14,051W07CD06400,339,5TH,"WOODBURN, OR 97071",02220850,RC,"FREEBURG,RAYMOND L & FRANCES V",,,,,"<HALL,LARRY D & AURORA B",339 N 5TH ST,,,"WOODBURN, OR  97071",1906.0,2023.0,2023.0,1483.0,,540.0,,1190.0,91.0,0,
58,R106405,22543.0,,R163,101,0.39,17200.0,049,R44,24500.0,1973-05-22,12,051W07CD06400,339,5TH,"WOODBURN, OR 97071",07090290,WD,"FREEBERG,RAYMOND L & FRANCES V",,,,,"HALL,LARRY D & AURORA B",339 N 5TH ST,,,"WOODBURN, OR  97071",1906.0,2023.0,2023.0,1483.0,,540.0,,1190.0,91.0,0,
59,R107211,51054.0,,C003,201,0.47,20473.0,WOOD,C21,25000.0,1973-05-04,14,051W08DB02300,1325,PACIFIC,"WOODBURN, OR 97071",03321470,WD,"STICKA,ROSE",,,,,"HOLY,ARNOLD H",1325 N PACIFIC HWY,,,"WOODBURN, OR  97071",1993.0,2438.0,2438.0,2438.0,,,,,,0,
60,R107967,75515.0,,R163,101,0.18,7700.0,048,R31,15600.0,1973-05-23,14,051W07DC02000,870,1ST,"WOODBURN, OR 97071",01941862,RC,"STRINGHAM,ROBERT & SHARON",,,,,"<STEBBINS,DANIEL E & DIANE L",870 1ST ST,,,"WOODBURN, OR  97071",1941.0,922.0,922.0,922.0,,,,,,0,
61,R108425,86334.0,,R163,101,0.17,7336.0,049,R31,10000.0,1973-03-12,12,051W18AC05100,344,BROWN,"WOODBURN, OR 97071",02531401,RD,"SELEDKOV,TERENTY & AGAFIA",,,,,"BRITTAN,DOROTHY T",344 BROWN ST,,,"WOODBURN, OR  97071",1945.0,696.0,696.0,696.0,,,,,,0,
62,R108440,88203.0,,R163,101,3.27,141172.0,049,M41,195000.0,1973-03-23,12,051W08DC07500,1081-1085,DUNN,"WOODBURN, OR 97071",06580441,RD,"MURPHY,ARCHIE & OLETA",,,,,"<SAMARIN,MICHAEL & TANIA-1/2 INT",1535 SILVERTON,,,"WOODBURN, OR  97071",1961.0,1440.0,1440.0,1440.0,,,,,,12,R108441;R108442;R108443;R108444;R108445;R108446;R108447;R108448;R108449;R108450;R108451;R108452
63,R108521,89573.0,,R163,101,0.23,10200.0,048,R32,18000.0,1973-09-07,12,051W07DB04800,1163,3RD,"WOODBURN, OR 97071",04740123,WD,"WHITNEY,MARGARET T",,,,,"ORTA,MARCOS & ANNA M",1163 N 3RD ST,,,"WOODBURN, OR  97071",1901.0,1912.0,1912.0,1348.0,,564.0,,,,0,
64,R108941,99023.0,,C003,201,0.11,4750.0,WOOD,E30,33160.0,1973-12-12,12,051W18AB03300,311,FRONT,"WOODBURN, OR 97071",04910177,WD,"HANDY,ERNEST W & OLA LEE",,,,,"WILSON,HAROLD & ROSE MAE",%EUGENE MERWIN,311 N FRONT ST,,"WOODBURN, OR  97071",1904.0,4750.0,4750.0,4750.0,,,,,,0,
65,M125156,,,F660,049,,,,T44,10000.0,1973-01-01,14,091E13B 01900,20687,RILEY,"STAYTON, OR 97383",,,"POPE,ZELDA M",,,,,Missing Buyer Record,,,,,1973.0,784.0,784.0,784.0,,,,,,0,
66,M125250,,,F360,049,,,,T44,10000.0,1973-10-01,6,072E16  01900,2434,CROOKED FINGER,"SCOTTS MILLS, OR 97375",,,"LONG,NORMAN F & ALYCE A",,,,,Missing Buyer Record,,,,,1973.0,924.0,924.0,924.0,,,,,,0,
67,R20572,,,R24M,491,1.45,63162.0,006,R31,10000.0,1973-03-27,12,063W36CA00500,5545,RIDGE,"KEIZER, OR 97303",02441338,RD,"JESINGHAUS,JOHN J & AMELIA J",,,,,"STROHECKER,HAROLD E & PHYLLIS",5545 RIDGE DR NE,,,"SALEM, OR  97303",1940.0,1152.0,1152.0,1152.0,,,,,,0,
68,R20636,,,F360,401,1.5,0.0,008C,F42,0.0,1973-08-21,8,071W01D 01300,4170,SILVER FALLS,"SILVERTON, OR 97381",02160677,QC,"WARRENDER,SARA E",,,,,"WARRENDER,SARA E TRUSTEE",PO BX 91,,,"SILVERTON, OR  97381",1979.0,1562.0,1562.0,1562.0,,,,,,0,
69,R16189,,,F310,551,33.28,0.0,OSDA.RUR,A33,41000.0,1973-03-08,12,061W12D 00500,9495,MERIDIAN,"MT ANGEL, OR 97362",15200678,WD,"LORENZ,LUTHER F & VELVA M","<HAMMELMAN,RICHARD & MARILYN",9495 MERIDIAN RD,,"MT ANGEL, OR  97362","HAMMELMAN,RICHARD J",9495 MERIDIAN RD NE,,,"MT ANGEL, OR  97362",1951.0,1967.0,1967.0,1967.0,,,,,,0,
70,R106677,,,R163,101,0.35,15224.0,049,R09R,,1973-01-14,25,051W07CC04900,1637,HAYES,"WOODBURN, OR 97071",15220179,DC,"GOMEZ,MARIA S",P O BOX 283,,,"HUBBARD, OR  97032","GOMEZ,CATALINA ETAL",30 S FALEN AVE,,,"HARRAH, WA  98933",,1900.0,1900.0,1900.0,,,,,,0,
71,R37338,,,F410,551,49.37,0.0,008SGI,A40,70000.0,1973-04-03,12,103W12  00800,,,,15410120,WD,"DEGULIS,EDITH E & STANLEY","<WELLS,LARRY & KAREN L",3080 JEFFERSON SCIO DRIVE SE,,"JEFFERSON, OR  97352","WELLS,LARRY WAYNE & KAREN L",3080 JEFFERSON-SCIO DRIVE SE,,,"JEFFERSON, OR  97352",,,,,,,,,,0,
72,R50106,39835.0,,R26M,101,0.23,9816.0,044,R31,,1973-06-02,25,073W10AA06300,438,DENNIS,"KEIZER, OR 97303",15500147,DC,"MACK,PATRICIA M",%KATHY STANISICH,3615 114TH ST NW,,"GIG HARBOR, WA  98332","MACK,PATRICIA M",%KATHY STANISCH,3615 114TH ST NW,,"GIG HARBOR, WA  98332",1960.0,1482.0,1482.0,1482.0,,,,,109.0,0,
73,R323846,,,F660,551,3.65,0.0,008S,A20,8487.0,1973-09-10,0,091E17B 00600,11153,FIR GROVE,"STAYTON, OR 97383",07600462,MI,"DAVIE,FRED A & ELLEN T",,,,,"ZOLKOSKE,SANDRA L",11153 FIR GROVE LN SE,,,"STAYTON, OR  97383",,,,,,,,,,0,
74,R22722,,,CN001,707,9.12,0.0,,N16,75000.0,1973-02-02,12,072W09  00400,5990-6520,SILVERTON,"SALEM, OR 97305",03041292,WD,"SCOFIELD,ROY S & GENEVA",,,,,"HARRELL,LORIS C & LOIS M",4023 JUDY AVE NE,,,"SALEM, OR  97305",,4675.0,4675.0,4675.0,,,,,,0,
75,R24502,,,F260,451,4.85,0.0,OSDA.RUR,F31,0.0,1973-11-26,13,072W33A 01500,700,62ND,"SALEM, OR 97317",08610221,RD,"JEFFERS,A RUSSELL & DORA M",,,,,"WOLFE,ANDREW A & JANE",P O BOX 13808,,,"SALEM, OR  97309",1973.0,1646.0,1646.0,1646.0,,,,,,0,
76,R25747,,,C00M,701,3.11,135570.0,APT.SLM,H14,750000.0,1973-06-01,14,073W11BB05300,126,HOMEWOOD,"KEIZER, OR 97303",06950047,WD,"FISH,ERNEST D & JOYCE D",,,,,"TAYLOR,RILEY R",3700 RIVER RD N #4,,,"SALEM, OR  97303",1970.0,58570.0,58570.0,58570.0,,,,1591.0,,0,
77,R26763,,,R461,101,0.24,10454.0,015,R37,0.0,1973-03-15,12,073W23DC09100,587,STATESMAN,"SALEM, OR 97301",05060356,RD,"ZINN,NORRIS M & DOROTHY M",6614 BROOKHOLLOW CT NE,,,"KEIZER, OR  97303","HART,ROLLAND O",PO BOX 71,,,"SALEM, OR  97308",1900.0,1868.0,1868.0,1146.0,722.0,,,698.0,109.0,0,
78,R26985,,,C001,701,1.04,45302.0,APT.SLM,H12,332000.0,1973-12-31,14,073W24AA04100,1885-1985,HAWTHORNE,"SALEM, OR 97301",01831712,RC,UNITED EMPIRES CORP,,,,,"<SHIVERS,DONALD L ETAL",% DANIEL R ADAMS CO,711 SW ALDER ST SUITE 200,,"PORTLAND, OR  97205",1969.0,19880.0,19880.0,19880.0,,,,1470.0,,0,
79,R27527,,,C001,201,0.08,3520.0,SEC,G60,10000.0,1973-07-06,14,073W26BD06700,135,17TH,"SALEM, OR 97301",04040106,RC,"WATERS,JOHN L",,,,,"<HAMILTON,H ROBERT & BARBARA H K",135 - 17TH STREET SE,,,"SALEM, OR  97301",,,,,,,,,,0,
80,R28142,,,F660,551,87.21,32070.0,008SG,A70,35900.0,1973-12-31,12,081W06  01500,0,,,07090176,RD,"GEER,CORA P",,,,,"SMITH,JACK D & SANDRA J",4482 MARKET ST NE,,,"SALEM, OR  97301",,,,,,,,,,1,R55975
81,R28219,,,F660,551,39.37,0.0,008SG,A99S,15000.0,1973-06-28,12,081W12A 02200,15356,WALDO HILLS,"SUBLIMITY, OR 97385",02871279,WD,"VERBECK,ROY N & HELEN F",,,,,"ROEMER,CHRISTIAN PAUL",11672 NUSOM RD NE,,,"SILVERTON, OR  97381",,,,,,,,,,0,
82,R28609,,,R63U5,491,1.14,0.0,02JA,R09,9500.0,1973-08-01,12,081W30C 02000,7781,BISHOP,"AUMSVILLE, OR 97325",02870629,RD,"WHITE,W A & E M",,,,,"PALMER,ARCHIE W",7781 BISHOP RD SE,,,"AUMSVILLE, OR  97325",,,,,,,,,,0,
83,R11598,,,CW0B,301,4.5,196080.0,OSI,W22,27500.0,1973-07-23,12,041W33DB02600,2860,J,"HUBBARD, OR 97032",02091264,WD,"LEDIEFF,MICHAEL & LILLIAN",,,,,"MILLER,H ET AL",,,,,1981.0,41328.0,41328.0,41328.0,,,,,,0,
84,R31084,,,01D,550,97.55,0.0,00HAI,A60,325000.0,1973-08-03,14,082W33A 00500,,,,02721273,RC,"<SUDMAN,LEONARD & BARBARA J",,,,,"BURKLAND,DONALD H",R1 BX 78,,,"TURNER, OR  97392",,,,,,,,,,0,
85,R31186,,,F610,551,18.92,0.0,OSDA.RUR,A93E,23250.0,1973-09-24,12,082W36C 00600,8561,LITTLE,"AUMSVILLE, OR 97325",10370090,RD,"HIGGINS,ROBERT EARL & HAZEL DEAN",,,,,"STURDIVANT,STEPHEN L ET AL",8561 LITTLE RD SE,,,"AUMSVILLE, OR  97325",1979.0,3186.0,3186.0,2916.0,270.0,,,,109.0,0,
86,R32025,,,R521,101,0.28,12000.0,002,R31,20500.0,1973-08-08,0,083W10BA07800,4251,GARDNER,"SALEM, OR 97302",07590786DE,DE,OREGON MUTUAL SAVINGS BANK,,,,,DEPT OF VETERANS AFFAIR,,,,,1956.0,1456.0,1456.0,1456.0,,,,,109.0,0,
87,R33392,,,F460,451,0.97,0.0,009S,F09R,13500.0,1973-04-23,14,083W35CC00300,8864,JACKSON HILL,"SALEM, OR 97306",02900163,WD,"ASKEGAARD,JOHANNA B",,,,,"RUGER,JAMES W & PAMELA J",,,,,1989.0,1566.0,1566.0,1566.0,,,,,,0,
88,R33649,,,F430,551,20.09,0.0,OSDA.RUR,A25,20000.0,1973-08-03,12,084W14  01100,5478,RIVER,"SALEM, OR 97302",01941475,WD,"GROFF,JERRY L ETAL",,,,,"GROFF,JERRY L ETAL",5478 RIVER RD S,,,"SALEM, OR  97302",1984.0,2592.0,2592.0,1212.0,798.0,,582.0,,90.0,0,
89,R12078,,,R12G,491,1.25,54404.0,005,R44,14500.0,1973-09-18,12,042W19AC03300,3961,BLANCHET,"ST PAUL, OR 97137",04400500,WD,"BERNARD,ALBERT T & MARGARET E",,,,,"SMITH,RONALD D & KAREN J",PO BX61,,,"ST PAUL , OR  97137",1939.0,2132.0,2132.0,1712.0,,420.0,,768.0,91.0,0,
90,R12143,,,F210,551,31.89,0.0,042GI,A40,25000.0,1973-02-01,12,042W21  01500,,,,02840665,RD,"COOKE,JAMES L",,,,,"KAUFMANN,HELEN A",19533 FRENCH PRAIRIE RD NE,,,"WOODBURN, OR  97071",,,,,,,,,,0,
91,R35408,,,F460,451,7.84,0.0,008S,F47A,11412.0,1973-07-13,12,092W20D 01700,5278,PEARSON,"TURNER, OR 97392",04690178,WD,"PETERSEN,DALE & MARY M",,,,,"CREMER,WALTER & BEATRICE",3014 E MULBERRY ST,,,"PHOENIX, AZ  85016",1994.0,2000.0,2000.0,1280.0,720.0,,,1280.0,,0,
92,R12342,,,F210,551,109.67,0.0,OSDA.RUR,A43,55000.0,1973-04-24,14,042W29  00700,4608,DAVIDSON,"ST PAUL, OR 97137",01990842,RC,"DAVIDSON,EDWARD F & ELEANOR C",,,,,"<DAVIDSON,RAYMOND T",4058 DAVIDSON RD NE,,,"ST PAUL , OR  97137",1929.0,2484.0,2484.0,1630.0,,854.0,,1516.0,109.0,0,
93,R36332,,,F420,551,160.5,0.0,008SG,A40S,210000.0,1973-10-24,12,093W14  00200,0,,,03021178,WD,"JENNINGS,CHARLES B ET AL",,,,,"TOWERY,JIM ET AL",PO BOX 377,,,"MILL CITY , OR  97360",1999.0,,,,,,,,,0,
94,R36918,,,F420,551,14.28,0.0,008SGI,A40,9000.0,1973-01-24,12,102W08  00300,,,,10580236,RD,"HENION,LESTER C & ALICE I",,,,,"JONES,J REX & MARY FRANCES",221 N 3RD ST,,,"REDMOND, OR  97756",,,,,,,,,,0,
95,R37004,,,F410,451,6.38,0.0,008S,F09R,6200.0,1973-05-29,12,103W01A 00700,3191,JEFFERSON MARION,"JEFFERSON, OR 97352",07230221,RD,"WIED,MARCELLA K",,,,,"GONZALES,RODRIGO A & MARIA T",640 32ND AV SE #26,,,"ALBANY, OR  97321",1992.0,1978.0,1978.0,1978.0,,,,,,0,
96,R37389,,,F310,551,35.71,0.0,008C,A62,50000.0,1973-01-19,14,061E06  02200,10602,WAGON,"MT ANGEL, OR 97362",02661902,RC,"ROSS,EARL H & LUCILLE M",,,,,"<MAURER,ALEX A & ANN",13437 DOMINIC RD NE,,,"MT ANGEL , OR  97362",1935.0,904.0,904.0,904.0,,,,,,0,
97,R37400,,,F310,551,39.95,0.0,OSDA.RUR,A64,51750.0,1973-03-20,14,061E06  00700,10771,WAGON,"MT ANGEL, OR 97362",05020416,RD,"MANNING,KATHRYN ANN & WILLIAM L",,,,,"RIEDMAN,CONRAD J & FRANCES K",10771 WAGON RD NE,,,"MT ANGEL , OR  97362",1915.0,2486.0,2486.0,1604.0,,882.0,,1188.0,,0,
98,R39350,,,F360,451,5.0,0.0,008C,,13900.0,1973-06-26,14,072E16  01500,,,,02110965,WD,"CASEY,GEORGE & HAZEL H",,,,,"RAMBO,WILLIAM P & MARY E",,,,,,,,,,,,,,0,
99,R12695,,,F330,451,0.71,0.0,008N,F31,51001.0,1973-01-18,12,051W05B 00600,17221,BOONES FERRY,"WOODBURN, OR 97071",13990764,RD,D V A &,"<ROCK,NICHOLAS V",,,,"MURAVIOV,ALEX F &","MURAVIOV,IRENE",17221 BOONES FERRY RD NE,,"WOODBURN, OR  97071",1930.0,1408.0,1408.0,1408.0,,,,,109.0,0,
100,R40723,,,F660,551,4.0,0.0,008SG,A20,8487.0,1973-10-19,0,091E17B 00600,,,,07600462,DE,"DAVIE,FRED A & ELLEN T",,,,,"ZOLKOSKE,DAVID P & SANDRA L",11153 FIR GROVE LN SE,,,"STAYTON, OR  97383",,,,,,,,,,0,
101,R41262,,,F660,450,1.5,0.0,TCVACANT,,6250.0,1973-11-07,12,092E23CC00200,,,,03080547,RD,"LENGACHER,JOHN & JUDITH ET AL",,,,,"VANHOOMISSEN,JAMES & ELIZABETH",,,,,,,,,,,,,,0,
102,R12804,,,R163,101,0.11,5000.0,049,R43,13700.0,1973-08-28,14,051W07CD11200,389,HAYES,"WOODBURN, OR 97071",01900927,WD,"BEERS,IVAN C & ETHEL A",,,,,KOCHER.WESLEY H & MARIE J.,389 W HAYES,,,"WOODBURN, OR  97071",1926.0,1232.0,1232.0,1232.0,,,,1104.0,91.0,0,
103,R12808,,,R163,121,0.11,5000.0,049,R42,0.0,1973-06-08,13,051W07CD12300,483,2ND,"WOODBURN, OR 97071",13500077,BS,Missing Seller Record,,,,,"GOODRICH,SUZANNE & KOFFORD,JUDI",483 N 2ND,,,"WOODBURN, OR  97071",1900.0,1908.0,1908.0,1228.0,,680.0,,,,0,
104,R41673,,,F639,490,2.02,0.0,03F,,3000.0,1973-08-20,12,093E27CA01400,,,,02830659,WD,"HUNTER,STANLEY G & MURIEL A",,,,,"CHARTIER,OTIS M & MILDRED I",3502 E BIRCH,,,"PARKER, CO  80134",,,,,,,,,,0,
105,R12841,,,R163,101,0.27,11700.0,049,R32,12500.0,1973-07-29,18,051W07CD01600,648,HARRISON,"WOODBURN, OR 97071",02631256,WD,"MAMETIEV,FEDOT N & ZINAIDA E",,,,,"SHUTOV,KSENIA",648 HARRISON ST,,,"WOODBURN, OR  97071",1855.0,1472.0,1472.0,920.0,,552.0,,,,0,
106,R44044,10610.0,,F260,550,8.61,0.0,036I,A60,13500.0,1973-11-23,12,072W20A 01700,,,,02291159,RD,"SIDDALL,ZINNIA C",,,,,"MOSMAN,RICHARD T & VAN NESS",5999 CULVER DR SE,,,"SALEM, OR  97302",,,,,,,,,,0,
107,R46973,20841.0,,F330,551,16.16,0.0,OSDA.RUR,A00S,35000.0,1973-04-10,14,041W35C 00900,,,,01951029,WD,"WININGER,EARL & DORA",,,,,"DIERINGER,DONALD J & MARY A",RT 1 BOX 281-B,,,"HUBBARD, OR  97032",,,,,,,,,,0,
108,R47108,21643.0,,R311,491,1.75,0.0,006,R45,4750.0,1973-10-26,14,072W05A 02300,5141,HAYESVILLE,"SALEM, OR 97305",02580260,RD,"TOOLE,JOSEPH G & MONICA M",,,,,"KEENEY,J C V & DOROTHY D",1930 PARK AVE NE,,,"SALEM, OR  97303",2004.0,3155.0,3155.0,1851.0,1304.0,,,,110.0,0,
109,R47278,23322.0,,R41U1,101,0.2,8500.0,015,R31,19500.0,1973-01-15,14,072W31AA11400,409,BRINK,"SALEM, OR 97317",02781068,RC,"WILSON,EDDIE L",,,,,"<KINCAID,LARRY C & TONI J",166 44TH AVE SE,,,"SALEM, OR  97301",1973.0,1638.0,1638.0,1638.0,,,,,109.0,0,
110,R47420,23855.0,,F210,551,5.09,0.0,OSDA.RUR,A23,22900.0,1973-02-27,12,052W32B 00600,4601,RUNCORN,"GERVAIS, OR 97026",03381431,WD,"SEARS,HENRY IRVING & LEONA R",,,,,"OLSON,NORVIN K & SANDRA L",4601 RUNCORN RD NE,,,"GERVAIS, OR  97026",1940.0,1680.0,1680.0,840.0,840.0,,,,91.0,0,
111,R47507,25365.0,,R46U1,101,0.38,16443.0,003,R45W,6500.0,1973-05-18,12,073W31BB00400,1659,RIVERHAVEN,"SALEM, OR 97302",02401065,WD,"MURRAY,ALLAN DALE",,,,,"DIMBAT,DONALD W & GLENDA",5426 BATTLE CREEK ROAD SE,,,"SALEM, OR  97302",1995.0,2675.0,1675.0,1207.0,468.0,,,,91.0,0,
112,R47735,27933.0,,R25M,101,0.21,9052.0,044,R31,22000.0,1973-09-27,12,073W02BB02400,5068,4TH,"KEIZER, OR 97303",02171157,WD,"SHEDECK,GLENN D & BARBARA J",,,,,"JOSEPH,PAUL E & LINDA",5068 4TH PLACE N,,,"SALEM, OR  97303",1960.0,1364.0,1364.0,1364.0,,,,,109.0,0,
113,R48123,30236.0,,R36U1,101,0.24,10472.0,014,R21,9900.0,1973-09-21,12,072W30DB03200,210,ELMA,"SALEM, OR 97301",02350915,RD,"BERGER,DAVID W & VELDA IRENE",,,,,"MC CRACKEN,PHYLLIS ANN",,,,,1949.0,772.0,772.0,772.0,,,,,,0,
114,R49682,37463.0,,R31U1,101,0.16,7000.0,002,R31,0.0,1973-01-27,3,072W05BD06400,4755,OAKLEAF,"SALEM, OR 97305",03120807,RD,"HARRIS,THOMAS A & CHERI M",,,,,STATE OF OR-DIR OF VETS' AFFAIRS,4755 OAKLEAF CT NE,,,"SALEM, OR  97305",1977.0,1348.0,1348.0,1348.0,,,,,109.0,1,R49683
115,R50064,39183.0,,F220,451,0.26,11341.0,030,F41,31500.0,1973-11-23,12,062W20CB02800,4596,POINSETTIA,"SALEM, OR 97305",06800088,DE,"CONDER,ROMA L",,,,,"KENNEDY,EARL R& LINDA M",4596 POINSETTIA NE,,,"SALEM, OR  97305",1967.0,1771.0,1771.0,1771.0,,,,,,0,
116,R51070,44428.0,,R36U1,101,0.2,8600.0,015,R43,33260.0,1973-05-01,14,072W08CB07100,4749,SESAME,"SALEM, OR 97305",03380237,RC,"VASEND,ROGER C & F JOSEPHINE",,,,,"<WOLFORD,MERRILL W & MARY B",2595 65TH AVE SE,,,"SALEM, OR  97301",1973.0,2346.0,2346.0,1228.0,,,1118.0,,91.0,0,
117,R13841,,,CN03,201,0.46,20000.0,,N30,55000.0,1973-04-18,14,051W18DA09400,285,PACIFIC,"WOODBURN, OR 97071",02471434,EX,"ZOLOTOFF,JOHN S - ESTATE OF",,,,,"MC SMITH,MARION R & JUNE L","ZOLOTOFF,STEVEN - EXECUTOR",285 S PACIFIC HWY,,"WOODBURN, OR  97071",,0.0,0.0,0.0,,,,,,0,
118,R52846,49932.0,,R32U1,101,0.17,7200.0,002,R31,24800.0,1973-08-24,14,072W06CA04300,4663,KINGSTON,"SALEM, OR 97303",01880618,RC,DON SATTER CONST CO,,,,,"<ALLBRITTON,CHARLES B & DOROTHY",2968 MARKET ST NE,,,"SALEM, OR  97301",1973.0,1152.0,1152.0,1152.0,,,,,109.0,0,
119,R53169,50941.0,,R25M,101,0.17,7290.0,044,R31,21500.0,1973-12-06,14,073W01BB02100,1992,PETTY GROVE,"KEIZER, OR 97303",01890708,RC,PHAIR-NOLAN & CO,,,,,"<SMITH,JEANETTE M",1992 PETTYGROVE CT NE,,,"SALEM, OR  97303",1973.0,1293.0,1293.0,1293.0,,,,,109.0,0,
120,R13938,,,F330,551,9.69,0.0,008NG,A20S,150000.0,1973-06-01,14,051W19B 03400,,,,02470755,RC,"VELDHUISEN,CORNELIUS P & TINA H",,,,,"<VELDHUISEN,HENRIK & DOLORES",1200 BELLE PASSI RD,,,"WOODBURN, OR  97071",,,,,,,,,,0,
121,R53955,54065.0,,R26M,101,0.18,7980.0,044,R31,16500.0,1973-12-03,12,073W03DD04100,604,MANBRIN,"KEIZER, OR 97303",01960122,WD,"<MANESS,JERRY E & TERRYL D N",,,,,"MANESS,TERRYL D NORTON",577 14TH STREET NE,,,"SALEM, OR  97301",1947.0,999.0,999.0,999.0,,,,,,0,
122,R14052,,,F330,551,38.73,0.0,008NGI,A70S,68865.0,1973-06-07,14,051W22  00900,,,,03050504,RD,"ASHLAND,LLOYD & GRACE",,,,,"HITZ,BERNARD & PATRICIA",12786 HITZ LN NE,,,"WOODBURN, OR  97071",,,,,,,,,,0,
123,R54229,54970.0,,R461,101,0.16,7020.0,015,R31,22950.0,1973-05-22,14,082W06AB07500,4125,CRANSTON,"SALEM, OR 97317",02770539,RC,"HELTON,WILLIAM J & THELMA E",,,,,"<SMITH,BRUCE C & SUSAN J",4348 BARBARA WAY NE,,,"SALEM, OR  97305",1969.0,1485.0,1485.0,1485.0,,,,,109.0,0,
124,R54338,55266.0,,F420,401,0.26,0.0,010,F09W,7500.0,1973-07-13,14,092W33BC00100,14237,DUCKFLAT,"TURNER, OR 97392",02701301,RC,"DRUSHELLA,HARMON P & LOIS",,,,,"<DAVIS,LYLE B & DELMA I",485 W IDA ST,,,"STAYTON, OR  97383",,,,,,,,,,0,
125,R54615,56750.0,,F660,401,2.31,0.0,008S,F31,25900.0,1973-04-06,14,082W24C 01200,6608,PINTO,"SALEM, OR 97317",01860659,RC,WESTOWN PROPERTIES INC,,,,,"<WEAR,JAMES M & PHYLLIS E",PO BOX 3168,,,"PORTLAND, OR  97208",1972.0,1060.0,1060.0,1060.0,,,,,109.0,0,
126,R84624,65008.0,,R411,101,0.07,2988.0,015,R33,13000.0,1973-08-07,33,073W23BB11800,565,JEFFERSON,"SALEM, OR 97301",07640206DE,WD,"LAITMER,LOIS",,,,,"GOLDENUSKY,PETER A &","GOLDENUSKY,NORMA J","C/O TRIMBLE,JACKY",PO BOX 144,"ALDEN, MI  49612",1928.0,933.0,933.0,933.0,,,,933.0,,0,
127,R14421,,,F220,551,25.71,0.0,WASTE,A90,60000.0,1973-04-10,12,052W01C 00700,,,,03030044,RD,"ROGERS,GEORGE A & MERLE B",,,,,"CROSBY,EDGAR W & ELLEN M",16826 BUTTVILLE RD NE,,,"WOODBURN, OR  97071",,,,,,,,,,2,R14425;R14429
128,R58086,69664.0,,R31U1,101,0.27,11786.0,002,R41,30500.0,1973-03-31,14,072W05CB08100,4635,JANICE,"SALEM, OR 97305",01870099,RC,"SATTER,DONALD R DBA",,,,,<KNOX.GEORGE L & JOAN,2968 MARKET NE,,,"SALEM, OR  97301",1973.0,1593.0,1593.0,1593.0,,,,,,0,
129,R58202,70341.0,,F660,401,2.58,0.0,009S,F46,2280.0,1973-12-28,26,082W11B 05400,3998,78TH,"SALEM, OR 97317",01810185,WD,"BROWN,DAVID R & HELEN P",,,,,"KIMBALL,CLYDE K & PEGGY J",,,,,1981.0,2648.0,2648.0,1324.0,1044.0,280.0,,,,0,
130,R58485,74051.0,,F660,401,6.83,0.0,009S,F51,13950.0,1973-07-22,14,082W15B 05200,5526,RADELL,"SALEM, OR 97317",01971732,RC,"BARBER,DELMER L ETAL",,,,,"<COLBURN,ROGER L & SANDRA A",5521 70TH AVE SE,,,"SALEM, OR  97301",1980.0,2117.0,2117.0,2117.0,,,,,116.0,0,
131,R58485,74051.0,,F660,401,6.83,0.0,009S,F51,12420.0,1973-11-20,12,082W15B 05200,5526,RADELL,"SALEM, OR 97317",02120470,WD,"BARBER,DELMER L & LOIS A ET AL",,,,,"COLBURN,ROGER L & SANDRA A",5521 70TH AVE SE,,,"SALEM, OR  97302",1980.0,2117.0,2117.0,2117.0,,,,,116.0,0,
132,R58490,,,F660,401,2.21,0.0,009S,F47,4496.0,1973-11-20,14,082W15B 04700,,,,02760665,RD,"BARBER,DELMER L ETAL",,,,,"MILIONIS,GEORGE & CONNIE L",5558 RADEL DR SE,,,"SALEM, OR  97301",2001.0,3072.0,3072.0,1280.0,512.0,,1280.0,,,0,
133,R58514,74051.0,,F660,541,9.52,0.0,009S,A24,20000.0,1973-11-20,14,082W15B 03800,5362,FENMERE,"SALEM, OR 97317",02471201,RD,"BARBER,DELMER L ETAL",,,,,"MAELFEYT,LEO M & FRIEDA",5545 RADELL DR SE,,,"SALEM, OR  97317",2000.0,2339.0,2339.0,2339.0,,,,,,1,R58516
134,R14550,,,F210,551,14.29,0.0,OSDG.RUR,A44,58500.0,1973-05-05,27,052W04  00600,6070,STATE HY 219,"GERVAIS, OR 97026",03710493,RD,"KELLEY,JAMES C & PAULINE M",,,,,"FERSCHWEILER,EDWARD F & DIANNE",070 STATE HWY 214,,,"GERVAIS, OR  97026",1962.0,3062.0,3062.0,3062.0,,,,,110.0,0,
135,R14560,,,F220,551,183.09,5880.0,OSDA.RUR,A43E,0.0,1973-08-31,6,052W03  00200,17244,ARBOR GROVE,"WOODBURN, OR 97071",13610053,RD,"MIKKELSON,MARGUERITE E",,,,,"MIKKELSON,CALVIN & GRETCHEN G",1090 N 1ST ST,,,"WOODBURN, OR  97071",1948.0,1499.0,1499.0,1499.0,,,,,,1,R110680
136,R58684,75365.0,,R32U1,101,0.73,0.0,006,R21,9000.0,1973-06-13,12,072W06CA01700,4748,LANCASTER,"SALEM, OR 97303",02070266,WD,"MELSHA,ROY F & GOLDIE M",,,,,"BEAN,GARY ALLEN & PEGGY",1335 NEAHKAHNIE ST SE,,,"SALEM, OR  97302",1938.0,492.0,492.0,492.0,,,,,109.0,0,
137,R11078,,,F360,641,29.38,0.0,042,A93,27580.0,1973-10-26,0,041W22D 00600,19917,GRIM,"AURORA, OR 97002",27380420,BS,BANK OF OREGON,"%SCHMIDT,JOHN MELVIN & NORMA",840 HERMANSON,,"WOODBURN, OR  97071","SCHMIDT,JOHN MELVIN &","SCHMIDT,NORMA E",840 HERMANSON ST,,"WOODBURN, OR  97071",1931.0,1587.0,1587.0,1091.0,,496.0,,1085.0,109.0,1,R11092
138,R14506,,,F220,551,6.16,0.0,OSDA.RUR,A24,10600.0,1973-02-23,0,052W02A 01100,8158,CROSBY,"WOODBURN, OR 97071",07460221DE,EX,"KREBS,ALFRED",,,,,"BINGHAM,ALFRED L &","BINGHAM,MARIAN E",8158 CROSBY RD NE,,"WOODBURN, OR  97071",1975.0,2790.0,2790.0,1918.0,872.0,,,,,1,R14504
139,R14930,,,F220,551,55.4,0.0,008NGI,A00S,34000.0,1973-08-17,0,052W21  02700,0,,,07600351DE,WD,"CORBETT,SCOTT JR",,,,,"HOWARD,ROGER G",13744 MANNING ROAD NE,,,"GERVAIS, OR  97026",,,,,,,,,,0,
140,R343255,82480.0,,R222,101,0.37,16183.0,020,R41,32000.0,1973-09-08,0,061W35AD08400,117,FOUR OAKS,"SILVERTON, OR 97381",07570729DE,WD,"DUNCAN,LEONARD C &","DUNCAN,LETA A",,,,"GERHARDS,PETER P &","GERHARDS,GENEVIE D",,,,2005.0,2543.0,2543.0,2543.0,,,,,110.0,0,
141,R52251,48951.0,,F260,550,7.42,0.0,035I,A40,22000.0,1973-06-14,0,062W32B 01100,,,,07540383DE,WD,Missing Seller Record,,,,,"DITCHEN,CARL D &","DITCHEN,MURIEL D",7385 HOWELL PRAIRIE RD NE,,"SILVERTON, OR  97381",,,,,,,,,,0,
142,R19343,,,F260,551,10.52,0.0,OSDA.RUR,A34,2000.0,1973-08-04,35,062W33A 00300,5995,HAZELGREEN,"SALEM, OR 97305",07580156,BS,"WOODS,ERNEST E &","WOODS,CLARA",,,,"WOODS,CLARA",,,,,1950.0,2030.0,2030.0,2030.0,,,,1000.0,91.0,0,
143,R20508,,,C00M,C90,1.45,63294.0,SEC,,,1973-08-31,0,063W36BD01400,,,,07590817DE,WD,"COWAN,THOMAS L & HELEN M",3160 DOGWOOD DR S,,,"SALEM, OR  97302","NOPP,PATRICIA ANN",2289 CHEMAWA RD NE,,,"KEIZER, OR  97303",,,,,,,,,,0,
144,R21103,,,F320,551,1.36,0.0,OSDA.RUR,A23,27900.0,1973-03-10,0,071W04B 00600,11863,SILVERTON,"SILVERTON, OR 97381",07470082,DE,"IMEL,CLIFFORD F &","IMEL,MILDRED R 50% &","WARRENDER,SARA 50%",,,"GATCHET,GEORGE E JR &","GATCHET,BEVERLY A",11863 SILVERTON RD NE,,"SILVERTON, OR  97381",1927.0,1454.0,1454.0,936.0,,518.0,,936.0,,0,
145,R23639,,,F260,551,27.65,0.0,OSDA.RUR,A22E,54000.0,1973-08-30,12,072W25C 00700,8915,STATE,"SALEM, OR 97317",22760483,WD,"ROBERTSON,DELLA K &","<BROOKS,WILLIAM J & JOANNE 50% &","BROOKS,WILLIAM K & MARILYN J 25% EACH",8915 STATE ST,"SALEM, OR  97301","BROOKS,WILLIAM J & JOANNE &","BROOKS,WILLIAM & MARILYN",8915 STATE ST,,"SALEM, OR  97301",1901.0,1272.0,1272.0,856.0,,416.0,,,,2,R23643;R23645
146,R76028,,,F260,541,3.95,0.0,009C,A94,86000.0,1973-10-04,0,072W29AA01300,5454,CENTER,"SALEM, OR 97317",07620338DE,WD,"LEE,PALMER G & THELMA",,,,,"BECKMANN,ARCHIBALD BAKER JR &","BECKMANN,SHARLENE ROBERTSON",,,,1948.0,2999.0,2999.0,2340.0,659.0,,,1397.0,,0,
147,R54963,58073.0,,R41U1,101,0.2,8800.0,015,R41,19800.0,1973-03-27,0,072W31BD07600,765,LANCASTER,"SALEM, OR 97317",07480290,DE,"ZELLNER,WESLEY E &","ZELLNER,EVELYN G",765 LANCASTER DR SE,,"SALEM, OR  97301",Missing Buyer Record,,,,,1953.0,1339.0,1339.0,1339.0,,,,,,0,
148,R24939,,,R25M,101,0.26,11500.0,044,R41,20500.0,1973-09-25,0,073W02BC06100,4750,ELVIRA,"KEIZER, OR 97303",7620259DE,WD,"FLEENER,RICHARD S &","FLEENER,KATHRYN E",,,,"HEBERT,EDMOND G & KATHRYN E",PO BOX 20297,,,"KEIZER, OR  97307",1952.0,1454.0,1454.0,1454.0,,,,,91.0,0,
149,R71659,22793.0,,R461,101,0.21,9000.0,015,R41,24750.0,1973-04-19,14,073W24CC01700,1071,23RD,"SALEM, OR 97301",07500397DE,WD,"BOSTRACK,SHERMAN P &","BOSTRACK,MARGIE",,,,"BANGERT,DUDLEY &","BANGERT,VICTORINE",1071 23RD ST NE,,"SALEM, OR  97301",1954.0,1382.0,1382.0,1382.0,,,,,91.0,0,
150,R27375,,,C001,201,0.07,3115.0,SEC,K20,24000.0,1973-12-28,20,073W26DA12200,,,,07690500,WD,"PRIEM,ARTHUR &","PRIEM,HAZEL L &","CASPELL,THELMA F",,,"BEAN,V T & D J",401 S CASCADE DR,,,"WOODBURN, OR  97071",,,,,,,,,,0,
151,R86275,72457.0,,R461,101,0.08,3680.0,002U,R32,18950.0,1973-12-07,0,073W34AA12000,1070,WILBUR,"SALEM, OR 97302",V07670290,MI,SECRETARY OF HOUSING & URB DEV,PO BOX 3131,,,"PORTLAND, OR  97208","CORNUTT,DELVIN R &","CORNUTT,LINDA K",1070 WILBUR ST SE,,"SALEM, OR  97302",1941.0,1351.0,1351.0,921.0,,430.0,,,109.0,0,
152,R91582,83781.0,,R461,101,0.19,8400.0,003,R41,25750.0,1973-04-19,14,073W34DA09500,2655,PHEASANT,"SALEM, OR 97302",07500348DE,WD,"BETHEL,DARREL E",,,,,"TABOR,MALCOM D &","TABOR,CHRISTINE A",,,,1973.0,1374.0,1374.0,1374.0,,,,,91.0,0,
153,R39808,,,F660,550,1.05,0.0,WOOD,A40,18800.0,1973-04-06,0,081E18  01100,,,,07500111DE,WD,"MOLLET,RALPH E & MARY K",,,,,"DOERFLER,ROBERT L &","DOERFLER,DARLENE A",12333 SILVER CREEK FALLS HY SE,,"AUMSVILLE, OR  97325",,,,,,,,,,0,
154,R28653,,,F660,550,20.25,0.0,033,A90,15500.0,1973-07-13,3,081W30  00600,,,,07560499,BS,STATE OF OREGON,,,,,"TOLMASOFF,PETER J & PATRICIA R",2011 DELANEY RD SE,,,"SALEM, OR  97306",,,,,,,,,,0,
155,R28863,,,03D,540,1.13,0.0,008,A40,2260.0,1973-07-16,14,081W33B 02000,,,,07560474DE,WD,"MCFADDEN,VERNON D &","MCFADDEN,HELENA M",,,,"RAUSCHER,RAY L & ROSEMARY M",8274 GOLF CLUB RD SE,,,"AUMSVILLE, OR  97325",,,,,,,,,,0,
156,R56992,65937.0,,F660,401,1.39,60735.0,009S,F31,18950.0,1973-10-31,0,082W03B 04700,2560,65TH,"SALEM, OR 97317",07640308DE,WD,"PETERSON,ROBERT LEWIS &","PETERSON,DOROTHY FERN",2590 65TH AV SE,,"SALEM, OR  97301","BOBBITT,LINDA SUE",2560 65TH AV SE,,,"SALEM, OR  97317",2005.0,1301.0,1301.0,1301.0,,,,,109.0,0,
157,R56993,65937.0,,F660,401,1.45,63180.0,009S,F53,18950.0,1973-10-31,0,082W03C 01600,2590,65TH,"SALEM, OR 97317",07640308DE,WD,"PETERSON,ROBERT LEWIS &","PETERSON,DOROTHY FERN",2590 65TH AV SE,,"SALEM, OR  97301","BOBBITT,LINDA SUE",2560 65TH AV SE,,,"SALEM, OR  97317",2006.0,3172.0,3172.0,2362.0,,,810.0,960.0,90.0,0,
158,M125355,,,K1D,019,,,,T44,9642.0,1973-09-01,6,082W29AC08800,7395,5TH,"TURNER, OR 97392",DMV,DMV,"WHITFIELD,DELLA H","%WOLF,LOUISE E",PO BOX 192,,"TURNER, OR  97392","WOLF,LOUISE E",PO BOX 192,,,"TURNER, OR  97392",1973.0,924.0,924.0,924.0,,,,,106.0,0,
159,R31195,,,F610,551,3.26,0.0,OSDF.RUR,A33,15500.0,1973-08-16,14,082W36A 01400,8383,WEST STAYTON,"AUMSVILLE, OR 97325",07590046DE,WD,"BELCHER,DARRELL D &","BELCHER,MELBA J",,,,"DEWILDE,ERNEST D &","DEWILDE,HENRIETTA",8383 WEST STAYTON RD,,"AUMSVILLE, OR  97325",1910.0,1748.0,1748.0,1076.0,672.0,,,,,0,
160,R32025,,,R521,101,0.28,12000.0,002,R31,21500.0,1973-10-26,0,083W10BA07800,4251,GARDNER,"SALEM, OR 97302",07730794DE,RC,DEPT OF VETERANS AFFAIR,,,,,DEPT OF VETERANS AFFAIRS,"<DOLESAL,PATRICIA L",,,,1956.0,1456.0,1456.0,1456.0,,,,,109.0,0,
161,M124918,,M107,M721,019,,,,T66,17600.0,1973-05-12,33,083W10DD01900,4940,SUNNYSIDE,"SALEM, OR 97302",113,113,"JOHNSON,ALEX",4940 SUNNYSIDE RD SE #B-5,,,"SALEM, OR  97302","JOHNSON,ALEX","%JOHNSON,DORA B",4940 SUNNYSIDE RD SE #B5,,"SALEM, OR  97302",1973.0,1344.0,1344.0,1344.0,,,,,,0,
162,R75252,33907.0,,R651,101,0.26,11326.0,002,R09R,0.0,1973-01-02,25,083W14BB00400,1420,BOONE,"SALEM, OR 97306",152720166,WD,BEN COLBATH MOBILE HOMES INC,,,,,"SPRADLING,CALVIN & VIVIAN ANN",1420 BOONE RD,,,"SALEM, OR  97306",1998.0,1782.0,1782.0,1782.0,,,,,,0,
163,R61580,87499.0,,F460,451,28.96,0.0,009S,,15000.0,1973-12-26,14,083W29A 01200,,,,07680115DE,WD,Missing Seller Record,,,,,"MORSS,JAMES B &","MORSS,JOSEPHINE C",,,,,,,,,,,,,1,R61581
164,R35235,,,F610,451,0.26,0.0,008S,,2300.0,1973-07-30,0,092W11A 01500,10373,BRICK,"TURNER, OR 97392",20440404,RC,"HARLEY,S K & LUCILLE","%ALDERMAN,JAMES",4620 WYOMING AV NE,,"SALEM, OR  97305","ALDERMAN,JAMES & BEVERLY J",,,,,,,,,,,,,,0,
