,PROPID,SUBDNUM,MOBILEHOMEPARKCODE,MAINTAREA,PROPCLASS,ACRES,LANDSQFT,LANDSCHEDULE,STATCLASS,SALEPRICE,SALEDATE,SALETYPE,MAPTAXLOT,SITUSNUMBER,SITUSSTREET,SITUSCITYSTATEZIP,DEEDBOOKANDPAGE,DEEDTYPE,SELLERNAME,SELLERADDR1,SELLERADDR2,SELLERADDR3,SELLERCSZ,BUYERNAME,BUYERADDR1,BUYERADDR2,BUYERADDR3,BUYERCSZ,YEARBUILT,BLDGSQFT,LIVINGAREA,FLOOR1SQFT,FLOOR2SQFT,ATTICSQFT,BSMTFINISHEDSQFT,BSMTUNFINISHEDSQFT,QUALITYADJ,NUMADDLPROPS,ADDLPROPIDS
0,R59303,78621.0,,R361,101,0.26,11310.0,014,R31,19500,1974-09-01,14,072W18BC02900,3697,WATSON,"SALEM, OR 97305",01861371,RC,"SCHIMELPENIG,ALFRED N ETAL",,,,,"<BOWLES,JESSIE L & PAMELA",2223 47TH CT NE,,,"SALEM, OR  97303",1968.0,1552.0,1552.0,1552.0,,,,,,0,
1,R60272,82678.0,,C00M,201,0.84,36838.0,PRIM,E10,24000,1974-02-01,14,073W02BD01900,4890,RIVER,"KEIZER, OR 97303",02450738,WD,"MCCLURE,OLIVER M & VIRGINIA M",,,,,"DUNCAN,O HAROLD & NORMA ET AL",7481 2ND AVE N,,,"SALEM, OR  97303",,,,,,,,,,1,R60273
2,R61163,86734.0,,F260,451,3.7,0.0,OSDA.RUR,F42,23500,1974-02-21,12,041W18C 00300,20921,OLMSTEAD,"AURORA, OR 97002",04240130,RD,"WHITTAKER,GEORGE S",,,,,"HALTER,RAYMOND I &","HALTER,MARY M",15835 SW MINNOW CT,,"TERREBONE, OR  97760",1901.0,1970.0,1970.0,1406.0,,564.0,,,,0,
3,R14863,,,F210,550,40.0,0.0,039I,A50,36000,1974-12-03,14,052W18  00400,,,,02671944,RD,"SHORT,EDNA M - ESTATE OF",,,,,"COLEMAN,JOHN F & KATHLEEN ET AL","OLSON,VERN L - PERS REP",,,,,,,,,,,,,0,
4,R61553,87499.0,,F460,401,0.37,0.0,009S,M31,0,1974-11-13,13,083W29AD03200,7501-7503,20TH,"SALEM, OR 97306",07290425,RD,"KING,HARRY A & BEULAH E",,,,,"FORD,REVA JOY",2082 COLE RD S,,,"SALEM, OR  97306",1971.0,1648.0,1648.0,1648.0,,,,,108.0,0,
5,R14891,,,F210,551,16.34,0.0,OSDA.RUR,A94,13500,1974-08-22,12,052W19  00200,14341,BLIVENS,"WOODBURN, OR 97071",04470101,WD,"NIBLER,CARL & MARY",,,,,"CHAPMAN,LUKE A",C/O MRS MICHAEL A. HEIDT,235 LEO ST,,"MT ANGEL , OR  97362",,2256.0,2256.0,2256.0,,,,,,0,
6,R62734,91825.0,,F660,401,2.53,0.0,008S,F09S,8250,1974-03-01,14,082W13D 00800,5831,VILLAGE VIEW,"AUMSVILLE, OR 97325",02260504,RC,VILLAGE VIEW INC,,,,,"<MIDKIFF,RICHARD M & LANII L",5831 VILLAGE VIEW CT,,,"AUMSVILLE, OR  97325",1986.0,,,,,,,,,0,
7,R62736,91825.0,,F660,401,2.54,0.0,008S,F09S,9200,1974-06-08,14,082W13D 01000,5911,VILLAGE VIEW,"AUMSVILLE, OR 97325",02821764,RC,VILLAGE VIEW INC,,,,,"<CLIFFORD,JAMES F & CYNTHIA",,,,,1981.0,,,,,,,,,0,
8,R63171,92666.0,,F660,401,2.86,0.0,008S,F09,24500,1974-09-26,12,081W19B 01200,9334,FRIENDLY ACRES,"AUMSVILLE, OR 97325",06390229,WD,"KLEIN,ROGER & JULIANA",,,,,"KLEIN,ROGER & JULIANA",9334 FRIENDLY ACRES RD SE,,,"AUMSVILLE, OR  97325",,2880.0,2880.0,2880.0,,,,,,0,
9,R65122,603.0,,R521,101,0.21,9120.0,002,R41,28000,1974-09-23,12,083W09DA05100,4713,NINA,"SALEM, OR 97302",01810418,RD,"MOORE,ROBERT A & MAXINE M",,,,,"TRENBEATH,WILLIAM G & MAXINE M",,,,,1963.0,2090.0,2090.0,2090.0,,,,,,0,
10,R65496,1827.0,,C001,201,0.33,14375.0,ISI,K20,13000,1974-11-27,14,073W12B 04600,1635,CANDLEWOOD,"SALEM, OR 97301",02650528,RC,BENJ FRANKLIN FEDERAL S & L ASSN,,,,,"<VENEMAN,ORVILLE D & MAEBELLE D",1620 CANDLEWOOD DR NE,,,"SALEM, OR  97303",1986.0,2912.0,2912.0,2912.0,,,,,,0,
11,R68248,10689.0,,C001,701,0.45,19602.0,APT.SLM,H11,122500,1974-10-28,12,073W26DC00500,568-598,FORD,"SALEM, OR 97301",03361910,WD,"BLAIR,KENNETH R & BETTY J",,,,,"FRESHNER,SAMMY T & DORENE K",3513 NW MINK PL,,,"CORVALLIS, OR  97330",1962.0,7524.0,7524.0,7524.0,,,,,,0,
12,R68549,10770.0,,R461,101,0.11,4800.0,015,R34,8950,1974-01-25,14,073W26DB16600,397,19TH,"SALEM, OR 97301",01861275,RC,"COOPER,ALBERT E",,,,,"<BRITT,ROBERT LEE & ROSEMARY",1143 RAFAEL ST N,,,"SALEM, OR  97303",1900.0,1428.0,1428.0,882.0,,546.0,,528.0,,0,
13,R68702,10935.0,,R361,101,0.2,8640.0,015,R31,14850,1974-08-19,12,073W13BA09700,3360,DUNCAN,"SALEM, OR 97301",13790601,RD,"MEYER,PAUL & VANGELINE M",,,,,"HARRIS,RAYMOND & ALTHA",3360 DUNCAN AVE NE,,,"SALEM, OR  97303",1947.0,915.0,915.0,915.0,,,,,,0,
14,R68702,10935.0,,R361,101,0.2,8640.0,015,R31,14850,1974-08-09,14,073W13BA09700,3360,DUNCAN,"SALEM, OR 97301",09180084,RC,"MEYER,PAUL H & VANGELINE M",,,,,"<HARRIS,RAYMOND H & ALTHA M",3360 DUNCAN AVE N.E.,,,"SALEM, OR  97303",1947.0,915.0,915.0,915.0,,,,,,0,
15,R68771,11085.0,,C001,201,0.18,7653.0,STD,O91,15000,1974-03-01,14,073W23AB01500,1890,MCCOY,"SALEM, OR 97301",03191468,RD,"<MILLER,DAVID D & JO ANN",,,,,"MOGAN,NEIL E",995 SUMMER ST NE,,,"SALEM, OR  97301",1920.0,1098.0,1098.0,798.0,,,300.0,,,0,
16,R15952,,,R11F,101,0.27,11615.0,03A,M31,22000,1974-11-22,12,061W10AA04400,555-565,BIRCH,"MT ANGEL, OR 97362",02880951,WD,"MC KAY,ELIZABETH M ET AL",,,,,"ROBINSON,LA WANTA G",,,,,1964.0,1780.0,1780.0,1780.0,,,,,100.0,0,
17,R71034,19939.0,,R461,101,0.14,6000.0,014,R21,7750,1974-05-16,12,073W26CD07400,1595,LEE,"SALEM, OR 97302",02110497,WD,"RUDY,W WAYNE & LENA ANN",,,,,"EDIGER,RICHARD & SHIRLEY J",8500 ROGERS RD,,,"INDEPENDENCE, OR  97351",1910.0,648.0,648.0,648.0,,,,,,0,
18,R71907,23555.0,,C001,701,0.21,9000.0,APT.MIN,H11,36000,1974-09-05,13,073W14BC08400,2587-2595,5TH,"SALEM, OR 97301",03521249,RD,"ROSEN,JOSEPH T & ROSEN,KENNETH W",,,,,"ERWERT,WARREN J & MARY LOU",7373 CONIFER ST NE,,,"SALEM, OR  97301",1950.0,2600.0,2600.0,2600.0,,,,,,0,
19,R72261,25065.0,,R461,101,0.06,2652.0,015,R21,6000,1974-06-17,12,073W23DC01900,775,18TH,"SALEM, OR 97301",02041344,RD,"FLANERY,COY L & GENEVIEVE E",,,,,"MILLER,WARREN M & KATHRYN",641 16TH NE,,,"SALEM, OR  97301",1936.0,1055.0,1055.0,1055.0,,,,,,0,
20,R73268,26529.0,,15A,701,0.149,6498.0,APT.SLM,,99250,1974-12-31,14,073W14DB05100,1260,HIGHLAND,"SALEM, OR 97303",04020063,WD,"ACHTERMAN,WALTER H & PATRICIA J",,,,,"BEUTELL,DENNIS & RUTH",%RUTH E BEUTELL,165 KASHMIR SE,,"SALEM, OR  97306",,,,,,,,,,0,
21,R16301,,,F320,550,108.49,0.0,036I,A40,165000,1974-04-24,12,061W18  00300,,,,13760155,RD,"LITTAU,ERVIN E & PATSY M",,,,,DITCHEN LAND COMANY LTD,7385 HOWELL PRAIRIE RD NE,,,"SILVERTON, OR  97381",,,,,,,,,,1,R16302
22,R75407,33907.0,,R651,490,9.62,207980.0,006,,38800,1974-08-30,12,083W14BD00100,,,,01920163,RD,"KREGAL,BENJAMIN & ROSE",,,,,"TURNIDGE,DALE L & MARIE",1709 BAXTER RD SE,,,"SALEM, OR  97302",,,,,,,,,,1,R75408
23,R75432,33907.0,,C001,201,0.94,40905.0,002,R31,15000,1974-12-30,14,083W14BC06500,1514,BAXTER,"SALEM, OR 97306",02311439,RD,"KYLE,SYLVIA A & DAIL A",,,,,Missing Buyer Record,,,,,1949.0,770.0,770.0,770.0,,,,,,2,R75433;R75436
24,R16621,,,F310,551,5.8,0.0,OSDA.RUR,A33,24000,1974-12-26,12,061W26DA00200,372,MONITOR,"SILVERTON, OR 97381",09200040,RD,"JEFFRIES,MARSHALL B & JANET R",,,,,"LETHE,BRUNO C & ROSINA",372 MONITOR RD,,,"SILVERTON, OR  97381",1940.0,1936.0,1936.0,1366.0,,570.0,,,,0,
25,R78018,41918.0,,C00U1,201,2.45,106722.0,PRIM,S50,61450,1974-08-02,14,072W18BD01000,3052-3090,LANCASTER,"SALEM, OR 97305",03261548,WD,"CAPPS,LESTER E & WYETTA A",,,,,"NELSON,DOUGLAS T ET AL",761 HYLO RD SE,,,"SALEM, OR  97306",1986.0,28950.0,28950.0,28950.0,,,,,,0,
26,R79464,45474.0,,R461,101,0.25,10725.0,023,R45,27000,1974-11-14,14,073W27CA03000,1043,HIGH,"SALEM, OR 97302",03680129,WD,"MACAULAY,GOLDIE G ET AL",,,,,"HABERMAN,DAVID M & LORETTA A",1043 HIGH ST SE,,,"SALEM, OR  97302",1901.0,2301.0,2301.0,1545.0,756.0,,,,91.0,0,
27,R80698,50304.0,,R421,101,0.12,5260.0,015,R34,17950,1974-06-25,14,073W14CD03400,980,TAMARACK,"SALEM, OR 97301",07810519,DE,SECRETARY OF HUD,C/O GOLDEN FEATHER REALTY SVC INC,ATTN: NEW AQS DEPT,1600 SACRAMENTO INN WY #220,"SACRAMENTO, CA  95815","QUAYLE,SCOTT M &","QUAYLE,SUSAN K",980 TAMARACK NE,,"SALEM, OR  97301",1927.0,2467.0,2467.0,1081.0,,429.0,957.0,,,0,
28,R82465,59126.0,,C001,201,0.22,9754.0,ISC,K30,9000,1974-10-08,18,073W14DC00200,1370,SMITH,"SALEM, OR 97301",07520242,WD,"ROLFE,GEORGE E ET AL",,,,,B D J INVESTMENTS DBA,1930 HAMPDEN LN NE #40,,,"SALEM, OR  97305",1967.0,1000.0,1000.0,1000.0,,,,,,0,
29,R83102,62467.0,,R461,101,0.11,5000.0,003U,R33,18500,1974-12-17,12,073W34BA12000,195,LINCOLN,"SALEM, OR 97302",05020044,RD,"DRAKELEY,GEORGE T PERS REP",,,,,"WITT,WILLIAM T & NANCY JO",195 LINCOLN ST S,,,"SALEM, OR  97302",1920.0,997.0,997.0,997.0,,,,939.0,,0,
30,R83154,62467.0,,R461,101,0.13,5525.0,023,R42,9500,1974-07-16,12,073W27CC07700,390,MYERS,"SALEM, OR 97302",02491214,WD,"DYER,HAROLD R & JANA LEE",,,,,"ROBB,GEORGE W & JANET",390 MYERS ST SO,,,"SALEM, OR  97302",1890.0,1338.0,1338.0,978.0,360.0,,,,91.0,0,
31,R17709,,,R232,101,0.33,14466.0,019,R32,20000,1974-03-25,12,061W35BD04700,226,5TH,"SILVERTON, OR 97381",11260645,RD,"WENZL,DONALD E",,,,,"ST CLAIR,A DWAYNE & MARJORIE",226 5TH ST,,,"SILVERTON, OR  97381",1915.0,1950.0,1950.0,1167.0,,783.0,,,,0,
32,R86661,73787.0,,C001,201,0.11,5000.0,5A3,G60,15000,1974-07-23,12,073W14DC06000,2062,MCCOY,"SALEM, OR 97301",03620594,WD,"EHLI,JOSEPH G & HELEN",,,,,CARR PROPERTIES INC,6643 RIPPLING BROOK DR SE,,,"SALEM, OR  97301",,5000.0,5000.0,5000.0,,,,,,0,
33,R87086,75062.0,,R511,101,0.22,9779.0,002,R41,23500,1974-10-25,14,083W09AC05400,132,GREGORY,"SALEM, OR 97302",01900558,WD,"WAGNER,RICKIE L & DONNA L",,,,,"PIETE,WILLIAM H & RUTH J",132 GREGORY LANE SE,,,"SALEM, OR  97302",1958.0,1818.0,1818.0,1818.0,,,,,,0,
34,R10370,,,F260,551,32.7,0.0,OSDA.RUR,A75,100000,1974-06-03,12,041W08B 00800,22105,BUTTEVILLE,"AURORA, OR 97002",01971336,WD,"DREHER,WILL E & LILLIAN L",,,,,"PEPLINSKI,FLOYD G & STELLA A",P O BOX 551,,,"AURORA, OR  97002",1957.0,2870.0,2870.0,1730.0,,,1140.0,590.0,,0,
35,R87611,76865.0,,R421,101,0.1,4200.0,014,R31,19150,1974-12-03,14,073W14CC17900,405,RIVER,"SALEM, OR 97301",01991226,WD,"RAWLINS,CHESTER A &","RAWLINS,GRACIE V",,,,"GARZA,RICHARD & CECILY",405 RIVER RD NE,,,"SALEM, OR  97303",1949.0,1280.0,1280.0,1280.0,,,,,109.0,0,
36,R17939,,,R222,101,0.22,9570.0,019,R41,0,1974-04-16,13,061W35CD01500,605,WATER,"SILVERTON, OR 97381",04450145,RD,"BILLINGS,EDNA",,,,,"EDGERTON,MARYLOU E",605 S WATER ST,,,"SILVERTON, OR  97381",2003.0,1513.0,1513.0,1513.0,,,,,,0,
37,R88304,78170.0,,C001,201,0.22,10000.0,STD,K10,40000,1974-09-09,12,073W23AB05800,1390,MADISON,"SALEM, OR 97301",06630349,RD,"HIEBERT,NELS E & MARIE",,,,,"CULBERTSON,HAROLD A & BARBARAQ J",1380 MADISON ST NE,,,"SALEM, OR  97303",1930.0,8044.0,8044.0,8044.0,,,,,,1,R88305
38,R88453,78321.0,,R361,101,0.18,8000.0,015,M33,65000,1974-08-06,12,073W24AB13200,1844-1848,LANSING,"SALEM, OR 97301",02891826,WD,"RONDEAU,WILMA D",,,,,"BARNWELL,ROBERT P JR & WANDA L",,,,,1965.0,2250.0,2250.0,2250.0,,,,,108.0,0,
39,R89136,78771.0,,C001,024,0.19,8306.0,CORE,S30,75000,1974-11-05,12,073W27AB05500,160,LIBERTY,"SALEM, OR 97301",03321739,RD,"GEARHART,JOHN C & VELMA M ET AL",,,,,"ROTHENBERG,WALTER & MARGOT",160 LIBERTY ST NE,,,"SALEM, OR  97301",1916.0,29125.0,29125.0,29125.0,,,,,,0,
40,R94905,90025.0,,R461,102,,,,J42,21000,1974-07-01,14,083W03BC90001,3344,ARGYLE,"SALEM, OR 97302",02080175,RC,"WINETROUT,CLARENCE A III",,,,,"<FERRY,WELDON",3895 VINE MAPLE,,,"EUGENE, OR  97405",1972.0,1257.0,1257.0,569.0,,144.0,544.0,,,0,
41,R94906,90025.0,,R461,102,,,,J42,20000,1974-07-01,14,083W03BC90002,3346,ARGYLE,"SALEM, OR 97302",02080173,RC,"WINETROUT,CLARENCE A III",,,,,"<FERRY,WELDON",3895 VINE MAPLE,,,"EUGENE, OR  97405",1972.0,1257.0,1257.0,569.0,,144.0,544.0,,,0,
42,R95965,94945.0,,R461,101,0.26,11400.0,003,R53V,55000,1974-05-20,12,083W04BA03100,3135,MULBERRY,"SALEM, OR 97302",05230088,WD,"HETTLE,PAUL J & HELEN W",,,,,"WHITING,WILLIAM C & LOIS G",3135 MULBERRY DR S,,,"SALEM, OR  97302",1957.0,3102.0,3102.0,2094.0,,,1008.0,176.0,,0,
43,R96018,95045.0,,R361,101,0.46,19838.0,015,R00S,2000,1974-05-01,14,073W12DD02600,,,,02321745,WD,"BALCH,GEORGE",,,,,VIKING VILLAGE DBA,3424 FAIRHAVEN NE,,,"SALEM, OR  97301",,,,,,,,,,0,
44,R96973,99790.0,,R461,101,0.16,6995.0,002,R09R,0,1974-01-11,5,073W34AD05700,1150,RURAL,"SALEM, OR 97302",02710731,WD,"ROBERTSON,PAUL",,,,,WEST'N OR CONF ASSN 7TH DAY ADV,C/O VIOLET ROBERTSON,158 CANEMAH RD,,"OREGON CITY , OR  97045",2000.0,1400.0,1400.0,1400.0,,,,,,0,
45,R96978,99790.0,,R461,101,0.11,5000.0,002,R31,13000,1974-10-24,12,073W34AD08500,2070,BERRY,"SALEM, OR 97302",01960549,WD,"COMSTOCK,GERTRUDE E",,,,,"GAHLSDORF,RICHARD J & PATRICIA",675 WINDING WY SE,,,"SALEM, OR  97302",1948.0,922.0,922.0,922.0,,,,,,0,
46,R98171,36015.0,,F617,101,0.26,11250.0,03L,R44,17750,1974-04-05,12,105E02DA04100,190,SANTIAM,"DETROIT, OR 97342",03271649,WD,"GROVE,CHARLES T & STELLA R",,,,,"KISER,ALICE",P O BOX 402,,,"DETROIT, OR  97342",2004.0,3002.0,3002.0,1176.0,,650.0,1176.0,,110.0,0,
47,R99719,42573.0,,R12B,101,0.29,12632.0,053,R44,30000,1974-10-01,12,041W33AD06200,3387,4TH,"HUBBARD, OR 97032",03350490,RD,"BUSHTON,WALLACE L & ROSELLA",,,,,"KLEIN,FRIEDRICH H & HEIDRUN",PO BOX 39,,,"HUBBARD, OR  97032",1929.0,1719.0,1719.0,1539.0,,180.0,,765.0,,0,
48,R99732,42573.0,,R12B,101,0.11,5000.0,053,R35,13500,1974-03-20,12,041W33AC09400,3124,5TH,"HUBBARD, OR 97032",03950331,WD,"BARENDSE,CAROLINE S",,,,,"ORTON,GERALD R & JOAN T",PO BOX 81,,,"HUBBARD, OR  97032",1917.0,1467.0,1467.0,939.0,528.0,,,,109.0,0,
49,R19484,,,F210,551,153.11,0.0,OSDA.RUR,A99F,78695,1974-07-18,12,063W02  00800,1022,GOULET,"GERVAIS, OR 97026",02101660,WD,"JONES,LENORA G",,,,,"GOULET,PHILIP H & BARBARA J",10612 WHEATLAND RD N,,,"GERVAIS, OR  97026",1980.0,,,,,,,,,1,R19485
50,R101144,61864.0,,R11F,101,0.11,5000.0,03A,M42,42500,1974-06-07,12,061W10BB01000,380,RAILROAD,"MT ANGEL, OR 97362",07930196,WD,"BANKS,JAMES R & PATRICIA M",,,,,"CLARK,STANLEY W & ELIZABETH A",2700 ZENA RD NW,,,"SALEM, OR  97304",1996.0,2304.0,2304.0,1152.0,1152.0,,,,,0,
51,R101431,80574.0,,R22H,101,0.22,9773.0,028,R09R,1100,1974-03-26,14,061E15DC00400,362,1ST,"SCOTTS MILLS, OR 97375",09650397,WD,"MCCALLISTER,LEO & IRAH M",,,,,"FISHER,JAMES K",1690 MONTEREY LANE,,,"ENGENE, OR  97401",1998.0,1500.0,1500.0,1500.0,,,,,,0,
52,R101431,80574.0,,R22H,101,0.22,9773.0,028,R09R,1100,1974-12-09,6,061E15DC00400,362,1ST,"SCOTTS MILLS, OR 97375",09650398,WD,"FISHER,JAMES K",,,,,"FISHER,JAMES E",1690 MONTEREY LANE,,,"ENGENE, OR  97401",1998.0,1500.0,1500.0,1500.0,,,,,,0,
53,R103007,82374.0,,C002,201,0.23,10065.0,STOWN,C21,60000,1974-02-01,14,061W35BC09200,303,1ST,"SILVERTON, OR 97381",02791425,RC,Missing Seller Record,,,,,"<NIEMEYER,ROBERT H & BETTY F",14388 EVANS VALLEY RD,,,"SILVERTON, OR  97381",1953.0,2570.0,2570.0,2570.0,,,,,,0,
54,R103090,82979.0,,R222,101,0.44,19388.0,019,R32,40000,1974-06-03,33,061W35CC00500,514,WATER,"SILVERTON, OR 97381",07790390,DE,"SHAFFER,ALBERT H H-ESTATE",,,,,"CEMPER,SONDRA J",930 WEDGEWOOD DR,,,"DERBY, KS  67037",1915.0,1784.0,1784.0,1064.0,,720.0,,,109.0,1,R107704
55,R103211,,,R12G,101,0.24,10454.0,059,R47,0,1974-04-06,12,042W19AD03400,4290,BLANCHET,"ST PAUL, OR 97137",14740120,RD,"BUSH,BEVERLY J",,,,,"SMITH,DANIEL M & JENNIFER L",32700 NE LESLEY RD,,,"NEWBERG, OR  97132",1913.0,2088.0,2088.0,1158.0,930.0,,,930.0,,0,
56,R105577,90525.0,,R61K,101,0.05,2250.0,011,R31Z,0,1974-07-25,29,082W29DD05000,5344,ELGIN,"TURNER, OR 97392",03300505,DE,"MOODY,RUTH H",,,,,TURNER MEMORIAL HOME,PO BOX 245,,,"TURNER, OR  97392",1974.0,858.0,858.0,858.0,,,,,109.0,0,
57,R107107,45324.0,,R163,101,0.18,8000.0,049,R31,24000,1974-08-30,12,051W17BC05800,401,BRYAN,"WOODBURN, OR 97071",03590521,WD,"NELSON,EDNA A",,,,,"BERNARD,WILLIAM R & EDNA A",401 BRYAN ST,,,"WOODBURN, OR  97071",1955.0,1168.0,1168.0,1168.0,,,,,109.0,0,
58,R107440,60275.0,,R163,101,0.23,9968.0,049,R31,11700,1974-06-07,14,051W18DA06000,1149,WILSON,"WOODBURN, OR 97071",02960356,RD,"BJELLAND,E LYLE & JUDY A",,,,,"YAKUNIN,ALEKSANDRA ET AL",1149 WILSON ST,"%ALEXANDER,IAKUMIN",,"WOODBURN, OR  97071",1964.0,1408.0,1408.0,1408.0,,,,,,0,
59,R107468,60280.0,,R163,101,0.21,9000.0,049,R31,29800,1974-06-07,26,051W18DA07500,655,HAWLEY,"WOODBURN, OR 97071",02510912,WD,"BJELLAND,E LYLE & JUDY A",,,,,"VALIHOV,SELIVESTR & OLGA",655 HAWLEY ST,,,"WOODBURN, OR  97071",1974.0,1769.0,1769.0,1769.0,,,,,109.0,0,
60,R108025,75615.0,,C003,201,0.39,17175.0,4E3,S20,44000,1974-03-11,12,051W17BA01500,845,PACIFIC,"WOODBURN, OR 97071",03340058,WD,"STRAVENS,GEORGE A",,,,,"PERRYMAN,RICHARD A & MARIAN I",19528 HWY 99E NE,,,"HUBBARD, OR  97032",1930.0,2084.0,2084.0,2084.0,,,,,,0,
61,R109031,99223.0,,R163,101,0.12,5400.0,049,R32,16500,1974-06-24,12,051W18AC00900,416,YOUNG,"WOODBURN, OR 97071",03930437,WD,"MCCORMICK,PATRICK D & SANDRA L",,,,,"SMITH,FLOYD P & BEAULAH E",416 YOUNG ST,,,"WOODBURN, OR  97071",1910.0,1310.0,1310.0,990.0,,320.0,,,,0,
62,R109382,99328.0,,R133,101,0.26,11340.0,048,R31,23350,1974-03-13,12,052W12AD20500,1700,RAINIER,"WOODBURN, OR 97071",10020182,RD,"<LUDERS,WILLIAM E & ANNA M",,,,,"LUDERS,WILLIAM E & ANNA M",1700 RAINIER RD,,,"WOODBURN, OR  97071",1966.0,900.0,900.0,900.0,,,,,109.0,0,
63,R109702,99330.0,,R133,101,0.1,4400.0,048,R31,0,1974-08-28,29,051W07BB03400,1730,THOMPSON,"WOODBURN, OR 97071",07860474,BS,"STEBBINS,MYRA M",,,,,"STEBBINS,WILLIAM M ET AL",1730 THOMPSON,,,"WOODBURN, OR  97071",1964.0,961.0,961.0,961.0,,,,,,0,
64,R110266,99338.0,,R133,101,0.1,4480.0,048,R31,41200,1974-10-20,34,052W13AA00100,476,CASCADE,"WOODBURN, OR 97071",05150275,RD,"SCHULZ,CHRIS J ET AL",,,,,"GRANLUND,ORRIN J & BETTY E",950 N CASCADE DR,,,"WOODBURN, OR  97071",1969.0,1043.0,1043.0,1043.0,,,,,109.0,0,
65,M123431,,,F360,049,,,,T44,6950,1974-09-04,14,041W21A 00300,12475,FRY,"AURORA, OR 97002",,,"HERRIN,ALONZO & TRESSIE",,,,,Missing Buyer Record,,,,,1974.0,840.0,840.0,840.0,,,,,,0,
66,M125199,,,F120,049,,,,T56,8500,1974-10-04,14,041W30A 01300,10013,WISEACRE,"AURORA, OR 97002",,,"BUTCHER,ORVILLE G & FAYE L",,,,,Missing Buyer Record,,,,,1969.0,984.0,984.0,984.0,,,,,,0,
67,M140963,,,,,,,,,10200,1974-08-01,33,,0,,,,,"COLBERT,JESSE L & VIOLET L",,,,,Missing Buyer Record,,,,,,,,,,,,,,0,
68,M125939,,,F660,049,,,,T54,10000,1974-01-01,14,082W26C 00300,7565,75TH,"SALEM, OR 97317",,,"EYERLY,SHIRLEY K",,,,,Missing Buyer Record,,,,,1974.0,924.0,924.0,924.0,,,,,,0,
69,M125940,,,05F,,,,,T56C,16000,1974-06-01,14,041W29B 00600,19431,PIRELLI,"HUBBARD, OR 97032",,,"ADAMS,WILBUR L & KATHLEEN S",,,,,Missing Buyer Record,,,,,1974.0,1440.0,1440.0,1440.0,,,,,,0,
70,M126045,,M19546,M7606,049,,,,T54,12400,1974-01-01,14,041W11BD02500,22037,CARISSA,"AURORA, OR 97002",,,"MCMERRICK,GEORGE C",,,,,Missing Buyer Record,,,,,1974.0,924.0,924.0,924.0,,,,,,0,
71,R68552,10776.0,,R461,101,0.11,4800.0,015,R31,0,1974-01-03,25,073W26CA15500,548,17TH,"SALEM, OR 97301",15220384,DC,"TRUSSELL,GLADYS H & LETHA F",,,,,"TRUSSELL,LETHA F",,,,,1920.0,792.0,792.0,792.0,,,,,,0,
72,R67543,9400.0,,R461,101,0.15,6500.0,015,R31B,63000,1974-10-21,0,073W23DD10100,648-652,BREYS,"SALEM, OR 97301",15240636,RC,"MEYERS,BEN & ROSE L",% GREG EIDE,550 WINDING WAY SE,,"SALEM, OR  97302","MEYERS,ROSE LEE","<EIDE,MELVIN D & NANCY L",550 WINDING WAY SE,,"SALEM, OR  97302",1950.0,2373.0,2373.0,2373.0,,,,,91.0,0,
73,R67543,9400.0,,R461,101,0.15,6500.0,015,R31B,63000,1974-10-21,12,073W23DD10100,648-652,BREYS,"SALEM, OR 97301",15240637,WD,"MEYERS,ROSE LEE","<EIDE,MELVIN D & NANCY L",550 WINDING WAY SE,,"SALEM, OR  97302","EIDE,MELVIN D & NANCY L",550 WINDING WAY SE,,,"SALEM, OR  97302",1950.0,2373.0,2373.0,2373.0,,,,,91.0,0,
74,R21456,,,F360,580,46.0,0.0,035,A90,43500,1974-06-06,14,071W14  00600,,,,02661430,WD,"<CHUTE,ROBERT",,,,,"<RADFORD,LEO C",1628 SILVER SPRINGS LANE NE,,,"SILVERTON, OR  97381",,,,,,,,,,1,R21457
75,R21545,,,F360,551,30.03,0.0,OSDA.RUR,A69,6000,1974-02-28,14,071W17  00200,2664,HIBBARD,"SILVERTON, OR 97381",02130275,RD,"KUENZI,CLARENCE & CONNIE ET AL",,,,,"KUENZI,URBAN &","KUENZI,DIANE",2664 HIBBARD RD NE,,"SILVERTON, OR  97381",,,,,,,,,,0,
76,R21724,,,06H,550,2.72,0.0,00HA,A40,20000,1974-05-15,12,071W21  01200,,,,02650859,WD,"GILLIARD,EVELYN VESPER",,,,,H L RICHES & SONS INC,11845 SUNNYVIEW RD NE,,,"SALEM, OR  97303",,,,,,,,,,0,
77,R10789,,,F136,541,11.52,0.0,OSDA.RUR,A06S,25000,1974-10-28,12,041W13C 00300,20727,HIGHWAY 99E,"AURORA, OR 97002",03140083,WD,"MONROE,GENE J",,,,,CANDLELIGHT HOMES INC ET AL,PO BOX 512,,,"AURORA, OR  97002",1987.0,2838.0,2838.0,2278.0,,560.0,,,90.0,0,
78,R22662,,,F260,551,160.9,0.0,009CGI,A40,255000,1974-08-22,21,072W08  00101,,,,03820380,RC,"FLETCHER,IDRES C",,,,,"DITCHEN,JOSEPH ET AL",2232 42ND AVE SE-SP #321,,,"SALEM, OR  97301",,,,,,,,,,0,
79,R22698,,,F260,551,51.28,0.0,OSDA.RUR,A99S,30000,1974-04-16,14,072W09  00900,5682,SILVERTON,"SALEM, OR 97305",02000781,RD,"NANNEMAN,CHARLES & CLARA",,,,,"NANNEMAN,BERNARD E & BERNA J.",5662 SILVERTON RD NE,,,"SALEM, OR  97303",1993.0,,,,,,,,,0,
80,R24156,,,R36U1,101,0.24,10322.0,015,R31,0,1974-08-23,4,072W30DD03700,153,45TH,"SALEM, OR 97317",06130041,WD,"WOODHOUSE,LLOYD A & JENNIE M",,,,,COMMERCIAL BANK,6634 FAIRWAY AVE SE,,,"SALEM, OR  97306",1954.0,1196.0,1196.0,1196.0,,,,,,0,
81,R25022,,,C00M,701,1.31,57063.0,APT.SLM,H12,77000,1974-12-31,14,073W02BB00300,5115,RIVER,"KEIZER, OR 97303",01840596,RC,UNITED EMPIRES CORP,,,,,"WILLCUTS,RONALD E ETAL",303 ALDER WAY BLDG,,,"PORTLAND, OR  97205",1970.0,14767.0,14767.0,14767.0,,,,,,0,
82,R25022,,,C00M,701,1.31,57063.0,APT.SLM,H12,24000,1974-06-30,20,073W02BB00300,5115,RIVER,"KEIZER, OR 97303",03621430,WD,"HASSAN,R H & MARIONK",,,,,THE BAKER-BOYER NATIONAL BANK,711 SW ALDER SUITE 303,,,"PORTLAND, OR  97205",1970.0,14767.0,14767.0,14767.0,,,,,,0,
83,R25101,,,R25M,101,0.14,6000.0,044,R31,18000,1974-08-15,12,073W02CB03700,202,CUMMINGS,"KEIZER, OR 97303",08470214,RD,"WEATHERS,ALTA L",,,,,"WALERY,DAVE",202 CUMMINGS LN N,,,"KEIZER, OR  97303",1954.0,884.0,884.0,884.0,,,,,,0,
84,R25365,,,R26M,101,0.17,7260.0,044,R21,12500,1974-02-11,14,073W03AD00500,4915,FILLMORE,"KEIZER, OR 97303",03341152,RC,"HUBER,PAUL",,,,,"<MOORE,FLEDA M",1815 WALLACE RD NW,,,"SALEM, OR  97304",1947.0,836.0,836.0,836.0,,,,,,0,
85,R26431,,,C001,201,0.28,12220.0,,D70,50000,1974-09-20,14,073W14BC15200,2315,BROADWAY,"SALEM, OR 97301",02701417,RC,"LOUCKS,ALFRED W & IRENE J",,,,,"<HARTUNG,KENNETH A & ANNE",,,,,,960.0,960.0,960.0,,,,,,0,
86,R26836,,,R411,101,0.17,7440.0,015,R34,13000,1974-10-30,12,073W23DB12600,1010,14TH,"SALEM, OR 97301",02900226,RD,"BUTLER,DALE E & ANITA H",,,,,"KUENZI,ALFRED & ELAINE R",10232 HOWELL PRAIRIE RD NE,,,"SALEM, OR  97305",1936.0,1065.0,1065.0,717.0,,348.0,,717.0,,0,
87,R18607,,,C0001,C80,0.67,29041.0,STOWN,Q30,8040,1974-03-19,3,062W17DB03300,4960,BROOKLAKE,"SALEM, OR 97305",07740197DE,BS,BROOKS HARDWARD INC,,,,,MARION COUNTY FIRE DISTRICT NO 1,,,,,2010.0,15270.0,15270.0,15270.0,,,,,,0,
88,R27212,,,C001,701,0.98,42606.0,APT.SLM,H11,163671,1974-12-31,14,073W24DC00600,1003-1085,SAVAGE,"SALEM, OR 97301",06930345,RC,WESTERN EQUITIES CORP,,,,,"<WALKER,CURTIS D",%MELVIN EIDE,1664 SUNRISE CIRCLE NW,,"SALEM, OR  97304",1964.0,16704.0,16704.0,16704.0,,,,,,0,
89,R11460,,,C00B,201,0.05,2265.0,STOWN,O11,18000,1974-02-18,12,041W33AD00900,3037,G,"HUBBARD, OR 97032",06890397,RD,"ABBOTT,HAROLD D & ELAINE I",,,,,TURF-SEED INC,PO BOX 250,,,"HUBBARD, OR  97032",1968.0,864.0,864.0,864.0,,,,,,0,
90,R11476,,,R12B,101,0.25,10810.0,053,R32,13500,1974-08-15,21,041W33AC05900,3035,5TH,"HUBBARD, OR 97032",01970504,RC,"PETERSON,ALVIN L",,,,,"<FENDER, ROBERT T & LINDA E",865 5TH ST,,,"HUBBARD, OR  97032",1901.0,1396.0,1396.0,892.0,,504.0,,,109.0,0,
91,R11476,,,R12B,101,0.25,10810.0,053,R32,13500,1974-12-09,12,041W33AC05900,3035,5TH,"HUBBARD, OR 97032",04510253,WD,"PETERSON,ALVIN L",,,,,"FENDER,ROBERT T & LINDA E",865 5TH,,,"HUBBARD, OR  97032",1901.0,1396.0,1396.0,892.0,,504.0,,,109.0,0,
92,R28276,,,F660,550,144.29,0.0,033,A40,130000,1974-12-18,14,081W16  00200,,,,03100467,RC,"LAMBRECHT,D & CLARA",,,,,"<WOLF,FRANCIS & LUELLA M ET AL",5336 ANDERSON RD SE,,,"AUMSVILLE, OR  97325",,,,,,,,,,1,R28277
93,R28771,,,CN0U4,201,0.0,0.0,,N30,27500,1974-05-06,12,081W32A 01900,11373,MILL CREEK,"AUMSVILLE, OR 97325",02000412,WD,"ROMBACH,ANNA C",,,,,SANTIAM MOBILE HOMES DBA,R1 BOX 51,,,"AUMSVILLE, OR  97325",,,,,,,,,,0,
94,R19022,,,F260,550,3.82,0.0,036I,A70,6000,1974-12-17,6,062W24A 00800,,,,00060184,WD,"DUNN,PERCY O",,,,,"DUNN,DONALD PERCY &","DUNN,M A",17676 SE MAIN ST,,"PORTLAND, OR  97233",,,,,,,,,,0,
95,R29875,,,F660,401,0.29,0.0,009S,,0,1974-01-11,5,082W15AC01300,5396,72ND,"SALEM, OR 97317",02620739,WD,"ROBERTSON,ESSE",,,,,W ORE CONF ASSN 7TH DAY ADV'TS,158 CANEMAH RD,,,"OREGON CITY , OR  97045",,,,,,,,,,0,
96,R30394,,,C005,301,2.64,114960.0,STOWN,O11,17700,1974-07-19,34,082W25DC07000,220,8TH,"AUMSVILLE, OR 97325",03040285,RC,"HELM,OSIE F BEERBOWER",,,,,"<HANKERSON,MARSHALL & LAVONNE",1341 SALLAL RD,,,"WOODBURN, OR  97071",2006.0,2196.0,2196.0,2196.0,,,,,,1,R109145
97,R30897,,,R61K,490,5.68,247296.0,02JG,,0,1974-08-24,29,082W29A 00400,,,,00010526,WD,"MUDGETT,LLOYD R (LE)",,,,,"BACHELLER,MARJORIE M ET AL",PO BOX 142,,,"TURNER, OR  97392",,,,,,,,,,0,
98,R11801,,,F210,551,71.5,0.0,OSDA.RUR,A14F,30000,1974-08-28,12,032W34  00100,6629-6849,CHAMPOEG,"ST PAUL, OR 97137",01881926,WD,"DAVIS,EARL G & RUTH M",,,,,"KOOPMAN,HENRY & DELLA G.",6629 CHAMPOEG RD,,,"ST PAUL , OR  97137",1956.0,2881.0,2881.0,2881.0,,,,912.0,110.0,0,
99,R33305,,,F460,551,13.66,0.0,009S,A90,30000,1974-03-08,12,083W32C 00700,,,,11200740,RD,"STAATS,WILLIAM J & MARGARET ETAL",,,,,"POULTON,ROBERT H & MARION C",SALEM OR 97306,,,,,,,,,,,,,1,R33306
100,R12211,,,F220,451,0.52,0.0,042,F45,1000,1974-03-06,14,042W25DD00400,9293,BROADACRES,"AURORA, OR 97002",03380295,QC,"DODD,COSSIE MAY",,,,,"DODD,JERRY D",9283 BROADACRES RD NE,,,"AURORA, OR  97002",1984.0,2706.0,2706.0,1758.0,948.0,,,,110.0,0,
101,R35185,,,F460,551,45.29,0.0,OSDA.RUR,A69,37000,1974-03-25,12,092W08  01400,4850,COOK,"TURNER, OR 97392",02021082,RD,"DAVIS,JAMES S & SARAH",,,,,"DAVIS,ALVA G & MARY L",412 SE 50TH AVE,,,"PORTLAND, OR  97215",,,,,,,,,,1,R35354
102,R35434,,,F460,541,10.03,0.0,008S,A24,14250,1974-11-15,12,092W20B 01600,12360,SUMMIT,"TURNER, OR 97392",04520318,RD,HESINF<XLUSW L & WRHWL M,,,,,"MOEHL,THOMAS J & LINDA F",12360 SUMMIT LOOP S.E.,,,"TURNER, OR  97392",1979.0,2929.0,2929.0,1675.0,,272.0,982.0,,,0,
103,R35449,,,F460,641,9.6,0.0,008S,A94,14250,1974-11-15,12,092W20B 01700,4650,OSBORN,"TURNER, OR 97392",07910386,RD,"HARDING,CLAUDE L & ETHEL M",,,,,"DUNDER,KENNETH O & LORENE B",12164 SUMMIT LOOP SE,,,"TURNER, OR  97392",1974.0,1648.0,1648.0,1144.0,,,504.0,,,0,
104,R12356,,,F220,550,1.7,0.0,038,A20,5000,1974-05-20,27,042W35C 01000,,,,02751090,RD,"BUCCINI,LOUIS & DENA",,,,,"MILLER,DONALD H & JEWELL A",RT 1 BOX 390 M,,,"WOODBURN, OR  97071",,,,,,,,,,0,
105,R36330,,,F420,401,1.7,0.0,008S,F32,4500,1974-10-02,0,093W14C 00800,1609,STEIWER,"JEFFERSON, OR 97352",00011100,RD,"RICHARDS,HAROLD E &","RICHARDS,M JO ANN",,,,"CARLSON,STEVEN L &","CARLSON,SUSAN",1609 STEIWER RD SE,,"JEFFERSON, OR  97352",1975.0,1536.0,1536.0,1312.0,,224.0,,,109.0,0,
106,R12418,,,F210,551,39.51,0.0,042GI,A90,80000,1974-01-11,14,043W01  00500,,,,03331545,WD,"OWNBY,WILLIAM H & MAXINE L",,,,,"GOODING,ELMER W & THERESA R",5017 ST PAUL HWY NE,,,"ST PAUL , OR  97137",,,,,,,,,,0,
107,R36913,,,F420,551,103.57,0.0,008SGI,A60,160000,1974-06-28,12,102W09  00300,,,,02461124,RD,"PIETZER,ERNEST L & ETHEL M",,,,,WEYERHAEUSER COMPANY,,,,,,,,,,,,,,0,
108,R37174,,,C00D,C51,0.08,3600.0,,R21,6500,1974-03-20,14,103W11AD01000,172,MAIN,"JEFFERSON, OR 97352",01910307,RC,"LENT,MIRIAM C",,,,,"<MANDERSCHEID,TWYLA S",PO BOX 207,,,"JEFFERSON, OR  97352",,,,,,,,,,0,
109,R37361,,,F410,551,29.44,0.0,OSDA.RUR,A63,45000,1974-03-30,12,103W14  00200,17301,WEDDLE,"JEFFERSON, OR 97352",06740094,WD,"<WELLS,LARRY & KAREN",,,,,"WELS,LARRY & KAREN",3080 JEFFERSON SCIO DRIVE SE,,,"JEFFERSON, OR  97352",1920.0,1887.0,1887.0,1243.0,,644.0,,,,0,
110,R37437,,,F310,550,19.81,0.0,033I,A60,22500,1974-01-30,18,061E08  00500,,,,04750450,WD,"CLARY,JOHN W & EVELYN IDA",,,,,"ROSE,CHARLES LEWIS & SANDRA K",13318 DOMINIC RD NE,,,"MT ANGEL , OR  97362",,,,,,,,,,0,
111,R37988,,,F360,551,39.49,0.0,008C,A90,33500,1974-08-02,12,061E32  00100,5664,DAVIS CREEK,"SILVERTON, OR 97381",05760249,RD,"WORKMAN,BENARE H & DONNA",,,,,"HIGGINS,MALCOLM B TRUSTEE",PO BOX 283,,,"SILVERTON, OR  97381",,,,,,,,,,1,R37989
112,R12603,,,F330,551,68.01,0.0,008NGI,A60S,100000,1974-04-08,12,051W04  00500,,,,05240104,RD,"HESS,BERNICE M",,,,,"CAM,VASIL & MARIA ET AL",12417 INGALLS LANE NE,,,"WOODBURN, OR  97071",,,,,,,,,,1,R12619
113,R38760,,,F360,580,14.8,0.0,032,A90,50000,1974-09-21,14,071E16  00500,,,,02051634,DE,"TSCHANTZ,VIRGIL A & ZINA",,,,,"MC GLADREY,JONATHAN L & SUSAN I",2480 SILVER FALLS DR,,,"SILVERTON, OR  97381",,,,,,,,,,0,
114,R39350,,,F360,451,5.0,0.0,008C,,16000,1974-08-01,14,072E16  01500,,,,02110967,WD,"RAMBO,WILLIAM P & MARY E",,,,,"SHIPP,ALICE E",3024 CROOKED FINGER RD NE,,,"SCOTTS MILLS , OR  97375",,,,,,,,,,0,
115,R40180,,,F660,640,119.2,0.0,TCVACANT,A90,86000,1974-12-01,14,091E01  00400,,,,00070667,RC,Missing Seller Record,,,,,"BOYLE,MERRILL J &","BOYLE,EDITH M &",<SHINY ROCK MINING CORP,PO BOX 132,"MEHAMA, OR  97384",,,,,,,,,,3,R40184;R40185;R40186
116,R41199,,,F620,401,0.61,0.0,03PA,F21,8500,1974-09-09,0,092E18DA00400,22816,JENNIE,"LYONS, OR 97358",07870132DE,WD,"BELL,ROY V & MARY JANE",1313 MADRONA AVE SE,,,"SALEM, OR  97302","PORTER,PHILIP B &","PORTER,DOROTHY M",3624 LAWRENCE ST SE,,"SALEM, OR  97302",1970.0,734.0,734.0,734.0,,,,,,0,
117,R43478,7885.0,,R42U1,101,0.15,6577.0,015,R31,25200,1974-12-16,14,072W32BB00200,4817,ADOBE,"SALEM, OR 97317",03181867,RC,"STINEBAUGH,DAVID W ET AL",,,,,"<BOTENS,STEVEN R & KAY ANN",PO BOX 526,,,"SALEM, OR  97308",1974.0,1184.0,1184.0,1184.0,,,,,109.0,0,
118,R13365,,,C003,201,0.7,30484.0,WOOD,S20,45000,1974-12-18,12,051W17BC06500,1019,YOUNG,"WOODBURN, OR 97071",07500323,RD,"WESTENSKOW,IRVIN A & ELMA J",,,,,"BERRYMAN,FRANK C & PATRICIA G",316 MCLAUGHLIN,,,"WOODBURN, OR  97071",1946.0,4618.0,4618.0,4618.0,,,,,,1,R13508
119,R47307,23323.0,,R41U1,101,0.18,7896.0,015,R31,22300,1974-04-02,14,072W31AA05700,213,CONNECTICUT,"SALEM, OR 97317",01830902,RC,"WILSON,EDDIE L & SHIRLEY ANN",,,,,"<SALCHENBERG,STEVE R & MARLENE C",213 CONNECTICUT AVD SE,,,"SALEM, OR  97301",1973.0,1300.0,1300.0,1300.0,,,,,109.0,0,
120,R47315,23323.0,,R41U1,101,0.19,8084.0,015,R31,22300,1974-06-11,14,072W31AA02700,255,46TH,"SALEM, OR 97317",01841404,RC,"WILSON,EDDIE L & SHIRLEY ANN",,,,,"<BATHURST,DANIEL D & MARY J",255 46TH AVE SE,,,"SALEM, OR  97301",1974.0,1489.0,1489.0,1489.0,,,,,109.0,0,
121,R48459,33130.0,,R32U1,101,0.17,7600.0,015,R41,31150,1974-05-31,14,072W07DA03600,4529,SESAME,"SALEM, OR 97305",01850868,RC,"VASEND,ROGER C & F JOSEPHINE",,,,,"<WILSON,JAMES L & CLEORA",2595 65TH AVE SE,,,"SALEM, OR  97301",1972.0,1572.0,1572.0,1572.0,,,,,91.0,0,
122,R13475,,,CN0U3,707,5.97,0.0,,N12,74000,1974-12-18,18,051W18CD02200,1210,BROWN,"WOODBURN, OR 97071",04610248,WD,"HILGER,ALBERT J & HENNRIETTA R",,,,,"SPILLER,ROBERT S & ANN J",1675 SW WELLINGTON,,,"PORTLAND, OR  97225",,0.0,0.0,0.0,,,,,,0,
123,R13476,,,R16U3,101,0.95,0.0,006,R09R,13500,1974-12-10,14,051W18C 00900,1251,BROWN,"WOODBURN, OR 97071",03170169,WD,"HILGER,ALBERT J & HENRIETTA ROSE",,,,,"SPILLER,ROBERT S & ANN J",1251 BROWN ST,,,"WOODBURN, OR  97071",1970.0,1906.0,1906.0,1906.0,,,,,,0,
124,R50228,40562.0,,F620,101,0.58,25250.0,03F,R35,10500,1974-08-13,14,092E18BC00300,11334,MEHAMA HTS,"MEHAMA, OR 97384",02520517,RC,WALKER CUTTING CO,,,,,"<MINTEN,STEVEN & DEBRA",PO BX168,,,"LYONS, OR  00000",1948.0,2430.0,2430.0,1758.0,672.0,,,,,0,
125,R50612,42621.0,,C0001,201,1.0,43584.0,OSI,W14,10500,1974-12-13,14,062W18D 01500,8891,HUFF,"SALEM, OR 97303",01970983,WD,"DACHENHAUSEN,FRANK & THELMA",,,,,"COLLETT,FRITZ P & LEILANI",4693 SUNNYVIEW RD NE,,,"SALEM, OR  97303",2000.0,12596.0,12596.0,12596.0,,,,,,0,
126,R52345,48951.0,,R31U1,491,1.08,0.0,005,R41E,6500,1974-04-18,14,062W31DA01000,4415,HAZELGREEN,"SALEM, OR 97305",01970333,RD,"SCHMIDT,OTTO ETAL",,,,,"MOORE,ORA W & WANDA J",4415 HAZEL GREEN RD NE,,,"SALEM, OR  97303",1940.0,1252.0,1252.0,1252.0,,,,,91.0,0,
127,R52840,49932.0,,R32U1,101,0.16,6930.0,002,R41,28800,1974-01-04,14,072W06CA03700,4634,KINGSTON,"SALEM, OR 97305",01851631,RC,DON SATTER CONST CO,,,,,"<DAVIN,ROLAND A & JEANETTE L",2968 MARKET ST NE,,,"SALEM, OR  97301",1973.0,1312.0,1312.0,1312.0,,,,,91.0,0,
128,R53646,52713.0,,F660,401,1.51,0.0,009S,F41,35950,1974-04-17,14,082W02BB00100,1763,77TH,"SALEM, OR 97317",07760009,DE,"EIDE,MELVIN D & NANCY L",550 WINDING WAY SE,,,"SALEM, OR  97302","JOHNSON,LARRY L &","JOHNSON,PATRICIA J",1763 77TH AV NE,,"SALEM, OR  97317",1973.0,1608.0,1608.0,1608.0,,,,,,0,
129,R54797,57715.0,,R24M,101,0.2,8539.0,003,R41,34500,1974-08-08,14,063W36BB06400,1955,MANZANITA,"KEIZER, OR 97303",02640339,RC,SATTER CONSTRUCTION CO DBA,,,,,"<DANIEL,RONALD F & BARBARA C",2968 MARKET ST NE,,,"SALEM, OR  97301",1973.0,1688.0,1688.0,1688.0,,,,,,0,
130,R14174,,,F330,551,47.96,0.0,008NGI,A00S,259585,1974-06-13,12,051W28  01300,,,,04890405,RD,SALEM NURSERY INC DBA,,,,,"FESSLER,ROBERT F &","FESSLER,MARTHA JEAN",12096 MONITOR MCKEE RD NE,,"WOODBURN, OR  97071",2000.0,,,,,,,,,1,R14177
131,R55959,61557.0,,R361,101,0.3,12870.0,015,R31,8950,1974-04-30,12,072W18DD07500,2131,BROWN,"SALEM, OR 97305",02421037,WD,"BELLINGER,MICHAEL C - ESTATE OF",,,,,"WRIGHT,ROBIN","FISHER,GLORIA - CONSERVATOR",,,,1946.0,936.0,936.0,936.0,,,,,109.0,0,
132,R56159,62969.0,,F430,451,0.62,0.0,01R,F21,15950,1974-10-04,12,084W36CC00400,4798,FOX,"SALEM, OR 97306",03590013,RD,"FOSTER,ROBERT M & KATRINE V",,,,,"KAUFMAN,LOYD A",4808 FOX LANE S,,,"SALEM, OR  97306",1967.0,842.0,842.0,842.0,,,,,,0,
133,R57197,66712.0,,R36U1,101,0.16,7020.0,015,R31,22000,1974-06-01,14,072W17BC05000,4842,OAK PARK,"SALEM, OR 97305",01861734,RC,TIMM CONSTRUCTION CO INC,,,,,"<MARQUEZ,MANUEL J & EVA",5482 70TH SE,,,"SALEM, OR  97302",1974.0,1365.0,1365.0,1365.0,,,,,109.0,0,
134,R58113,69667.0,,R31U1,101,0.22,9600.0,002,R41,31450,1974-09-27,14,072W05CC03100,4496,JANICE,"SALEM, OR 97305",02841611,RC,DON SATTER CONSTRUCTION CO DBA,,,,,"<CHAPIN,ORMEL J & SANDI K",3000 MARKET ST NE,,,"SALEM, OR  97301",1974.0,1486.0,1486.0,1486.0,,,,,,0,
135,R58115,69667.0,,R31U1,101,0.22,9600.0,002,R41,29900,1974-01-10,14,072W05CC02900,4476,JANICE,"SALEM, OR 97305",01860550,RC,"SATTER,DONALD R DBA",,,,,"<LEGAN,DENNIS B & SUSANNA M",2968 MARKET ST NE,,,"SALEM, OR  97301",1974.0,1272.0,1272.0,1272.0,,,,,91.0,0,
136,R14528,,,F220,551,12.47,0.0,OSDA.RUR,A65A,54000,1974-08-21,27,052W03D 00400,7109,STATE HY 219,"GERVAIS, OR 97026",07240342,WD,"BROWN,ROBERT G & FRANCES",,,,,"EFIMOFF,VESILY A & VASSA A",451 DOUD ST,,,"WOODBURN, OR  97071",1940.0,3334.0,3334.0,3334.0,,,,,91.0,0,
137,R14542,,,F220,551,150.77,0.0,WASTE,A20,150000,1974-05-23,12,052W03  01100,16645,ARBOR GROVE,"WOODBURN, OR 97071",03361795,RD,"GATTO,AUGUST J & LENA M ET AL",,,,,HOCKETT FARMS INC,7776 ST PAUL HWY NE,,,"ST PAUL , OR  97137",,,,,,,,,,1,R14543
138,R58494,74051.0,,F460,401,2.82,0.0,009S,F51,0,1974-06-06,12,082W16A 02500,5576,RADELL,"SALEM, OR 97317",06170021,RD,"BARBER,DELMER L & LOIS M",,,,,"WYCOFF,STEPHEN B",5576 RADELL DR SE,,,"SALEM, OR  97301",2006.0,3261.0,3261.0,3261.0,,,,,90.0,0,
139,R12047,,,R12G,101,0.88,38333.0,005,R42,0,1974-10-18,0,042W19AC03900,4040,BLANCHET,"ST PAUL, OR 97137",00080259,RD,"NELSON,DOROTHEA D &","NELSON,CHARLES W &","BROWN,BERNIECE &","BROWN,DONALD J",,"SMITH,DAVID C & ELAINE A",PO BOX 13,,,"ST PAUL, OR  97137",1910.0,2394.0,2394.0,1588.0,,806.0,,,,0,
140,R12527,,,F330,451,1.0,0.0,008N,F09R,15900,1974-05-20,14,051W03  01400,12904,CARL,"WOODBURN, OR 97071",07780491,DE,"JANIC,NORMAN J &","JANIC,ANITA M",,,,"RAMON,BERNARDINO DAVID &","RAMON,EMILIA A",,,,1915.0,2081.0,2081.0,2081.0,,,,,,0,
141,R108004,75615.0,,R163,101,0.17,7200.0,049,R32,20000,1974-12-31,14,051W17BB05200,914,BRYAN,"WOODBURN, OR 97071",00061265,RC,"MCMAHEN,R E & ESTHER I",,,,,"MCMAHEN,R E & ESTHER I","<BLACK,GARY L & NANCY JO",,,,1948.0,1908.0,1908.0,1364.0,,544.0,,,,0,
142,R108004,75615.0,,R163,101,0.17,7200.0,049,R32,20000,1974-12-24,12,051W17BB05200,914,BRYAN,"WOODBURN, OR 97071",18510414,BS,"MCMAHEN,R E & ESTHER I","<GRANDON,JAMES & NANCY JO B",PO BOX 497,,"WOODBURN, OR  97071","GRANDON,JAMES &","GRANDON,NANCY JO",PO BOX 497,,"WOODBURN, OR  97071",1948.0,1908.0,1908.0,1364.0,,544.0,,,,0,
143,R37990,,,F360,551,43.85,0.0,OSDA.RUR,A95E,32000,1974-08-02,12,061E32  00200,5704,DAVIS CREEK,"SILVERTON, OR 97381",15620362,WD,"WORKMAN,BENARE H & DONNA","<BRANSTETTER,MASON J & MARCIA L",303 OAK ST,,"SILVERTON, OR  97381","BRANSTETTER,MASON &","BRANSTETTER,MARCIA",303 OAK ST,,"SILVERTON, OR  97381",,4139.0,4139.0,1778.0,1402.0,959.0,,400.0,,0,
144,R19146,,,F260,451,1.62,0.0,008C,F31,26450,1974-05-20,0,062W28AB00200,7375,62ND,"SALEM, OR 97303",07780328DE,DE,ALPHA CONSTRUCTION,,,,,"LOWERY,DENNIS M",,,,,1974.0,1400.0,1400.0,1400.0,,,,,109.0,0,
145,R54566,56619.0,,C00M,201,0.56,24394.0,PRIM,E30,42000,1974-07-11,0,073W11CB04800,3451,RIVER,"KEIZER, OR 97303",07840236,WD,"EHLI,RALPH & MARIAN",,,,,HAR-BROU CORP 50% &,"WHELCHEL,GARY G &","WHELCHEL,PHYLLIS L 50%",,,1974.0,4267.0,4267.0,4267.0,,,,,,0,
146,R70777,18652.0,,R411,R20,4.1,178603.0,005,X,19000,1974-03-15,5,073W23AC07400,1550,MARKET,"SALEM, OR 97301",07730470DE,DE,"REEVES,ROSIE ETHEL",,,,,FIRST CHURCH OF THE NAZARENE,1550 MARKET ST NE,,,"SALEM, OR  97301",1968.0,53184.0,53184.0,53184.0,,,,,,0,
147,R30992,,,F460,400,4.4,0.0,008S,,21500,1974-03-11,0,082W30C 01100,,,,V07730119,MI,"SCHAEFER,ROBERT F E",,,,,"MITZEL,RICHARD A &","MITZEL,ELAINE R",3661 DELANEY RD SE,,"SALEM, OR  97301",,,,,,,,,,0,
148,R83015,62014.0,,R521,101,0.2,8625.0,002,R42,31500,1974-04-02,14,083W10CA04300,594,JOSEPH,"SALEM, OR 97302",07750220,DE,"FLAGG,JAYE S &","JACKSON,V L",,,,"STAPLETON,GARY LANCE &","STAPLETON,SALLY I",594 JOSEPH ST SE,,"SALEM, OR  97302",1974.0,2132.0,2132.0,1332.0,,800.0,,,,0,
149,R70347,17051.0,,R521,101,0.24,10450.0,002,R31,23650,1974-07-29,14,083W10CB03700,4475,GREGORY,"SALEM, OR 97302",07840032DE,WD,ALPHA CONSRUCTION CORP,,,,,"NAU,PAUL P &","NAU,ELIZABETH M",4475 GREGORY CT SE,,"SALEM, OR  97302",1973.0,1195.0,1195.0,1195.0,,,,,109.0,0,
150,R33204,,,F460,401,2.31,0.0,009S,F21,17000,1974-03-21,0,083W28DB00700,254,HYLO,"SALEM, OR 97306",07740133DE,WD,"NOLAND,RONALD LEE &","NOLAND,PARTICIA",,,,"HICKS,CONSTANCE G",254 HYLO RD SE,,,"SALEM, OR  97306",1963.0,1014.0,1014.0,1014.0,,,,,,0,
151,R35475,,,F460,451,0.33,0.0,008S,F21,3000,1974-04-19,6,092W21C 00800,5958,PEARSON,"TURNER, OR 97392",V07770133,BS,"NOLLEN,RUTH JEAN",,,,,"NOLLEN,DON J",,,,,1955.0,912.0,912.0,912.0,,,,,93.0,0,
