,PROPID,SUBDNUM,MOBILEHOMEPARKCODE,MAINTAREA,PROPCLASS,ACRES,LANDSQFT,LANDSCHEDULE,STATCLASS,SALEPRICE,SALEDATE,SALETYPE,MAPTAXLOT,SITUSNUMBER,SITUSSTREET,SITUSCITYSTATEZIP,DEEDBOOKANDPAGE,DEEDTYPE,SELLERNAME,SELLERADDR1,SELLERADDR2,SELLERADDR3,SELLERCSZ,BUYERNAME,BUYERADDR1,BUYERADDR2,BUYERADDR3,BUYERCSZ,YEARBUILT,BLDGSQFT,LIVINGAREA,FLOOR1SQFT,FLOOR2SQFT,ATTICSQFT,BSMTFINISHEDSQFT,BSMTUNFINISHEDSQFT,QUALITYADJ,NUMADDLPROPS,ADDLPROPIDS
0,R59129,77116.0,,F430,400.0,1.37,0.0,008S,,36000,1975-06-19,12,084W14A 02300,,,,04150221,WD,"CAMFIELD,ELDOR L & LOU ETTA",,,,,"MCCORMACK,MERLE K",1820 FAIRMOUNT S,,,"SALEM, OR  97302",,,,,,,,,,0,
1,R59855,79973.0,,13B,701.0,4.79,208652.0,APT.SLM,H18,25500,1975-10-31,12,072W18CC04100,2301-2391,CORAL,"SALEM, OR 97305",02301337,WD,"WITHROW,O L & MELODY",,,,,Missing Buyer Record,,,,,1990.0,124334.0,124334.0,124334.0,,,,,,0,
2,R14715,,,C003,201.0,3.23,140686.0,WOOD,D80,120000,1975-09-15,0,052W12B 01100,100,ARNEY,"WOODBURN, OR 97071",05090286,RD,"HUNT,WINTON J ET AL",,,,,"BAKER,DALE W &","BROWN,TIMOTHY R",C/O BAKER & BROWN,2874 NEWBERG HY,"WOODBURN, OR  97071",1987.0,3129.0,3129.0,3129.0,,,,,,2,R14716;R14717
3,R14776,,,F13U3,551.0,6.0,0.0,OSDA.RUR,A03S,30000,1975-10-14,12,052W13  00300,15227,STUBB,"GERVAIS, OR 97026",02881560,WD,"GREER,GLADYS M",,,,,"ENYART,WILLIAM H & BETTY J",,,,,1915.0,1444.0,1444.0,912.0,,532.0,,,91.0,0,
4,R14795,,,F220,551.0,69.81,0.0,008NG,A40,63531,1975-06-23,12,052W15  00800,,,,03740362,RD,"DEVLAEMINCK,JOHN G & MAY",,,,,"WEISZ,JOHN W & GERALDINE C",15005 BUTTEVILLE RD NE,,,"GERVAIS, OR  97026",,,,,,,,,,1,R14796
5,R14797,,,F220,551.0,59.91,0.0,008NG,A40,54018,1975-02-11,12,052W15  01200,,,,03740361,RD,"MANNING,ALWIN A & LETITIA",,,,,"WEISZ,JOHN W & GERALDINE C",15005 BUTTEVILLE RD NE,,,"GERVAIS, OR  97026",,,,,,,,,,0,
6,R61704,87990.0,,M7606,161.0,0.2,8784.0,062,R09R,17950,1975-11-17,12,041W02DC02900,14100,CESSNA,"AURORA, OR 97002",02050477,RD,"HOWE,WALTER W & NEDEAN",,,,,"HOWELL,CARROLL E &","HOWELL,LINDA L",14100 CESSNA ST NE,,"AURORA, OR  97002",2004.0,1620.0,1620.0,1620.0,,,,,,0,
7,R61729,87990.0,,M7606,161.0,0.17,7350.0,062,R09S,10000,1975-06-10,14,041W02DC00400,14083,PIPER,"AURORA, OR 97002",04080014,RD,"LEE,CLYDE F & HELEN LORENE",,,,,"JOHNSON,WILLIAM C & LUCILE M",14083 PIPER ST NE,,,"AURORA, OR  97002",,,,,,,,,,0,
8,R64567,97621.0,,F610,451.0,1.0,0.0,008S,F09R,0,1975-04-18,12,092W03B 01200,6586,LITTLE,"TURNER, OR 97392",03520788,WD,"OSWALT,LAVRENCE M & CARLENE",,,,,"OSWALT,CHARLES N & JANICE RAE",6586 LITTLE ROAD SE,,,"TURNER, OR  97392",,1600.0,1600.0,1600.0,,,,,,0,
9,R10070,,,F260,401.0,0.22,9583.0,069,F09R,8150,1975-05-06,12,031W32BD01700,24035,BUTTEVILLE,"AURORA, OR 97002",02690626,WD,"PETRIN,FLORENCE M",,,,,"CLARK,BERNARD D",,,,,,2706.0,2706.0,2706.0,,,,,,0,
10,R15368,,,F210,551.0,229.58,0.0,OSDG.RUR,A94,275000,1975-02-20,12,042W31  00800,17792,RIVER,"ST PAUL, OR 97137",04370486,RD,"SPIRUP,RICHARD A & LUELLA L TRUS",,,,,"MULLEN,GERALD P & KATHLEEN A",17792 RIVER RD NE,,,"ST PAUL , OR  97137",1942.0,2114.0,2114.0,2114.0,,,,,,0,
11,R15482,,,F310,551.0,48.72,0.0,008CGI,A00,50968,1975-12-26,12,061W02  01600,,,,07490227,RD,"KRAEMER,CLARA",,,,,"KRAEMER,ALAN & CATHERINE",13523 MARQUAM ROAD NE,,,"MT ANGEL , OR  97362",,,,,,,,,,2,R15484;R15497
12,R67550,9400.0,,C001,701.0,0.2,8808.0,APT.SLM,H11,100000,1975-11-04,14,073W26AA02500,2131,CENTER,"SALEM, OR 97301",02321796,WD,"WILCOX,LOREN E ET AL",,,,,"CARTER,GENE E & BARBARA",578 CHEMEKETA NE,,,"SALEM, OR  97301",1964.0,5928.0,5928.0,5928.0,,,,,,0,
13,R67564,9401.0,,R461,101.0,0.14,6300.0,015,R34,22500,1975-09-04,12,073W26AA01300,2225,CENTER,"SALEM, OR 97301",05210396,WD,"HAUGE,RICHARD F & JOSEPHINE M",,,,,"SOHRT,JOHN R & MARILYN C",2225 CENTER ST NE,,,"SALEM, OR  97301",1939.0,1639.0,1639.0,1099.0,,540.0,,960.0,,0,
14,R69134,12466.0,,R561,101.0,0.14,6098.0,001,R31,21500,1975-05-05,14,083W15AD10400,1090,SHARON,"SALEM, OR 97306",01941760,RC,"FISCHER,RONALD E & DEBBIE ANN",,,,,"<STRATTON,WILLIAM E & BARBARA C.",4447 MEDINA LANE SE,,,"SALEM, OR  97301",1975.0,1008.0,1008.0,1008.0,,,,,,0,
15,R70804,19102.0,,R361,101.0,0.17,7200.0,015,R35,25000,1975-01-23,14,073W24DC03300,993,VINYARD,"SALEM, OR 97301",01941529,RC,"STUCHLIK,JAMES & RETA H",,,,,"<FALLIN,TIMOTHY L & BONNIE K",5125 AUBURN RD NE,,,"SALEM, OR  97301",1955.0,3282.0,3282.0,2442.0,840.0,,,,109.0,0,
16,R71039,19939.0,,R461,101.0,0.14,6000.0,014,R09R,8500,1975-02-01,14,073W26CD07100,822,15TH,"SALEM, OR 97302",01970300,RC,"<TAGGART,WILLIAM R & MARGARET H",,,,,"<MATA,LYDIA M",1592 COLE RD S,,,"SALEM, OR  97302",1997.0,1862.0,1862.0,1862.0,,,,,,0,
17,R71061,19939.0,,R461,101.0,0.12,5250.0,014,R31,6500,1975-06-09,12,073W26CC04300,995,14TH,"SALEM, OR 97302",02490628,WD,"LOVELLETTE,ORVAL L ET AL",,,,,"WOLF,PAUL L",,,,,2009.0,1300.0,1300.0,1300.0,,,,,109.0,0,
18,R71946,23555.0,,R421,101.0,0.14,6000.0,014,R31,9500,1975-05-31,14,073W14CB02000,2340,5TH,"SALEM, OR 97301",01940600,RC,"NORBY,JOHN & DOROTHY L",,,,,"WEBB,REDA G",1725 CHILDS NE,,,"SALEM, OR  97303",1945.0,1073.0,1073.0,1073.0,,,,,,0,
19,R72717,25867.0,,C001,701.0,0.72,31200.0,APT.SLM,H11,3000,1975-06-29,7,083W03BD09700,3382-3406,CRAWFORD,"SALEM, OR 97302",01830145,RD,"BATES,WALTER E & EVA MAE ETAL",,,,,"BATES,RONALD H",3392 CRAWFORD ST S,,,"SALEM, OR  97302",1972.0,10546.0,10546.0,10546.0,,,,,,0,
20,R16187,,,F310,551.0,39.87,0.0,008CGI,A30,60000,1975-01-23,12,061W12D 00900,9495,MERIDIAN,"MT ANGEL, OR 97362",03000039,RD,"WALLACE,LEE A & VIRGINIA F",,,,,"HAMMELMAN,RICHARD JOHN &","HAMMELMAN,MARILYN LOUISE",9495 MERIDIAN RD NE,,"MT ANGEL, OR  97362",,,,,,,,,,1,R16188
21,R16187,,,F310,551.0,19.0,0.0,008CGI,A30,60000,1975-01-13,18,061W12D 00900,9495,MERIDIAN,"MT ANGEL, OR 97362",03000038,WD,"VANDECOEVERING,B F & H M",,,,,"WALLACE,LEE A & VIRGINIA F",,,,,,,,,,,,,,0,
22,R73142,25873.0,,C001,701.0,0.88,38514.0,APT.SLM,H12,0,1975-12-30,12,083W03BC01200,3312-3374,LIBERTY,"SALEM, OR 97302",03570394,BS,RCN INVESTMENTS,,,,,"HIATT,MARGARET",530 CENTER NE #316,,,"SALEM, OR  97301",1969.0,5801.0,5801.0,1424.0,,,4377.0,,,0,
23,R74775,31752.0,,R361,101.0,0.2,8787.0,015,R45,16000,1975-03-28,12,073W13CD07700,2420,EVERGREEN,"SALEM, OR 97301",02560142,RD,"CARROLL,CHARLES H & PATTI A",,,,,"SCHISSLER,JOHN",4980 7TH AV SE,,,"SALEM, OR  97302",2008.0,2182.0,2182.0,1225.0,957.0,,,,,0,
24,R74775,31752.0,,R361,101.0,0.2,8787.0,015,R45,10800,1975-05-09,14,073W13CD07700,2420,EVERGREEN,"SALEM, OR 97301",02560141,WD,"BAKER,CARROLL & MINNIE W",,,,,"CARROLL,CHARLES H & PATTI A",2420 EVERGREEN AVE NE,,,"SALEM, OR  97303",2008.0,2182.0,2182.0,1225.0,957.0,,,,,0,
25,R75346,33907.0,,11C,700.0,1.53,0.0,01EG,,15000,1975-02-11,13,083W15AA03500,1210,BARNES,"SALEM, OR 97306",03661587,RD,"CONYNE,HELEN",,,,,"ERSKINE,MAX A",1290 FIR ST S,,,"SALEM, OR  97302",,,,,,,,,,0,
26,R76682,39685.0,,C00M,201.0,0.9,39375.0,,D90,50000,1975-08-14,12,073W11BD03000,3570,CHERRY,"KEIZER, OR 97303",03131059,WD,"BURNS,DONALD J & EVELYN J",,,,,"SCHULTZ,RONALD L & MELVA G",3076 ORCHARD HEIGHTS RD NW,,,"SALEM, OR  97304",1976.0,3872.0,3872.0,3872.0,,,,,,0,
27,R77238,39985.0,,R421,101.0,0.22,9748.0,014,R22,0,1975-02-24,29,073W14CA04400,2397 1/2,HAZEL,"SALEM, OR 97301",00090900,RD,"WEIR,MARY B",,,,,"HAMMOCK,BERNICE L",15575 GUTHRIE RD,,,"DALLAS, OR  97338",1937.0,509.0,509.0,357.0,,152.0,,,,0,
28,R77282,39985.0,,R421,101.0,0.14,6000.0,014,R31,45000,1975-11-02,14,073W14BD07300,2535,MYRTLE,"SALEM, OR 97301",03321711,RC,"BARCLAY,PHYLLIS A & FRANCIS L",,,,,"<MILLER,HARRY F & EUNELLA A",2500 CURLEW CIR,,,"ANCHORAGE, AK  99502",1991.0,1044.0,1044.0,1044.0,,,,,,0,
29,R16753,,,R222,101.0,0.21,9148.0,019,R31,10,1975-11-05,12,061W27DA01700,813,JEFFERSON,"SILVERTON, OR 97381",02681713,RD,"CHAMBERS,MYRL M",,,,,"ISOM,COY C & PAULINE M",813 JEFFERSON,,,"SILVERTON, OR  97381",1925.0,1449.0,1449.0,1449.0,,,,,109.0,0,
30,R16818,,,F320,551.0,9.7,0.0,OSDA.RUR,A83E,0,1975-12-15,6,061W28D 00800,6238,MT ANGEL,"SILVERTON, OR 97381",04770045,RD,"MEAD,HELEN J",,,,,"MEAD,STEPHEN R",6238 MT ANGEL HWY NE,,,"SILVERTON, OR  97381",1935.0,1085.0,1085.0,833.0,,252.0,,833.0,,0,
31,R80049,46921.0,,R521,102.0,,,,J37,40074,1975-08-30,12,083W10DC90012,777,BOONE,"SALEM, OR 97306",12590706,RD,"EDIGER,DAVID L",,,,,"DELAPP,DAVID L",8500 ROGERS RD,,,"INDEPENDENCE, OR  97351",1976.0,840.0,840.0,840.0,,,,,,2,R80050;R80051
32,R17092,,,R22U2,491.0,12.82,0.0,027,R32,0,1975-11-25,14,061W34BC00300,239,MONSON,"SILVERTON, OR 97381",02680257,RC,"<EDWARDS,TOBBY A & LETA M",,,,,"<SCHIPPOREIT,E HAROLD ET AL",,,,,1939.0,1628.0,1628.0,1148.0,,480.0,,,,0,
33,R10264,,,F260,551.0,46.78,0.0,042G,A00,63750,1975-05-08,14,041W04D 00400,0,,,02121903,RC,"<BRIGHAM,DONALD H & SUSAN A",,,,,"<HOFELDT,FREDRICK L & JOANN",RT 2 BOX 220,,,"AURORA, OR  97002",,,,,,,,,,0,
34,R80899,50454.0,,R461,101.0,0.29,12610.0,003,R45,50000,1975-12-05,12,083W04BB04000,1490,ACACIA,"SALEM, OR 97302",02320971,WD,"HOFFMEISTER,DONALD E & JUANITA A",,,,,"YOUNG,HARRY E & CYNTHIA A",,,,,1967.0,2107.0,2107.0,1703.0,,,404.0,529.0,,0,
35,R17262,,,C002,201.0,0.21,8970.0,STOWN.MING,K20,25800,1975-01-31,14,061W34AD04900,446,MCCLAINE,"SILVERTON, OR 97381",01981336,WD,"ROWE,BETTY L",,,,,"WOODWARD,GEORGE M & LEORA G",446 MC CLAINE ST,,,"SILVERTON, OR  97381",1945.0,4080.0,4080.0,4080.0,,,,,,0,
36,R82092,57371.0,,R421,101.0,0.29,12500.0,014,R31,19000,1975-10-31,18,073W14DB09500,2635,BROOKS,"SALEM, OR 97301",08170437,WD,"VISTICA,CARL I & VEDA G",,,,,"DOUGHERTY,JAMES E",1523 MARIGOLD ST NE,,,"KEIZER, OR  97303",1953.0,976.0,976.0,976.0,,,,,,0,
37,R17301,,,R222,101.0,0.28,11970.0,018,R21W,8000,1975-05-28,12,061W34AD01600,117,WEBB,"SILVERTON, OR 97381",01850847,RD,"BERRY,CLAUDE D & GLADYS",,,,,"JENSEN,HOWARD M & ELIZABETH",13473 HOBART RD NE,,,"SILVERTON, OR  97381",1920.0,732.0,732.0,732.0,,,,,109.0,1,R17305
38,R82706,61707.0,,C001,201.0,0.23,10019.0,6B3,O11,0,1975-03-21,14,073W34DD06800,1190,FAIRVIEW,"SALEM, OR 97302",02351997,WD,"<LEE,ELIZABETH A",,,,,"<LEE,DOROTHY B",145 WILSON ST S,,,"SALEM, OR  97302",1940.0,2046.0,2046.0,2046.0,,,,1354.0,,0,
39,R83636,64172.0,,C001,201.0,0.2,8772.0,PRIM,O11,70000,1975-03-03,12,073W34BD03200,1820,COMMERCIAL,"SALEM, OR 97302",11180737,WD,"SMALL,BRAZIER C",,,,,"SLAGEL,GIL & PATRICIA",1761 LIBERTY ST SE,,,"SALEM, OR  97302",1960.0,2368.0,2368.0,2368.0,,,,,,0,
40,R83937,64177.0,,R461,101.0,0.1,4572.0,003U,R31,15950,1975-08-22,12,073W34AC04000,1995,CHURCH,"SALEM, OR 97302",02101326,WD,PETERSON JOHN FRED,,,,,"SANTOS,OLIVERIO & HERMINIA",1995 CHURCH ST SE,,,"SALEM, OR  97302",1920.0,1046.0,1046.0,1046.0,,,,,,0,
41,R84451,65008.0,,C001,701.0,0.4,17330.0,APT.SLM,H11,175000,1975-12-04,12,073W15DD08900,1665-1699,LIBERTY,"SALEM, OR 97301",04910150,WD,"TREUTLE,JOHN R & CLARA K",,,,,"HUEY,DONALD H & MAE L",1173 2ND STREET NW,,,"SALEM, OR  97304",1960.0,12926.0,12926.0,12926.0,,,,,,0,
42,R85013,66339.0,,R461,121.0,0.12,5040.0,015,R33,0,1975-10-06,12,073W26AB12100,481,18TH,"SALEM, OR 97301",13370647,RD,"WHITE,PENROSE ET AL",,,,,"MILLER,FREDERICK L &","MILLER,BONNIE G",5478 KAYAK WY NE,,"KEIZER, OR  97303",1941.0,840.0,840.0,840.0,,,,840.0,109.0,0,
43,R17658,,,C002,201.0,0.08,3550.0,6F1,S30,18000,1975-10-30,12,061W35CB13800,119,WATER,"SILVERTON, OR 97381",02380155,RD,"DAHL,KRETA B",,,,,"HENTO,ERNEST & ELEANOR L",119 N WATER ST,,,"SILVERTON, OR  97381",1908.0,7100.0,7100.0,6050.0,,,1050.0,,,0,
44,R85909,71954.0,,R461,101.0,0.15,6500.0,002,R43,30000,1975-05-27,0,083W03AB05900,794,RATCLIFF,"SALEM, OR 97302",00171952,RD,"WEBBER,THOMAS OLEN &","WEBBER,PATRICIA ANN",,,,"REYNOLDS,HARLAN &","REYNOLDS,ELSIE",,,,1972.0,1628.0,1628.0,1320.0,,,308.0,550.0,,0,
45,R86672,73787.0,,R411,101.0,0.11,5000.0,015,M31,28000,1975-11-18,12,073W23AB03100,1926-1928,MCCOY,"SALEM, OR 97301",09010076,RD,"BELL,VINNIE J & MARY E",,,,,"BOYER,FRED E & BARBARA L",P O BOX 7238,,,"SALEM, OR  97303",1965.0,1928.0,1928.0,1928.0,,,,,,0,
46,R86766,74012.0,,R461,101.0,0.18,7850.0,015,R33Y,15000,1975-10-30,14,073W26AC01600,1744-1746,CHEMEKETA,"SALEM, OR 97301",02231125,RC,"MCLAUGHLIN,R F & GRACE R",,,,,"<GARCIA,JOSE & LUPE L",1744 CHEMEKETA NE,,,"SALEM, OR  97301",1916.0,2357.0,2357.0,1195.0,,,1162.0,,,0,
47,R88238,78167.0,,R411,101.0,0.11,5000.0,015,R33,0,1975-04-14,12,073W23AC01700,1380,NORWAY,"SALEM, OR 97301",05480164,RD,"BOOS,JUDITH LEE S",,,,,"SHINKLE,CARL R",1380 NORWAY ST NE,,,"SALEM, OR  97301",1948.0,1169.0,1169.0,1169.0,,,,384.0,,0,
48,R88438,78321.0,,C001,701.0,0.37,16000.0,APT.SLM,H11,75000,1975-01-10,20,073W24AB11600,3127-3197,MADISON,"SALEM, OR 97301",10390450,RC,"KOTKA,ELMER & ALICE R",,,,,"CAMFIELD,GARY A & CAROL L",790 COTTAGE ST NE,,,"SALEM, OR  97301",1961.0,5072.0,5072.0,5072.0,,,,,,0,
49,R88555,78501.0,,R361,101.0,0.14,6020.0,015,R31,25950,1975-09-22,12,072W20CB04600,1107,PALACE,"SALEM, OR 97301",03840376,WD,NOLAN CONSTRUCTION CORPORATION,,,,,"MALCOM,JOHN W & LAURA",1107 PALACE DR NE,,,"SALEM, OR  97301",1975.0,1267.0,1267.0,1267.0,,,,,109.0,0,
50,R18036,,,R222,101.0,0.2,8881.0,019,R32,21000,1975-11-13,5,061W35CB06300,310,JERSEY,"SILVERTON, OR 97381",02901842,RD,CALVARY LUTHERAN CHRCH OF SILVER,,,,,"ANDROES,LOUIS C",314 JERSEY ST,,,"SILVERTON, OR  97381",1917.0,1377.0,1377.0,987.0,,390.0,,,,1,R102058
51,R89513,78771.0,,C001,201.0,0.09,4049.0,,G60,14500,1975-07-11,14,073W22DD00700,753,MARION,"SALEM, OR 97301",03110945,WD,"CLARK,RAYMOND C & GERTRUDE B",,,,,"PAULUS,WILLIAM G & NORMA J ET AL",100 MCNARY SQUARE,750 FRONT ST NE,,"SALEM, OR  97301",,,,,,,,,,0,
52,R90470,83129.0,,R511,101.0,0.14,6030.0,002,R31,20000,1975-10-17,14,083W09CC11000,1525,JULIET,"SALEM, OR 97306",02701564,WD,"ROWATT,ARLENE F BOURSAW",,,,,"GABLER,CLARK",365 EWALD SE,,,"SALEM, OR  97302",1969.0,1008.0,1008.0,1008.0,,,,,,0,
53,R18217,,,F330,551.0,149.89,0.0,OSDA.RUR,A93,256500,1975-03-28,12,052W35  02200,11618,PORTLAND,"GERVAIS, OR 97026",01971461,WD,"GILLES,NORBERT H",,,,,"HOLOBOFF,WILLIAM & MARY LOU E",9866 72ND AVE NE,,,"BROOKS, OR  97305",1935.0,1758.0,1758.0,1164.0,,594.0,,,,0,
54,R91503,83780.0,,R461,101.0,0.25,10758.0,002,R21,15000,1975-06-13,12,073W34DD10000,975,VISTA,"SALEM, OR 97302",02041423,WD,CAPITOL EQUITIES CORPORATION,,,,,"WILDER,BRADLEY E",%C R HUDKINS,1297 D ST NE,,"SALEM, OR  97301",1960.0,1225.0,1225.0,1225.0,,,,,109.0,0,
55,R18403,,,F220,641.0,9.44,0.0,OSDA.RUR,A95,55000,1975-07-03,0,062W03C 04000,6866,WACONDA,"SALEM, OR 97305",00191724,WD,Missing Seller Record,,,,,"DITCHEN,CARL &","DITCHEN,MURIEL",7385 HOWELL PRAIRIE RD NE,,"SILVERTON, OR  97381",1967.0,4691.0,4691.0,2880.0,1513.0,298.0,,324.0,,2,R18404;R18409
56,R10433,,,F360,551.0,26.38,0.0,OSDA.RUR,A94,85000,1975-09-24,12,041W10  01400,13453,EHLEN,"AURORA, OR 97002",06770088,RD,"OSGOOD,GLENN T & CLARA A",,,,,"BAUMGART,BARBARA N",13453 EHLEN RD NE,,,"AURORA, OR  97002",1960.0,3008.0,3008.0,2308.0,,,700.0,,,0,
57,R95010,90726.0,,C001,201.0,0.13,5700.0,PRIM,K30,8500,1975-12-12,12,073W35AB03400,1194,22ND,"SALEM, OR 97302",02720547,WD,"NELSON,ROGER F & MABEL A",,,,,"HOOK,EARL C & DOROTHEA J",340 CREST ST NE #58,,,"SUBLIMITY, OR  97385",,,,,,,,,,0,
58,R95178,90988.0,,C001,701.0,0.11,5000.0,APT.MIN,R44,33000,1975-02-01,2,073W26BD07700,1510,STATE,"SALEM, OR 97301",02621333,RD,"PERKINS,GRACE M - ESTATE OF",,,,,"DILLON,ALBERT L & KAREN J","PERKINS,GRANVILLE - CONSERVATOR",,,,1910.0,4248.0,4248.0,4248.0,,,,,,0,
59,R96390,97771.0,,R421,101.0,0.13,5850.0,015,R33,16000,1975-11-06,12,073W14CD04600,2125,MYRTLE,"SALEM, OR 97301",04960436,WD,"DUVALL,DEAN M & L MAE",,,,,"FARRENS,FRANCES H",3071 GREENBROOK CT NE,,,"SALEM, OR  97305",1927.0,861.0,861.0,861.0,,,,648.0,,0,
60,R96700,99785.0,,R461,101.0,0.26,11360.0,002,R33,0,1975-04-19,29,073W27DD00700,1150,LEE,"SALEM, OR 97302",00131280,WD,"WALDORF,FRANK A & OFA E",,,,,"MINER,FAY E ET AL",1150 LEE ST SE,,,"SALEM, OR  97302",1901.0,1192.0,1192.0,1192.0,,,,1152.0,,0,
61,R96900,99786.0,,C001,201.0,0.16,6875.0,5C4,S20,28000,1975-04-28,12,073W34AD01600,1635-1645,12TH,"SALEM, OR 97302",03920066,RD,"MCKILLOP,JEFFREY B",,,,,"KAUFMAN,DUANE I",1013 FRUIT NW,,,"ALBUQUERQUE, NM  87102",1960.0,1751.0,1751.0,1751.0,,,,,,0,
62,R96957,99789.0,,R461,101.0,0.14,6150.0,002,R32,0,1975-03-18,10,073W34AD00400,1140,LEWIS,"SALEM, OR 97302",02011893,DE,"FREETAG,CLYDE D & DE MAE W",,,,,"FREETAG,DE MAE W",1140 LEWIS ST,,,"SALEM, OR  97302",1947.0,1602.0,1602.0,1058.0,,544.0,,,,0,
63,R18998,,,F260,451.0,1.3,0.0,008C,F32,16000,1975-06-04,12,062W24D 01300,7701,HOWELL PRAIRIE,"SILVERTON, OR 97381",11320373,RD,"LANDT,FRED & BETH",,,,,"BURROUGHS,HAROLD L & ALLIE L",7701 HOWELL PRAIRIE RD NE,,,"SILVERTON, OR  97381",1930.0,1522.0,1522.0,1022.0,,500.0,,,91.0,0,
64,R99403,32557.0,,R11A,101.0,0.14,6000.0,025,R31,8000,1975-09-09,14,052W26BD00700,620,7TH,"GERVAIS, OR 97026",01871249,RC,"EKTER,GEORGE & ANOLA",,,,,"<GONZALES, LEONARDO & RAQUEL",2516 SE 27TH,,,"PORTLAND, OR  97202",1946.0,1045.0,1045.0,1045.0,,,,,,0,
65,R99438,32557.0,,R11A,101.0,0.31,13341.0,025,R09R,7500,1975-06-03,19,052W26BD03300,345,7TH,"GERVAIS, OR 97026",04880122,RD,"ELBERT,RUTH A R PERS REP",,,,,"FOOTE,RONALD R & SANDRA A",258 CEDAR AVE,,,"WOODBURN, OR  97071",1993.0,1188.0,1188.0,1188.0,,,,,,1,R99439
66,R101325,31149.0,,F360,661.0,15.72,0.0,008C,A90,14500,1975-07-07,12,061E26  03800,6075,PEAKS VIEW,"SCOTTS MILLS, OR 97375",02830581,WD,"WANKA,GEORGE J",,,,,"USELMAN,DANIEL R",,,,,,,,,,,,,,1,R101326
67,R102376,60077.0,,R232,121.0,0.16,7000.0,019,R34,25000,1975-09-22,29,061W35BC02700,223,MILL,"SILVERTON, OR 97381",04210247,WD,"KIRK,SARAH ET AL",,,,,"UNGER,THOMAS D & ETHEL C",229 MILL ST,,,"SILVERTON, OR  97381",1910.0,1436.0,1436.0,792.0,,644.0,,,,0,
68,R103397,18001.0,,R624,101.0,0.62,0.0,02JA,R41,38500,1975-03-09,12,091W09DC09900,1466,IDA,"STAYTON, OR 97383",04910305,WD,"JENKS,VERNA",,,,,"RICHARDSON,REX",1420 W IDA STREET,,,"STAYTON, OR  97383",1986.0,2779.0,2779.0,2779.0,,,,,,0,
69,R103658,37977.0,,R624,101.0,0.03,1125.0,011,,100,1975-06-06,14,091W10BB05300,,,,02550383,RD,"OLSON,RALPH O & HELEN G",,,,,"MC ALISTER,HAROLD & GLADYS",885 W KATHY,,,"STAYTON, OR  97383",,,,,,,,,,0,
70,R19855,,,F210,401.0,2.2,0.0,009C,,6000,1975-01-16,12,063W24C 02500,7769,RIVER,"SALEM, OR 97303",06920080,RD,"LAWLER,ARTHUR L &","LAWLER,MARGARET M",,,,"PORTER,ALBERT E & HANNAH E",4885 RIVER RD N,,,"SALEM, OR  97303",,,,,,,,,,0,
71,R104945,96612.0,,R624,101.0,0.17,7500.0,011,R32,10000,1975-07-18,14,091W10DB08200,653,6TH,"STAYTON, OR 97383",01940319,RC,"DONNER,HALLIE & MINNIE",,,,,"<HEUBERGER,STEPHEN & SANDRA",653 6TH AVE,,,"STAYTON, OR  97383",1924.0,1156.0,1156.0,884.0,,272.0,,,,0,
72,R106211,12811.0,,R163,101.0,0.11,5000.0,049,R31,12500,1975-02-13,12,051W07CA08700,912,6TH,"WOODBURN, OR 97071",11150101,RD,"THOMPSON,GLADYS E",,,,,"CLUBB,WARD E &","CLUBB,DARLENE S",4251 NW COUNTY RD 125,,"LAWTEY, FL  32058",1928.0,780.0,780.0,780.0,,,,,,0,
73,R106652,35865.0,,R163,101.0,0.25,10999.0,049,R32,25000,1975-04-14,18,051W07CB09500,1225,LINCOLN,"WOODBURN, OR 97071",12050698,WD,"MANNING,RAY J & HELEN D",,,,,"DAVIS,RANDY S & BARBARA J",789 N 5TH ST,,,"WOODBURN, OR  97071",1901.0,1098.0,1098.0,890.0,,208.0,,,109.0,0,
74,R108481,89163.0,,R163,101.0,0.26,11500.0,049,R42,25000,1975-05-02,12,051W07DC07100,975,2ND,"WOODBURN, OR 97071",03550908,WD,"ROHDE,GLEN D & HELEN L",,,,,"CROSS,DENNIS D & CANDICE J",975 N 2ND ST,,,"WOODBURN, OR  97071",1957.0,1436.0,1436.0,1128.0,,308.0,,,91.0,0,
75,R108936,99023.0,,C003,201.0,0.2,8750.0,4E3,S30,80000,1975-10-17,12,051W18AB02100,158-164,GRANT,"WOODBURN, OR 97071",05040466,RD,"PIPER,E E",,,,,"VERBIN,KONSTANTIN & MARIA",7025 S OSTER RD,,,"WOODBURN, OR  97071",1920.0,10000.0,10000.0,10000.0,,,,1440.0,,1,R108937
76,R20346,,,R21M,101.0,1.48,64571.0,006,R31,35000,1975-10-13,12,063W35AD06400,1345,HARMONY,"KEIZER, OR 97303",12930477,RD,"DUNCAN,ROY J & JOANN M",,,,,"PEDERSEN,W GREG &","PEDERSEN,DELORES W",1345 HARMONY DR NE,,"KEIZER, OR  97303",1950.0,1502.0,1502.0,1502.0,,,,,109.0,3,R20347;R20348;R135772
77,M124084,,,R61K,19.0,,,,T52,7000,1975-04-01,6,082W29DD03600,5345,ELGIN,"TURNER, OR 97392",,,"NICHOLSON, JAMES W & BETTY J",,,,,"MORGAN,DAVID J & RUTH",,,,,1963.0,659.0,659.0,659.0,,,,,,0,
78,M125260,,,F13U4,49.0,,,,T56,0,1975-01-22,19,091W11C 01000,1583,PARK,"STAYTON, OR 97383",,,"WALLACE,ESTHER A",,,,,Missing Buyer Record,,,,,1973.0,1120.0,1120.0,1120.0,,,,,,0,
79,M125295,,M34600,M741,19.0,,,,T56,24235,1975-09-10,14,072W17CC14500,4738,EL CEDRO,"SALEM, OR 97305",,,"SCHELER,GEORGE C JR & MARCIA H",,,,,Missing Buyer Record,,,,,1973.0,1464.0,1464.0,1464.0,,,,,,0,
80,M126955,,,05F,,,,,T54C,11666,1975-07-01,14,041W22B 00500,12702,FRY,"AURORA, OR 97002",,,"POOLE,THOMAS E & JEAN L",,,,,Missing Buyer Record,,,,,1975.0,924.0,924.0,924.0,,,,,,0,
81,M130088,,,26G,,,,,T64C,11000,1975-01-01,33,061W27DA03000,1205,2ND,"SILVERTON, OR 97381",,,"SICKENBERGER,GLENN U & THELMA J",,,,,Missing Buyer Record,,,,,,,,,,,,,,0,
82,R20813,,,R252,101.0,0.77,0.0,027,R32,26000,1975-10-24,12,071W02AC00300,1129,WATER,"SILVERTON, OR 97381",02290569,RD,"SALMON,JOSEPHINE",,,,,"CARSNER,JAMES C & VIRGINIA M",5546 NEWLAND ROAD,,,"PARADISE, CA  95969",1901.0,3846.0,3846.0,3080.0,,766.0,,,,0,
83,R76202,36465.0,,R461,101.0,0.16,6850.0,002,R31,0,1975-12-30,25,083W04AA09500,820,WEST VISTA,"SALEM, OR 97302",15470049,DC,"SMALLEY,EUGENE E - ESTATE OF",%ZOLA JEAN R SMALLEY,820 W VISTA AVE S,,"SALEM, OR  97302","SMALLEY,EUGENE E - ESTATE OF",%ZOLA JEAN R SMALLEY,820 W VISTA AVE S,,"SALEM, OR  97302",1953.0,838.0,838.0,838.0,,,,,,0,
84,R21817,,,F360,551.0,19.61,0.0,008C,A40,24000,1975-07-02,12,071W34  00500,621,JAKES HILL,"SILVERTON, OR 97381",04410150,RD,"DOERFLER,JON M & LAUREL J",,,,,"EGGIMAN,DENNIS J &","EGGIMAN,SALLY A",621 JAKES HILL RD SE,,"SILVERTON, OR  97381",,,,,,,,,,1,R21818
85,R10843,,,F360,551.0,27.87,0.0,OSDA.RUR,A14E,100000,1975-03-26,12,041W15C 00600,12597-12601,DONALD LOOP,"AURORA, OR 97002",07040308,RD,"FREDERIKS,EVERT & ELISABETH",,,,,"JORRITSMA,DAVE &","JORRITSMA,FAYE",12597 DONALD LOOP RD NE,,"AURORA, OR  97002",1930.0,1608.0,1608.0,1104.0,,504.0,,1008.0,,2,R10847;R10850
86,R135842,,,,,,,,,64000,1975-08-26,14,,0,,,04120415,WD,BETTILU INC,,,,,SPRING VALLEY LAND COMPANY,2267 - 27TH PL NW,,,"SALEM, OR  97304",,,,,,,,,,0,
87,R23599,,,F260,550.0,41.5,0.0,036,A60,55000,1975-10-03,12,072W24  01300,,,,03000694,RD,"BISCHOFF,GOTTLIEB & ESTER G",,,,,"SATTER,RAYMOND J & MILDRED C",5350 LARDON RD NE,,,"SALEM, OR  97305",,,,,,,,,,0,
88,R24723,,,C001,300.0,1.0,43652.0,ISI,,10000,1975-11-13,13,073W01DB02000,,,,03661596,WD,"DILGER,FELIX L & ROSEMARY",,,,,LOCOMOTION INC DBA,5102 ROLLING TIMBERS,,,"HOUSTON, TX  77084",,,,,,,,,,0,
89,R25022,,,C00M,701.0,1.31,57063.0,APT.SLM,H12,143000,1975-01-01,14,073W02BB00300,5115,RIVER,"KEIZER, OR 97303",01840609,RC,UNITED EMPIRES CORP,,,,,"<MARLOW,K A ETAL",711 SW ALDER ST SUITE 303,,,"PORTLAND, OR  97205",1970.0,14767.0,14767.0,14767.0,,,,,,0,
90,R25200,,,R25M,101.0,0.24,10298.0,044,R41,27500,1975-09-10,12,073W02DB10000,1249,GREENWOOD,"KEIZER, OR 97303",02650101,WD,"BLIXSETH,EMMA M ET AL",,,,,"KORFHAGE,BRUCE A & CAROL A",1249 GREENWOOD DR NE,,,"SALEM, OR  97303",1955.0,1408.0,1408.0,1408.0,,,,,,0,
91,R11233,,,F330,401.0,2.48,0.0,008N,F21R,14400,1975-01-03,14,041W27CD00600,18648,HIGHWAY 99E,"HUBBARD, OR 97032",03770240,WD,"FOLAND,VINITA M ET AL",,,,,"PRATER,ELBERT & DOLLY L",18648 HWY 99E,,,"HUBBARD, OR  97032",,1782.0,1782.0,1782.0,,,,,,0,
92,R26533,,,R421,101.0,0.11,4620.0,015,R33,12500,1975-08-25,12,073W14DB07200,2360,CHERRY,"SALEM, OR 97301",08440328,RD,"HOFFMAN,ELEANOR J",,,,,"TAPLEY,DAVID E",2102 W COOLBROOK,,,"PHOENIX, AZ  85023",1930.0,726.0,726.0,726.0,,,,550.0,,0,
93,R26853,,,R411,101.0,0.13,5800.0,015,R32,10,1975-09-25,2,073W23DB14600,1065,14TH,"SALEM, OR 97301",01950900,WD,"GREEN,THURMAN T & EVA",,,,,"SMITH,ALEX & GRACE",3340 DEL SOL BLVD SP 26,,,"SAN DIEGO , CA  92154",1938.0,1238.0,1238.0,905.0,,333.0,,,,0,
94,R26963,,,C001,201.0,3.95,171888.0,SEC,L28,0,1975-01-31,6,073W24AD00900,3301,MARKET,"SALEM, OR 97301",03730171,RD,"CULVER,STANLEY R",,,,,"CULVER,STANLEY R",8383 NE SANDY BLVD,,,"PORTLAND, OR  97220",,,,,,,,,,0,
95,R21624,,,F360,551.0,0.4,0.0,008CG,A30,13000,1975-05-29,0,071W20  00500,0,HIBBARD,"SILVERTON, OR 97381",00171036,WD,"ROGERS,JOSEPHINE HAMMOND",,,,,"KUENZI,ROBERT E &","KUENZI,LINDA M",1973 HIBBARD RD NE,,"SILVERTON, OR  97381",,,,,,,,,,0,
96,R27551,,,R461,101.0,0.14,6098.0,015,R44W,20000,1975-07-29,12,073W26BA07400,1561,CHEMEKETA,"SALEM, OR 97301",02340760,WD,"PIERCE,JOHN T & BETTY H",,,,,"MILAN,WILLIAM E & LORRAINE M",,,,,1910.0,2210.0,2210.0,1300.0,,910.0,,1240.0,110.0,0,
97,R28574,,,F660,401.0,5.57,0.0,008S,,12000,1975-06-17,12,081W29A 00900,7490,SHERMAN,"AUMSVILLE, OR 97325",02851279,RD,"SCHWEIGERT,CASPER & MARGARET A",,,,,"SCHMID,THOMAS A &","SCHMID,ARMINTA L",7496 SHERMAN RD SE,,"AUMSVILLE, OR  97325",,,,,,,,,,2,R28575;R28576
98,R11571,,,C00B,201.0,0.54,23435.0,STOWN,R31,17900,1975-09-02,12,041W33DC01600,2374,PACIFIC HY 99E,"HUBBARD, OR 97032",07690323,RD,"HAWORTH,DONALD W & BARBARA L",,,,,"HERZOG,GEORGE D & JOANNE J",11920 FARGO RD NE,,,"AURORA, OR  97002",1948.0,1096.0,1096.0,1096.0,,,,,109.0,0,
99,R11680,,,C0006,201.0,2.58,112447.0,STOWN,D80,40500,1975-02-19,12,041W34BB00100,4515,PACIFIC HY 99E,"HUBBARD, OR 97032",03651256,RD,"SAUVAGEAU,THELMA H",,,,,"SHROCK,CLIFFORD M ET AL",P O BOX 428,,,"HUBBARD, OR  97032",1995.0,8768.0,8768.0,8768.0,,,,,,1,R14133
100,R30705,,,F460,451.0,5.0,0.0,008S,F41,48500,1975-08-25,14,082W28D 01200,6343,MILL CREEK,"TURNER, OR 97392",02540078,WD,"WHITEHEAD,NORMAN F & GENEVA P",,,,,"NEELEY,KEITH G & FRANCES A",6343 MILL CREEK RD SE,,,"TURNER, OR  97392",1955.0,2320.0,2320.0,2320.0,,,,,91.0,0,
101,R30743,,,F460,451.0,4.99,0.0,008S,R45,13500,1975-08-28,14,082W28D 01300,7882,DEWDOCK,"TURNER, OR 97392",02240919,WD,"WHITEHEAD,NORMAN F & GENEVA P",,,,,"NEELEY,KEITH G & FRANCES A",,,,,1993.0,1642.0,1642.0,1156.0,486.0,,,,,0,
102,R11756,,,F330,451.0,6.0,0.0,037,F00S,2000,1975-10-30,12,041W36B 01800,,,,02030062,RD,"PULLEY,LESTER",,,,,PUDDING RIVER SLOUGH SLOPPERS,P O BOX 413,,,"HUBBARD, OR  97032",,,,,,,,,,0,
103,R12021,,,F210,550.0,9.34,0.0,039I,A40,12000,1975-04-03,14,042W19B 01000,,,,02150597,WD,"BRENTANO,T BERNARD",,,,,"COLEMAN FARMS, INCORPORATED",PO BX31,,,"ST PAUL , OR  97137",,,,,,,,,,0,
104,R33302,,,F460,581.0,24.93,0.0,009SGI,A90S,37500,1975-10-24,12,083W32C 00600,,,,01901344,WD,"RABINOWITZ,DAVID C & BARBARA D",,,,,"VINCENT,RICHARD ET AL",8026 WABASH DR NE,,,"BROOKS, OR  97305",1980.0,,,,,,,,,0,
105,R33411,,,F460,401.0,1.38,0.0,009S,F09,9500,1975-06-09,14,083W35D 00500,8606,SUNNYSIDE,"SALEM, OR 97306",04760022,RC,"JOHNSON,LEE B",,,,,"<ANDERSON,JACKIE & CYNTHIA",8606 SUNNYSIDE ROAD SE,,,"SALEM, OR  97306",1999.0,,,,,,,,,0,
106,R12125,,,F210,551.0,1.77,0.0,042G,A20S,2000,1975-06-18,14,042W20  00200,,,,00371734,RD,"GOODING,ELMER W & THERESA",,,,,"MCKILLIP,JOHN G &","MCKILLIP,ALBERT T",,PO BOX 424,"ST PAUL, OR  97137",,,,,,,,,,0,
107,R35337,,,F460,541.0,6.42,0.0,008S,A99,12000,1975-11-17,12,092W17D 00100,11695,PARRISH GAP,"TURNER, OR 97392",03551259,RD,"HARDING,C L & ETHEL M",,,,,"CROSSLAND,DON L & ELIZABETH M",12363 SUMMIT LOOP SE,,,"TURNER, OR  97392",,,,,,,,,,1,R35338
108,R35399,,,F460,400.0,3.3,0.0,008S,,9900,1975-12-19,14,092W20C 01800,0,,,03220844,WD,"HALL,DANNY R & NADINE A",,,,,"JOHNSON,JIMMY LEROY ET AL",69550 GOODRICH ROAD,,,"REDMOND, OR  97756",,,,,,,,,,0,
109,R12270,,,F210,551.0,164.4,0.0,OSDA.RUR,A93S,150910,1975-10-15,12,042W28  01700,18704,FRENCH PRAIRIE,"WOODBURN, OR 97071",04380241,RD,"WOLF,JOSEPH B EST OF",,,,,"WOLF,PHILIP E",4689 MAHONY RD NE,,,"GERVAIS, OR  97026",1913.0,1886.0,1886.0,1438.0,,448.0,,,,3,R12271;R12275;R12292
110,R35442,,,01E,540.0,3.54,0.0,00G,A20,10000,1975-07-10,12,092W20B 01800,,,,11160303,RD,"GAVETTE,DAVID D & CAROL A",,,,,"OSBORN,BILLY C ET AL",12174 SUMMIT LOOP SE,,,"TURNER, OR  97392",,,,,,,,,,1,R35447
111,R35646,,,F610,551.0,7.21,0.0,008SGI,A40,10000,1975-04-24,12,092W24  01700,,,,02880358,RD,"STANLEY,GLADYS & HARRY",,,,,"JACKSON,JAMES E & LINDA I",12265 BELDEN DR SE,,,"AUMSVILLE, OR  97325",,,,,,,,,,1,R35647
112,R35747,,,01E,400.0,0.01,0.0,92FA,,1,1975-04-04,2,092W28B 01200,,,,03120922,BS,"<PRUETT,LINTFORD G & GENEVA L",,,,,"<HARRIS,FLOYD & FEDORA E",%FLOYD HARRIS,PO BOX 66,,"MARION, OR  97359",,,,,,,,,,0,
113,R12301,,,F210,551.0,77.52,0.0,OSDG.RUR,A04E,40000,1975-10-02,12,042W29  00400,5009,DAVIDSON,"ST PAUL, OR 97137",02960627,RD,"VAN DYKE,THEODORE & PATRANELLA",,,,,"BRENTANO,EDWARD T & CAROL M",5009 DIVIDSON RD NE,,,"ST PAUL , OR  97137",1939.0,2648.0,2648.0,1694.0,,954.0,,1694.0,,0,
114,R36268,,,F460,641.0,78.69,0.0,008S,A99,53900,1975-03-24,12,093W11  00300,10422,ENCHANTED,"JEFFERSON, OR 97352",07380087,RD,GRABENHORST BERNICE A ET AL,,,,,"ERB,LESTER W ET AL",3150 E 14TH ST,,,"ALBANY, OR  97321",,,,,,,,,,1,R36269
115,R36404,,,F420,550.0,90.25,0.0,033I,A40,50000,1975-05-20,12,093W21  00100,,,,02300216,WD,"SATHER,CLIFFORD M & RUTH A",,,,,Missing Buyer Record,,,,,,,,,,,,,,0,
116,R36764,,,F420,551.0,3.66,0.0,OSDF.RUR,A44,25000,1975-10-24,14,094W25  01500,13779,EMMONS,"JEFFERSON, OR 97352",02051518,RC,"HANSEN,MELVIN J & LINDA L",,,,,"<CHURCH,RICHARD E & E MARILYN",PO BX 245,,,"HARRISBURG, OR  97446",1935.0,2079.0,2079.0,1244.0,835.0,,,,91.0,0,
117,R36764,,,F420,551.0,3.66,0.0,OSDF.RUR,A44,25000,1975-11-07,12,094W25  01500,13779,EMMONS,"JEFFERSON, OR 97352",03310370,WD,"HANSEN,MELVIN J & LINDA L",,,,,"CHURCH,RICHARD E & E MARILYN",13779 EMMONS RD S,,,"JEFFERSON, OR  97352",1935.0,2079.0,2079.0,1244.0,835.0,,,,91.0,0,
118,R37541,,,F310,551.0,53.63,0.0,OSDA.RUR,A69,53920,1975-04-16,12,061E19  00500,15866,ABIQUA,"SILVERTON, OR 97381",05780074,WD,"MOORE,J W & OLLIVE",,,,,"GROVER,HARVEY B & HARRIETTE L",R1,,,"GRANGER, WA  98932",,,,,,,,,,0,
119,R38216,,,F360,451.0,4.54,0.0,008C,F42,9800,1975-06-16,12,071E01C 00600,3997,BRIAR KNOB,"SCOTTS MILLS, OR 97375",02141446,WD,DAN BUNN INC,,,,,"BAUER,JOHN PAUL",RT 1 BOX 109,,,"SCOTTS MILLS , OR  97375",1976.0,1618.0,1618.0,1268.0,,350.0,,,,0,
120,R38596,,,F360,551.0,8.5,0.0,WOOD,A90,0,1975-12-26,35,071E10C 00600,17634,POWERS CREEK,"SILVERTON, OR 97381",05880276,AC,"<MAGINNIS,T F",,,,,"<MAGINNIS,ALICE M (LE)",1931 SW HIGHLAND RD,,,"PORTLAND, OR  97221",,,,,,,,,,1,R38597
121,R12617,,,F330,551.0,4.92,0.0,OSDA.RUR,A29R,15000,1975-09-24,12,051W04BA00200,11987,JONES,"WOODBURN, OR 97071",01951141,WD,"MORAN,METTA",,,,,"RAMSE,SHIRLEY A",88657 EVERS RD,,,"ELMIRA, OR  97437",1981.0,1782.0,1782.0,1782.0,,,,,,0,
122,R38727,,,F360,551.0,64.9,0.0,008CF,A90,90000,1975-01-07,12,071E15  01800,18966,BRENNEMAN,"SILVERTON, OR 97381",02070846,RD,"SCHWAB,ARLAND",,,,,"ROACH,R KAREN ET AL",PO BOX 818,,,"SILVERTON, OR  97381",,,,,,,,,,1,R38728
123,R12633,,,CR03,301.0,0.24,10454.0,,R32,15750,1975-03-14,12,051W05C 01700,2549,FRONT,"WOODBURN, OR 97071",06690297,RD,MILLSON INC,,,,,"EDWARDS,JOHN L & ORVILLA A",2549 N FRONT ST,,,"WOODBURN, OR  97071",1930.0,1768.0,1768.0,1326.0,,442.0,,,91.0,0,
124,R38937,,,F360,451.0,4.66,0.0,008C,F09R,0,1975-08-08,14,071E26  01200,19019,POWERS CREEK,"SILVERTON, OR 97381",02320653,QC,"MAULDING,DARRELL",,,,,"ANTON,JOANNE",18663 POWERS CREEK LOOP NE,,,"SILVERTON, OR  97381",1999.0,1782.0,1782.0,1782.0,,,,,,0,
125,R41433,,,F620,401.0,1.53,0.0,03Q,F42W,16900,1975-12-22,12,093E11BA01300,10313,NORTH FORK,"LYONS, OR 97358",02491228,RD,"CASTLE,E DALTON & MARY S",,,,,"CASTLE,E DALTON & MARY S ET AL",1073 GARLOCK,,,"SALEM, OR  97302",2004.0,1436.0,1436.0,1148.0,,288.0,,,91.0,1,R41435
126,R41733,,,F630,450.0,24.02,0.0,TCVACANT,,50000,1975-12-23,12,093E28C 00400,30500,NORTH SANTIAM,"MILL CITY, OR 97360",03021176,RD,"LAYER,ALEXANDER G",,,,,WESTSIDE TIMBER INC,PO BOX 377,,,"MILL CITY , OR  97360",,,,,,,,,,3,R41735;R41736;R41737
127,R12852,,,R163,101.0,0.12,5025.0,049,M31,17000,1975-08-21,18,051W07CD02500,865-875,LINCOLN,"WOODBURN, OR 97071",04020333,WD,"STENGER,JULIA EDNA",,,,,"BRYAN,ADAH L",10805 BUTTEVILLE RD NE,,,"WOODBURN, OR  97071",1951.0,1260.0,1260.0,1260.0,,,,,,0,
128,R42636,1271.0,,F460,401.0,0.99,0.0,009S,F53,62500,1975-09-29,12,083W26BA00800,1747,TIMBERLINE,"SALEM, OR 97306",03590124,WD,"WOOD,PAUL L CHEREN F",,,,,"MCDONALD,WILLIAM K & MYRNA D",100 SCENIC DR,,,"MADISON, AL  35758",1974.0,3368.0,3368.0,1952.0,,,1416.0,536.0,110.0,0,
129,R12994,,,R163,121.0,0.48,21025.0,049,R42,45000,1975-10-19,14,051W08CD06200,1740,HARDCASTLE,"WOODBURN, OR 97071",03451112,WD,"MCGALLIARD,DONALD E",,,,,"ROPP,RICHARD D & CAROL A",1740 HARDCASTLE STREET,,,"WOODBURN, OR  97071",1922.0,2059.0,2059.0,1425.0,,634.0,,,,0,
130,R13025,,,R163,101.0,0.22,9450.0,049,M31,28000,1975-04-26,12,051W08CC07200,1104-1106,HARDCASTLE,"WOODBURN, OR 97071",02790172,WD,"KOLOUSEK,STANLEY ET AL",,,,,"SHIMALIN,IGNATY K & ANNA",1106 HARDCASTLE,,,"WOODBURN, OR  97071",1954.0,1922.0,1922.0,1922.0,,,,,,0,
131,R13099,,,C003,201.0,5.21,226948.0,,G10,70000,1975-02-24,6,051W08DC00300,1220,PACIFIC,"WOODBURN, OR 97071",09740060,WD,"BIGEJ,ALFRED & ANNE E",,,,,"<BIGEJ,JACK R & DEANNA-TRUST",30851 S DEE JAY WAY,,,"HUBBARD, OR  97032",1969.0,29151.0,29151.0,29151.0,,,,,,0,
132,R13121,,,34D,491.0,,,,R32,60000,1975-09-15,18,051W08DA00200,2050,MOLALLA,"WOODBURN, OR 97071",03351889,RC,"<KURT,PAUL V & MARY JANET",,,,,<OREGON BUSINESS TRUST,2050 MOLALLA RD,,,"WOODBURN, OR  97071",,,,,,,,,,0,
133,R13222,,,F330,551.0,20.66,0.0,OSDA.RUR,A73,25000,1975-11-13,29,051W16  00700,15107,UNION SCHOOL,"WOODBURN, OR 97071",00320597,RD,"PARTON,ORVAL A & LEAH M (LE)",,,,,"SENTER,RODNEY M & WILMA-TRUST",15107 UNION SCHOOL ROAD NE,,,"WOODBURN, OR  97071",1920.0,1853.0,1853.0,1853.0,,,,256.0,,0,
134,R45969,15750.0,,R25M,101.0,0.21,9064.0,044,R31,20500,1975-07-01,12,073W02AC02100,1163,HYSON,"KEIZER, OR 97303",02630644,WD,"MILLER,C C & EVA",,,,,"KEMPKE,CLARENCE J & ELLA L",1163 HYSON CT,,,"SALEM, OR  97303",1973.0,1056.0,1056.0,1056.0,,,,,,0,
135,R47450,24101.0,,F360,641.0,5.0,0.0,008C,A94,13000,1975-06-03,12,071E11A 01800,20464,EL ROMAR,"SCOTTS MILLS, OR 97375",02860028,WD,"MOREHEAD,ELMER D & VIOLET M",,,,,"GILBERTSON,L DEAN & CATHY A",RT 2 BOX 53M DR,,,"SILVERTON, OR  97381",2002.0,2741.0,2741.0,2741.0,,,,,,0,
136,R13470,,,R16U3,491.0,2.68,0.0,006,R00S,16080,1975-06-30,12,051W18C 00800,1550,BROWN,"WOODBURN, OR 97071",09450023,RD,"HILGER,ALBERT & HENRIETTA",,,,,"FORBES,ROBERT C & NAOMI J",1550 S BROWN,,,"WOODBURN, OR  97071",,,,,,,,,,0,
137,R13476,,,R16U3,101.0,0.95,0.0,006,R09R,14000,1975-10-16,12,051W18C 00900,1251,BROWN,"WOODBURN, OR 97071",03170171,RD,"SPILLER,ROBERT S & ANN J",,,,,"<WOODARD,GLEN & LOUISE R",1251 BROWN ST,,,"WOODBURN, OR  97071",1970.0,1906.0,1906.0,1906.0,,,,,,0,
138,R48653,33757.0,,F330,451.0,0.74,0.0,008N,F09S,21000,1975-12-09,12,051W04C 00600,16868,HIGHWAY 99E,"WOODBURN, OR 97071",02200638,WD,"LOUX,ROVILLE E & BERNICE A",,,,,"BLACKWELL,JAMES E & JUDY M",64 BUFFALO HILL DR,,,"KALISPELL, MT  59901",,,,,,,,,,0,
139,R49049,35415.0,,R41U1,101.0,0.16,7000.0,015,R31,14500,1975-06-13,14,072W31DA10100,865,BRINK,"SALEM, OR 97317",03330779,WD,"BUREN,L L & MARY",,,,,"NELSON,WLMER W ET AL",4420 MACLEAY RD NE,,,"SALEM, OR  97301",1947.0,764.0,764.0,764.0,,,,,,0,
140,R49093,35415.0,,R41U1,101.0,0.21,9000.0,015,R31,14500,1975-07-07,12,072W31DA10300,4390,HAGER,"SALEM, OR 97317",04860351,RD,"BOEHR,RICHARD P & LENA",,,,,"GODDARD,GERALD E & MARGARET L",4390 HAGER ST SE,,,"SALEM, OR  97301",1948.0,836.0,836.0,836.0,,,,,,0,
141,R51791,45624.0,,C00M,201.0,0.73,31709.0,SEC,C21,44500,1975-12-12,12,073W02CB02000,4575,RIVER,"KEIZER, OR 97303",04620354,RD,"BEIER,LEONA E ET AL",,,,,"AMICO,GAETAND A JR",4595 RIVER RD N,,,"SALEM, OR  97303",1978.0,3591.0,3591.0,3591.0,,,,,,1,R51792
142,R53300,51811.0,,R41U1,101.0,0.15,6674.0,015,R41,25000,1975-05-27,12,072W31AD11500,4487,WITTEN,"SALEM, OR 97317",06370310,WD,"MCDOW,MARVIS V & SANDRA M",,,,,"SWENSON,CLARE M ET AL",4487 WITTEN ST SE,,,"SALEM, OR  97301",1961.0,1403.0,1403.0,1403.0,,,,,91.0,0,
143,R14023,,,F330,551.0,20.0,0.0,OSDA.RUR,A43S,95000,1975-07-30,14,051W21  00100,12503,ELLIOTT PRAIRIE,"WOODBURN, OR 97071",02810804,RC,"AICHER,MARY E ET AL - TRUSTEES",,,,,"<MATTSON,DAVID F & LORA LYNNE",PO BOX 314,,,"WOODBURN, OR  97071",1930.0,1752.0,1752.0,1144.0,,608.0,,1140.0,,0,
144,R14083,,,F330,401.0,0.91,0.0,008N,F00S,0,1975-06-23,5,051W25DD02000,15374,WOODBURN-MONITOR,"WOODBURN, OR 97071",02631697,BS,WESTERN OREGON CONFERENCE ASSOC,,,,,"VERSTEEG,GEORGIA JENSEN",15374 WOODBURN MONITOR RD NE,,,"WOODBURN, OR  97071",,,,,,,,,,0,
145,R55150,58223.0,,R41U1,101.0,0.22,9500.0,015,R31,3500,1975-10-15,14,072W31BD04300,716,LANCASTER,"SALEM, OR 97317",04170225,BS,"CURTIS,LILY B",,,,,"CURTIS,LILLY B ET AL",716 LANCASTER DR SE,,,"SALEM, OR  97301",1946.0,765.0,765.0,765.0,,,,,,0,
146,R14194,,,F330,551.0,2.5,0.0,OSDG.RUR,A25,11500,1975-10-20,12,051W29  01700,10895,MONITOR-MCKEE,"WOODBURN, OR 97071",02381270,RD,"SMITH,BERNARD M & GERTRUDE E",,,,,"SMITH,MICHAEL J & BOBBE J",10895 MONITOR MCKEE ROAD NE,,,"WOODBURN, OR  97071",1901.0,4776.0,4776.0,2318.0,1530.0,928.0,,,116.0,0,
147,R14363,,,F330,551.0,80.0,0.0,008NGI,A40S,147500,1975-08-01,27,051W34  00400,12746,MONITOR-MCKEE,"WOODBURN, OR 97071",03690277,RD,"FESSLER,ROSEMARY A",,,,,"GESCHWILL,HENRY JOSEPH ET AL",10498 GESCHWILL LANE NE,,,"WOODBURN, OR  97071",,,,,,,,,,0,
148,R56765,65716.0,,R24M,101.0,0.23,9900.0,044,R41,35384,1975-04-24,14,063W35DB06400,1226,KIMBERLY,"KEIZER, OR 97303",00131714,WD,ERNEST D FISH INC,,,,,"KOCH,PAUL A &","KOCH,CHRISTINA L",1226 KIMBERLY CT NE,,"KEIZER, OR  97303",1975.0,1654.0,1654.0,1654.0,,,,,,0,
149,R57005,65937.0,,F460,401.0,0.49,0.0,009S,,55000,1975-05-23,12,082W04D 00500,,,,09750379,WD,"MCCALLUM,WALTER J & HARRIETTE F",,,,,"SPIRUP,RICHARD & LUELLA-TRUSTEES",6481 GANON ST SE,,,"SALEM, OR  97301",,,,,,,,,,0,
150,R57592,68743.0,,R26M,101.0,0.33,14375.0,044,R41,0,1975-05-08,14,073W03AC10000,4855,VENTURA,"KEIZER, OR 97303",01870061,RD,"PARKER,LOIS M",,,,,FIRST NATIONAL BANK OF OR,4855 VENTURA LOOP NO,,,"SALEM, OR  97303",1959.0,1940.0,1940.0,1940.0,,,,,,0,
151,R58139,69668.0,,R32U1,101.0,0.22,9660.0,002,R41,37950,1975-01-30,14,072W07AA01000,4629,WARD,"SALEM, OR 97305",01850261,RC,DON SATTER CONST CO,,,,,"<SPEEDLING,RONALD D & SANDRA R",4629 WARD DR NE,,,"SALEM, OR  97303",1974.0,2247.0,2247.0,2247.0,,,,,,0,
152,R14526,,,F220,451.0,1.49,0.0,008N,F43,29000,1975-07-02,12,052W03D 00500,7119,STATE HY 219,"WOODBURN, OR 97071",14670320,WD,"BROWN,ROBERT G & FRANCES B",,,,,"TRIMBLE,LEONA R 50% &","SABINE,CLAYTON 50%",7119 STATE HY 214,,"WOODBURN, OR  97071",1967.0,2325.0,2325.0,1545.0,,,780.0,,91.0,0,
153,R58760,76421.0,,F460,401.0,1.27,0.0,009S,F41,36900,1975-09-26,12,082W04A 02100,6281,MACLEAY,"SALEM, OR 97317",02031454,WD,"BURTON,TOM R & MURIEL ET AL",,,,,"LONG,CYRIL L ET AL",6281 MACLEAY RD SE,,,"SALEM, OR  97301",1975.0,1310.0,1310.0,1310.0,,,,,91.0,0,
154,R10990,,,F260,451.0,2.0,0.0,042,F31,22900,1975-09-15,12,041W19C 02000,19636,BUTTEVILLE,"AURORA, OR 97002",22560013,WD,"PRIDEAUX,WARREN C & MINNIE C","<MCMILLAN,CLAYTON H & JIMMIE L",PO BOX 464,,"HUBBARD, OR  97032","MCMILLAN,CLAYTON H &","MCMILLAN,JIMMIE LUE",,,,2004.0,1750.0,1750.0,902.0,848.0,,,,109.0,1,R10991
155,R99881,95125.0,,R12B,101.0,0.16,6960.0,054,R31,22200,1975-08-01,0,041W33AB04100,2259,F,"HUBBARD, OR 97032",00211341,WD,"VERTNER,WILLIAM E &","VERTNER,JANET L",,,,"ALONZO,UBALDO &","ALONZO,MARIA",PO BOX 172,,"HUBBARD, OR  97032",1973.0,1508.0,1508.0,1508.0,,,,,,0,
156,R105475,86884.0,,R63J,101.0,0.22,9600.0,02E,R31,220,1975-01-10,13,081W34DB02000,345,DENNY,"SUBLIMITY, OR 97385",0070732RD,WD,"HEARD,DAVID &","HEARD,ELIZABETH",,,,"MIOTKE,WILLIAM L &","MIOTKE,CELIA",PO BOX 144,,"SUBLIMITY, OR  97385",1953.0,1144.0,1144.0,1144.0,,,,,,0,
157,R31793,,,C001,701.0,0.64,27954.0,APT.SLM,H11,147090,1975-12-31,12,083W09AC00700,128-152,IDYLWOOD,"SALEM, OR 97302",11750265,WD,"BAILEY,GEORGE EDWARD &","BAILEY,RUTH SINCLAIR",,,,INVESTORS BROKERAGE,530 CENTER ST NE,,,"SALEM, OR  97301",1968.0,10336.0,10336.0,10336.0,,,,,,0,
158,R32025,,,R521,101.0,0.28,12000.0,002,R31,22513,1975-07-31,39,083W10BA07800,4251,GARDNER,"SALEM, OR 97302",00210747,AC,DEPT OF VETERANS AFFAIRS,"<DOLESAL,PATRICIA L",,,,DEPT OF VETERANS AFFAIRS,"<MCGUIRE,ROLLAND M &","MCGUIRE,GLADYS I",,,1956.0,1456.0,1456.0,1456.0,,,,,109.0,0,
