,PROPID,SUBDNUM,MOBILEHOMEPARKCODE,MAINTAREA,PROPCLASS,ACRES,LANDSQFT,LANDSCHEDULE,STATCLASS,SALEPRICE,SALEDATE,SALETYPE,MAPTAXLOT,SITUSNUMBER,SITUSSTREET,SITUSCITYSTATEZIP,DEEDBOOKANDPAGE,DEEDTYPE,SELLERNAME,SELLERADDR1,SELLERADDR2,SELLERADDR3,SELLERCSZ,BUYERNAME,BUYERADDR1,BUYERADDR2,BUYERADDR3,BUYERCSZ,YEARBUILT,BLDGSQFT,LIVINGAREA,FLOOR1SQFT,FLOOR2SQFT,ATTICSQFT,BSMTFINISHEDSQFT,BSMTUNFINISHEDSQFT,QUALITYADJ,NUMADDLPROPS,ADDLPROPIDS
0,R59124,77116.0,,F430,401,1.85,0.0,008S,F43,3500.0,1976-10-25,12,084W14A 01600,5132,HALLS FERRY,"SALEM, OR 97302",02070185,WD,"CAMFIELD,ELDOR L & LOU ETTA",,,,,"VENENGA,DELMAR & LORRAINE",5132 HALLS FERRY RD S,,,"SALEM, OR  97302",1976.0,2420.0,2420.0,1242.0,,,1178.0,431.0,,0,
1,R59164,77116.0,,F430,401,4.19,0.0,009S,F32,26000.0,1976-01-16,12,084W13B 01700,4812,HALLS FERRY,"SALEM, OR 97302",02891884,RD,"ELLINGSWORTH,EARL E & EVA G",,,,,"MILLER,JUDY M",665 E STREET,,,"INDEPENDENCE, OR  97351",1938.0,1958.0,1958.0,1232.0,,726.0,,,,0,
2,R59187,77301.0,,F430,400,4.95,0.0,009S,,16500.0,1976-11-15,14,084W12D 00800,,,,02511847,RC,"STEKETEE,CAMPBELL H JR ETAL",,,,,"<HARVEY,CHARLES JR & VERNADINE L",1829 NE SCHUYLER,,,"PORTLAND, OR  97212",,,,,,,,,,0,
3,R59245,77450.0,,F660,401,2.03,0.0,008S,F43,9500.0,1976-04-28,14,082W23B 04500,6092,WALINA,"SALEM, OR 97317",03411416,WD,"THOMMEN,CLYDE L& EDNA L",,,,,"KNUPP,AUGUST DEAN & CLAUDINE R",6875 HAZELGREEN RD NE,,,"SALEM, OR  97305",1990.0,3068.0,3068.0,1534.0,,,1534.0,,,0,
4,R59795,79973.0,,C001,201,0.06,2700.0,PRIM,C31,2400.0,1976-12-31,14,072W18CB06300,,LANCASTER,"SALEM, OR 97303",07350254,RD,Missing Seller Record,,,,,"HOFFMAN,JAMES E & MARGARET E",2585 LANCASTER DR NE,,,"SALEM, OR  97305",,,,,,,,,,0,
5,R14702,,,C003,C40,0.55,24165.0,WOOD,,80000.0,1976-12-22,12,052W12AC05000,2875,NEWBERG,"WOODBURN, OR 97071",01871770,WD,"BUTLER,IVER & GRACE",,,,,THE HOLLAND INC,109 W 17TH,,,"VANCOUVER, WA  98660",,,,,,,,,,0,
6,R60435,84991.0,,F410,401,1.43,0.0,008S,F43,8000.0,1976-03-15,12,093W24D 05400,12852,CENTERWOOD,"JEFFERSON, OR 97352",02690995,WD,MERIMEX CORP,,,,,"AUSTIN,LAWRENCE W",4366 ALDERBROOK AVE SE,,,"SALEM, OR  97302",1996.0,3293.0,3293.0,1988.0,,,1305.0,588.0,110.0,0,
7,R14756,,,F330,551,2.78,0.0,OSDA.RUR,A22,27000.0,1976-07-23,14,052W13BD01200,8897,PARR,"GERVAIS, OR 97026",00620498,RD,"KONEV,EFIM & EFROCINIA",,,,,"KONEV,NIKITA & FITINA",8897 PARR RD NE,,,"GERVAIS, OR  97026",1920.0,1151.0,1151.0,1151.0,,,,,109.0,2,R14758;R14759
8,R60695,85382.0,,F260,401,0.29,0.0,069,F09R,10.0,1976-06-22,14,031W32CC00900,10766,BUTTE,"AURORA, OR 97002",02440918,WD,"JOSLIN,ROBERT",,,,,"COURSON,THEODORE C",,,,,1986.0,1310.0,1310.0,1310.0,,,,,,0,
9,R14813,,,F220,550,114.79,0.0,039I,A40,175668.0,1976-01-10,12,052W16  01700,,,,06660217,RD,"COOP,EARL O & LORINE H",,,,,"BUCK,FRANK W",9783 BROADACRES RD N E,,,"HUBBARD, OR  97032",,,,,,,,,,2,R54142;R54145
10,R62428,89925.0,,R26M,101,0.19,8175.0,044,M41,59000.0,1976-09-20,18,073W11BD03300,970-980,WEEKS,"KEIZER, OR 97303",07360268,WD,"DAULTON,RUSSELL T & RUTH M",,,,,"PFEIFER,ALFRED L & MARCELLA M",392 WHITESELL COURT NE,,,"SALEM, OR  97301",1959.0,1596.0,1596.0,1596.0,,,,,92.0,0,
11,R62561,91030.0,,F660,451,2.66,0.0,008S,F51,7500.0,1976-05-10,12,091E08C 00300,16893,OLD MEHAMA,"STAYTON, OR 97383",02481851,RD,"SIMS,THOMAS & PATRICIA-TRUSTEES",,,,,"HERB,JOSEPH C & PEGGY E",16853 OLD MEHAMA RD SE,,,"STAYTON, OR  97383",2004.0,2248.0,2248.0,2248.0,,,,,,0,
12,R62735,91825.0,,F660,401,2.46,0.0,008S,F09R,8250.0,1976-07-01,14,082W13D 00900,5861,VILLAGE VIEW,"AUMSVILLE, OR 97325",02771291,RD,"LONG,WILLIAM R & JANET S",,,,,"LEE,CONRAD G & JOYCE",5861 VILLAGE VIEW CT SE,,,"AUMSVILLE, OR  97325",1975.0,1240.0,1240.0,1240.0,,,,,,0,
13,R62737,91825.0,,F660,401,2.57,0.0,008S,F45S,7950.0,1976-07-12,14,082W13D 01100,5931,VILLAGE VIEW,"AUMSVILLE, OR 97325",02361425,RD,"WILKOWSKE,WAYNE & BEVERLY",,,,,"SORENSEN,VERNON C & GENEVIEVE M",5931 VILLAGE VIEW CT SE,,,"AUMSVILLE, OR  97325",,3159.0,3159.0,2127.0,1032.0,,,,,0,
14,R62739,91825.0,,F660,401,2.76,0.0,008S,F09R,7950.0,1976-07-12,14,082W13D 01400,5991,VILLAGE VIEW,"AUMSVILLE, OR 97325",02470296,WD,"WILKOWSKE,WAYNE & BEVERLY",,,,,"LIMING,THOMAS",RT 3 BX348,,,"MOLALLA, OR  97038",1982.0,1508.0,1508.0,1508.0,,,,,,0,
15,R62741,91825.0,,F660,401,2.5,0.0,008S,F09S,8900.0,1976-07-12,12,081W18C 01300,5962,VILLAGE VIEW,"AUMSVILLE, OR 97325",02291194,WD,"WILKOWSKE,WAYNE & BEVERLY",,,,,"LEWIS,BILL & CATHY M",R 2 BX 519V,,,"AUMSVILLE, OR  97325",,,,,,,,,,0,
16,R62894,92496.0,,F260,451,4.29,0.0,009C,,15692.0,1976-08-01,12,072W32A 00500,,,,04020437,WD,"LAURITSON,A E",,,,,"MERCER,MCIAEL B & JESSIE M ET AL",4241 VERNON LOOP NE,,,"SALEM, OR  97303",,,,,,,,,,0,
17,R63146,92665.0,,F660,451,1.0,0.0,008S,F31,1.0,1976-07-20,3,081W19  01300,6772,PETER,"AUMSVILLE, OR 97325",13940446,RD,"LUCAS,SYLVIA MABEL",,,,,W ORE CONF ASSN OF SDA,6772 PETER RD SE,,,"AUMSVILLE, OR  97325",1973.0,2040.0,2040.0,2040.0,,,,,109.0,0,
18,R63178,92666.0,,F660,401,5.0,0.0,008S,F42,25000.0,1976-01-15,12,081W19  01100,9911,BROWNELL,"AUMSVILLE, OR 97325",13300164,WD,"KINDLE,LAMONTE & ALICE L",,,,,"AMACK,MELVIN K & MARY",621 NORWOOD DR,,,"WEST FIELD , NJ  07090",1997.0,2104.0,2104.0,1432.0,,672.0,,,90.0,0,
19,R15069,,,F330,551,24.28,0.0,OSDA.RUR,A94,54100.0,1976-12-28,12,052W25  00800,13258,PORTLAND,"GERVAIS, OR 97026",11420019,RD,"SCHIEDLER,L F & A M",,,,,"SCHIEDLER,LARRY J & LAURA A",13258 PORTLAND RD NE,,,"GERVAIS, OR  97026",1901.0,2264.0,2264.0,1240.0,1024.0,,,,,0,
20,R64557,97620.0,,F610,551,27.38,14042.0,OSDA.RUR,A43,67000.0,1976-07-10,33,092W11  02100,8376,PLEASANT GROVE,"TURNER, OR 97392",04750254,DE,"HAIGHT,LEON LYLE & GWENDOLYN J",,,,,"CHILTON,MARK T & STEPHANI L",3435 ELDERBERRY S,,,"SALEM, OR  97302",1925.0,1492.0,1492.0,1492.0,,,,,91.0,2,R64559;R81121
21,R64866,98773.0,,C00M,201,0.08,3625.0,PRIM,E30,3200.0,1976-09-14,2,073W02BC00200,4907,RIVER,"KEIZER, OR 97303",01981552,QC,"<THOMPSON,ALLEN G ETAL",,,,,"<MATHEWS,LARRY T",530 CENTER ST,,,"SALEM, OR  97301",1952.0,2580.0,2580.0,2580.0,,,,,,0,
22,R65765,3181.0,,CW01,301,0.72,31577.0,ISI,W11,20000.0,1976-02-08,12,073W35AC07500,1725,23RD,"SALEM, OR 97302",02370787,WD,"VEJLUPEK,JOSEPH F & MARY A",,,,,"GLADOW,W E & ROSEMARY S ET AL",3676 MYRLA CT S,,,"SALEM, OR  97302",2000.0,7200.0,7200.0,7200.0,,,,,,0,
23,R66325,4331.0,,R461,101,0.22,9400.0,015,M33,25500.0,1976-11-05,12,073W26CA19700,455-459,19TH,"SALEM, OR 97301",02560871,WD,"MC KEOWN,SCOTT B & RACHEL",,,,,"RUTHERFORD,SAM & MARGARET ET AL",960 MEADOWLAWN SE,,,"SALEM, OR  97302",1946.0,1716.0,1716.0,1716.0,,,,,,0,
24,R15482,,,F310,551,28.98,0.0,008CGI,A00,38000.0,1976-02-02,12,061W02  01600,,,,03690201,RD,"ROTHENFLUCH,CECILIA",,,,,"KRAEMER,HAROLD",13318 DOMINIC RD NE,,,"MT ANGEL, OR  97362",,,,,,,,,,1,R15498
25,R15483,,,F310,551,3.31,0.0,OSDA.RUR,A33,0.0,1976-02-23,6,061W02  01400,13573,MARQUAM,"MT ANGEL, OR 97362",09150046,RD,"BERNING,CLEMENTS & CECELIA R",,,,,"BERNING,AELRED G",13573 MARQUAM ROAD NE,,,"MT ANGEL , OR  97362",1907.0,2644.0,2644.0,1322.0,,1322.0,,,109.0,0,
26,R15569,,,CN0F,707,11.78,513136.0,APT.SLM,N14,180000.0,1976-12-28,18,061W03CD03900,830,MAIN,"MT ANGEL, OR 97362",08570471,WD,"HIPP,GERHARD & HILDE A",,,,,"UNGER,THOMAS D & ETHEL C",P O BOX131,,,"WEST LINN , OR  97068",,,,,,,,,,0,
27,R10106,,,F260,551,73.14,0.0,OSDA.RUR,A44,229817.0,1976-01-15,12,031W33  01200,12433,ARNDT,"AURORA, OR 97002",08940194,RD,"YERGEN,GLENN A & MARGARET L",,,,,"HAENER,RICHARD A & SUSAN L",12433 ARNDT RD NE,,,"AURORA, OR  97002",1901.0,5450.0,5450.0,3018.0,2432.0,,,,110.0,1,R10277
28,R15673,,,F320,551,8.07,0.0,OSDA.RUR,A04,60000.0,1976-04-29,12,061W06C 00600,10601,HOWELL PRAIRIE,"SALEM, OR 97305",08410089,WD,"JEBOUSEK,WILLIAM M & ELLA",,,,,"JEBOUSEK,GARRY P & MARCIA L",10601 HOWELL PRAIRIE RD NE,,,"BROOKS, OR  97305",1968.0,1582.0,1582.0,1582.0,,,,,,0,
29,R68563,10779.0,,R461,101,0.07,3264.0,015,R31,9900.0,1976-02-12,12,073W26CA16500,505,18TH,"SALEM, OR 97301",04390381,WD,"SEID,HERMAN P",,,,,"ALBAN,M J",2741 NW CALKINS RD,,,"ROSEBURG, OR  97470",1915.0,672.0,672.0,672.0,,,,,,0,
30,R68570,10779.0,,C001,201,0.11,4813.0,IND.MIN,W14,100.0,1976-11-10,14,073W26CA18600,598,18TH,"SALEM, OR 97301",02070713,RD,"CUMMINGS,H ARLENE",,,,,"CUMMINGS,LARRY D",872 CUMMINGS LANE,,,"SALEM, OR  97301",1978.0,3176.0,3176.0,3176.0,,,,,,0,
31,R68570,10779.0,,C001,201,0.11,4813.0,IND.MIN,W14,100.0,1976-11-10,14,073W26CA18600,598,18TH,"SALEM, OR 97301",02070712,WD,CUMMINGS MACHINE WORKS,,,,,"CUMMINGS,H ARLENE",872 CUMMINGS LANE,,,"SALEM, OR  97301",1978.0,3176.0,3176.0,3176.0,,,,,,0,
32,R68645,10860.0,,C001,701,0.28,12000.0,APT.MIN,H11,80500.0,1976-03-11,9,073W23BD02300,1165,HOOD,"SALEM, OR 97301",10020208,WD,"COOK,ALBERT B & CATHERINE E",,,,,"WULF,PAUL R",3660 CROISAN CREEK RD S,,,"SALEM, OR  97302",1966.0,4565.0,4565.0,4565.0,,,,,,0,
33,R68745,10935.0,,R361,101,0.11,4950.0,015,R31,0.0,1976-01-29,2,073W13BA04600,3240,ABRAMS,"SALEM, OR 97301",02520953,QC,"SQUIRES,JAMES L & KIMBERLY",,,,,"ANDRESEN,RANDY S",140 ELMA AV SE,,,"SALEM, OR  97317",1925.0,896.0,896.0,896.0,,,,,,0,
34,R69398,13263.0,,R361,101,0.29,12480.0,014,R31,0.0,1976-11-01,6,072W19BB05100,2075,FISHER,"SALEM, OR 97305",03950415,RC,"<LEE,THELMA R ETAL",,,,,"<LEE,THELMA R",10644 SW 42ND,,,"PORTLAND, OR  97219",1945.0,992.0,992.0,992.0,,,,,,0,
35,R70193,16300.0,,R461,010,0.01,462.0,SFT1,,14850.0,1976-07-22,14,073W15DA08900,,,,01981956,RC,"KNORR,HARRY E & HELEN C",,,,,"<GARRISON, SYLVESTER JR.&MARCINE",292 CUMMINGS LANE NE,,,"SALEM, OR  97303",,,,,,,,,,0,
36,R70887,19402.0,,R361,101,0.21,9328.0,015,M41,33500.0,1976-06-15,14,073W13CA03100,2806-2808,LIVINGSTON,"SALEM, OR 97301",03181434,WD,"RICE,ALVA A",,,,,"MULLIGAN,WILLIAM A & MARCELLA J",2035 SW IMPERIAL,,,"TIGARD, OR  97223",1952.0,2474.0,2474.0,2474.0,,,,,92.0,0,
37,R15953,,,R11F,101,0.37,16160.0,03A,R32,23000.0,1976-06-21,12,061W10AA01600,535,ALDER,"MT ANGEL, OR 97362",04850160,WD,"SCHAFFNER,RAPHAEL & ESSIE",,,,,"HOFFER,VICTOR J & MARGARET M",467 CHURCH ST,,,"MT ANGEL , OR  97362",1890.0,1850.0,1850.0,1058.0,,792.0,,,,0,
38,R72225,25065.0,,R461,101,0.15,6439.0,015,R31,17500.0,1976-07-27,14,073W23DC08300,675,17TH,"SALEM, OR 97301",03710054,RD,"GRIEVE,RICHARD C & HAZEL E",,,,,"DEAN,DONALD LLOYD & DEANA D",1431 AERIAL WAY SE,,,"SALEM, OR  97302",1915.0,710.0,710.0,710.0,,,,,,0,
39,R72897,25867.0,,C001,701,1.38,60113.0,APT.SLM,H13,50000.0,1976-06-23,14,083W03CB02100,3640,LIBERTY,"SALEM, OR 97302",01991632,WD,"POLLOCK, DONALD E",,,,,"<MALETZKY,BARRY",711 SW ALDER ST,%DANIEL R ADAMS,,"PORTLAND, OR  97205",1972.0,43364.0,43364.0,43364.0,,,,,,0,
40,R75579,34059.0,,R411,101,0.09,4080.0,015,R31,0.0,1976-07-22,18,073W23CA01400,1325,D,"SALEM, OR 97301",06540191,BS,"SPRINGER,MABEL S",,,,,"MAGAWA,MARY L",P O BOX 5225,,,"SALEM, OR  97304",1940.0,968.0,968.0,968.0,,,,,109.0,0,
41,R75879,34811.0,,C001,201,0.17,7503.0,3K1,W24,23500.0,1976-02-27,12,073W14AD02800,1520,HICKORY,"SALEM, OR 97301",02460861,WD,"BISHOP,CLARENCE L & HELEN JOYCE",,,,,"BONE,JERALD G & PENNY M",1760 - 17TH ST NE,,,"SALEM, OR  97303",1980.0,5400.0,5400.0,5400.0,,,,,,0,
42,R76320,36917.0,,R361,101,0.33,14418.0,015,R41,18950.0,1976-01-12,0,073W13DB11000,3099,LIVINGSTON,"SALEM, OR 97301",00340523,RD,"SULLIVAN,JOHN W & LINDA E",,,,,"LACKEY,JOSEPH F &","LACKEY,GRACE D",3099 LIVINGSTON ST NE,,"SALEM, OR  97301",1940.0,1836.0,1836.0,1836.0,,,,,91.0,0,
43,R77153,39985.0,,R421,101,0.07,3240.0,015,R32,17500.0,1976-12-16,12,073W14CA07000,875,HIGHLAND,"SALEM, OR 97301",08750121,RD,"BURKE,KENNETH H & HELEN L",,,,,"KITTRELL,ORAN RAY & KAREN RUTH",3385 DUNCAN NE,,,"SALEM, OR  97303",1946.0,1008.0,1008.0,780.0,,228.0,,,,0,
44,R16763,,,,101,0.25,10890.0,,R31,9000.0,1976-12-08,13,061W27DA00900,0,,,03210276,WD,"BOYER,DAN",,,,,"HUNT,ROBERT L & HOGE,LLOYD V",STAR R1 BOX 1100,,,"LA PINE , OR  97339",,,,,,,,,,1,R16764
45,R10259,,,F260,551,39.67,0.0,OSDA.RUR,A83S,0.0,1976-03-29,29,041W03  00600,12962,ARNDT,"AURORA, OR 97002",11870599,DC,"YERGEN,ELIZABETH",,,,,"LOCKWOOD,MARY A",26271 NE BUTTEVILLE RD,,,"AURORA, OR  97002",1880.0,1648.0,1648.0,848.0,800.0,,,,,1,R10260
46,R80044,46921.0,,R521,102,,,,J37,0.0,1976-05-10,18,083W10DC90007,779,BOONE,"SALEM, OR 97306",02641428,RC,"<MC FARLAND,A W",,,,,"<MC FARLAND,RAE A",,,,,1976.0,840.0,840.0,840.0,,,,,,0,
47,R80046,46921.0,,R521,102,,,,J37,0.0,1976-06-26,18,083W10DC90009,779,BOONE,"SALEM, OR 97306",02641431,RC,"<MCFARLAND,A W",,,,,"<MC FARLAND,RAE A",3850 PORTLAND RD NE,,,"SALEM, OR  97303",1976.0,840.0,840.0,840.0,,,,,,0,
48,R80047,46921.0,,R521,102,,,,J37,0.0,1976-06-21,18,083W10DC90010,779,BOONE,"SALEM, OR 97306",02641432,RC,"<MCFARLAND,A W",,,,,"<MC FARLAND,RAE A",,,,,1976.0,840.0,840.0,840.0,,,,,,0,
49,R80357,49796.0,,R461,101,0.19,8490.0,002,M44,57900.0,1976-10-01,18,083W02BD02600,3290-3294,RANDEL,"SALEM, OR 97302",10740197,WD,"COLSON,HUGH D &","COLSON,WILLIAM E",C/O COLSON & COLSON CONST CO,PO BOX 14111,"SALEM, OR  97309","MEEKER,DANIEL C",2741 12TH ST SE,,,"SALEM, OR  97302",1976.0,3120.0,3120.0,1560.0,1560.0,,,,100.0,0,
50,R80357,49796.0,,R461,101,0.19,8490.0,002,M44,81500.0,1976-10-01,26,083W02BD02600,3290-3294,RANDEL,"SALEM, OR 97302",10740198,RC,"MEEKER,DANIEL C",,,,,"HOGEVOLL,GERALD",2741 12TH ST SE,,,"SALEM, OR  97302",1976.0,3120.0,3120.0,1560.0,1560.0,,,,100.0,0,
51,R80359,49796.0,,R461,101,0.18,7925.0,002,M44,54000.0,1976-10-01,12,083W02BD02800,3260-3264,RANDEL,"SALEM, OR 97302",03051718,RD,COLSON & COLSON CONST CO 50% &,"BRENDEN,NORMAN L 16.67% &","FOX,JOSEPH R 33.33%",2262 MCGILCHRIST ST SE,"SALEM, OR  97302","SNYDER,HAROLD E & LYLA L",2405 SAGINAW ST S,,,"SALEM, OR  97302",1976.0,3120.0,3120.0,1560.0,1560.0,,,,,0,
52,R80360,49796.0,,R461,101,0.19,8100.0,002,M41,44500.0,1976-06-23,14,083W02BD02900,1630,SALISHAN,"SALEM, OR 97302",03090331,WD,COLSON & COLSON CONSTRUCTION CO,,,,,"PARROTT,JAMES C",,,,,1976.0,2112.0,2112.0,2112.0,,,,,100.0,0,
53,R80365,49796.0,,R461,101,0.22,9504.0,002,M46,69800.0,1976-12-20,12,083W02BD03400,3290-3296,COLSON,"SALEM, OR 97302",02590557,WD,"COLSON,HUGH D & WILLIAM E",,,,,"SNOOK,ALLEN & MAUREEN",1415 PTARMIGAN CT NW,,,"SALEM, OR  97304",1976.0,4176.0,4176.0,2088.0,2088.0,,,,,0,
54,R17159,,,R22U2,491,1.76,76760.0,027,R09R,8500.0,1976-12-08,12,061W34BA00800,1430,PINE,"SILVERTON, OR 97381",02331823,WD,"SCHEMMEL,MALINDA",,,,,"SCHEMMEL,ANDREW & MARILYN",1430 PINE ST,,,"SILVERTON, OR  97381",1935.0,2594.0,2594.0,2594.0,,,,,,0,
55,R82522,59876.0,,R421,101,0.13,5640.0,015,R31A,18000.0,1976-06-14,12,073W14CC01500,1935,MAPLE,"SALEM, OR 97301",04360447,RD,"WEATHERS,LLOYD R & ANNE C",,,,,"BUSBY,MARY A",3233 LIBERTY RD S,,,"SALEM, OR  97302",1925.0,1074.0,1074.0,1074.0,,,,,,0,
56,R83236,62492.0,,C001,201,0.25,10890.0,,D70,68800.0,1976-01-07,12,073W26DC04400,1005,21ST,"SALEM, OR 97301",02310802,WD,"GREEN,ORLAND W & PAULINE V",,,,,"OLIVE,VERNON E & DOLORES L",805 WEEKS DR NE,,,"SALEM, OR  97303",,,,,,,,,,0,
57,R17493,,,R222,101,0.22,9480.0,020,R34,16250.0,1976-10-08,12,061W34DA08000,414,MAIN,"SILVERTON, OR 97381",04700142,WD,"SANFORD,PATRICIA ANN",,,,,"NIEMIEC,FREDERICK M & BARBARA J",412 1/2 W MAIN ST,,,"SILVERTON, OR  97381",1910.0,1653.0,1653.0,1153.0,,500.0,,140.0,,0,
58,R84717,65008.0,,R411,101,0.18,7920.0,015,R44,0.0,1976-12-07,2,073W23BA17300,845,HOOD,"SALEM, OR 97301",03021545,BS,"ZUMWALT,HELEN S",,,,,US NAT'L BANK OF ORE-TRUSTEE,845 HOOD ST NE,,,"SALEM, OR  97303",1928.0,1892.0,1892.0,1344.0,,548.0,,952.0,,0,
59,R85391,67242.0,,R361,101,0.14,6000.0,015,R31,26900.0,1976-07-01,0,073W13DB04600,3205,KATHLEEN,"SALEM, OR 97301",00491303,RD,"MCMURRY,DAVID G &","MCMURRY,JILL C",,,,"BYNON,GEORGE E &","BYNON,SANDRA L",,,,1975.0,1400.0,1400.0,1400.0,,,,,,0,
60,R85625,69802.0,,C001,701,0.13,5500.0,APT.MIN,H11,35000.0,1976-10-14,12,073W23CA06100,1090-1098,CAPITOL,"SALEM, OR 97301",11480640,WD,"CLASSEN,MARTIN & KATHERINE J",,,,,"DAVIS,DONNA M",2370 MYRTLE AVE NE,,,"SALEM, OR  97303",1970.0,2602.0,2602.0,2602.0,,,,,,0,
61,R85659,69804.0,,R461,101,0.23,10050.0,015,R33,21950.0,1976-06-21,26,073W23DC16600,776,14TH,"SALEM, OR 97301",01910476,WD,"DIXON,PAUL M & ALMA E",,,,,"STEWART,ERIC H & SUSAN P",776 14TH ST NE,,,"SALEM, OR  97303",1919.0,1926.0,1926.0,1314.0,,,612.0,786.0,,0,
62,R86647,73787.0,,R461,101,0.14,6206.0,014,R34,18900.0,1976-10-27,14,073W14DC04600,2010,WARNER,"SALEM, OR 97301",02731549,WD,"AEBISCHER,HAROLD & ALMA M",,,,,"SMITH,GREGORY KIM & MARILYN ROSE",2832 CHESTER AVE NE,,,"SALEM, OR  97303",1925.0,1226.0,1226.0,906.0,,320.0,,768.0,,0,
63,R86663,73787.0,,C001,201,0.11,5000.0,5A3,G60,22250.0,1976-02-20,14,073W14DC05800,2084,MCCOY,"SALEM, OR 97301",02391861,DE,"BATES,DOVIE",,,,,CARR PROPERTIES INC,,,,,,5000.0,5000.0,5000.0,,,,,,0,
64,R86766,74012.0,,R461,101,0.18,7850.0,015,R33Y,1.0,1976-04-09,18,073W26AC01600,1744-1746,CHEMEKETA,"SALEM, OR 97301",02270929,RC,"<GARCIA,JOSE & LUPE L",,,,,"<GARCIA,JOE L JR & CONNIE A",1744 CHEMEKETA NE,,,"SALEM, OR  97301",1916.0,2357.0,2357.0,1195.0,,,1162.0,,,0,
65,R87148,75065.0,,R511,101,0.43,18975.0,002,M31,69000.0,1976-09-20,12,083W09AD05400,4371-4373,PULLMAN,"SALEM, OR 97302",07700151,RD,"DAULTON,RUSSELL T & RUTH M",,,,,"PFEIFER,ALFRED L & MARCELLA M",5250 CHAPMAN ST S,,,"SALEM, OR  97306",1959.0,1600.0,1600.0,1600.0,,,,,,1,R87149
66,R87315,76065.0,,R461,101,0.11,5000.0,015,R34,24100.0,1976-02-27,14,073W26DA07000,379,RICHMOND,"SALEM, OR 97301",01901739,WD,"HOBSON,CARL & ELEANOR",,,,,"LARKIN,DONALD F & NANCY L",1612 MARIGOLD ST NE,,,"SALEM, OR  97303",1908.0,1468.0,1468.0,1144.0,,324.0,,676.0,109.0,0,
67,R87835,77266.0,,R461,101,0.22,9504.0,015,R35,16000.0,1976-07-26,12,073W26BA01300,1334,MARION,"SALEM, OR 97301",02260403,WD,"SIMILA,JOHN E & ELSIE",,,,,"SLEIGHTER,MARTHA T ET AL",6845 HAZEL GREEN RD NE,,,"SALEM, OR  97303",1900.0,1324.0,1324.0,752.0,572.0,,,,,0,
68,R89378,78771.0,,C001,201,0.15,6600.0,,R34,30000.0,1976-06-30,12,073W22DB01600,771,COMMERCIAL,"SALEM, OR 97301",07210088,WD,"HOLDEN,ROY A & RUBY C",,,,,"ZAHRADNIK,ELVYN E",1210 MADRONA SE,,,"SALEM, OR  97302",1920.0,1818.0,1818.0,868.0,,542.0,408.0,192.0,109.0,0,
69,R89432,78771.0,,C001,201,0.45,19577.0,PRIM,O11,145000.0,1976-09-21,14,073W22DA01600,659-695,COTTAGE,"SALEM, OR 97301",02230850,WD,"TAYLOR,MERLE F ET AL",,,,,"BOYDSTON,SYLVIA A",,,,,1957.0,9570.0,9570.0,9570.0,,,,,,0,
70,R18226,,,F220,551,68.99,0.0,OSDA.RUR,A43E,142850.0,1976-07-21,18,062W03  00400,11235,PORTLAND,"SALEM, OR 97305",03000197,WD,"JOHNSON,EDWIN C",,,,,"BORG,JOHN H & MARTJE",7385 HOWELL PRAIRIE RD NE,,,"SILVERTON, OR  97381",1945.0,2262.0,2262.0,1512.0,,750.0,,1512.0,,0,
71,R18398,,,F220,551,29.06,0.0,OSDA.RUR,A94,65000.0,1976-10-13,14,062W10A 00300,10415,72ND,"SALEM, OR 97305",02241855,WD,"BEAVER,ROBERT E & HAZEL J",,,,,"ESQUIVEL,MARCOS & GUADALUPE G",10415 72ND AVE NE,,,"SALEM, OR  97305",1966.0,1852.0,1852.0,1852.0,,,,780.0,,0,
72,R93595,87492.0,,R561,101,0.36,15681.0,002,R31,28900.0,1976-08-13,12,083W15BB09800,5148,LONE OAK,"SALEM, OR 97302",01980537,WD,"BLAIR,ROBERT W",,,,,"KLIPPEL,GRETCHEN S",5148 LONE OAK ROAD SE,,,"SALEM, OR  97302",1950.0,1846.0,1846.0,1846.0,,,,,109.0,0,
73,R93898,87653.0,,R511,101,0.24,10624.0,002,R31,29950.0,1976-09-27,12,083W09AB08000,4233,DWIGHT,"SALEM, OR 97302",04900326,WD,"DUNASKY,JOHN & MARY",,,,,"NORTHUP,LELA JANE",4233 DWIGHT DR S,,,"SALEM, OR  97302",1955.0,1152.0,1152.0,1152.0,,,,,,0,
74,R10446,,,F360,451,0.54,0.0,042,F31S,23500.0,1976-06-18,12,041W11C 01400,13873,EHLEN,"AURORA, OR 97002",04250187,WD,"MENDENHALL,ALFRED L & RUTH L",,,,,"PRETTYMAN,CRAIG J & BEVERLY A",13873 EHLEN RD NE,,,"AURORA, OR  97002",1930.0,1440.0,1440.0,1440.0,,,,,,0,
75,R18775,,,F210,551,16.02,0.0,009CGI,A00,275000.0,1976-05-19,12,062W19  00500,,,,01970238,WD,"HASHAGEN,JACK S & WANDA I",,,,,GEM FARMS,8490 RIVER RD N,,,"SALEM, OR  97303",,,,,,,,,,0,
76,R95795,94145.0,,R361,121,0.11,4578.0,015,R31,15000.0,1976-10-07,12,073W12CA01000,2165,WAYSIDE,"SALEM, OR 97301",02611711,WD,"<NICHOLS,HOWARD & MAXINE ETAL",,,,,"<BAKER,JOHN F",999 MCGILCHRIST SE,,,"SALEM, OR  97302",1950.0,720.0,720.0,720.0,,,,,,0,
77,R96981,99790.0,,C001,201,0.0,0.0,,D20,47500.0,1976-04-29,12,073W34AD03400,1795,12TH,"SALEM, OR 97302",02491246,WD,"ALBERS,ROBERT H & PAULINE B",,,,,H & J ENTERPRISES DBA,RAINIER HILLS MOBIL COURT,RT #3 BX3220 SP #39,,"RAINIER, OR  97048",1980.0,8994.0,8994.0,8994.0,,,,,,0,
78,R97029,99900.0,,R361,101,0.21,9344.0,015,R31,21500.0,1976-09-26,12,073W25AA07400,677,HAWTHORNE,"SALEM, OR 97301",02700397,WD,"BOWEN,RALPH",,,,,"DOUGLASS,JAMES B & GLENDA M",,,,,1946.0,896.0,896.0,896.0,,,,,,0,
79,R97691,59426.0,,R635,101,0.25,10800.0,011,R31,10000.0,1976-12-20,12,082W25DD00400,290,CLEVELAND,"AUMSVILLE, OR 97325",03371225,WD,"RAY,HUBER & FREDA",,,,,"FLEMING,HARVEY L ET AL",3322 BLUFF SE,,,"SALEM, OR  97302",1988.0,915.0,915.0,915.0,,,,,,0,
80,R97996,63422.0,,M766,161,0.12,5312.0,062,R09S,10500.0,1976-10-23,14,041W13CA02900,20853,FILBERT,"AURORA, OR 97002",03331003,DE,"KRING,THELMA A ET AL",,,,,"THURSTON,JENNIE M",20853 FILBERT STREET NE,,,"AURORA, OR  97002",,,,,,,,,,0,
81,R98014,84232.0,,R126,101,0.47,20474.0,055,R31,14500.0,1976-10-12,12,041W13BA04200,21311,MAIN,"AURORA, OR 97002",03551214,WD,"DILLER,E C & BONITA S",,,,,"DILLER,E C & BONITA S",PO BOX 8,,,"AURORA, OR  97002",1910.0,978.0,978.0,978.0,,,,,,1,R98015
82,R98233,36015.0,,F617,101,0.2,8500.0,03I,R32A,10000.0,1976-01-23,12,105E01BC10800,360,BUTTE,"DETROIT, OR 97342",02250029,WD,"PHILLIPS,ROBERT C & ETHEL M",,,,,"GERHARDS,PETER P & GENEVIE D",136 STEELHAMMER RD,,,"SILVERTON, OR  97381",1954.0,1378.0,1378.0,1078.0,,300.0,,,,0,
83,R98331,36015.0,,F617,100,0.17,7500.0,03I,,0.0,1976-03-11,6,105E01CB01800,215,HUMBUG,"DETROIT, OR 97342",01881158,RC,"THOMAS,KEITH O",,,,,"<THOMAS,DORA MAE",1300 QUAKER ST APT 27,,,"EUGENE, OR  97402",,,,,,,,,,0,
84,R98440,70140.0,,F617,101,0.37,15930.0,03L,R43W,13000.0,1976-07-07,14,105E02AD00700,110,LAKECREST,"DETROIT, OR 97342",01981836,RC,"PATTON,HARRY C & ROWENA E",,,,,"<CRIST, WAYNE B & JOYCE D.",PO BOX 546,,,"DETROIT, OR  97342",1977.0,1404.0,1404.0,1404.0,,,,1308.0,91.0,0,
85,R98442,70140.0,,F617,101,0.33,14400.0,03L,R37W,12000.0,1976-06-02,14,105E02AD00900,130,LAKECREST,"DETROIT, OR 97342",01881511,RC,"PATTON,HARRY C",,,,,"<JOHNSON,DONALD F & JO ANN D.",10250 SW ARBORCREST WAY,,,"PORTLAND, OR  97225",1993.0,972.0,972.0,668.0,304.0,,,10.0,109.0,0,
86,R98699,21493.0,,F260,550,7.31,0.0,039,A40,12700.0,1976-02-27,12,041W20  00900,,,,02751108,RD,"MILLER,MYRTLE",,,,,"NYQUIST,ERWIN M & BARBARA J",PO BOX 356,,,"DONALD, OR  97020",,,,,,,,,,0,
87,R99236,32557.0,,R11A,101,0.13,5500.0,025,R31,10200.0,1976-03-04,12,052W26AC07100,645,2ND,"GERVAIS, OR 97026",01991210,WD,"VOGT,PEARL F",,,,,"OVCHINKOV,ARTEMY & AKULINA",225 FIR ST,,,"GERVAIS, OR  97026",2004.0,1162.0,1162.0,1162.0,,,,,109.0,0,
88,R99280,32557.0,,R11A,101,0.11,5000.0,025,R09R,16250.0,1976-11-04,12,052W26AC05600,745,3RD,"GERVAIS, OR 97026",04820233,WD,"EHLKE,RAYMOND & PHYLLIS M",,,,,"RAMON,OSBALDO & JUAQUINA",725 N 3RD ST,,,"GERVAIS, OR  97026",1999.0,1026.0,1026.0,1026.0,,,,,,0,
89,R99318,32557.0,,R11A,101,0.11,5000.0,025,R41,6000.0,1976-03-31,18,052W26CA01200,210,4TH,"GERVAIS, OR 97026",02631532,WD,"SEGUIN,RAYMOND F & S;YLVIA M",,,,,"RICH,DAN W & MARY L",210 FOURTH STREET,,,"GERVAIS, OR  97026",2006.0,1294.0,1294.0,1294.0,,,,,,0,
90,R99794,61750.0,,R12B,101,0.19,8099.0,054,R31,14500.0,1976-02-05,12,041W33AA02300,4034,5TH,"HUBBARD, OR 97032",06700089,RD,"MORTENSEN,RAY L & MARJORIE W",,,,,"BENCK,EDWARD ROBERT JR & DAWN N",4034 5TH STREET,PO BX273,,"HUBBARD, OR  97032",1970.0,720.0,720.0,720.0,,,,,,0,
91,R10490,,,F360,551,3.07,0.0,OSDA.RUR,A74,64500.0,1976-08-11,12,041W11A 01000,14438,KEIL,"AURORA, OR 97002",02020373,WD,"DONNELLY,LORAINE E.",,,,,"HALSTROM, RALEIGH E & GERALDINE",14438 KEIL RD NE,,,"AURORA, OR  97002",1910.0,1764.0,1764.0,1204.0,560.0,,,896.0,,0,
92,R100972,14396.0,,C00F,201,0.06,2700.0,STOWN.MINF,S20,40000.0,1976-06-30,12,061W10BA09600,135,CHARLES,"MT ANGEL, OR 97362",05080424,RD,"WELLMAN,OTTO & LEONA",,,,,"VERBOORT,WILLIAM J & DEANNA J",PO BOX 108,,,"MT ANGEL , OR  97362",1927.0,1680.0,1680.0,1680.0,,,,,,0,
93,R19493,,,F210,551,58.94,0.0,OSDA.RUR,A73,230000.0,1976-10-13,12,063W01  01000,3212,WACONDA,"GERVAIS, OR 97026",06710120,RD,"WILLARD,PAUL J",,,,,"BELL,TED V & NORMA JEAN",3441 WACONDA,,,"GERVAIS, OR  97026",1901.0,2652.0,2652.0,1524.0,,,1128.0,,109.0,0,
94,R101324,31149.0,,F360,451,4.82,0.0,008C,F32W,17000.0,1976-10-12,12,061E26  03700,6105,PEAKS VIEW,"SCOTTS MILLS, OR 97375",03261804,WD,"ALLUIS,TODD HENRY",,,,,"GILPATRICK,SHERRY S",6105 PEAKS VIEW ROAD,,,"SCOTTS MILLS , OR  97375",1981.0,1080.0,1080.0,720.0,,360.0,,,,0,
95,R101825,1527.0,,R232,101,0.4,17325.0,020,R33,20000.0,1976-07-30,12,061W35BD12700,122,ROCK,"SILVERTON, OR 97381",02601992,RD,"KINTZ,DAN J & MARTHA A",,,,,"FOOTE,WENDELL L & JUDITH A",704 E MAIN,,,"SILVERTON, OR  97381",1927.0,792.0,792.0,792.0,,,,550.0,,0,
96,R19571,,,F210,551,58.88,0.0,008CGI,A40,48000.0,1976-07-21,12,063W15  01400,8940,WINDSOR ISLAND,"SALEM, OR 97303",02160330,RD,"WHALEN,AUDRA PEARL ET AL",,,,,"FROMHERZ,ADOLF J & MARGIE J",,,,,,,,,,,,,,1,R19572
97,R102057,22093.0,,R222,101,0.17,7326.0,019,R34Y,0.0,1976-12-06,12,061W35CB06600,311,1ST,"SILVERTON, OR 97381",14030159,WD,"BENNETT,VELMA R",,,,,"LANZ,FRANK A & CAROL E",P O BOX 96,,,"SILVERTON, OR  97381",1910.0,2454.0,2454.0,1278.0,,1176.0,,1176.0,,0,
98,R102978,82374.0,,C002,201,0.08,3445.0,6F2,S30,45000.0,1976-03-19,12,061W35CB00600,204-206,OAK,"SILVERTON, OR 97381",02410102,WD,"FISKE,RAY R",,,,,"ROLIE,LOREN P",7991 STRATFORD DRIVE NE,,,"SALEM, OR  97305",1920.0,6890.0,6890.0,6890.0,,,,3445.0,,0,
99,R103597,34510.0,,R624,101,0.26,11500.0,011,R41,47900.0,1976-02-13,14,091W11BD01700,1428,SCENIC VIEW,"STAYTON, OR 97383",02341175,RD,"PYNCH,WILLIAM W & SHIRLEY J",,,,,"GILBERTS,JOHN H & JANET R",1428 SCENIC DR,,,"STAYTON, OR  97383",1966.0,2583.0,2583.0,2583.0,,,,,110.0,0,
100,R104743,95880.0,,R624,101,0.33,13988.0,011,M41,31200.0,1976-06-04,14,091W09AA00300,1245-1255,WYATT,"STAYTON, OR 97383",07560255DE,DE,CHARTER CONSTRUCTION CO INC,,,,,"PHILIPPI,BRUCE L &","PHILIPPI,SANDRA J",PMB 501,1740 SHAFF RD,"STAYTON, OR  97383",1970.0,1600.0,1600.0,1600.0,,,,,100.0,1,R109209
101,R105719,90535.0,,R61K,121,0.14,6100.0,011,R31,10000.0,1976-09-01,14,082W29DA02000,7625,2ND,"TURNER, OR 97392",01870581,RC,CASCADE MORTGAGE CORP,,,,,"<SHORES,TOMMY F & SUSAN E",607 CHEMEKETA ST NE,,,"SALEM, OR  97301",1952.0,1254.0,1254.0,1254.0,,,,,109.0,0,
102,R106020,7383.0,,R163,101,0.12,5022.0,048,R31,16000.0,1976-05-19,12,051W18CA06600,144,BRADLEY,"WOODBURN, OR 97071",02470836,WD,VAN VALKENBERG LEONARD L,380 JANA CT,,,"WOODBURN, OR  97071","WORLEY,BERT H & NORMA JEAN",,,,,1935.0,780.0,780.0,780.0,,,,,,0,
103,R106405,22543.0,,R163,101,0.39,17200.0,049,R44,26134.0,1976-10-12,18,051W07CD06400,339,5TH,"WOODBURN, OR 97071",07090291,RD,"HALL,LARRY D & AURORA B",,,,,"COOPER,BARBARA J",339 N 5TH ST,,,"WOODBURN, OR  97071",1906.0,2023.0,2023.0,1483.0,,540.0,,1190.0,91.0,0,
104,R107737,67692.0,,R163,101,0.24,10367.0,049,R31,4750.0,1976-06-17,14,051W18BD07000,354,STARK,"WOODBURN, OR 97071",02230469,WD,"THOMPSON,NAN LOU",,,,,"CARDENAS,MARTIN",354 STARK ST,,,"WOODBURN, OR  97071",1910.0,818.0,818.0,818.0,,,,,,0,
105,R108010,75615.0,,R163,101,0.14,6352.0,049,R31,20000.0,1976-05-21,14,051W17BB05600,1025,BLAINE,"WOODBURN, OR 97071",01921328,RD,"KELLEY,VIRGINIA L",,,,,"WALKER,JOE E JR & DORIS M",777 BLAINE,,,"WOODBURN, OR  97071",1964.0,1092.0,1092.0,1092.0,,,,,,1,R108019
106,R108035,75615.0,,R163,101,0.29,12420.0,049,R41,17500.0,1976-12-14,12,051W17BB02700,1031,MCKINLEY,"WOODBURN, OR 97071",07660049,RD,"LAWTON,VELMA W",,,,,"CARROLL,RICHARD B & MARLEEEN M",33258 S. ADAMS RD,,,"MOLALLA, OR  97038",2007.0,1736.0,1736.0,1736.0,,,,,91.0,0,
107,M123690,,M031,M721,019,,,,T66,19500.0,1976-11-21,33,082W06  01800,3100,TURNER,"SALEM, OR 97302",,,"BYNON,FRED S & JEAN R",,,,,"NORWOOD,HELEN A",,,,,1969.0,1248.0,1248.0,1248.0,,,,,,0,
108,M126150,,,F360,049,,,,T66,17000.0,1976-01-01,12,071E27D 00700,172,SILVER FALLS,"SILVERTON, OR 97381",,,"BURK,O WENDELL & PHYLLIS K",,,,,Missing Buyer Record,,,,,1971.0,1368.0,1368.0,1368.0,,,,,,0,
109,M126699,,M014,,,,,,T52C,3000.0,1976-08-01,14,,0,,,,,"COOK,DOLORES A",,,,,"RENNEWITZ,ADAM",,,,,,,,,,,,,,0,
110,M127348,,M104,M753,019,,,,T44,8595.0,1976-04-11,14,052W12BB10100,27,HEMLOCK,"WOODBURN, OR 97071",,,"ANDERSON,WILLIAM D",,,,,Missing Buyer Record,,,,,1976.0,784.0,784.0,784.0,,,,,,0,
111,M127441,,M104,34F,019,,,,T43C,5995.0,1976-05-20,14,052W12BB10100,6,HEMLOCK,"WOODBURN, OR 97071",,,"LEROY,PHILIP R & LOLITA C",,,,,DEALER,,,,,1969.0,630.0,630.0,630.0,,,,,100.0,0,
112,M127625,,M019,M721,019,,,,T57,25000.0,1976-10-01,14,082W06  01300,3504,TURNER,"SALEM, OR 97302",,,"HARRISON,EDITH E & BROCK JAY",,,,,DEALER,,,,,1976.0,1728.0,1728.0,1728.0,,,,,,0,
113,M127651,,,03C,049,,,,T43C,10500.0,1976-11-11,14,072W13CA01200,8825,ENCLID,"SALEM, OR 97305",,,FREY FAMILY INVESTMENTS LTD,,,,,"GREEN,DON & BERNIEL",,,,,1971.0,600.0,600.0,600.0,,,,,,0,
114,R20839,,,F13U2,640,2.41,0.0,027,A90,8000.0,1976-12-27,12,071W02BA10300,,,,02681367,WD,"ARRINGTON,G B & M W ET AL",,,,,SYLTELCO INC,BX233,,,"SILVERTON, OR  97381",,,,,,,,,,0,
115,R21139,,,F320,451,1.37,0.0,008C,F32S,18000.0,1976-05-26,12,071W05  00500,11065,SILVERTON,"SILVERTON, OR 97381",03060163,WD,"BERGSTROM,IRMA D",,,,,"LILLY,JOHN S & KATHLEEN",,,,,1890.0,1832.0,1832.0,1082.0,,750.0,,,,0,
116,R10693,,,R12U6,491,1.92,83600.0,005,R09R,16000.0,1976-07-12,12,041W13AC00200,15151,PARK,"AURORA, OR 97002",06640398,WD,"DONNELLY,DUWAYNE A & LORAINE E",,,,,"SNODDERLY,TIMOTHY E",15151 PARK AV NE,,,"AURORA, OR  97002",1979.0,2040.0,2040.0,2040.0,,,,,,0,
117,R21599,,,F360,551,20.02,0.0,OSDA.RUR,A45,0.0,1976-12-21,7,071W20  02200,10605,SUNNYVIEW,"SALEM, OR 97317",01860015,DE,"KUENZI,LYNN D",,,,,"KUENZI,LYNN D & MARILYN K",4412 40TH COURT NE,,,"SALEM, OR  97303",1980.0,3537.0,3537.0,2389.0,,,1148.0,,,0,
118,M127408,,M045,M721,019,,,,T54,,1976-06-07,6,082W06AC02500,2200,LANCASTER,"SALEM, OR 97317",,PURGED,"KENT,ALAN B","%BALZER,BARBARA J",15036 WALDO HILLS DR SE,,"SUBLIMITY, OR  97385","KENT,ALAN B","%BALZER,BARBARA J",15036 WALDO HILLS DR SE,,"SUBLIMITY, OR  97385",1976.0,672.0,672.0,672.0,,,,,,0,
119,R15566,,,R11F,101,0.16,6970.0,03A,R32,0.0,1976-12-05,29,061W03CC03500,830,PERSHING,"MT ANGEL, OR 97362",16690515,DC,"FARRELL,FRANCIS M <LE",110 SPRUCE,,,"MT ANGEL, OR  97362","FREY,CAROL A & FARRELL,ERNEST","FARRELL,WILLIAM A",PO BOX 54,,"MT ANGEL, OR  97362",1920.0,1444.0,1444.0,872.0,,572.0,,,109.0,0,
120,R22384,,,C00U1,201,0.14,6151.0,SEC,S20,40000.0,1976-12-13,36,072W18BB00400,3455,LANCASTER,"SALEM, OR 97305",06720285,WD,"PICKEREL,ROBERT L & EDNA M",,,,,"FETSCH,JERRY D & LINDA L",5665 SILVERTON RD NE,,,"SALEM, OR  97305",,,,,,,,,,1,R135802
121,R22385,,,C00U1,201,0.59,25717.0,SEC,S20,50000.0,1976-12-13,12,072W18BB00200,3455,LANCASTER,"SALEM, OR 97305",06720283,WD,"HARDY,EULAH M ESTATE OF",,,,,"FETSCH,JERRY D & LINDA L",5665 SILVERTON ROAD NE,,,"SALEM, OR  97305",1997.0,6696.0,6696.0,6696.0,,,,,,0,
122,R22511,,,R31U1,491,1.11,0.0,005,R09S,21900.0,1976-08-23,14,072W08AB01600,4315,CORDON,"SALEM, OR 97305",01991779,RC,"SKAGGS,GEORGE A & RENA M",,,,,"<RATZLOFF,HARRY & HELEN R",4270 CORDON RD NE,,,"SALEM, OR  97303",,,,,,,,,,0,
123,R10851,,,F360,551,51.48,0.0,WASTE,A40,0.0,1976-08-31,36,041W15C 00200,,,,05890342,RD,"FREDERIKS,EVERT & ELIZABETH",,,,,"ZACHER,THEODORE F & AGNES L",12597 DONALD LOOP RD,,,"AURORA, OR  97002",,,,,,,,,,3,R10852;R10866;R10867
124,R23535,,,F260,551,16.25,0.0,OSDA.RUR,A49S,0.0,1976-10-06,12,072W16CD00400,5883,SUNNYVIEW,"SALEM, OR 97305",05580231,RD,"BEUTLER,FRANK",,,,,"HILL,VERNON L &","HILL,SYLVIA",5883 SUNNYVIEW RD NE,,"SALEM, OR  97305",1949.0,,,,,,,,,0,
125,R23656,,,F260,551,31.87,0.0,OSDA.RUR,A24,54500.0,1976-06-28,12,072W25D 00100,9325,STATE,"SALEM, OR 97317",01881256,WD,"ALBRECHT,KARL G JR & CHARMAINE H",,,,,"BEVIER,JAMES D & SUZANNE E",9325 STATE ST,,,"SALEM, OR  97301",1978.0,2621.0,2621.0,1529.0,1092.0,,,,,0,
126,R11063,,,F360,F99,,,,,10.0,1976-12-31,5,041W22DD06000,,,,02741244,BS,WEST'N MODULAR HMS-CO PARTNRSHIP,,,,,LAKEWOOD COUNTRY CLUB,960 BROADWAY ST NE SUITE 5,,,"SALEM, OR  97301",,,,,,,,,,0,
127,R24677,,,F260,401,1.5,0.0,009C,R51,25000.0,1976-09-24,12,072W25C 01300,8595,YANKEE,"SALEM, OR 97317",02661976,WD,"VASELIU,MAYE M",,,,,"PALUSKA,DONALD J & DARYL ANN",233 HOWELL PRAIRIE RD SE,,,"SALEM, OR  97302",2007.0,2335.0,2335.0,2335.0,,,,,,0,
128,R25118,,,R25M,101,0.28,12144.0,044,R31,10.0,1976-05-25,9,073W02CA05500,821,DIETZ,"KEIZER, OR 97303",09960367,BS,"CARLSON,GERTRUDE T",,,,,"MCBRIDE,MICHAEL A",821 DIETZ N,,,"SALEM, OR  97303",1967.0,1130.0,1130.0,1130.0,,,,,109.0,0,
129,R25408,,,R25M,101,0.27,11761.0,044,R45,10000.0,1976-06-18,12,073W03AA05200,4965,DELIGHT,"KEIZER, OR 97303",02080635,WD,"DOUGLAS,DALE C & MARIANNE",,,,,"BAKER,MERVIN H JR",4965 DELIGHT ST N,,,"SALEM, OR  97303",2006.0,2126.0,2126.0,1438.0,688.0,,,,,0,
130,R11153,,,F360,551,13.85,0.0,OSDA.RUR,A79S,38500.0,1976-01-31,12,041W23C 00200,,,,02201243,RD,"BUCCINI,LOUIS & DENA",,,,,"ERNST,ELMER L & MARYANNE K",,,,,,,,,,,,,,1,R11154
131,R25496,,,R25M,101,0.2,8880.0,044,R41,16452.0,1976-08-25,14,073W03DC03600,4105,RIVERCREST,"KEIZER, OR 97303",01851567,RC,"LEWIS,ROLLIN O & MARGARET B",,,,,"<NELSON,KENNETH A & TEDDY ANN",4105 RIVERCREST DR N,,,"SALEM, OR  97303",1968.0,1405.0,1405.0,1405.0,,,,,,0,
132,R25702,,,C00M,200,0.49,21346.0,ISC,,25000.0,1976-03-24,12,073W11BD05000,3583,CHERRY,"KEIZER, OR 97303",02691698,EX,"GRABEL,MARGARET M - ESTATE OF",,,,,"BROWER,DONALD S","HESS,JUNE T ET AL - CO PERS REPS",6535 RADIANT DR NE,,"SALEM DR , NE  97303",,,,,,,,,,0,
133,R25901,,,C001,201,0.79,34362.0,3K1,S20,60000.0,1976-07-30,12,073W12AC03100,4120,PORTLAND,"SALEM, OR 97301",08470430,RD,"TREUTLE,JOHN R & CLARA K",,,,,"HARGROVE,HENRY & ELOISE G",4120 PORTLAND ROAD NE,,,"SALEM, OR  97303",1956.0,1456.0,1456.0,1456.0,,,,1412.0,,1,R25904
134,R26060,,,C001,201,0.66,28784.0,SEC,L11,97500.0,1976-07-22,12,073W12CC01500,3355,PORTLAND,"SALEM, OR 97301",08440464,WD,"MARTINDALE,MARCEIL",,,,,"CHAPEN,FRANCIS E & CLARA S",%KEY TITLE CO,P O BOX 71,,"SALEM, OR  97308",1934.0,6697.0,6697.0,6697.0,,,,,,0,
135,R26074,,,C001,701,0.82,35719.0,APT.SLM,H11,45925.0,1976-09-03,12,073W12CD00200,2390-2392,EDGEWOOD,"SALEM, OR 97301",09000224,RD,"OLSEN,HILDA J-ESTATE",,,,,"BOYER,FRED E",P O BOX 7238,,,"SALEM, OR  97303",1964.0,13264.0,13264.0,13264.0,,,,,,0,
136,R26106,,,R36U1,R40,0.19,8070.0,014,,18900.0,1976-04-05,14,073W12DA00900,3917,35TH,"SALEM, OR 97305",01880542,WD,"PETERSON,DENNIS L R & CHRISTINE",,,,,"PETERSON,MARLO C",3917 35TH PL NE,,,"SALEM, OR  97303",,,,,,,,,,0,
137,R135929,,,,,0.45,19602.0,,,165000.0,1976-08-24,12,073W22DA09500,0,,,07930456,RD,"MCKINNEY,W W ET AL",,,,,"CLARK,EDWARD L JR ET AL",880 LIBERTY ST NE,,,"SALEM, OR  97301",,,,,,,,,,1,R26635
138,R27785,,,R461,101,0.27,11761.0,003,R32,16000.0,1976-06-01,14,073W34BC05900,466,RURAL,"SALEM, OR 97302",01851626,RC,"POET,EVA E",,,,,"<STEWART,LINDA K",1154 COTTAGE ST NE,,,"SALEM, OR  97301",1948.0,1248.0,1248.0,988.0,,260.0,,,109.0,0,
139,R28172,,,F660,551,32.9,0.0,OSDA.RUR,A44S,53000.0,1976-07-19,12,081W04  01500,12100,WALDO HILLS,"SALEM, OR 97317",08800242,WD,"TERRY,LEE A & M LUCILLE",,,,,"KIAT,MIDAP",19804 VISTA HERMOSA DR,,,"WALNUT, CA  91789",1997.0,3612.0,3612.0,1582.0,1454.0,576.0,,,,0,
140,R28733,,,F660,551,2.0,0.0,OSDA.RUR,A23,3000.0,1976-08-01,18,081W31B 00200,9934,MILL CREEK,"AUMSVILLE, OR 97325",02100027,RC,"<SUCHANEK,BUD W ET AL",,,,,"<CLARKE,KAREN",,,,,2001.0,1704.0,1704.0,1704.0,,,,,109.0,0,
141,R29160,,,F660,551,8.32,0.0,OSDF.RUR,A24,9000.0,1976-03-12,14,082W02A 01200,2484,82ND,"SALEM, OR 97317",02660944,RD,"PETERSON,GORDON K & TELLELYN K",,,,,"SMITH,CHESTER L & EMILY C",2484 82ND STREET SE,,,"SALEM, OR  97301",1967.0,2212.0,2212.0,1540.0,672.0,,,,,0,
142,R11603,,,R12B,101,0.14,6098.0,053,M31,16000.0,1976-06-02,14,041W33DA00800,3366-3368,G,"HUBBARD, OR 97032",03550349,WD,"MYERS,HERMAN O & CATHERINE",,,,,"GASCHO,EUGENE R & JUDITH A",17705 PAINTER LOOP NE,,,"HUBBARD, OR  97032",1964.0,1280.0,1280.0,1280.0,,,,,,0,
143,R29430,,,CN01,707,7.51,0.0,,N13,0.0,1976-10-12,6,082W06DA00100,2870,LANCASTER,"SALEM, OR 97317",04650210,WD,"LANKE,HERMAN W",,,,,"LANKE,V JOAN",3060 WINDSOR AV NE,,,"SALEM, OR  97301",,,,,,,,,,0,
144,R30689,,,F660,451,7.0,0.0,008S,F09,8750.0,1976-06-09,14,082W27  00500,7234,OLNEY,"SALEM, OR 97317",03421026,RD,"WEBB,DELMER L ETAL",,,,,"BLOOMFIELD,RICHARD G ETAL",7234 OLNEY ST SE,,,"SALEM, OR  97301",,,,,,,,,,0,
145,R30691,,,F660,551,48.98,0.0,OSDA.RUR,A29S,40000.0,1976-06-07,14,082W27  00700,6802,OGLE,"SALEM, OR 97317",01810271,WD,"WEBB,DELMER L ET AL",,,,,"ELAM,DAVID N & DEBBY D",,,,,,,,,,,,,,0,
146,R30720,,,F460,451,0.21,0.0,008S,F09,500.0,1976-08-20,14,082W28CD02200,7941,MARION,"TURNER, OR 97392",02310646,QC,"SCHROEDER,FRED",,,,,"SMITH,SANDRA B",PO BOX 203,,,"TURNER, OR  97392",,,,,,,,,,0,
147,R31153,,,F610,551,52.0,0.0,OSDA.RUR,A34,70000.0,1976-03-10,12,082W36  00700,8574,MILL CREEK,"AUMSVILLE, OR 97325",02361300,RD,"WILLIAMS,LE ROY E & BONNIE M",,,,,MARK LEWIS FARMS INC,7512 LITTLE RD SE,,,"AUMSVILLE, OR  97325",1978.0,2092.0,2092.0,2092.0,,,,,,0,
148,R32486,,,F430,451,9.4,0.0,009S,F88,10500.0,1976-07-13,12,083W18B 00500,3705,BALLYNTYNE,"SALEM, OR 97302",02920631,WD,"FISH,MARIANNE",,,,,"COREY,ROBERT",1467 CAPITAL NE,,,"SALEM, OR  97303",1990.0,17729.0,17729.0,8115.0,6782.0,2832.0,,1305.0,,0,
149,R32709,,,C001,701,4.59,199940.0,APT.SLM,H12,525000.0,1976-06-30,12,083W23BB03600,6222-6248,13TH,"SALEM, OR 97306",05150013,RD,"JACOBSON,MARIE E",,,,,"CHARNHOLM,WILLIAM H ET AL",1390 MADRAS SE,,,"SALEM, OR  97302",1971.0,32604.0,32604.0,32604.0,,,,,,0,
150,R32982,,,F460,401,0.62,0.0,009S,F09R,0.0,1976-10-12,12,083W26C 02300,7658,JACKSON HILL,"SALEM, OR 97306",07970124,WD,"FICKEL,DONALD L & THERESA D",,,,,"MORROW,PRESTON K & S DARLENE",8844 JACKSON HILL RD,,,"SALEM, OR  97306",,1512.0,1512.0,1512.0,,,,,,0,
151,R32996,,,F460,451,1.21,0.0,009S,R33,21950.0,1976-12-21,12,083W26D 01200,2098,DELANEY,"SALEM, OR 97306",02650985,WD,"LEWIS,ROBERT L & JEANNE",,,,,"HARDWICK,JACK & DOROTHY F ET AL",,,,,1940.0,1056.0,1056.0,1056.0,,,,528.0,109.0,0,
152,R33302,,,F460,581,25.05,0.0,009SGI,A90S,65390.0,1976-12-14,14,083W32C 00600,,,,01880111,RD,"RABINOWITZ,DAVID C",,,,,"<STILL,DONALD A & RHEBA H",8026 WABASH DR NE,,,"BROOKS, OR  97305",1980.0,,,,,,,,,1,R33303
153,R33780,,,F430,551,91.18,0.0,008SGI,A60,0.0,1976-02-26,18,084W34  00800,,,,02860665,RC,"<CALEF,GERALD E ETAL",,,,,<MADJIC FARMS INC,7095 HALLS FERRY RD,,,"INDEPENDENCE, OR  97351",,,,,,,,,,0,
154,R34290,,,R624,R10,2.73,0.0,02JA,,1.0,1976-11-05,3,091W10BC00200,,,,02421202,RD,JIM RIC COMPANY,,,,,STAYTON UNION HIGH SCH DIST 4J,FARMINGTON MI 48024,,,,,,,,,,,,,0,
155,R34391,,,R624,101,0.25,10800.0,011,R31,15500.0,1976-12-24,14,091W10CC02100,750,HIGH,"STAYTON, OR 97383",03231688,WD,"HALL,LEE",,,,,"HORIN,DAVID P & CAROLYN",663 SHAFF RD,,,"STAYTON, OR  97383",1935.0,714.0,714.0,714.0,,,,,,0,
156,R35459,80868.0,,,PURGED,10.37,0.0,,,210000.0,1976-06-11,12,092W20B 03100,0,,,10430498,RD,"HARDING,CLAUDE L & ETHEL M",,,,,SUMMIT LAND CO,2841 STAR DR,,,"LAKE HAVASU CITY, AZ  86406",,,,,,,,,,2,R60025;R60029
157,R36329,,,F420,401,3.37,0.0,008S,F09,8750.0,1976-07-20,12,093W14C 00700,1629,STEIWER,"JEFFERSON, OR 97352",03880252,RD,"FREY,ROBERT G & AGNES A",,,,,"STUDER,PAUL & MERSHA M",1629 STEIWER RD,,,"JEFFERSON, OR  97352",,,,,,,,,,0,
158,R37173,,,R61D,101,0.17,7384.0,011,R09R,1.0,1976-05-14,14,103W11AD00700,170,MAIN,"JEFFERSON, OR 97352",01890083,WD,"HECKER,FLORA O",,,,,"WATKINS,WILBURN O & SANDRA S",170 MAIN ST,,,"JEFFERSON, OR  97352",2002.0,1404.0,1404.0,1404.0,,,,,,0,
159,R37178,,,R61D,100,0.86,8370.0,02JA,,7000.0,1976-07-14,14,103W11AD00400,,,,02951443,RD,"WATERMAN,WILLIAM L & VIRGINIA",,,,,"MENKEN,RICHARD H & NANCY A",PO BOX 451,,,"JEFFERSON, OR  97352",,,,,,,,,,1,R37179
160,R37703,,,F360,641,6.97,0.0,008C,A90,14000.0,1976-03-05,12,061E25  01100,20958,HAZELNUT RIDGE,"SCOTTS MILLS, OR 97375",02470587,RD,"GREEN,JOHN J & LUCILLE B",,,,,"RILEY,GLENN M JR & SHARON M",2745 FRONT ST NE,,,"SALEM, OR  97303",,,,,,,,,,1,R37704
161,R37737,,,F360,581,89.33,0.0,WASTE,A80,70000.0,1976-04-01,12,061E27  00400,18401,ABIQUA,"SILVERTON, OR 97381",01871030,RD,"DAVENPORT,ERNEST E & LINNEA S",,,,,"WELLMAN,RICHARD J",18401 ABIQUA RD NE,,,"SILVERTON, OR  97381",,,,,,,,,,1,R37738
162,R37795,,,F360,641,5.0,0.0,032,A90S,38000.0,1976-12-26,12,061E29D 00100,,,,10500218,WD,"WORKMAN,BENARE H & DONNA",,,,,"ZEIHER,ROBERT L & JOYCE A",203 PRINCE ST,,,"LOS GATOS , CA  95030",,,,,,,,,,0,
163,R12550,,,F330,550,62.54,0.0,039,A40,162000.0,1976-06-02,12,041W34D 00100,,,,02390459,RD,"MILLER,JACK M - TRUSTEE",,,,,HUBBARD SEED & SUPPLY CO INC,,,,,,,,,,,,,,1,R12551
164,R38224,,,F360,451,4.82,0.0,008C,F09S,10800.0,1976-02-10,12,071E01C 00800,4147,BRIAR KNOB,"SCOTTS MILLS, OR 97375",03281001,RD,"BUNN,DAN INC",,,,,"LANGKABEL,ROLAND E & MAXINE F",6738 QUARRY AVE NE,,,"SILVERTON, OR  97381",,,,,,,,,,0,
165,R12599,,,F330,451,0.98,0.0,008N,,0.0,1976-12-10,29,051W04  01000,17127,HIGHWAY 99E,"WOODBURN, OR 97071",03620995,RD,"GRIMPS,EMMA K",,,,,"BRONEC,SHIRLEY ANN",PO BX277,,,"GERALDINE, MT  59446",,,,,,,,,,0,
166,R38596,,,F360,551,8.5,0.0,WOOD,A90,11000.0,1976-08-17,12,071E10C 00600,17634,POWERS CREEK,"SILVERTON, OR 97381",05880277,WD,"HOGLE,RUTH",,,,,"MAGINNIS,T F",1931 SW HIGHLAND RD,,,"PORTLAND, OR  97221",,,,,,,,,,1,R38597
167,R12614,,,C0006,201,1.77,77101.0,STOWN,K20,65000.0,1976-09-01,12,051W04  00400,17308,HIGHWAY 99E,"HUBBARD, OR 97032",04350205,RD,"HOSLEY,CHALMER F & GLADYS I",,,,,"HOHMAN,GARY L",30352 SO CANDLELIGHT COURT,,,"CANBY, OR  97013",1978.0,8148.0,8148.0,8148.0,,,,,,0,
168,R12657,,,F330,451,0.99,0.0,008N,F41S,25000.0,1976-07-08,14,051W05D 00700,11098,CROSBY,"WOODBURN, OR 97071",02640486,WD,"SIMON,GARY L",10768 CROSBY RD NE,,,"WOODBURN, OR  97071",Missing Buyer Record,,,,,1940.0,2062.0,2062.0,2062.0,,,,,91.0,0,
169,R39864,,,F660,640,85.66,0.0,TCVACANT,A90,0.0,1976-12-07,14,081E27  01200,,,,02221285,RD,"COLLIER,J D & VIRGINIA M",,,,,"COLLIER,EUGENE IRVIN ET AL",9775 MARION ROAD SE,,,"TURNER, OR  97392",,,,,,,,,,3,R39865;R111231;R111232
170,R40180,,,F660,640,119.2,0.0,TCVACANT,A90,110000.0,1976-05-31,14,091E01  00400,,,,00520658,RC,Missing Seller Record,,,,,"BOYLE,MERRILL J & EDITH M &",<SHINY ROCK MINING CORP,"<WILSON,R F & DANA",,,,,,,,,,,,3,R40184;R40185;R40186
171,R40888,,,F620,451,15.7,0.0,TCVACANT,,10000.0,1976-12-01,14,092E10DD00500,,,,02651990,RD,"HARRIS,JAMES E",944 CAHILL WY,,,"WOODBURN, OR  97071",YOUNG & MORGAN TIMBER CO,7475 SHERMAN RD,,,"AUMSVILLE, OR  97325",,,,,,,,,,0,
172,R40953,,,F620,401,0.75,0.0,03Q,F21W,12000.0,1976-02-04,14,092E15BA00300,25447,TAYLOR PARK,"LYONS, OR 97358",00370567,RD,Missing Seller Record,,,,,"BARTSCH,VERNON L &","BARTSCH,VIRGINIA M 50% &","BARTSCH,DUANE A",1860 E NOB HILL ST SE,"SALEM, OR  97302",1956.0,480.0,480.0,480.0,,,,,,0,
173,R40972,,,F620,400,0.23,0.0,03PA,,500.0,1976-07-12,14,092E16BC02600,0,ROWENA,"LYONS, OR 97358",01850418,WD,"PATTON,HARRY C",,,,,"FARMER,DONALD L & EILEEN",RT 2 BOX 331,,,"CORNELIUS, OR  97113",,,,,,,,,,0,
174,R41102,,,F620,451,1.95,0.0,03PA,F09S,8500.0,1976-07-02,18,092E18A 00700,11154,GOPHER,"LYONS, OR 97358",03740424,WD,"THOMPSON,ELDON C & MARIAN E",,,,,"HOLMES,RICHARD L & LOIS A",11154 GOPHER LANE,,,"LYONS, OR  97358",1997.0,,,,,,,,,0,
175,R41329,,,F620,451,1.1,0.0,03Q,F32,28000.0,1976-09-07,12,093E02DC01300,9983,NORTH FORK,"LYONS, OR 97358",06410488,WD,"KRAUSHAAR,MILDRED ANN",,,,,"WOODMAN,JOEL KERRY & CAROLYN J",2235 HIGH ST SE,,,"SALEM, OR  97302",1963.0,1152.0,1152.0,768.0,,384.0,,,,0,
176,R41484,,,F620,450,0.8,0.0,TCVACANT,,13000.0,1976-06-29,12,093E18B 00700,,,,09840284,RD,"TONSING,T ET AL",,,,,"CLEARWATER,JOYCE E",8046 RIVER ROAD,,,"SALEM, OR  97303",,,,,,,,,,0,
177,R42301,,,F617,121,0.18,7900.0,03J,R41,36300.0,1976-08-12,12,105E02AD05700,160,PATTON,"DETROIT, OR 97342",05370126,BS,"COOK,JOHN H & DORIS C",,,,,"CRENSHAW,CLAUDE E & DONNA M",PO BOX 420,,,"DETROIT, OR  97342",1968.0,1196.0,1196.0,1196.0,,,,,91.0,0,
178,R43123,4191.0,,02BU,R30,0.002,120.0,94B,,0.0,1976-07-27,3,072W30AB06900,,,,00530477,RD,"LAACK,LEROY L ET AL",,,,,MARION COUNTY,5601 - 66TH AV NE,,,"SALEM, OR  97305",,,,,,,,,,1,R43124
179,R43270,7833.0,,R361,121,0.16,6987.0,014,R00S,6000.0,1976-06-30,14,073W01AC01000,4760,NILES,"SALEM, OR 97303",02681348,WD,"GARBUTT,MAY M",,,,,"JONES,MARJORIE",4120 KURTH ST S,,,"SALEM, OR  97302",1989.0,,,,,,,,,0,
180,R43473,7885.0,,R36U1,101,0.19,8118.0,015,M41,5950.0,1976-03-04,14,072W29CC03300,4738-4740,STATE,"SALEM, OR 97301",00441613,RD,Missing Seller Record,,,,,"SOVENSKI,ANDREW J &","SOVENSKI,MARGARET A &","BALLEW,NOBLE L &","BALLEW,MARY E",,1976.0,1748.0,1748.0,1748.0,,,,,100.0,0,
181,R43594,7886.0,,R41U1,101,0.16,6808.0,015,R31,33450.0,1976-04-09,12,072W32BA12600,4886,TANGLEWOOD,"SALEM, OR 97317",02061865,RD,HARDING DONALD E & HERMIE A,,,,,"HAM,IRENE F",4886 TANGLEWOOD CT SE,,,"SALEM, OR  97301",1975.0,1506.0,1506.0,1506.0,,,,,109.0,0,
182,R45036,13150.0,,M7603,161,0.19,8330.0,063,R09S,23000.0,1976-09-07,14,051W04CD02200,11870,CHATEAU,"WOODBURN, OR 97071",00561304,RC,"KELLEY,FERRIS B & VELMA L",,,,,"<O DELL,THELMA SUE",11870 CHATEAU DR NE,,,"WOODBURN, OR  97071",1970.0,,,,,,,,,0,
183,R13289,,,R16U3,491,1.62,0.0,006,R32,32200.0,1976-03-18,12,051W17BA00100,1625,LINCOLN,"WOODBURN, OR 97071",01851750,WD,"GLENNON,DENNIS D & DONNA J",,,,,"SWIGER,WILLIASM T & HONEY L",1625 E LINCOLN ST,,,"WOODBURN, OR  97071",1906.0,1616.0,1616.0,1216.0,,400.0,,,,0,
184,R47344,23325.0,,R41U1,101,0.19,8064.0,015,R31,28665.0,1976-11-04,12,072W31AA03700,362,CONNECTICUT,"SALEM, OR 97317",02241607,WD,"WILSON,EDDIE L",,,,,"COLTER,DOUGLAS JAMES & TARA JEAN",,,,,1976.0,1307.0,1307.0,1307.0,,,,,109.0,0,
185,R47364,23325.0,,R41U1,101,0.2,8730.0,015,R41,27130.0,1976-01-19,14,072W31AA01700,465,46TH,"SALEM, OR 97317",02780101,WD,"WILSON,EDDIE L",,,,,"RUDY,DONALD A & VIVIAN E",,,,,1976.0,1482.0,1482.0,1482.0,,,,,91.0,0,
186,R48659,33757.0,,F330,451,9.34,0.0,008N,F31,47000.0,1976-03-10,36,051W04  01600,17027,HIGHWAY 99E,"WOODBURN, OR 97071",06300299,RD,"GLITZ,FRANK E & LYDIA A",,,,,"ARATAUNIAN,BORIS & MARIA F",1535 SILVERTON RD,,,"WOODBURN, OR  97071",1947.0,880.0,880.0,880.0,,,,,,3,R48660;R48667;R48668
187,R48661,33757.0,,F330,551,10.0,0.0,OSDA.RUR,A63E,70000.0,1976-04-13,12,051W04  02600,12133,CARL,"WOODBURN, OR 97071",10100242,WD,"DRYDEN,SHIRLEY A",,,,,"TIPIKIN,STEFAN &","TIPIKIN,ALEXANDRA",9932 HOWELL PRAIRIE RD NE,,"SALEM, OR  97305",1925.0,2940.0,2940.0,2040.0,,900.0,,,109.0,0,
188,R49718,37463.0,,R31U1,101,0.14,5980.0,002,R31,0.0,1976-07-09,3,072W05BD00200,4983,SETTLERS,"SALEM, OR 97305",04400220,WD,MARION COUNTY,,,,,LARRY EPPING BLDG CO,COURTHOUSE,,,"SALEM, OR  97301",1986.0,1264.0,1264.0,1264.0,,,,,109.0,0,
189,R13673,,,R163,101,0.38,16650.0,049,R42,36000.0,1976-09-23,12,051W18AB01200,185,LINCOLN,"WOODBURN, OR 97071",07400266,DE,"KOCHER,WESLEY II & MARIE J",,,,,"KRIVONOGOFF,PELAGEIA",185 E LINCOLN ST,,,"WOODBURN, OR  97071",1910.0,1881.0,1881.0,1131.0,,750.0,,,91.0,3,R96758;R96759;R96760
190,R13705,,,R163,101,0.19,8360.0,049,R21,8000.0,1976-06-11,12,051W18CB00200,751,FRONT,"WOODBURN, OR 97071",02861016,WD,"THYKER,NELLIE",,,,,"YODER,GEORGE W & DORIS E",14231 S HOLCOMB,,,"OREGON CITY , OR  97045",1910.0,744.0,744.0,744.0,,,,,109.0,0,
191,R13724,,,R163,101,0.2,8791.0,049,R31,10000.0,1976-09-18,12,051W18BD01600,421,STARK,"WOODBURN, OR 97071",03071410,WD,"KUZNETSOV,IVAN &","KUZNETSOV,ELENA",18479 MT ANGEL SCOTTS MILLS RD,,"SCOTTS MILLS, OR  97375","OVCHINIKOR,NICOLAS & PISTEMEYA",421 STARK ST,,,"WOODBURN, OR  97071",1949.0,860.0,860.0,860.0,,,,,109.0,0,
192,R52493,49251.0,,F260,401,0.17,7605.0,030,F31,22500.0,1976-11-01,14,062W30DA02800,4415,YORK,"SALEM, OR 97305",02650618,RC,"PETERSON,JOHN P & DEE ANNA",,,,,"<BRINLEE,DANIEL L & SANDRA L",4415 YORK AVE NE,,,"SALEM, OR  97303",1977.0,1532.0,1532.0,1532.0,,,,,,0,
193,R53924,54064.0,,M4K,201,0.36,15682.0,,S10,55000.0,1976-05-28,14,073W02CC00700,4297,RIVER,"KEIZER, OR 97303",03200985,WD,KEIZER CHURCH OF CHRIST,,,,,"PARKINSON,FRED R",301 W MAIN ST,PO BX567,,"SILVERTON, OR  97381",1998.0,0.0,0.0,0.0,,,,,,0,
194,R54048,54066.0,,R26M,101,0.18,7800.0,044,R31,16500.0,1976-06-23,12,073W03DA09900,548,MENLO,"KEIZER, OR 97303",02990339,WD,"KLAMPE,LOREN C & LORENE S",,,,,"KLAMPE,VERLE A & HELEN F",548 MENLO DR N,,,"SALEM, OR  97303",1951.0,1032.0,1032.0,1032.0,,,,,,0,
195,R54442,55416.0,,F420,551,4.51,0.0,OSDN.RUR,A29,13900.0,1976-04-26,12,092W32A 00400,5034,MARION HILL,"TURNER, OR 97392",08780411,RD,"PESHECK,DONALD L & MARY M",,,,,"SPANIOL,EMMA VARNER",965 E JEFFERSON,,,"STAYTON, OR  97383",,,,,,,,,,0,
196,R54748,57693.0,,R24M,101,0.23,9900.0,003,R41,43282.0,1976-08-18,12,063W36BA04000,6257,WOODLAWN,"KEIZER, OR 97303",02311666,WD,DON SATTER CONSTRUCTION CO,,,,,"MORTON,GREGORY R & REBECCA J",6257 WOODLAWN DR NE,,,"SALEM, OR  97303",1976.0,1895.0,1895.0,1895.0,,,,,,0,
197,R55114,58223.0,,R41U1,101,0.36,15500.0,015,R31,13500.0,1976-03-26,14,072W31AC07300,4351,MACLEAY,"SALEM, OR 97317",03020507,WD,"PEKKOLA,DENNIS R & CAROL L",,,,,"ARNOLD,JAMES M",,,,,1920.0,1535.0,1535.0,1535.0,,,,,,0,
198,R55628,59726.0,,R36U1,101,0.18,7800.0,015,R31,32000.0,1976-03-02,12,072W17BC11200,4719,INDIANA,"SALEM, OR 97303",03290784,WD,"TREML,FRANK & SHIRLEY",,,,,"PRATHER,NEAL J",4719 INDIANA AVE NE,,,"SALEM, OR  97305",1968.0,1500.0,1500.0,1500.0,,,,,109.0,0,
199,R57042,66639.0,,F260,401,0.86,0.0,009C,F41,44900.0,1976-08-31,0,072W33CD00100,6040,MACLEAY,"SALEM, OR 97317",00570664,RD,"COOPER,LARRY J & IDA E",,,,,"HUNZIKER,PHILIP E &","HUNZIKER,CAROLYN J",PO BOX 12396,,"SALEM, OR  97309-0396",1958.0,2201.0,2201.0,2201.0,,,,,,1,R57048
200,R57269,67892.0,,C00M,201,0.27,11786.0,4K2,S10,35000.0,1976-01-09,14,073W03AB01000,711,CHEMAWA,"KEIZER, OR 97303",03800478,WD,"MCFARLAND,DEAN & ESTHER",,,,,"CRADER,LINN A",711 CHEMAWA RD N,,,"SALEM, OR  97303",1944.0,3753.0,3753.0,3753.0,,,,,,0,
201,R57608,68743.0,,R26M,101,0.2,8800.0,044,R41,23200.0,1976-08-11,12,073W03AC08700,4886,VENTURA,"KEIZER, OR 97303",02640831,WD,"MC GONIGLE,WILLIAM J & HAZEL G",,,,,"SCHARFF,C WILLIAM & DORIS E",700 RICHARDS ST APT 2005,,,"HONOLULU, HI  96813",1960.0,1335.0,1335.0,1335.0,,,,,91.0,0,
202,R58011,69655.0,,R36U1,101,0.21,9350.0,002,R41,42000.0,1976-07-20,12,072W08BB04800,4434,LANCE,"SALEM, OR 97305",09330385,RD,"GALE,JEAN",,,,,"CUTLER,PATRICIA AILEEN",4434 LANCE CT NE,,,"SALEM, OR  97303",1970.0,1782.0,1782.0,1782.0,,,,,,0,
203,R58528,74245.0,,F660,401,1.58,0.0,009S,F09,16200.0,1976-01-06,12,082W03B 05500,6700,MACLEAY,"SALEM, OR 97317",03050390,WD,"SHAW,DAVID ROBERT",,,,,"KENNY,DONALD P & SARAH M",4923 FIR DELL DR SE,,,"SALEM, OR  97302",,,,,,,,,,0,
204,R63507,93320.0,,R25M,101,0.18,8000.0,044,R31,18500.0,1976-03-27,14,073W02BA01800,5042,8TH,"KEIZER, OR 97303",004201176,WD,"DIXON,PAUL I & HELENE",,,,,"MAHLUM,RONALD A",5042 8TH AV NE,,,"KEIZER, OR  97303",1956.0,1404.0,1404.0,1404.0,,,,,,0,
205,R85391,67242.0,,R361,101,0.14,6000.0,015,R31,26612.0,1976-12-17,12,073W13DB04600,3205,KATHLEEN,"SALEM, OR 97301",00660440,RC,"BYNON,GEORGE E &","BYNON,SANDRA L",,,,"BYNON,GEORGE E &","BYNON,SANDRA L","<ELDRED,CLIFTON L & IDORA LEE",,,1975.0,1400.0,1400.0,1400.0,,,,,,0,
206,R97024,99900.0,,R361,101,0.23,10138.0,015,M35,49000.0,1976-01-21,12,073W25AA06800,676-682,OREGON,"SALEM, OR 97301",16140321,WD,"MORISKY,BETH SARA ELIZABETH","<CORRIGAN,KATHLEEN M P",PO BOX 17825,,"SALEM, OR  97305","CORRIGAN,KATHLEEN M",PO BOX 633,,,"LINCOLN CITY, OR  97367",1958.0,3100.0,3100.0,3100.0,,,,,108.0,0,
207,R95166,90988.0,,C001,201,0.22,9729.0,SEC,O91,45000.0,1976-09-19,18,073W26BD07900,1460,STATE,"SALEM, OR 97301",17390086,WD,"BLACK,JOHN E & KIMBALL,FAITH",<OR PHARMACEUTICAL ASSOC DB>,"<FU,HENRY & JUI-CHIH>",6485 BATTLECREEK RD SE,"SALEM, OR  97301",OR PHARMACEUTICAL ASSOCIATION,"<FU,HENRY & JUI-CHIH",6485 BATTLECREEK RD SE,,"SALEM, OR  97301",1910.0,2048.0,2048.0,2048.0,,,,1312.0,,0,
208,R66507,5081.0,,R461,101,0.14,5940.0,003U,R31,24000.0,1976-02-05,0,073W34DB15400,2677,WINTER,"SALEM, OR 97302",00361256,WD,"HOOVER,MICHAEL",,,,,"CONNORS,THOMAS R &","CONNORS,RUBY A",,,,1971.0,920.0,920.0,920.0,,,,,,0,
209,R93408,87490.0,,R53U1,491,2.28,0.0,005,R09E,18000.0,1976-05-17,14,083W08A 02800,4390,CROISAN CREEK,"SALEM, OR 97302",00450745,AC,"AHLBIN,KREIG A",4390 CROISAN CREEK RD S,,,"SALEM, OR  97302","AHLBIN,KREIG A",4390 CROISAN CREEK RD S,,,"SALEM, OR  97302",,,,,,,,,,0,
210,R40185,,,F660,641,3.39,0.0,03PA,A92,33075.0,1976-11-30,14,091E01  00600,,,,00690454,RC,"BOYLE,MERRILL J & EDITH M &",<SHINY ROCK MINING CORP,"<WILSON,R F & DANA",,,"BOYLE,MERRILL J & EDITH M &",<SHINY ROCK MINING CORP,"<WILSON,R F & DANA",,,1923.0,1947.0,1947.0,1298.0,,649.0,,,,0,
211,R37373,,,F410,550,33.51,0.0,033I,A60,120000.0,1976-11-05,0,103W24  00200,,,,00621980,RC,"RICHARDSON,ROBERT P & RUTH S",,,,,"RICHARDSON,ROBERT P & RUTH S","<DRUSHELLA,LYLE DEAN",,,,,,,,,,,,,0,
