,PROPID,SUBDNUM,MOBILEHOMEPARKCODE,MAINTAREA,PROPCLASS,ACRES,LANDSQFT,LANDSCHEDULE,STATCLASS,SALEPRICE,SALEDATE,SALETYPE,MAPTAXLOT,SITUSNUMBER,SITUSSTREET,SITUSCITYSTATEZIP,DEEDBOOKANDPAGE,DEEDTYPE,SELLERNAME,SELLERADDR1,SELLERADDR2,SELLERADDR3,SELLERCSZ,BUYERNAME,BUYERADDR1,BUYERADDR2,BUYERADDR3,BUYERCSZ,YEARBUILT,BLDGSQFT,LIVINGAREA,FLOOR1SQFT,FLOOR2SQFT,ATTICSQFT,BSMTFINISHEDSQFT,BSMTUNFINISHEDSQFT,QUALITYADJ,NUMADDLPROPS,ADDLPROPIDS
0,R59138,77116.0,,01C,401,5.25,0.0,01MA,F34,59000.0,1977-07-22,14,084W11D 00800,4991,HALLS FERRY,"SALEM, OR 97302",02400475,WD,"SMITH,COLLEEN M",945 CHIKAMIN LP,,,"SILVERTON, OR  97381","SCHUH,HARRIETTE",2416 - 224TH STREET S #103,,,"DES MOINES , WA  98188",1924.0,1592.0,1592.0,1016.0,,576.0,,1016.0,95.0,0,
1,R59578,79708.0,,R42U1,101,0.14,6160.0,015,R32,40500.0,1977-09-21,12,072W32BC10100,817,SHENANDOAH,"SALEM, OR 97317",02071320,WD,"CAMPBELL,RALPH A JR & INA J",,,,,"BOOCK,MICHAEL L & CHERYL A",817 SHENANDOAH SE,,,"SALEM, OR  97302",1971.0,1634.0,1634.0,1354.0,,280.0,,,109.0,0,
2,R59990,80751.0,,F210,401,3.03,0.0,009C,F43,16500.0,1977-03-02,12,063W24B 00900,8175,SUFFOLK,"SALEM, OR 97303",02581134,WD,"HUFF,LACY F",,,,,"STICKNEY,C WALTER & DIXIE LEE",1078 NORTHRUP CT NE,,,"SALEM, OR  97303",1986.0,2971.0,2971.0,2011.0,,,960.0,,,0,
3,R60491,85138.0,,F360,451,5.0,0.0,008C,F09R,17000.0,1977-10-19,14,061E34A 00300,5435,SPRING CLIFF,"SCOTTS MILLS, OR 97375",02210513,RC,"<ONG,MICHELE L",,,,,"<BUMGARNER,DAVID O & DONNA D",501 NORWAY,,,"SILVERTON, OR  97381",,1809.0,1809.0,1809.0,,,,,,0,
4,R60510,85154.0,,F420,401,6.82,0.0,009S,F41,14000.0,1977-03-09,12,093W09D 00800,10765,OAK,"SALEM, OR 97306",02330401,WD,"KVAVLE,DONALD L & JEAN P",,,,,"SULLIVAN,GEORGE E & ROSALEE J",3405 DEER PARK DR SE,,,"SALEM, OR  97301",,1918.0,1918.0,1918.0,,,,,,0,
5,R14802,,,F220,551,1.33,0.0,008NG,A40,1.0,1977-02-24,14,052W15  01100,,,,01951334,RD,"MANNING,ALWIN A ET AL",,,,,"WEISZ,JOHN W & GERALDINE C",15005 BUTTEVILLE RD NE,,,"GERVAIS, OR  97026",,,,,,,,,,0,
6,R61669,87503.0,,F460,551,9.92,0.0,009S,A00S,38000.0,1977-08-15,12,083W20C 01600,0,,,05700091,RD,"BORDE,KARLA",,,,,"BOLINE,OLIVER WAYNE & MARY JANE",PO BOX 12848,,,"SALEM, OR  97309",,,,,,,,,,0,
7,R61833,88271.0,,M74U1,161,0.1,4368.0,014,R09,24000.0,1977-02-08,0,072W18AD13000,2966,SURF,"SALEM, OR 97305",00710106,RD,"TEAL,RONALD D &","TEAL,MARIAM H",,,,"COULTER,JOSEPH L &","COULTER,JUDY M",,,,,,,,,,,,,0,
8,R62025,45334.0,,F620,401,0.31,0.0,03PA,F45W,3463.0,1977-03-16,14,092E16BC00600,24023,PATTON,"LYONS, OR 97358",02250122,RC,"PATTON,HARRY C & ROWENA E",,,,,"<SAVAGE,LLOYD B JR & MARGARET J",1587 N 6TH AVE,,,"STAYTON, OR  97383",1999.0,2020.0,2020.0,1204.0,816.0,,,,,0,
9,R62243,89003.0,,F660,401,0.44,0.0,008S,F31,17000.0,1977-10-12,12,082W26D 02200,7882,TERRANCE,"AUMSVILLE, OR 97325",08090172,RD,"SNYDER,FREDERICK J & BARBARA N",,,,,"ERICKSON,DONALD W & VIA VANA F",P O BOX 1343,,,"TWENTY NINE PALM , CA  92277",1962.0,912.0,912.0,912.0,,,,,,0,
10,R62618,91090.0,,F420,401,5.12,0.0,008S,F43,7000.0,1977-05-25,14,093W15B 00200,1027,MEADOWS,"JEFFERSON, OR 97352",02230050,RD,HICKS INVESTMENT CO,,,,,"MOORE,LARRY E",RT 1 BX 83 C-14,,,"JEFFERSON, OR  97352",1984.0,4277.0,3577.0,1856.0,,,1721.0,,,0,
11,R62730,91825.0,,F660,401,1.48,0.0,008S,F09S,18735.0,1977-10-03,18,082W13D 00100,5671,VILLAGE VIEW,"AUMSVILLE, OR 97325",03390252,RD,"MORRISON,HOWARD F & ALICE M",,,,,"ANDERSON,MARVIN L & ROBERTA A",5671 VILLAGE VIEW CT,,,"AUMSVILLE, OR  97325",,,,,,,,,,0,
12,R62866,92090.0,,01C,451,3.64,0.0,008,F11S,12000.0,1977-04-15,12,084W23D 01400,6805,ORVILLE,"SALEM, OR 97306",03350018,RD,"HENNINGSEN,HOWARD & NOLA P",,,,,"OULLETTE,RODNEY P",5559 RIVERDALE RD S,,,"SALEM, OR  97306",1920.0,,,,,,,,,0,
13,R63078,92501.0,,R41U1,101,0.15,6710.0,015,R31,,1977-06-27,13,072W32BA07600,522,WAGON ROAD,"SALEM, OR 97317",00861760,WD,"MARS,WELLINGTON I",,,,,"LASSEN,LARRY 33.4% &","ROZELL,THOMAS 33.3% &","INKS,ROY F 33.3%",PO BOX 3338,"SALEM, OR  97302",1976.0,1047.0,1047.0,1047.0,,,,,,0,
14,R63298,92667.0,,F660,401,0.16,0.0,008S,,0.0,1977-08-01,14,082W14D 02100,,,,02281072,QC,"KOWALSKI,LEO J & MARCELLA",,,,,MC CANNA LOUIS A & CARLA,866 MAHAYA CT SE,,,"SALEM, OR  97302",,,,,,,,,,0,
15,R10064,,,F260,401,3.34,26363.0,069,F34,42500.0,1977-04-27,12,031W32A 01700,24096,BUTTEVILLE,"AURORA, OR 97002",04040071,WD,"OLSEN,HILDA J ET AL",,,,,"YEE,CHOCK SING WONG & SHUIT FONG",488 WELCOME CT SE,,,"SALEM, OR  97302",1910.0,1835.0,1835.0,1175.0,,660.0,,400.0,,1,R92577
16,R65502,1830.0,,R25M,101,0.16,7000.0,043,R32,5688.0,1977-02-24,12,073W02DC07200,4035,GARY,"KEIZER, OR 97303",01881385,WD,"DOWNER,ELODIE MARIE ETAL",,,,,"<AINSWORTH, GLORIA ETAL",4035 GARY ST NE,,,"SALEM, OR  97303",1940.0,1356.0,1356.0,1056.0,,300.0,,,,0,
17,R65680,1929.0,,R641,101,0.15,6700.0,002,R41,0.0,1977-12-13,12,083W03DD07300,3937,SHANIKO,"SALEM, OR 97302",02091525,WD,"WYANT,DONALD R ET AL",,,,,"NELSON,DOUGLAS T ET AL",1590 COMMERCIAL ST SE,,,"SALEM, OR  97302",1979.0,1480.0,1480.0,1480.0,,,,,91.0,0,
18,R65681,1929.0,,R641,101,0.15,6700.0,002,R41,0.0,1977-12-13,12,083W03DD07400,3947,SHANIKO,"SALEM, OR 97302",02091539,WD,"WYANT,DONALD R ET AL",,,,,"NELSON,DOUGLAS T ET AL",1590 COMMERCIAL ST SE,,,"SALEM, OR  97302",1980.0,1494.0,1494.0,1494.0,,,,,91.0,0,
19,R65682,1929.0,,R641,101,0.31,13342.0,002,R43,0.0,1977-12-13,12,083W03DD07500,3957,SHANIKO,"SALEM, OR 97302",02091554,WD,"WYANT,CONALD R ET AL",,,,,"NELSON,DOUGLAS T ET AL",1590 COMMERCIAL ST SE,,,"SALEM, OR  97302",1980.0,1567.0,1567.0,1567.0,,,,594.0,91.0,0,
20,R65683,1929.0,,R641,101,0.15,6700.0,002,R45,0.0,1977-12-13,12,083W03DD07600,3967,SHANIKO,"SALEM, OR 97302",02091568,WD,"WYANT,DONALD R ET AL",,,,,"NELSON,DOUGLAS T ET AL",1590 COMMERCIAL ST SE,,,"SALEM, OR  97302",1980.0,1825.0,1825.0,1249.0,576.0,,,,91.0,0,
21,R65684,1929.0,,R641,101,0.15,6700.0,002,R45,0.0,1977-12-13,12,083W03DD07700,3977,SHANIKO,"SALEM, OR 97302",02091583,WD,"WYANT,DONALD R ET AL",,,,,"NELSON,DOUGLAS T ET AL",1590 COMMERCIAL ST SE,,,"SALEM, OR  97302",1980.0,1893.0,1893.0,1151.0,742.0,,,,91.0,0,
22,R65687,1929.0,,R641,101,0.18,7914.0,002,R41,13000.0,1977-12-13,12,083W03DD08000,3998,SHANIKO,"SALEM, OR 97302",02500169,WD,"WYANT,DONALD R ET AL",,,,,LANCASTER GREEN,,,,,1993.0,1857.0,1857.0,1857.0,,,,,91.0,0,
23,R65688,1929.0,,R641,101,0.17,7314.0,002,R45,13000.0,1977-12-13,12,083W03DD08100,3988,SHANIKO,"SALEM, OR 97302",02500170,WD,"WYANT,DONALD R ET AL",,,,,LANCASTER GREEN,,,,,1992.0,2058.0,2058.0,1368.0,690.0,,,,91.0,0,
24,R65689,1929.0,,R641,101,0.27,11805.0,002,R41X,13000.0,1977-12-13,12,083W03DD08200,3978,SHANIKO,"SALEM, OR 97302",02500171,WD,"WYANT,DONALD R ET AL",,,,,LANCASTER GREEN,,,,,1984.0,2560.0,2560.0,2560.0,,,,,91.0,0,
25,R65694,1929.0,,R641,101,0.14,6062.0,002,R43,13000.0,1977-12-13,12,083W03DD08700,1114,ASHWOOD,"SALEM, OR 97302",02500172,RD,"WYANT,DONALD R ET AL",,,,,LANCASTER GREEN,,,,,1992.0,2081.0,2081.0,1503.0,,,578.0,272.0,91.0,0,
26,R65696,1929.0,,R641,101,0.29,12810.0,002,R41,13000.0,1977-12-13,12,083W03DD08900,1144,ASHWOOD,"SALEM, OR 97302",02500174,RD,"WYANT,DONALD R ET AL",,,,,LANCASTER GREEN,,,,,1992.0,1424.0,1424.0,1424.0,,,,,91.0,0,
27,R65699,1929.0,,R641,100,0.24,10289.0,002,,13000.0,1977-12-13,12,083W03DD09200,,,,02500176,RD,"WYANT,DONALD R ET AL",,,,,LANCASTER GREEN,,,,,,,,,,,,,,0,
28,R65700,1929.0,,R641,101,0.18,7800.0,002,R45,13000.0,1977-12-13,12,083W03DD09300,1053,ASHWOOD,"SALEM, OR 97302",02500180,WD,"WYANT,DONALD R ET AL",,,,,LANCASTER GREEN,,,,,1986.0,1797.0,1797.0,1031.0,766.0,,,,91.0,0,
29,R65704,1929.0,,R641,101,0.16,7000.0,002,R43,13000.0,1977-12-13,12,083W03DD09700,1078,OAKHILL,"SALEM, OR 97302",02500177,WD,"WYANT,DONALD R ET AL",,,,,LANCASTER GREEN,,,,,1988.0,1710.0,1710.0,1710.0,,,,1670.0,91.0,0,
30,R65706,1929.0,,R641,101,0.16,7000.0,002,R41,13000.0,1977-12-13,12,083W03DD09900,1108,OAKHILL,"SALEM, OR 97302",02500178,WD,"WYANT,DONALD R ET AL",,,,,LANCASTER GREEN,,,,,1988.0,1630.0,1630.0,1630.0,,,,,91.0,0,
31,R65707,1929.0,,R641,101,0.16,7000.0,002,R31,13000.0,1977-12-13,12,083W03DD10000,1128,OAKHILL,"SALEM, OR 97302",02500179,WD,"WYANT,DONALD R ET AL",,,,,LANCASTER GREEN,,,,,1988.0,1359.0,1359.0,1359.0,,,,,109.0,0,
32,R65900,3408.0,,R561,101,0.08,3570.0,01F,R41Z,50500.0,1977-05-20,12,083W23CA11900,6650,HUNTINGTON,"SALEM, OR 97306",05530486,WD,"BROWN,LARRY H",,,,,SUPPRESSED OWNER RECORD,,,,,1974.0,1482.0,1482.0,1482.0,,,,,,0,
33,R80377,49798.0,,C001,701,0.27,11620.0,APT.SLM,H11,131600.0,1977-12-19,12,083W02BD00600,1543-1573,SALISHAN,"SALEM, OR 97302",02350371,WD,"WILSON,CHARLES E & NANCY E",,,,,"ANDERSON,HARRY L & ROBERTA P",3250 SUMAC DRIVE SOUTH,,,"SALEM, OR  97302",1977.0,5596.0,5596.0,5596.0,,,,,,0,
34,R66720,6432.0,,R461,101,0.51,0.0,006,R47V,35000.0,1977-01-31,12,073W34DA09600,2610,PHEASANT,"SALEM, OR 97302",01890840,WD,"ROLOW,MICHAEL",,,,,"SHAW,DONALD K & BEATRICE M",2610 PHEASANT DR SE,,,"SALEM, OR  97302",1952.0,3030.0,3030.0,1469.0,1011.0,,550.0,400.0,91.0,0,
35,R67285,8384.0,,R461,101,0.1,4500.0,014,R31,14500.0,1977-09-20,12,073W26DD08000,2395,HYDE,"SALEM, OR 97301",13540045,WD,"POHLAND,MARTHA A",,,,,"DROBKIN,SIDNEY",2395 HYDE ST SE,,,"SALEM, OR  97301",1950.0,725.0,725.0,725.0,,,,,,0,
36,R67377,8384.0,,R461,101,0.14,6250.0,014,R31,18700.0,1977-07-21,12,073W35AA10000,2286,CLAUDE,"SALEM, OR 97301",08640009,WD,"WORLEY,EFFIE MAY",,,,,"JOHNSON,JAMES H & PATRICIA G",4345 27TH AVE SE,,,"SALEM, OR  97302",1930.0,963.0,963.0,963.0,,,,,,0,
37,R67448,9400.0,,R461,101,0.12,5150.0,015,R31,18500.0,1977-05-24,12,073W23DD14800,780,THOMPSON,"SALEM, OR 97301",02661225,WD,"WESTPHAL,RAYMOND E & HAZEL L",,,,,"ARNOLD,MARIE P",780 THOMPSON AVE NE,,,"SALEM, OR  97301",1942.0,720.0,720.0,720.0,,,,,,0,
38,R67550,9400.0,,C001,701,0.2,8808.0,APT.SLM,H11,0.0,1977-11-28,14,073W26AA02500,2131,CENTER,"SALEM, OR 97301",02321794,WD,"BAILEY,MICHAEL EUGENE",,,,,"WILCOX,LOREN E ET AL",2229 LEE ST SE,,,"SALEM, OR  97301",1964.0,5928.0,5928.0,5928.0,,,,,,0,
39,R68454,10767.0,,R461,101,0.17,7600.0,015,R34A,24000.0,1977-03-10,12,073W26CA16900,455,18TH,"SALEM, OR 97301",08890082,WD,"OLDS,ROCKNE B & SANDRA",,,,,"CLINE,CRAIG & CHERIE L",3481 AUGUSTA NATIONAL DR S,,,"SALEM, OR  97302",1910.0,2408.0,2408.0,1652.0,,756.0,,546.0,,0,
40,R68734,10935.0,,R361,101,0.21,9198.0,015,R32,16000.0,1977-01-13,12,073W13BA07700,3265,ABRAMS,"SALEM, OR 97301",02940194,RD,"GIPE,GEORGE JR & JANE Y",,,,,"ERSKINE,MAX S",1290 FIR ST S,,,"SALEM, OR  97302",1939.0,1136.0,1136.0,800.0,,336.0,,,,0,
41,R15789,,,R11F,101,0.2,8918.0,03A,M31,25900.0,1977-08-14,12,061W10AC07900,1080-1090,ACADEMY,"MT ANGEL, OR 97362",04210164,BS,"<HALLGREN,RAYMOND ETAL",,,,,"DIETRICH,JAMES E & JOAN K",30845 WALL ST,,,"COLTON, OR  97017",1966.0,1352.0,1352.0,1352.0,,,,,100.0,0,
42,R15947,,,R11F,101,0.56,24393.0,02JG,R48,18500.0,1977-03-28,5,061W10AB05100,590,TAYLOR,"MT ANGEL, OR 97362",02941902,BS,"CORNWALL,JAMES H",,,,,CHRISTIAN CENTER OF SALEM,%LOUISE CORNWALL,317 HOSANNA CT NW,,"SALEM, OR  97304",1900.0,3824.0,3824.0,1432.0,936.0,312.0,1144.0,,,0,
43,R72276,25065.0,,R461,101,0.21,9170.0,015,R41,50000.0,1977-12-05,14,073W23DC00800,1770,D,"SALEM, OR 97301",03431616,WD,"GADBERRY,VICIE E",,,,,"BAILEY,EDGAR H & SHIRLEY C",324 NW 195TH,,,"SEATTLE, WA  98177",1954.0,1652.0,1652.0,1652.0,,,,,,0,
44,R72639,25867.0,,R461,101,0.49,21344.0,003,R34,0.0,1977-12-10,29,083W04AC03000,700,SALEM HEIGHTS,"SALEM, OR 97302",01060170,RD,"DAVIDSON,AUDREY (LE)",,,,,"BENNETT,NORA IRENE",700 SALEM HEIGHTS AVE S,,,"SALEM, OR  97302",1920.0,1225.0,1225.0,833.0,,392.0,,48.0,,0,
45,R16196,,,F310,451,0.29,0.0,008C,F43,,1977-11-03,6,061W12C 00200,9970,LONELY,"MT ANGEL, OR 97362",01020105,BS,"KLOFT,JOHN A & HATTIE",BX551,,,"MT ANGEL, OR  97362","KLOFT,JOSEPH F",9970 LONELY LN NE,,,"MT ANGEL, OR  97362",1973.0,2635.0,2635.0,1823.0,,,812.0,,,0,
46,R73004,25867.0,,R561,101,0.22,9750.0,002,R31,31900.0,1977-11-25,12,083W03CD06300,3844,ASH,"SALEM, OR 97302",02130744,WD,"YODER,EMMA M MITCHELL & GERALD R",,,,,"LAFKY,ELTON T",UNION TITLE BLDG,,,"SALEM, OR  97301",1930.0,1130.0,1130.0,1130.0,,,,,,0,
47,R73189,26079.0,,R361,101,0.33,14592.0,015,R32,26500.0,1977-06-13,14,073W13AC01300,3170,LANSING,"SALEM, OR 97301",03651548,RD,"DARDIS,ANNA J",,,,,"OWENS,CHARLES D ET AL",4775 FILLMORE N,,,"SALEM, OR  97303",1945.0,2158.0,2158.0,1746.0,,412.0,,,109.0,0,
48,R73437,26679.0,,R461,101,0.17,7500.0,024,R67V,0.0,1977-04-20,29,073W27CC12200,445,LEFFELLE,"SALEM, OR 97302",064990356B,,"MCCORMACK,ALICE R",,,,,"WILKIE,MARIAN F ET AL",445 LEFFELLE ST S,,,"SALEM, OR  97302",1929.0,4000.0,4000.0,1490.0,976.0,,1534.0,,,0,
49,R74373,30986.0,,R461,101,0.21,9180.0,015,R33,0.0,1977-03-14,6,073W26AB17500,430,19TH,"SALEM, OR 97301",03000012,BS,"UNRUH,H B & EFFIE",,,,,"OLSON,CHERYL ANN",19895 N W NESTUCCA,,,"PORTLAND, OR  97229",1939.0,1090.0,1090.0,1090.0,,,,886.0,,0,
50,R74541,31449.0,,C001,701,3.26,142005.0,APT.SLM,H14,0.0,1977-01-30,12,073W24DA01200,3301,D,"SALEM, OR 97301",06340118,WD,"MCGREGOR,DAVID J & PATRICIA A",,,,,APPLE TREE ASSOCIATES,2127 ST ANDREWS CIR.,,,"MC MINNVILLE , OR  97128",1976.0,56296.0,56296.0,56296.0,,,,,,0,
51,R16420,,,F310,550,52.61,0.0,036I,A40,24250.0,1977-12-27,6,061W22  00400,,,,03361562,WD,"REED,CLYDE & VIRGINIA",,,,,"REED,ROBIN L",9783 86TH AVE NE,,,"BROOKS, OR  97305",,,,,,,,,,0,
52,R74754,31752.0,,R361,100,0.22,9490.0,015,,0.0,1977-08-04,12,073W13CA04300,2644,EVERGREEN,"SALEM, OR 97301",05500197,WD,"ROSE,MARY S",,,,,"KANIPE,FRANCES M TRUSTEE",KANIPE FAMILY TRUST,C/O MIKE STEIGER,2731 ORIOLE DR,"SIERRA VISTA, AZ  85635",,,,,,,,,,0,
53,R75532,33909.0,,C001,201,2.16,93920.0,PRIM,S50,0.0,1977-12-06,12,083W14CD01000,5757,COMMERCIAL,"SALEM, OR 97302",02991404,WD,"SMITH,ALTON D & G LUCILLE",,,,,"SIEMENS,GERALD H & HEDY",525 W PINE,,,"MISSOULA, MT  59801",2006.0,18935.0,18935.0,18935.0,,,,,,0,
54,R75879,34811.0,,C001,201,0.17,7503.0,3K1,W24,19950.0,1977-03-30,14,073W14AD02800,1520,HICKORY,"SALEM, OR 97301",02460863,WD,"BONE,JERALD G & PENNY M",,,,,"PITTS,HOUSTON R & BETTY J",4345 VERNON LP NE,,,"SALEM, OR  97303",1980.0,5400.0,5400.0,5400.0,,,,,,0,
55,R76185,36465.0,,R461,101,0.11,5000.0,002,R31,25900.0,1977-02-16,12,083W04AA04000,545,MISSOURI,"SALEM, OR 97302",02071033,WD,"SEITZ,JOHN P & DORIS A",,,,,"SHAFER,ROGER P & LOIS P",960 GERLEAN DR SE,,,"SALEM, OR  97302",1971.0,1056.0,1056.0,1056.0,,,,,109.0,0,
56,R76456,38427.0,,R361,101,0.25,11000.0,015,R31,0.0,1977-11-18,14,072W19CA06700,4148,WEATHERS,"SALEM, OR 97301",02300679,RD,"GIBSON,DON & ARLENE",,,,,"DUNCANSON,COURTNEY & RUTH L",4165 WEATHERS ST NE,,,"SALEM, OR  97301",1938.0,1275.0,1275.0,1275.0,,,,,,0,
57,R77091,39985.0,,R421,101,0.1,4400.0,014,R36,24000.0,1977-10-04,12,073W14CB10700,2105,CHURCH,"SALEM, OR 97301",04300124,WD,"WEATHERSM,LLOYD R & ANNE C",,,,,"KNIELING,ANN M",2105 CHURCH ST NE,,,"SALEM, OR  97303",1905.0,1852.0,1852.0,1056.0,484.0,312.0,,,109.0,0,
58,R77164,39985.0,,R421,101,0.14,6000.0,015,R31,28000.0,1977-06-08,12,073W14CA09000,2349,MYRTLE,"SALEM, OR 97301",03830484,WD,"PLAS,HENRIETTA & MARIA",,,,,"BERNARDS,THEODORE C & MARGARET J",2349 MYRTLE AV NE,,,"SALEM, OR  97303",1974.0,1008.0,1008.0,1008.0,,,,,,0,
59,R77215,39985.0,,R421,101,0.15,6500.0,014,R31,22000.0,1977-09-07,12,073W14CA02400,2495,MYRTLE,"SALEM, OR 97301",02601261,WD,"BARNARD,RICHARD",,,,,"PITTS,HOUSTON R & BETTY J",8704 SW BRIGHTFIELD CIR #2,,,"TIGARD, OR  97223",1941.0,618.0,618.0,618.0,,,,,,0,
60,R77245,39985.0,,C001,701,0.14,6000.0,APT.SLM,H11,96000.0,1977-11-10,12,073W14CA04600,710-734,PINE,"SALEM, OR 97301",02401127,WD,"RADER,DON M ET AL",,,,,"JAMIESON,DOUGLAS W",,,,,1977.0,3552.0,3552.0,3552.0,,,,,,0,
61,R77282,39985.0,,R421,101,0.14,6000.0,014,R31,4500.0,1977-04-13,14,073W14BD07300,2535,MYRTLE,"SALEM, OR 97301",03321710,RC,"<MILLER,HARRY F & EUNELLA",,,,,"<BARCLAY,BENNY O",2500 CURLEW CIR,,,"ANCHORAGE, AK  99502",1991.0,1044.0,1044.0,1044.0,,,,,,0,
62,R16734,,,R22U2,491,2.03,0.0,027,R22A,0.0,1977-09-07,18,061W27CD00100,619,GRANT,"SILVERTON, OR 97381",14120718,WD,"WINSTEAD,W W & FRANCES L",,,,,"HARDY,DOUGLAS & JANICE",619 GRANT ST,,,"SILVERTON, OR  97381",1938.0,2609.0,2609.0,1961.0,,648.0,,,109.0,0,
63,R77909,41918.0,,R36U1,101,0.57,24735.0,006,R31,36000.0,1977-06-08,0,072W18AB05900,3387,HOLLYWOOD,"SALEM, OR 97305",00840989,WD,"MCLAIN,DON T &","MCLAIN,LINDA L",,,,"JERDE,CLINTON O &","CRAWFORD,ARDETH E",,,,1952.0,1118.0,1118.0,1118.0,,,,,109.0,0,
64,R78202,43329.0,,R421,101,0.17,7575.0,014,R47,14500.0,1977-02-02,12,073W14CC15200,1945,BROADWAY,"SALEM, OR 97301",02570272,WD,"ROSE,MORRIS M & EVERNA E",,,,,"WEDGWOOD,THOMAS RONALD",1945 BROADWAY NE,,,"SALEM, OR  97303",1925.0,1872.0,1872.0,1200.0,672.0,,,600.0,91.0,0,
65,R79451,45474.0,,C001,201,0.28,12150.0,1A1,O11,67500.0,1977-05-06,12,073W27CA06400,1011,LIBERTY,"SALEM, OR 97302",06330243,WD,"STONE,STEPHEN A JR",,,,,"ROSEN,LILLIAN A",PO BX1047,,,"SALEM, OR  97308",1989.0,3549.0,3549.0,3549.0,,,,,,0,
66,R79851,45928.0,,R461,101,0.16,6850.0,015,R33,27900.0,1977-12-07,18,073W24BB07000,2060,19TH,"SALEM, OR 97301",02621445,WD,"VISTO,EVERETT C & MILDRED L",,,,,"EKELUND,JOHN E",,,,,1941.0,852.0,852.0,732.0,,,120.0,552.0,,0,
67,R79901,45928.0,,R461,101,0.16,6860.0,015,R44,35000.0,1977-06-07,12,073W24BC17800,1810,19TH,"SALEM, OR 97301",02880793,RD,"BACON,GLADYS M",,,,,"WILLIAMS,TULLY & MAGDELENE",%CAPITOL MANOR,1955 SALEM-DALLAS HWY,,"SALEM, OR  97304",1929.0,2262.0,2262.0,957.0,,499.0,806.0,,91.0,0,
68,R17059,,,CG02,301,4.39,191228.0,OSC,W71,17000.0,1977-02-27,18,061W34CA00800,831,RAILWAY,"SILVERTON, OR 97381",03450924,RC,"<WOODWARD,GEORGE M & LEORA G",,,,,<WOODWARD PROPERTIES,816 S WATER,,,"SILVERTON, OR  97381",2007.0,49099.0,49099.0,49099.0,,,,,,0,
69,R80143,47430.0,,C001,201,0.43,18750.0,5B4,S70,75000.0,1977-01-17,7,073W23CD08500,610,CAPITOL,"SALEM, OR 97301",02001673,WD,"GABRIEL,LILLIAN G",,,,,"GABRIEL,JOYCE A",610 CAPITAL NE,,,"SALEM, OR  97301",1950.0,6200.0,6200.0,6200.0,,,,,,0,
70,R80319,49551.0,,CW01,301,0.17,7529.0,ISI,W14,17500.0,1977-03-10,12,073W35BD00500,1930,LEWIS,"SALEM, OR 97302",03621408,WD,PETERS.GEPRGE J & MARGARET L,,,,,"CARPENTER,TOMMIE R & VIRGINIA L",122 OLYMPIC SE,,,"SALEM, OR  97306",,,,,,,,,,0,
71,R80363,49796.0,,R461,101,0.25,10787.0,002,M46,148000.0,1977-05-26,12,083W02BD03200,3271-3277,COLSON,"SALEM, OR 97302",12880106,WD,Missing Seller Record,,,,,"HOILAND,GERALD-TRUSTEE ET AL",21444 SW 90TH CT,,,"TUALATIN, OR  97062",1976.0,4160.0,4160.0,2080.0,2080.0,,,,,0,
72,R80372,49796.0,,R461,101,0.22,9576.0,002,M46,77500.0,1977-02-23,14,083W02BD04100,3285-3291,EDWARD,"SALEM, OR 97302",02930822,WD,COLSON & COLSON DBA,,,,,"GILMOUR,GAYLE W & LEONA A",,,,,1976.0,4464.0,4464.0,2160.0,2304.0,,,,,0,
73,R80748,50454.0,,R461,101,0.23,10080.0,003,R53V,0.0,1977-10-10,0,083W04BD00300,3325,SUNRIDGE,"SALEM, OR 97302",01960338,BS,MT WEST CONSTRUCTION INC,,,,,"ANDERSON,GARY E & JEAN E.",850 PROMONTORY PLACE SE,,,"SALEM, OR  97302",1977.0,1970.0,1970.0,1148.0,,,822.0,,,0,
74,R80819,50454.0,,R461,101,0.31,13287.0,003,R43,48500.0,1977-08-30,14,083W04BD06200,3420,CAMELLIA,"SALEM, OR 97302",02210179,WD,"EDWARDS,AURELIA P & DORSEY W",,,,,"BISHOP,ROBERT W & MARY E",P O BOX 6 BAN BUNG,,,"CHON, BURI  00000",1959.0,1958.0,1958.0,1958.0,,,,,,0,
75,R17226,,,R222,101,0.24,10296.0,019,R34,25900.0,1977-02-21,12,061W34DB00400,527,MCCLAINE,"SILVERTON, OR 97381",05010118,WD,"KALLIS,EFFERDT A & ALICE C",,,,,"JACKSON,JERRY A & KATHLEEN A",527 MC CLAINE ST,,,"SILVERTON, OR  97381",1917.0,1434.0,1434.0,978.0,,456.0,,1076.0,,0,
76,R82412,58373.0,,R461,101,0.17,7450.0,023,R34,21500.0,1977-07-29,12,073W34BC03800,1976,FAIRMOUNT,"SALEM, OR 97302",12560150,WD,"KEITH,ALMA S",,,,,"ALLEN,RONALD G & PATRICIA B",1976 FAIRMOUNT AV S,,,"SALEM, OR  97302",1920.0,1210.0,1210.0,944.0,,266.0,,170.0,91.0,0,
77,R82683,61707.0,,C001,200,1.46,63923.0,SEC,,82500.0,1977-09-13,12,073W34DA00600,2413,12TH,"SALEM, OR 97302",02520123,RD,"FRIESEN,WILLARD R & DOROTHY C",,,,,H E RABE INVESTMENT CO,"C/O RABE,JAMES",PO BOX 155,,"MEHAMA, OR  97384",,,,,,,,,,2,R82684;R82685
78,R82683,61707.0,,C001,200,0.27,11872.0,SEC,,50000.0,1977-07-26,12,073W34DA00600,2413,12TH,"SALEM, OR 97302",02520122,WD,"BOJE,MILDRED J",,,,,"FRIESEN,WILLARD R & DOROTHY C",,,,,,,,,,,,,,0,
79,R83068,62167.0,,R461,101,0.2,8635.0,003,R31,30450.0,1977-10-10,12,073W34CC07500,215,HANSEN,"SALEM, OR 97302",02421667,WD,"STEPHENSON,ROBERT M & CORDOVA",,,,,"CLARK,DOUGLAS C & M LUCILLE",4596 VIEWCREST RD SO,,,"SALEM, OR  97302",1950.0,872.0,872.0,872.0,,,,,91.0,0,
80,R83178,62492.0,,R461,101,0.12,5400.0,014,R21,36000.0,1977-11-17,14,073W26CD01700,712-714,19TH,"SALEM, OR 97301",02361449,WD,"FOSTER,ETHEL SINES ET AL",,,,,"MC MILLAN,SANDRA Z",524 S 12TH,,,"CORNELIUS, OR  97113",1901.0,1362.0,1362.0,1362.0,,,,,,0,
81,R83586,64172.0,,C001,201,0.33,14423.0,PRIM,O11,118000.0,1977-12-28,12,073W34BA05000,1665,LIBERTY,"SALEM, OR 97302",02830603,WD,Missing Seller Record,,,,,SRJ2 INVESTMENT COMPANY DBA,1010 13TH ST SE,,,"SALEM, OR  97302",1964.0,3912.0,3912.0,3912.0,,,,,,0,
82,R83970,64178.0,,R461,101,0.16,7000.0,003,R47,16900.0,1977-06-16,12,073W34DB04600,2320,CHURCH,"SALEM, OR 97302",06000147,WD,"ERVIN,KATHERINE M",,,,,"ELLIS,LUKE E & LOIS A",1382 CORDON RD SE,,,"SALEM, OR  97301",1930.0,1768.0,1768.0,904.0,864.0,,,576.0,,0,
83,R84568,65008.0,,R411,101,0.17,7308.0,015,R32,23950.0,1977-06-17,18,073W23BB14800,1604,BROADWAY,"SALEM, OR 97301",02770367,WD,"CHIN,MARIE MORRIS",,,,,"FAULHABER,DENNIS M",,,,,1922.0,1352.0,1352.0,872.0,,480.0,,,,0,
84,R84673,65008.0,,R411,101,0.11,4681.0,015,R31,15250.0,1977-01-23,14,073W23BB00400,1511,WINTER,"SALEM, OR 97301",02310262,BS,"CHARLSON,BONNIE",,,,,"BONIFACE,RICHARD M",1511 WINTER STREET NE,MEIER & FRANK SUITE 3,,"SALEM, OR  97301",1910.0,912.0,912.0,912.0,,,,,,0,
85,R84678,65008.0,,C001,C50,0.0,0.0,,Q20,0.0,1977-09-09,10,073W23BB02100,1590,FAIRGROUNDS,"SALEM, OR 97301",02371936,BS,"WALEN,MARLENE B",,,,,"WALEN,DENNIS B",950 FAIR VIEW DR W,,,"SPRINGFIELD, OR  97477",1950.0,1995.0,1995.0,1995.0,,,,,,0,
86,R84953,66189.0,,R641,101,0.2,8800.0,002,R41,10.0,1977-05-23,14,083W10AA01400,1170,DORIS,"SALEM, OR 97302",02220740,QC,"SHEWELL,HARRY & HJMAR H",,,,,"PETERS,CLARISSA CHLOE",4070 BLUFF AVE SE,,,"SALEM, OR  97302",1963.0,1207.0,1207.0,1207.0,,,,,91.0,0,
87,R86040,72307.0,,R421,101,0.17,7600.0,015,M41,42600.0,1977-09-02,12,073W11CC03400,563-565,PLAZA DEL REY,"SALEM, OR 97303",03860242,RD,"VISTO,EVERETT C & MILDRED L",,,,,"POWELL,GILBERT E",563 PLAZA DEL REY NE,,,"SALEM, OR  97303",1960.0,2038.0,2038.0,2038.0,,,,,,0,
88,R86376,73360.0,,C001,C50,0.39,16988.0,014,C63,161000.0,1977-02-09,12,073W14BC09200,650,LOCUST,"SALEM, OR 97301",10550061,RD,"DOUGHERTY,MELBA",<M DUANE RAWLINS INC,617 CHEMEKETA ST NE #210,,"SALEM, OR  97301",M DUANE RAWLINS INC,PO BOX 471,,,"SALEM, OR  97308",1936.0,8194.0,8194.0,8194.0,,,,,,0,
89,R86377,73360.0,,C001,C50,0.3,13068.0,014,C63,10000.0,1977-02-09,12,073W14BC09000,650,LOCUST,"SALEM, OR 97301",02241497,RD,"DOUGHERTY,MELBA",<M DUANE RAWLINS INC,617 CHEMEKETA ST NE #210,,"SALEM, OR  97301",M DUANE RAWLINS INC,617 CHEMEKETA ST NE SUITE 210,,,"SALEM, OR  97301",,,,,,,,,,0,
90,R17758,,,R232,R20,4.07,42577.0,027,X,207000.0,1977-10-12,12,061W35BA04900,725,OAK,"SILVERTON, OR 97381",07580075,DE,"BARBER,WILLIAM M",,,,,"KAUFMAN,MERLE G & SHARON K",2561 PRINGLE RD SE,,,"SALEM, OR  97302",1977.0,59636.0,59636.0,,,,19836.0,,,1,R27952
91,R87611,76865.0,,R421,101,0.1,4200.0,014,R31,27000.0,1977-10-14,12,073W14CC17900,405,RIVER,"SALEM, OR 97301",01991224,WD,"GARZA,RICHARD & CEILY",,,,,"MARTINDALE,MARCEIL",405 RIVER RD NE,,,"SALEM, OR  97303",1949.0,1280.0,1280.0,1280.0,,,,,109.0,0,
92,R87988,77566.0,,R641,101,0.18,7700.0,002,R43V,57950.0,1977-11-15,0,083W02CA11500,1420,AERIAL,"SALEM, OR 97302",01031078,WD,"WHEELER,JOHN M &","WHEELER,NANCY R",,,,"GABBA,ROBERT J &","GABBA,MARIA",1420 AERIAL WY SE,,"SALEM, OR  97302",1964.0,1952.0,1952.0,1952.0,,,,780.0,,0,
93,R88177,78166.0,,R411,101,0.12,5100.0,015,R31,8650.0,1977-03-24,12,073W23AC13900,1565,BAKER,"SALEM, OR 97301",00760425,WD,"DAULTON,RUSSELL T &","DAULTON,RUTH M","<MILLER,MABEL A",1565 BAKER ST NE,"SALEM, OR  97303","MILLER,MABEL A",1565 BAKER ST NE,,,"SALEM, OR  97301",1953.0,780.0,780.0,780.0,,,,,,0,
94,R88857,78505.0,,R361,101,0.16,7138.0,015,R31,25800.0,1977-03-08,12,072W20CB07800,1438,PALACE,"SALEM, OR 97301",02031508,WD,Missing Seller Record,,,,,"HOWARD,MICHAEL G & MARLENE",1438 PALACE DR NE,,,"SALEM, OR  97301",1977.0,1280.0,1280.0,1280.0,,,,,109.0,0,
95,R88857,78505.0,,R361,101,0.16,7138.0,015,R31,30950.0,1977-03-08,12,072W20CB07800,1438,PALACE,"SALEM, OR 97301",02031510,WD,"HOWARD,MICHAEL G & MARLENE",,,,,"MORGAN,PEARL G",1438 PALACE DR NE,,,"SALEM, OR  97301",1977.0,1280.0,1280.0,1280.0,,,,,109.0,0,
96,R89390,78771.0,,C001,201,0.11,5000.0,STD,O11,0.0,1977-06-30,26,073W22AC02200,,,,01820780,RC,"CLAUSSEN,WILLIAM J ET AL",,,,,TREND INDUSTRIES CORP,4305 RIVER ROAD N,,,"SALEM, OR  97303",,,,,,,,,,0,
97,R89505,78771.0,,C001,701,0.1,4140.0,APT.SLM,H91,70000.0,1977-12-01,12,073W22DD04300,757,CENTER,"SALEM, OR 97301",01820821,WD,"BEARDSLEY, FLORENCE ELLEN ET AL",,,,,"ROPPE,JAMES E",1400 NW 2ND AVE,,,"PORTLAND, OR  97232",1873.0,4300.0,4300.0,3276.0,,,1024.0,,,0,
98,R89722,79172.0,,C001,201,0.1,4356.0,3K1,D20,12500.0,1977-03-30,14,073W13BD08600,2020,HIGHWAY,"SALEM, OR 97301",02180652,WD,"SHOLES,WAUNITA JEAN MICHAEL",,,,,LONE OAK DEVELOPMENT CO,17790 FROST RD,,,"DALLAS, OR  97338",2005.0,800.0,800.0,800.0,,,,,,0,
99,R135683,,,,,,,,,0.0,1977-10-18,14,061W36D 01100,0,,,02261092,WD,"GIBSON,THELMA L - ESTATE OF",,,,,"GIBSON,TERRY","GIBSON,TERRY - PERS REP",2222 SW EVERGREEN STREET,,"MILWAUKIE, OR  97222",,,,,,,,,,0,
100,R18135,,,F360,551,31.72,0.0,008CF,A20,53000.0,1977-01-16,18,061W36A 00100,5870,VALLEY VIEW,"SILVERTON, OR 97381",03021133,RC,"<SAMOILOV,MAXIM",,,,,"<SAMOILOV,MAXIM ET AL",5870 VALLEY VIEW,,,"SILVERTON, OR  97381",,,,,,,,,,1,R18136
101,R18370,,,F220,551,10.18,8032.0,035I,A40S,50000.0,1977-11-16,12,062W09  00900,,,,05630234,DE,Missing Seller Record,,,,,"VOLIVA,CLARENCE L ET AL",10250 PORTLAND RD NE,,,"SALEM, OR  97305",,,,,,,,,,1,R57656
102,R91430,83780.0,,C001,201,1.85,80586.0,PRIM,S50,30000.0,1977-08-05,12,073W34CD03000,2910-2970,COMMERCIAL,"SALEM, OR 97302",03000814,WD,"DAULTON,RUSSELL T & RUTH M",,,,,"THOMPSON,RALPH E & LOLETA B",5302 HERMOSA VISTA DR,,,"MESA, AZ  85205",1998.0,23739.0,23739.0,23739.0,,,,,,0,
103,R91481,83780.0,,R461,101,0.22,9747.0,002,R43,60000.0,1977-09-29,12,073W34DC08200,900,FAIRVIEW,"SALEM, OR 97302",04380151,RD,"PORTER,MIKE B & MARTHA M",,,,,"BILBREY,LEE H & ELISABETH A",900 FAIRVIEW AVE SE,,,"SALEM, OR  97302",1963.0,3803.0,3803.0,2003.0,,,1800.0,203.0,,0,
104,R91640,84082.0,,C001,201,0.23,9948.0,STD,K20,0.0,1977-06-30,26,073W22AC02400,854,FRONT,"SALEM, OR 97301",01820796,RC,"CLAUSSEN,WILLIAM J ET AL",,,,,TREND INDUSTRIES CORP,4305 RIVER ROAD N,,,"SALEM, OR  97303",1973.0,3000.0,3000.0,3000.0,,,,,,0,
105,R92075,84832.0,,C001,201,0.12,5400.0,9930,R32,27500.0,1977-11-04,13,073W27CD08100,1325,COMMERCIAL,"SALEM, OR 97302",03201541,WD,"WEAVER,LEXIE",,,,,"DOERKSEN,B JAMES & MARJORIE A",P O BOX 526,,,"SALEM, OR  97308",1912.0,2944.0,2944.0,2244.0,,700.0,,,,0,
106,R92140,84905.0,,R521,101,0.15,6626.0,002,R31,33900.0,1977-03-04,14,083W09DD08400,4874,NINA,"SALEM, OR 97302",00740087,RD,Missing Seller Record,,,,,"BULLOCK,RICHARD W &","BULLOCK,SYBIL S",4874 NINA AV SE,,"SALEM, OR  97302",1972.0,1404.0,1404.0,1404.0,,,,,109.0,0,
107,R18438,,,F220,551,20.48,0.0,008CGI,A60S,21160.0,1977-12-27,21,062W12B 00300,,,,01930875,RD,"REED,CLYDE & VIRGINIA K",,,,,"REED,ROCCO L & CLAUDIA",9783 86TH AVE NE,,,"BROOKS, OR  97305",1983.0,,,,,,,,,0,
108,R18477,,,F220,551,8.22,0.0,OSDA.RUR,A44,40000.0,1977-11-07,0,062W14A 00400,8191,STRATFORD,"SALEM, OR 97305",01020750,WD,Missing Seller Record,,,,,"BAHR,STEVEN H &","BAHR,LAUREEN R",2226 DORSEY DR,,"HUBBARD, OR  97032",1983.0,3144.0,3144.0,1700.0,1444.0,,,529.0,,0,
109,R95669,93420.0,,R461,101,0.11,5000.0,015,R34,11775.0,1977-03-16,18,073W26AA16500,2260,CENTER,"SALEM, OR 97301",02021648,RC,"OREY,DICK L & LOIS A",,,,,"MILLS,PAULINE G",PO BOX 766,,,"NEWPORT, OR  97365",1927.0,2344.0,2344.0,916.0,,532.0,896.0,,109.0,0,
110,R95669,93420.0,,R461,101,0.11,5000.0,015,R34,24000.0,1977-03-17,12,073W26AA16500,2260,CENTER,"SALEM, OR 97301",02021650,WD,"MILLS,PAULINE G",,,,,"CORDRAY,LYLE T",PO BOX 766,,,"NEWPORT, OR  97365",1927.0,2344.0,2344.0,916.0,,532.0,896.0,,109.0,0,
111,R96243,97165.0,,R461,101,0.14,6120.0,002,R32,26500.0,1977-09-29,6,083W03BD01900,3325,WILLA,"SALEM, OR 97302",00970694,WD,"KINCAID,NETTIE M",,,,,"KINCAID,A W JR & MARY M ET AL",6219 14TH AVE NE,,,"SALEM, OR  97303",1948.0,1240.0,1240.0,806.0,,434.0,,,,0,
112,R96279,97315.0,,C001,701,0.42,18382.0,APT.SLM,H11,90000.0,1977-10-05,12,073W26AA15400,2245-2251,BREYMAN,"SALEM, OR 97301",06480392,RD,"PICHA,STANLEY M & ELSIE G",,,,,"PATERSON,THOMAS M & SALLY",3356 HUCKLEBERRY CT S,,,"SALEM, OR  97302",1945.0,3899.0,3899.0,3899.0,,,,,,0,
113,R96281,97315.0,,R461,101,0.09,4125.0,015,R32,15000.0,1977-08-10,12,073W26AA18100,2305,BREYMAN,"SALEM, OR 97301",02251168,RD,"JACKSON,KIMMY L & SUSAN M",,,,,"HANDE,JACK C & MARY E",,,,,1981.0,1026.0,1026.0,728.0,,298.0,,,,0,
114,R96740,99785.0,,C001,701,0.23,9940.0,APT.SLM,H11,114000.0,1977-01-12,12,073W27DD01800,1160-1174,WALLER,"SALEM, OR 97302",05130321,RD,"HOUGHT,GLENN J & VERONA M",,,,,"PETERS,C RONALD & JEAN M",9527 COCHISE PL,,,"SUN LAKES , AZ  85224",1965.0,7208.0,7208.0,7208.0,,,,,,0,
115,R96839,99786.0,,R461,101,0.11,5000.0,002,R21,10000.0,1977-02-28,14,073W34AA09200,1150,WILBUR,"SALEM, OR 97302",02061044,RC,"FREETAG,CLYDE D & RUTH",,,,,Missing Buyer Record,,,,,1925.0,512.0,512.0,512.0,,,,,,0,
116,R96874,99786.0,,R461,121,0.14,6205.0,002,R31,15000.0,1977-01-14,12,073W35BC07800,1340,LEWIS,"SALEM, OR 97302",02331338,WD,"LEWIS,KENNETH O & MARJORIE R",,,,,BISCHOFF-CORNISH INVESTMENT CO,1950 CLEAR LAKE ROAD NE,,,"SALEM, OR  97303",1927.0,648.0,648.0,648.0,,,,,,0,
117,R97673,59426.0,,R635,101,0.16,7020.0,011,R31,38500.0,1977-12-03,14,082W25DD01300,220,6TH,"AUMSVILLE, OR 97325",02211607,RC,"MURDOCK,DENNIS",,,,,"<KORKOW,EDWARD & JERALDINE",PO BOX 7,,,"TURNER, OR  97392",1977.0,1254.0,1254.0,1254.0,,,,,109.0,0,
118,R97768,83932.0,,C005,201,0.33,14200.0,STOWN,O11,11000.0,1977-11-21,12,082W25DC04100,905-955,MAIN,"AUMSVILLE, OR 97325",02600201,WD,"BORCHERS,DONALE & ESTHER ET AL",,,,,"JACKSON,EARL W & OPAL R",3959 39TH ST NE,,,"SALEM, OR  97303",1945.0,3720.0,3720.0,3720.0,,,,,,0,
119,R97901,2281.0,,C006,201,0.05,2204.0,STOWN,S30,25000.0,1977-10-22,12,041W12CD04500,21690,MAIN,"AURORA, OR 97002",03020031,WD,"LONERGAN,PAT & MARJORIE JEAN",,,,,"TAYLOR,MARION M & VERGIE M",P O BOX 302,,,"AURORA, OR  97002",1905.0,2928.0,2928.0,2564.0,,,364.0,,,0,
120,R98249,36015.0,,F617,100,0.15,6500.0,03I,,10000.0,1977-09-17,12,105E01BC09300,215,BOULDER,"DETROIT, OR 97342",04600243,RD,"BLANCHARD,RICHARD & HELEN",,,,,"OGG,JEFFERSON A",PO BOX 412,,,"DETROIT, OR  97342",,,,,,,,,,0,
121,R98386,53614.0,,F617,100,0.22,9750.0,03I,,1600.0,1977-06-09,14,105E01DC04100,260,GUY MOORE,"DETROIT, OR 97342",02071185,WD,"STEVENS,ROBERT E & INA M",,,,,"PENROSE,ERWIN D & CAROL ANN",12970 SW CARMEL,,,"KING CITY , OR  97223",,,,,,,,,,0,
122,R98659,21443.0,,C008,201,0.11,5000.0,5F2,S30,10000.0,1977-04-13,14,041W17CA04600,10760,MAIN,"DONALD, OR 97020",03310563,WD,"CHRISTOPHERSON,VERNON & DOROTHY",,,,,"THOMPSON,WALTER",PO BOX 364,,,"DONALD, OR  97020",1922.0,2354.0,2354.0,2354.0,,,,,,0,
123,R19239,,,C0001,201,0.58,25200.0,STOWN,K20,34000.0,1977-06-27,12,062W30AC01100,7096,PORTLAND,"SALEM, OR 97305",02860276,WD,"SCOTT,ERNEST L & LEONA",,,,,"RATZLOFF,HARRY & HELEN R",BOX 381,,,"TURNER, OR  97392",1981.0,3654.0,3654.0,3654.0,,,,,,0,
124,R99240,32557.0,,R11A,101,0.13,5500.0,025,R31,0.0,1977-06-03,12,052W26AC06300,785,2ND,"GERVAIS, OR 97026",14740189,RD,"HENDERSON,WILLIAM M & ETHEL I",,,,,"WEDDLE,MARY A",11642 WARBLER LN NE,,,"AURORA, OR  97002",2004.0,1134.0,1134.0,1134.0,,,,,109.0,0,
125,R99258,32557.0,,R11A,101,0.11,5000.0,025,R32,15000.0,1977-07-16,18,052W26AD01000,225,JUNIPER,"GERVAIS, OR 97026",03540664,WD,"<JACKSON,VIOLA J",,,,,"<FIET,FRED K","%FIET,FRED K",13918 PORTLAND ROAD NE,,"WOODBURN, OR  97071",1900.0,1250.0,1250.0,842.0,,408.0,,,109.0,0,
126,R99392,32557.0,,R11A,101,0.23,10000.0,025,R22,13500.0,1977-06-30,12,052W26BD03700,620,DOUGLAS,"GERVAIS, OR 97026",03331715,WD,"SEIFER,VIOLA",,,,,"HUNTER,WILLIAM D",S COOS RIVER RT BOX 278,,,"COOS BAY , OR  97420",1910.0,1284.0,1284.0,836.0,,448.0,,,109.0,0,
127,R99618,42570.0,,C00B,201,0.73,32000.0,STOWN,W11,131170.0,1977-12-30,12,041W33AD02800,3540,2ND,"HUBBARD, OR 97032",02061094,BS,"ADAMS,CARL & ARCILLA",,,,,"WALLACE,GERALD H ET AL",P O BOX 423,,,"HUBBARD, OR  97032",1974.0,14380.0,14380.0,14380.0,,,,,,0,
128,R99726,42573.0,,R12B,101,0.23,10000.0,053,R42,0.0,1977-05-11,29,041W33AC09700,3227,4TH,"HUBBARD, OR 97032",00880789,BS,"PULLEY,LESTER (LE)",,,,,"MOOMAW,LUCILLE",PO BOX 183,,,"HUBBARD, OR  97032",1910.0,1584.0,1584.0,1064.0,,520.0,,,,0,
129,R100477,44834.0,,C00D,201,0.21,9088.0,STOWN,E50,18000.0,1977-03-16,12,103W11AD04500,142,MAIN,"JEFFERSON, OR 97352",04680368,WD,"MORE,EDWARD R & BELLE E",,,,,"BAKER,LARRY E",PO BOX 51,,,"JEFFERSON, OR  97352",1999.0,2122.0,2122.0,2122.0,,,,,,0,
130,R100480,44834.0,,D2F,201,0.0,0.0,,R31,17800.0,1977-08-12,12,103W11AD03800,127,FERRY,"JEFFERSON, OR 97352",09240242,WD,"MOORE,EDWARD R & BELLE E",,,,,"EDWARDS,RAY B ET AL",263 RIVERWOOD DR,,,"JEFFERSON, OR  97352",,,,,,,,,,0,
131,R100976,14396.0,,C00F,C90,0.06,2452.0,4J1,Q40,33000.0,1977-08-12,12,061W10BA10000,195,CHARLES,"MT ANGEL, OR 97362",03580582,BS,"WILDE,AMANDA",,,,,"GREGORY,AL J & FRANCES B",12354 W CHURCH RD NE,,,"MT ANGEL , OR  97362",1927.0,2352.0,2352.0,2352.0,,,,,,0,
132,R101188,68897.0,,F4J,201,0.092,4000.0,4J1,S30,61000.0,1977-05-11,14,061W10BA09200,150-190,CHARLES,"MT ANGEL, OR 97362",02301271,RC,"POULSEN,VERA L",,,,,"HANSEN,J K ET AL",,,,,2006.0,33486.0,33486.0,33486.0,,,,,,0,
133,R101196,68897.0,,I00F,308,0.18,8000.0,4J2,I90,15900.0,1977-03-12,12,061W10BA08700,140,PALMER,"MT ANGEL, OR 97362",06610244,WD,"MANION,MAYANNA & DENNIS F",,,,,"WITTMAN,GILBERT R & CAROL M",390 GARFIELD,,,"MT ANGEL , OR  97362",,,,,,,,,,0,
134,R101443,80574.0,,R22H,101,0.06,2625.0,028,,8500.0,1977-06-06,12,061E15DC01100,0,1ST,"SCOTTS MILLS, OR 97375",02031496,WD,"DODGE,WILLIAM A & MYRTLE V",,,,,"GUERRERO,LUIS E & LOIS",PO BOX 67,,,"SCOTTS MILLS , OR  97375",,,,,,,,,,0,
135,R102991,82374.0,,R232,121,0.16,6930.0,019,R34,7000.0,1977-04-27,12,061W35BC10600,413,OAK,"SILVERTON, OR 97381",07090427,WD,"HECKER,FRED P & HILDA E",,,,,"DAVISON,LORINE M",413 OAK ST,,,"SILVERTON, OR  97381",1901.0,1792.0,1792.0,1172.0,,620.0,,632.0,109.0,0,
136,R103006,82374.0,,C002,201,0.07,3015.0,STOWN.MINF,S20,22000.0,1977-06-06,18,061W35BC09300,207,HIGH,"SILVERTON, OR 97381",06910294,WD,"WAHLSTER,F DAVID & VONA L",,,,,"BROXON,CAROL A",222 NO JAMES ST,,,"SILVERTON, OR  97381",1925.0,1860.0,1860.0,1860.0,,,,,,0,
137,R19830,,,F210,451,7.49,0.0,009C,F09,16500.0,1977-10-12,12,063W24C 01700,2095,PERKINS,"SALEM, OR 97303",01910043,RD,"JONES,EMERY & IRENE L",,,,,"CHERRY, EMMA M",7545 RIVER RD NE,,,"SALEM, OR  97303",,,,,,,,,,0,
138,R104957,96612.0,,R624,101,0.37,16117.0,011,R41A,0.0,1977-03-14,29,091W10DC00300,406,6TH,"STAYTON, OR 97383",#97018CCJ,,"BELL,WALTER H & PHYLLIS J (LE)",,,,,"BELL,PHYLLIS J",406 N 6TH AVE,,,"STAYTON, OR  97383",1953.0,2858.0,2858.0,2858.0,,,,,91.0,0,
139,R105575,90525.0,,R61K,101,0.07,3000.0,011,R31Z,0.0,1977-10-18,29,082W29DD04900,5346,ELGIN,"TURNER, OR 97392",04810441,RD,"WOODS,VERNON & LENA (LE)",,,,,TURNER MEMORIAL HOME,PO BX 13,,,"TURNER, OR  97392",1974.0,858.0,858.0,858.0,,,,,109.0,0,
140,R105711,90535.0,,K1D,C80,,,,,4000.0,1977-12-22,3,082W29DB00400,7605,3RD,"TURNER, OR 97392",01861419,RD,BURKLAND LUMBER CO,,,,,TURNER RFPD NO 19,5255 CHICAGO AVE,,,"TURNER, OR  97392",,,,,,,,,,0,
141,R105807,91020.0,,R61K,101,0.37,16117.0,02H,R41,8000.0,1977-09-14,12,082W20DD00500,6890,SUNSET,"TURNER, OR 97392",02290197,RD,"MICKEY,JOHN M & FRANCINE A",,,,,PORTERFIELD STANLEY & CASSLAYNE,5440 VALVIEW DR,,,"TURNER, OR  97392",1981.0,1937.0,1937.0,1937.0,,,,,,0,
142,R105809,91020.0,,R61K,100,0.31,13504.0,02H,,4000.0,1977-09-14,12,082W20DD00600,,SUNSET,"TURNER, OR 97392",05360125,RD,"MICKEY,JOHN M & FRANCINE A",,,,,"PORTERFIELD,STANLEY & CASSLAYNE",6890SUNSET WAY,,,"TURNER, OR  97392",,,,,,,,,,0,
143,R105865,94295.0,,R61K,101,0.21,9000.0,011,R35,11000.0,1977-10-03,12,082W29AB02200,7135,2ND,"TURNER, OR 97392",03070084,WD,"WEBB,M F & ZELLA NADINE",,,,,"WELLS,WALTER B",11123 SHAFF RD SE,,,"AUMSVILLE, OR  97325",2001.0,1492.0,1492.0,744.0,748.0,,,,109.0,0,
144,R105926,1.0,,C003,201,0.05,2268.0,4E2,O11,17500.0,1977-12-02,13,051W18BA01400,255,HAYES,"WOODBURN, OR 97071",03211030,WD,"AHRENS,CLARENCE H & LILLIAN K",,,,,"CORNWELL,CHARLES B & LOU JANE",998 W HAYES ST,,,"WOODBURN, OR  97071",1985.0,902.0,902.0,902.0,,,,,,0,
145,R105949,2581.0,,C003,201,0.07,3250.0,4E2,S30,44000.0,1977-09-14,14,051W18AB04700,575-585,FRONT,"WOODBURN, OR 97071",03231914,WD,"LEVENS,LEROY C & GOLDIE",,,,,SIVAD INVESTMENT CO DBA,561-B PACIFIC HWY,,,"WOODBURN, OR  97071",1900.0,6500.0,6500.0,6500.0,,,,,,0,
146,R106085,10151.0,,R163,101,0.17,7200.0,049,R09S,0.0,1977-08-19,12,051W18BA05900,550,ARTHUR,"WOODBURN, OR 97071",04190417,RD,"DAVIES,MILDRED Z",,,,,"HEMSHORN,EVERETT E",112 N SETTLEMEIER AVE,,,"WOODBURN, OR  97071",1960.0,,,,,,,,,0,
147,R106638,35715.0,,R163,101,0.23,10000.0,049,R09R,15000.0,1977-05-25,12,051W07CB09700,1113,LINCOLN,"WOODBURN, OR 97071",02931351,WD,"MENDEZ,JOSE R & MARIA B",,,,,"PERALES,AUGUSTIN H & JUANITA B",1113 W LINCOLN ST,,,"WOODBURN, OR  97071",1999.0,1188.0,1188.0,1188.0,,,,,,0,
148,R106668,35865.0,,R163,101,0.33,14400.0,049,R31,24000.0,1977-06-06,12,051W07CB09100,1415,LINCOLN,"WOODBURN, OR 97071",09520126,RD,"ROSE,LOTTIE & ROSE,SYLVESTER",,,,,"SIMPSON,MICHAEL V & BARBARA E",1415 WEST LINCOLN ST,,,"WOODBURN, OR  97071",1916.0,1168.0,1168.0,1168.0,,,,,,0,
149,R106948,42420.0,,R163,101,0.24,10500.0,048,R31,19521.0,1977-07-27,14,051W07DA00500,1425,FRONT,"WOODBURN, OR 97071",02631676,RC,"SCHAFFNER,ROMANUS J & KATHLEEN",,,,,"<NANEZ,EMILIO & FRANCIS",1425 N FRONT ST,,,"WOODBURN, OR  97071",1930.0,1230.0,1230.0,1230.0,,,,,109.0,0,
150,R107484,60284.0,,R163,101,0.17,7300.0,049,R31,8000.0,1977-03-31,14,051W18DB13200,647,JULIE,"WOODBURN, OR 97071",02630230,WD,"BJELLAND,E LYLE & JUDY A",,,,,"BJELLAND,ELMER",647 JULIE COURT,,,"WOODBURN, OR  97071",1977.0,1602.0,1602.0,1602.0,,,,,109.0,0,
151,R108359,85832.0,,C003,201,0.49,21307.0,WOOD,L22,125000.0,1977-06-29,12,051W08CD08400,1025,PACIFIC,"WOODBURN, OR 97071",09080122,WD,"GOE,ROSE E",,,,,"LIVESAY,DOUGLAS W & BETTY M ETAL",1025 N PACIFIC HWY,,,"WOODBURN, OR  97071",1975.0,7848.0,7848.0,7848.0,,,,,,0,
152,R108463,89163.0,,R163,101,0.18,7705.0,048,R32,12000.0,1977-05-18,14,051W07DC05300,1010,2ND,"WOODBURN, OR 97071",03690260,WD,"HOWELL,LULU",,,,,"MILLER,LEROY B & JOY L",21717 SW CREEK CT,,,"TUALATIN, OR  97062",1901.0,1727.0,1727.0,1214.0,,513.0,,,,0,
153,R108535,89574.0,,R163,101,0.29,12800.0,048,R31,18500.0,1977-11-30,12,051W07DC01200,961,FRONT,"WOODBURN, OR 97071",02380048,WD,"ADEN,KEITH MONROE & JANENE A",,,,,"ZAJIGALKIN,ONYFRY & FEVRONIA",961 FRONT STREET,,,"WOODBURN, OR  97071",1910.0,1147.0,1147.0,1147.0,,,,,91.0,0,
154,R108539,89574.0,,R163,101,0.13,5800.0,048,R31,23000.0,1977-06-03,12,051W07DC01500,948,1ST,"WOODBURN, OR 97071",02831712,WD,"NELSON,CLAIR K & IRENE M",,,,,"EUDY,WILLIAM H & ANNETTE E",,,,,1992.0,1312.0,1312.0,1312.0,,,,,109.0,0,
155,R108931,99023.0,,C003,201,0.05,2250.0,,G60,9000.0,1977-06-30,12,051W18AB02700,,,,11490169,RD,"MATTSON,ELFA F",,,,,"SAWTELL,ROBERT L-TRUSTEE",PO BOX 277,,,"WOODBURN, OR  97071",,2250.0,2250.0,2250.0,,,,,,0,
156,R108955,99023.0,,C003,201,0.07,3000.0,STOWN.MINA,K10,10000.0,1977-09-15,12,051W18BA09500,151,FRONT,"WOODBURN, OR 97071",02060557,WD,"BRANIGAR,WILLARD P C & MAYDIEN V",,,,,"NEWTON,DEWEY A & PATRICIA",279 HARRISON ST,,,"WOODBURN, OR  97071",1991.0,6854.0,6854.0,6854.0,,,,,,0,
157,R108973,99123.0,,C0003,300,2.48,108029.0,WOOD,,60000.0,1977-10-22,12,051W08A 04400,,,,03401994,RD,"SULLIVAN,DEMPSY D & MARY M",,,,,TRUSS T STRUCTURES INC,2100 N PACIFIC HY,,,"WOODBURN, OR  97071",,,,,,,,,,0,
158,R110677,99800.0,,R163,101,0.11,4900.0,048,R31,22500.0,1977-08-16,12,051W07DB10600,1128,1ST,"WOODBURN, OR 97071",04660335,RD,"HOBBY,MARY L",,,,,"STEVER,STEVE A &","STEVER,BARBARA L",1128 N 1ST ST,,"WOODBURN, OR  97071",1946.0,854.0,854.0,854.0,,,,,,0,
159,M126177,,M019,M721,019,,,,T53,6450.0,1977-04-01,12,082W06  01300,3268,TURNER,"SALEM, OR 97302",,,"BAUHR,LOIS L",,,,,"BOUR,JOHN W & ELDA M",,,,,1971.0,672.0,672.0,672.0,,,,,,0,
160,M126204,,M99355,M753,019,,,,T46,13000.0,1977-07-01,14,052W12BB05700,3507,HAWTHORNE,"WOODBURN, OR 97071",,,"SANDERS,BARBARA J",,,,,Missing Buyer Record,,,,,1975.0,1348.0,1348.0,1348.0,,,,,,0,
161,M127084,,M107,M721,019,,,,T56,18500.0,1977-01-01,14,083W10DD01900,4940,SUNNYSIDE,"SALEM, OR 97302",,,"STREIFF,ERMA L",,,,,Missing Buyer Record,,,,,1975.0,1440.0,1440.0,1440.0,,,,,,0,
162,M127843,,M088,26G,019,,,,T54,29995.0,1977-01-01,14,071W01C 02400,1307,WATER,"SILVERTON, OR 97381",,,"CRUISE,MARY E",,,,,Missing Buyer Record,,,,,1977.0,924.0,924.0,924.0,,,,,,0,
163,M128073,,,F617,019,,,,T54,10770.0,1977-07-23,14,105E02AD06500,130,4TH,"DETROIT, OR 97342",,,"STENSRUD,RAYMOND A & HELEN",,,,,Missing Buyer Record,,,,,1977.0,784.0,784.0,784.0,,,,,,0,
164,M128101,,,F220,049,,,,T66,0.0,1977-09-01,14,062W17AA04100,9371,HALLELUJAH,"SALEM, OR 97305",,,"BURKETT,CLIFFORD E & VELNA E",,,,,Missing Buyer Record,,,,,1978.0,1536.0,1536.0,1536.0,,,,,,0,
165,M128338,,M023,M75M,019,,,,T54,16500.0,1977-02-17,14,063W35CB00500,5355,RIVER,"KEIZER, OR 97303",,,"MOORE,CLIFFORD H & BARBARA E",,,,,Missing Buyer Record,,,,,1977.0,868.0,868.0,868.0,,,,,,0,
166,M132810,,,F330,049,,,,T46,130000.0,1977-02-01,14,051W31B 00300,12490,HOWELL PRAIRIE,"GERVAIS, OR 97026",,,"MOLODITH,AGAFIA",,,,,Missing Buyer Record,,,,,1971.0,1440.0,1440.0,1440.0,,,,,,0,
167,R20938,,,CN02,707,0.0,0.0,,N15,175000.0,1977-04-01,18,071W01C 02400,1307,WATER,"SILVERTON, OR 97381",05160477,RD,"GLENN,JOEL L & DOLORES",,,,,"WELLMAN,RICHARD J",12245 NE WINSTON RD,,,"BORING, OR  97009",1967.0,1225.0,1225.0,1225.0,,,,,,0,
168,R84191,64484.0,,C001,201,0.15,6493.0,ISC,G60,0.0,1977-04-12,25,073W15AD04700,2430,FRONT,"SALEM, OR 97301",15470213,DC,"LEASURE,LAWRENCE & HELEN L",2430 FRONT ST NE,,,"SALEM, OR  97303","LEASURE,HELEN",2430 FRONT NE,,,"SALEM, OR  97303",,,,,,,,,,0,
169,R21483,,,F360,F20,83.31,0.0,008C,,21000.0,1977-08-18,12,071W15  00900,13000,FINLAY,"SILVERTON, OR 97381",05820103,DE,"CLARK,FRED H & MURYLE MIZE",,,,,"GARLOCK,DENNIS V & MARGARET B H",6705 76TH AVE SE,,,"SALEM, OR  97301",,,,,,,,,,5,R21484;R21485;R21499;R21500;R63450
170,R21947,,,F260,551,63.62,0.0,WASTE,A00,72500.0,1977-02-22,15,072W04D 01300,,,,00720888,RD,Missing Seller Record,,,,,"HENDRICKSON,DONALD R &","HENDRICKSON,DORIS B",6262 SILVERTON RD NE,,"SALEM, OR  97305",,,,,,,,,,2,R22717;R22757
171,R22337,,,C00U1,701,0.84,36700.0,APT.SLM,H11,148400.0,1977-12-30,12,072W07BA03800,4002-4014,IBEX,"SALEM, OR 97305",10900165,RD,"FRETWELL,JOSEPH D & MURIEL J",,,,,NATALIE YUK MUI LEE DAVIS-ET AL,PO BOX 12904,,,"SALEM, OR  97309",1963.0,5910.0,5910.0,5910.0,,,,,,1,R22355
172,R135814,,,,,,,,,30000.0,1977-12-13,12,,0,,,01821636,WD,"SCHARER,JEROL L & PATRICIA L",,,,,"GROVE,DANIEL K",32 OAK WAY MALL,,,"EUGENE, OR  97401",,,,,,,,,,0,
173,R22923,,,F260,551,122.78,0.0,OSDA.RUR,A94,45977.0,1977-03-21,12,072W14  00800,2535,82ND,"SALEM, OR 97305",11390072,RD,"BEUTLER,GRETCHEN I",,,,,"BEUTLER,HENRY J & ELSIE M-TRUST",2535 82ND AVE NE,,,"SALEM, OR  97305",1931.0,2144.0,2144.0,1136.0,1008.0,,,1008.0,,0,
174,R22959,,,F260,551,3.09,0.0,OSDA.RUR,A24,0.0,1977-01-05,14,072W15A 00800,7020,LARDON,"SALEM, OR 97305",03000233,WD,"RAWLINS,OTIS D & LOENE E",,,,,"RAWLINS,GERALD S",1165 CHEMEKETA ST NE,,,"SALEM, OR  97301",1972.0,2960.0,2960.0,1480.0,,,1480.0,,,0,
175,R23247,,,CN01,707,3.16,137492.0,,N13,300000.0,1977-12-29,12,072W19BB09200,3825,MARKET,"SALEM, OR 97301",13960611,RD,"RHOADES,GLADYS L",,,,,"DAVIDSON,CAROL K",2016 TRADE ST SE,,,"SALEM, OR  97301",,,,,,,,,,0,
176,R23286,,,C001,201,0.88,38384.0,PRIM,D40,60000.0,1977-06-20,12,072W19BA04900,1922,LANCASTER,"SALEM, OR 97303",03630910,WD,"KING,JOSEPH R",,,,,"WELSH,FRED H",PO BOX 2301,,,"SALEM, OR  97308",1989.0,8537.0,8537.0,8537.0,,,,,,0,
177,R23342,,,C00U1,200,0.28,12246.0,PRIM,,24000.0,1977-10-12,12,072W19CD01500,4090,DENVER,"SALEM, OR 97301",01990847,WD,"BECKTOLD,RAYMOND & ALMA MAE",,,,,<ROTH I G A FOODLINER,918 N FIRST STREET,,,"SILVERTON, OR  97381",,,,,,,,,,0,
178,R24011,,,R36U1,101,0.34,14690.0,014,R32,30000.0,1977-12-05,5,072W30BC00500,3960,AUBURN,"SALEM, OR 97301",03071028,RD,"BEST,JAMES B & HAZEL I",,,,,LANCASTER BIBLE CHURCH,491 LANCASTER DR NE,,,"SALEM, OR  97301",1936.0,874.0,874.0,614.0,,260.0,,,,0,
179,R24182,,,R36U1,101,0.25,10831.0,014,R31,22000.0,1977-06-29,12,072W30DD00500,140,KENWOOD,"SALEM, OR 97301",02081687,WD,"ROSS,MARIE L",,,,,"LEONARD,JAMES D & JULIA ANN",%MR DETTWYLER,140 KENWOOD ST NE,,"SALEM, OR  97303",1949.0,1020.0,1020.0,1020.0,,,,,,0,
180,R24195,,,R36U1,101,0.21,9000.0,014,R31,26950.0,1977-06-16,10,072W30DA09600,190,KENWOOD,"SALEM, OR 97301",03361649,WD,"PATTEN,MILDRED M",,,,,"LAWRENCE,RAYMOND T & CHARLENE",1323 WOODACRE DR SE,,,"SALEM, OR  97302",1951.0,780.0,780.0,780.0,,,,,,0,
181,R24307,,,C00U1,701,1.34,58205.0,APT.SLM,H11,520000.0,1977-04-12,12,072W31BC05000,3839,MEADOWLAWN,"SALEM, OR 97317",11590526,RD,"OHMART,LEE H ET AL",,,,,MEADOWLAWN PROPERTIES ET AL,%MARATHON MANAGEMENT INC,30050 SW TOWN CTR LP W #200,,"WILSONVILLE, OR  97070",1975.0,4197.0,4197.0,4197.0,,,,,,4,R24309;R24311;R24312;R54945
182,R24386,,,F260,451,0.98,0.0,009C,F09S,32500.0,1977-12-15,12,072W32D 04900,5490,MACLEAY,"SALEM, OR 97317",02960459,RD,"BARKER,EARL N & ARLENE",,,,,"SMITH,ALTON D & G LUCILLE",5490 MACLEAY RD SE,,,"SALEM, OR  97301",1970.0,,,,,,,,,0,
183,R24395,,,F260,551,5.01,0.0,OSDA.RUR,A23,0.0,1977-08-26,12,072W32D 03000,5367,MACLEAY,"SALEM, OR 97317",13410689,RD,"WEATHERS,ROGER & REBECCA",,,,,"WINFREY,DORIS A",5367 MACLEAY RD SE,,,"SALEM, OR  97301",1976.0,2112.0,2112.0,2112.0,,,,,,0,
184,R24546,,,F260,641,7.94,0.0,009C,A90,32000.0,1977-03-28,12,072W34C 00700,,,,04020231,WD,"LIVESLEY,FAYE C",,,,,"TAKARA,RICHARD Y",6365 MACLEAY RD SE,,,"SALEM, OR  97301",,,,,,,,,,0,
185,R135879,,,,,,,,,59500.0,1977-07-29,14,,0,,,02591422,WD,"ECKHOUT,CLARA C ET AL",,,,,"OSBOURN,KENNETH & DOROTHY ET AL",1297 SE 37TH AVE,,,"HILLSBORO, OR  97123",,,,,,,,,,0,
186,R25090,,,C00M,201,0.11,4934.0,4K2,S20,0.0,1977-03-05,2,073W02CB04400,4475,RIVER,"KEIZER, OR 97303",02930628,RD,"TRAIN,LUCY T",,,,,"TRAIN,ARTHUR T",RT 6 BOX 746,,,"LAKEVIEW, OR  97630",1975.0,3600.0,3600.0,3600.0,,,,,,0,
187,R25510,,,R26M,101,0.3,13260.0,044,R41,33950.0,1977-05-10,14,073W03DD07600,685,LARRY,"KEIZER, OR 97303",03850374,WD,"NARKAUS,ROLAND J & OMA",,,,,"RICH,RONALD T & RHONDA J",685 LARRY AVE N,,,"SALEM, OR  97303",1955.0,2580.0,2580.0,2580.0,,,,,,0,
188,R25750,,,C00M,201,0.33,14190.0,PRIM,C21,85240.0,1977-10-01,14,073W11BB05200,3857-3859,RIVER,"KEIZER, OR 97303",02620403,RC,"FISH,ERNEST D & JOYCE D",,,,,"<MC FARLAND,B J",3857 RIVER RD N,,,"SALEM, OR  97303",1972.0,2600.0,2600.0,2600.0,,,,,,0,
189,R25902,,,C001,200,2.07,90330.0,SEC,,82500.0,1977-02-07,12,073W12AC03200,4130,PORTLAND,"SALEM, OR 97301",02791883,RD,"MALSTROM,ALMA I",,,,,"MOSER,RONALD E",495 FERRY ST SE,,,"SALEM, OR  97301",,,,,,,,,,0,
190,R26087,,,C001,201,0.89,38596.0,,E50,92000.0,1977-05-01,14,073W12CA03100,3755,PORTLAND,"SALEM, OR 97301",03510336,RC,"HOSLER,DELBERT J & VIRGINIA J",,,,,"<TUCKER,CLAUDE H & SHIRLEY B",1020 LOCKHAVEN DR NE,,,"SALEM, OR  97303",1971.0,5682.0,5682.0,5682.0,,,,,,0,
191,R11221,,,F330,401,0.26,0.0,008N,F09R,16500.0,1977-06-30,14,041W27CD01700,18587,HIGHWAY 99E,"HUBBARD, OR 97032",03680430,WD,"O'BRYANT,WILLAIM P & ELLA",,,,,"GODSY,DAVID E & DEBORHA L",15691 PIERCE RD,,,"MOLALLA, OR  97038",,1188.0,1188.0,1188.0,,,,,,0,
192,R26296,,,R361,101,0.28,12367.0,015,R32,29500.0,1977-05-09,14,073W13CD04900,2196,PARK,"SALEM, OR 97301",00810644,RD,"SIMPSON,DAVID S",,,,,"JACKSON,PATRICIA PEARL &","ALBERT,MARY MARGARET",2196 PARK AV NE,,"SALEM, OR  97301",1946.0,2290.0,2290.0,1030.0,,1260.0,,,109.0,0,
193,R26574,,,C001,201,0.22,9343.0,ISC,K20,54880.0,1977-04-25,12,073W15AA03200,2740,FRONT,"SALEM, OR 97301",09440368,RD,"MCCOLLUM,BETTY JEAN ET AL",,,,,"FITTS,IRA J JR & ELIZABETH A",2740 N FRONT,,,"SALEM, OR  97303",1954.0,3120.0,3120.0,3120.0,,,,,,0,
194,R26765,,,R461,101,0.16,7000.0,015,R31,15500.0,1977-07-14,2,073W23DD05700,679,20TH,"SALEM, OR 97301",02941700,WD,"FERGUSON,KATHRYN A THOMPSON",,,,,"MC CANN,ELVIN E & CAROLE A",1060 21ST ST NE,,,"SALEM, OR  97301",1915.0,1215.0,1215.0,1215.0,,,,,109.0,0,
195,R27193,,,R361,101,0.09,3900.0,015,R31,12000.0,1977-08-09,12,073W24DC10400,962,PARK,"SALEM, OR 97301",07230055,WD,"NICHOLS,VAZEL J",,,,,"RUNYON,JOANN",6630 CONTINENTAL CIRCLE,,,"SALEM, OR  97306",1946.0,768.0,768.0,768.0,,,,,,0,
196,R27334,,,C001,701,0.65,28515.0,APT.SLM,H11,362000.0,1977-06-30,14,073W25AA01600,3233-3295,CENTER,"SALEM, OR 97301",02861103,WD,SIERRA APTS LTD DBA,,,,,"MC FARLAND,A W ET AL",721 HAWTHORNE AVE NE,,,"SALEM, OR  97301",1969.0,15112.0,15112.0,15112.0,,,,,,0,
197,R28317,,,F660,401,1.55,0.0,008S,F09R,33000.0,1977-10-31,12,081W18C 02700,9684,SILVER FALLS,"AUMSVILLE, OR 97325",02710279,RD,"WOLFE,MARI I TSCHAUNER",,,,,"CHAPWESKE,WILLIAM & GERTRUDE",9684 SILVER FALLS HWY,,,"AUMSVILLE, OR  97325",,1585.0,1585.0,1585.0,,,,,,0,
198,R11511,,,R12B,101,0.4,17600.0,053,R31,22500.0,1977-11-23,12,041W33AC01300,3360,7TH,"HUBBARD, OR 97032",04010345,WD,"HILDEBRAND,FRED & ELVA",,,,,"SMITH,MARGERY M",3360 7TH STREET,,,"HUBBARD, OR  97032",1959.0,744.0,744.0,744.0,,,,,,0,
199,R28608,,,CK05,301,0.91,39688.0,OSI,K20,35000.0,1977-09-29,12,081W30C 01000,9613,MILL CREEK,"AUMSVILLE, OR 97325",09440457,RD,"DUVALL,E L VERN & ROSETTA V",,,,,PELTIER REAL ESTATE CO,PO BOX 1,,,"CORVALLIS, OR  97330",1992.0,9768.0,9768.0,9768.0,,,,,,0,
200,R11630,,,F330,401,3.89,0.0,008N,F32,13000.0,1977-05-17,15,041W34CC00300,17667,PAINTER,"HUBBARD, OR 97032",00830174,WD,Missing Seller Record,,,,,"JACKSON,JEANNE D &","HANNAFORD,DOANLD C &","HANNAFORD,GLADYS F",PO BOX 319,"HUBBARD, OR  97032",1932.0,1440.0,1440.0,1060.0,,380.0,,,,2,R11631;R62516
201,R29842,,,F660,401,2.0,0.0,009S,,3200.0,1977-02-24,13,082W15C 00800,,,,03290635,RD,"HUDDLESTON,DONALD D & RUTH N",,,,,"THOMPSON,G BILL & DELENA ANN",6597 LIPSCOMB ST,,,"SALEM, OR  97301",,,,,,,,,,0,
202,R30054,,,F460,641,5.42,0.0,009S,A94,48500.0,1977-05-10,12,082W19A 00600,4045,AMERICA,"SALEM, OR 97317",09880077,WD,"FROESCHLE,EDWARD J & OPAL I",,,,,"MILES,THOMAS B & ROMANA D",6062 COATES DRIVE SE,,,"SALEM, OR  97301",2004.0,2111.0,2111.0,2111.0,,,,2111.0,,0,
203,R30281,,,F660,401,4.76,0.0,008S,F34,42000.0,1977-08-24,12,082W23C 01300,6923,76TH,"SALEM, OR 97317",02940357,WD,"WATKINS,R C & MADGE Y",,,,,"SHRABEL,DAVID T & PATRICIA A",7732 MACLEAY RD SE,,,"SALEM, OR  97301",1944.0,2608.0,2608.0,1904.0,,704.0,,884.0,109.0,0,
204,R30597,,,F660,401,2.0,0.0,008S,F00S,4000.0,1977-02-24,12,082W26D 03900,7876,POET,"AUMSVILLE, OR 97325",02850426,RD,"POET,HELEN",,,,,"DAVIDSON,HOMER J JR &","DAVIDSON,COSETTE",7876 POET RD SE,,"AUMSVILLE, OR  97325",,,,,,,,,,0,
205,R30611,,,F660,551,21.96,0.0,008SI,A30,32940.0,1977-08-30,12,082W26D 00100,,,,14230224,RD,"SCHAEFER,RICHARAD D & RUTH E",,,,,"DYK,BERNICE",8604 OLNEY SE,,,"SALEM, OR  97301",,,,,,,,,,0,
206,R30743,,,F460,451,4.99,0.0,008S,R45,20000.0,1977-11-22,12,082W28D 01300,7882,DEWDOCK,"TURNER, OR 97392",02240921,WD,"NEELEY,KEITH G & FRANCES A",,,,,"PETERSEN,LESLIE V & EVA",4391 HENNIES ROAD SE,,,"TURNER, OR  97302",1993.0,1642.0,1642.0,1156.0,486.0,,,,,0,
207,R11751,,,F330,451,,,,A94A,0.0,1977-08-24,2,041W27  01200A1,13631,STAUFFER,"HUBBARD, OR 97032",02811559,BS,"STAUFFER,NORMAN & NORMA ET AL",,,,,"STAUFFER,ELMER R & ANNA M (LE)",13851 STAUFFER RD NE,,,"HUBBARD, OR  97032",1900.0,1650.0,1650.0,1110.0,540.0,,,,,0,
208,R30876,,,F460,641,4.81,0.0,008S,A90,12500.0,1977-04-28,12,082W29B 00300,7211,5TH,"TURNER, OR 97392",07820439,WD,"WILLOUGHBY,LEVONE M",,,,,"HARDING,JAMES H & IRENE E",4991 DELANEY RD SE,,,"SALEM, OR  97301",,,,,,,,,,1,R30877
209,R31061,,,F460,580,45.54,0.0,02JG,A90,108123.0,1977-03-31,12,082W32A 00500,,,,13550626,RD,"WIPPER,IRA B",,,,,"WIPPER,WALLACE & CAROLINE ET AL",5270 14TH PL S,,,"SALEM, OR  97306",,,,,,,,,,5,R31062;R31069;R105919;R105920;R105921
210,R31267,,,C001,301,,,,O11,75000.0,1977-10-01,14,083W01BC02700A1,3421,25TH,"SALEM, OR 97302",01891562,PURGED,"ELFSTROM,ROBERT L",,,,,"<STEKETEE,C H ET AL",609 WINTER ST NE,,,"SALEM, OR  97301",1968.0,4272.0,4272.0,4272.0,,,,,,0,
211,R31424,,,R56U1,491,1.62,0.0,005,R47,4000.0,1977-10-22,21,083W05DD01800,4020,CROISAN CREEK,"SALEM, OR 97302",01010785,RD,"SAUNDERS,OLIVE S MALLERY",,,,,"WARD,HARVEY B & KATHRYN S",,,,,1979.0,1728.0,1728.0,960.0,384.0,,384.0,576.0,,0,
212,R136051,,,,,,,,,33500.0,1977-03-28,12,083W10AD10000,0,,,04140387,WD,"RAYBURN,DALE & VIOLET H",,,,,"STRAWN,A RAYMOND ET AL",2419 EVERGREEN ST NE,,,"SALEM, OR  97303",,,,,,,,,,0,
213,R32199,,,R651,491,0.51,0.0,005,,4000.0,1977-11-10,12,083W12C 01400,,,,03081287,RD,"DRAGER,DOUGLAS MAYNARD JR",,,,,"NICHOLSON,JAMES H III & SUSAN G",4585 27TH AVE SE,,,"SALEM, OR  97302",,,,,,,,,,0,
214,R11908,,,F210,551,12.0,0.0,OSDA.RUR,A74,25000.0,1977-11-10,12,042W01D 00800,9118,CHAMPOEG,"AURORA, OR 97002",03030422,RD,"FREEMAN,HOWARD O & DORIS E",,,,,"ITEL,DAVID H & LINDA M",9118 CHAMPOEG RD NE,,,"AURORA, OR  97002",1990.0,1454.0,1454.0,1454.0,,,,,,0,
215,R32719,,,R561,101,0.27,11671.0,002,R41,28156.0,1977-06-02,14,083W23BB03500,1390,MADRAS,"SALEM, OR 97306",03800049,RD,"ZAHL,MARIE E",,,,,"CHARNHOLM,WILLIAM H & BETTY J",1390 MADRAS SE,,,"SALEM, OR  97306",1968.0,1498.0,1498.0,1498.0,,,,,91.0,0,
216,R32722,,,C001,701,0.77,33541.0,APT.SLM,H11,195000.0,1977-10-31,12,083W23BA00800,1622-1624,MADRAS,"SALEM, OR 97306",04370470,RD,"HOLMES,KENNETH A ET AL",,,,,"CLARK,EDWARD L JR 30% &","ROGERS,BARNES D 30% &","JESSUP,ROBERT G 10% &",1160 LIBERTY ST SE,"SALEM, OR  97302",1975.0,2502.0,2502.0,2502.0,,,,,,4,R32723;R32724;R32727;R32728
217,R35160,,,F460,551,46.9,0.0,008S,A30,35000.0,1977-05-25,12,092W07  01100,,,,01850972,RD,"THORNTON,DONALD A",,,,,"MOORE,HAROLD D &","MOORE,WINNIE J",10633 SUMMIT LP SE,,"TURNER, OR  97392",,,,,,,,,,1,R35166
218,R35637,,,F610,551,6.94,0.0,OSDF.RUR,A24,15000.0,1977-06-30,12,092W24  02000,9327,STAYTON,"AUMSVILLE, OR 97325",14690358,RD,"STANLEY,HARRY B & GLADYS",,,,,"STANLEY,PAUL R","<DOSSEY,KELSEY & CAROLYN",9327 STAYTON RD,,"AUMSVILLE, OR  97325",1978.0,1652.0,1652.0,1652.0,,,,,91.0,0,
219,R35948,,,F420,451,1.38,0.0,008S,F09R,14000.0,1977-07-23,12,092W33A 03100,6368,STAYTON,"TURNER, OR 97392",02710967,WD,"WATTERS,LEONARD L & MAXINE V",,,,,SANTIAM MOBILE HOMES DBA,6398 STAYTON RD SE,,,"TURNER, OR  97392",1990.0,1296.0,1296.0,1296.0,,,,,,0,
220,R35985,71454.0,,F420,401,0.76,0.0,010,F09R,4000.0,1977-11-09,3,092W33BA03900,5938,STAYTON,"TURNER, OR 97392",03431121,DE,"ADMINISTRATOR,ADULT & FAMILY",,,,,"ADAMS,NAOMI V",5948 STAYTON RD,,,"TURNER, OR  97392",,1539.0,1539.0,1539.0,,,,,,0,
221,R36133,,,F420,401,1.67,0.0,009S,F43,15000.0,1977-05-24,14,093W04D 04100,9860,STONECREST,"SALEM, OR 97306",01891000,RC,"O'NEILL,EDWARD P & MARJORIE L",,,,,"<NEMECEK, THOMAS W & MARGARET A",9902 STONECREST DR S,,,"SALEM, OR  97302",1989.0,1404.0,1404.0,1404.0,,,,1404.0,110.0,0,
222,R36255,,,F420,401,2.63,0.0,009S,F53R,9500.0,1977-06-15,36,093W10D 02500,10795,SUNNYSIDE,"JEFFERSON, OR 97352",05950310,WD,"JOHNSON,CHARLENE ET AL",,,,,"GETTIS,CORRINE",2980 KNOX ST NE,,,"SALEM, OR  97301",1993.0,3578.0,3578.0,1789.0,,,1789.0,,,1,R36259
223,R36421,,,F420,551,5.0,0.0,OSDF.RUR,A23,72000.0,1977-09-09,12,093W22A 00200,1389,ANKENY HILL,"JEFFERSON, OR 97352",09340453,WD,"HUDDLESTON,JOHN D",,,,,"STEELE,KENNETH G",62525 DENNY SCHOOL ROAD,,,"LEBANON, OR  97355",1920.0,1744.0,1744.0,1144.0,,,600.0,544.0,,0,
224,R37052,,,R61D,121,1.0,0.0,02JA,R32,55000.0,1977-08-29,12,103W02DD00400,868,2ND,"JEFFERSON, OR 97352",02730242,WD,"GLEASON,ROLAND & GENIELLE ET AL",,,,,"BRADLEY,N D & PEARL E",P O BOX 173,,,"JEFFERSON, OR  97352",1948.0,2331.0,2331.0,1707.0,,624.0,,,109.0,0,
225,R37153,,,R61D,101,0.36,15671.0,011,R31W,8500.0,1977-08-25,14,103W11DA02700,506,MAIN,"JEFFERSON, OR 97352",02051293,WD,"HAMMACK,PAULINE ETAL",,,,,"BARNES,MICHAEL H & ELIZABETH J",PO BX23,,,"JEFFERSON, OR  97352",1901.0,1067.0,1067.0,1067.0,,,,,109.0,0,
226,R37314,,,F410,550,4.59,0.0,033I,A60,0.0,1977-12-01,9,103W13B 00300,0,,,03260743,WD,"WELLS,JOHN WESLEY & JANICE MARIE",,,,,"WELLS,LARRY",3080 JEFFERSON-SCIO RD SE,,,"JEFFERSON, OR  97352",,,,,,,,,,0,
227,R37796,,,F360,641,19.78,0.0,008C,A90,0.0,1977-02-02,12,061E29D 00500,17414,SOUTH ABIQUA,"SILVERTON, OR 97381",02631540,WD,"WORKMAN,BENARE H & DONNA",,,,,"HARROP,ROBERT F & SHARON P",17414 SO ABIQUA RD NE,,,"SILVERTON, OR  97381",,,,,,,,,,1,R37797
228,R38015,,,F360,451,2.77,0.0,008C,F45,20000.0,1977-12-08,14,061E33  00800,5253,TIMBER TRAIL,"SILVERTON, OR 97381",03770454,RD,"HALE,BRUCE M & MAXINE H",,,,,"LINDLAND,STEVEN R &","LINDLAND,KATHLEEN",5253 TIMBERTRAIL NE,,"SILVERTON, OR  97381",1982.0,1836.0,1836.0,1088.0,748.0,,,,,0,
229,R38083,,,F360,401,2.6,0.0,008C,F57W,12000.0,1977-06-01,12,061E34  01300,18485,SOUTH ABIQUA,"SILVERTON, OR 97381",06560358,WD,"PICKENS,PEARL & PICKENS,DOROTHY",,,,,"EVANSIZER,RICHARD J & GRACE S",3211 HARLAN DR,,,"REDDING, CA  96003",2004.0,3825.0,3825.0,1670.0,496.0,,1659.0,,,0,
230,R38217,,,F360,451,10.0,0.0,008C,,20000.0,1977-01-05,12,071E01C 01400,3963,BRIAR KNOB,"SCOTTS MILLS, OR 97375",03330458,RD,DAN BUNN INC,,,,,"RAMIG,JOHN F",PO BX 703,,,"SILVERTON, OR  97381",,,,,,,,,,1,R38218
231,R38352,,,F360,641,8.93,0.0,008C,A90,0.0,1977-06-03,12,071E06D 00901,16055,STORMY,"SILVERTON, OR 97381",03100866,RD,GOLDON WEST LAND CO-PARTNERSHIP,,,,,"NADEAU,JAMES A & SHIRLEY M",10372 PONDER ST,,,"CYPRESS, CA  90630",,,,,,,,,,1,R38353
232,R38356,,,F360,540,4.9,0.0,008C,A90,0.0,1977-06-03,12,071E06D 01000,,,,02941775,WD,GOLDEN WEST LAND CO-PRTNRSHP,,,,,"CASTLE,LAWRENCE A ET AL",6350 CASCADE HWY NE,,,"SILVERTON, OR  97381",,,,,,,,,,1,R38357
233,R38399,,,F360,451,7.53,0.0,008C,,0.0,1977-06-03,12,071E06B 00700,15645,QUALL,"SILVERTON, OR 97381",03180781,WD,GOLDEN WEST LAND CO,,,,,"GRIFFIN,GEROLD LEROY & JANET A",15645 QUALL RD NE,,,"SILVERTON, OR  97381",,,,,,,,,,1,R38400
234,R38754,,,F360,451,9.0,0.0,008C,F21,39900.0,1977-10-18,12,071E16  01100,2150,SILVER FALLS,"SILVERTON, OR 97381",13230136,RD,"SCHAFER,JANELL E",,,,,"WILLIAMS,JEFFRY L & CHRISTINE C",2150 SILVER FALLS DR,,,"SILVERTON, OR  97381",1970.0,1115.0,1115.0,995.0,,120.0,,,109.0,0,
235,R39207,,,F360,660,80.0,0.0,TCVACANT,A90,42000.0,1977-03-15,12,071E36  01200,,,,03001581,RD,"PORTER,CLAY & FRANCES M",,,,,"SACHER,ARTHUR L & ELIZABETH J",207 JEROME AVE,,,"SILVERTON, OR  97381",,,,,,,,,,0,
236,R12677,,,F330,551,5.08,0.0,OSDA.RUR,A24,25000.0,1977-04-15,12,051W05B 02300,10749,CROSBY,"WOODBURN, OR 97071",05420081,RD,"KOCHER,MARIE J",,,,,"BRENTANO,DUANE A &","BRENTANO,SANDRA Y",10749 CROSBY RD NE,,"WOODBURN, OR  97071",1988.0,1910.0,1910.0,1910.0,,,,,,0,
237,R12704,,,F330,551,5.08,0.0,OSDA.RUR,A64,70000.0,1977-12-20,12,041W32  01800,17381,BOONES FERRY,"HUBBARD, OR 97032",03430645,RD,"HAMMACK,JOHN &","HAMMACK,MARY E",2097 HETHER WY,,"WOODBURN, OR  97071","KUZMIN,MARTIN &","KUZMIN,ANNA",17381 BOONES FERRY RD NE,,"HUBBARD, OR  97032",1973.0,3168.0,3168.0,3168.0,,,,,,0,
238,R40987,,,F620,640,256.87,0.0,TCVACANT,A90,200000.0,1977-12-31,36,092E17  00700,,,,05810358,DE,"WEBKING,YVONNE C ET AL",,,,,BIG SIX LTD DBA,PO BX 1819,,,"EUGENE, OR  97401",,,,,,,,,,3,R41186;R41187;R41206
239,R41102,,,F620,451,1.95,0.0,03PA,F09S,34000.0,1977-08-04,18,092E18A 00700,11154,GOPHER,"LYONS, OR 97358",03750091,WD,"HOLMES,RICHARD L & LOIS A",,,,,"LOWMAN,WILLIAM B & SHIRLEY A",11154 GOPHER LANE,,,"LYONS, OR  97358",1997.0,,,,,,,,,0,
240,R42065,,,F630,640,3.25,0.0,TCVACANT,A90,15000.0,1977-04-05,15,094E29DA00800,,,,00801380,WD,Missing Seller Record,,,,,"BARNHARDT,DAVID H & CARMEN E",35960 N SANTIAM HWY,,,"GATES, OR  97346",,,,,,,,,,1,R56205
241,R42163,,,02E,F30,,,,R11,75000.0,1977-01-04,0,097E20  00100G7,,,,02640458,RC,"HALSETH,WAYNE",,,,,"<BEYER,RALPH J & LORRAINE I",STAR RT,,,"DETROIT, OR  97342",,200.0,200.0,200.0,,,,,,0,
242,R42203,,,F617,100,0.09,4000.0,03L,,15000.0,1977-12-12,12,105E01CD03400,430,DETROIT,"DETROIT, OR 97342",05450144,WD,"ALLEN,ARLENE W ET AL",,,,,"ENERY,ADRIAN C JR",P O BOX 439,,,"AUMSVILLE, OR  97325",,,,,,,,,,0,
243,R42219,,,F617,101,0.23,10212.0,03I,R09R,0.0,1977-03-15,18,105E01CD02000,220,MEYER,"DETROIT, OR 97342",02430091,RC,"<SILVIS,CHARLES T & LINDA J",,,,,"<HOWRY,JOHN A & BERNA D",PO BX 438,,,"DETROIT, OR  97342",,1430.0,1430.0,1430.0,,,,,,0,
244,R43149,5532.0,,04H,401,,,,F31,2500.0,1977-10-20,14,062W17AA00200B8,9388,HOPE,"SALEM, OR 97305",02621089,RD,"GAINES,ZELMA",,,,,"MORRIS,ULYSSES G & MARJIE C",BOX BB,,,"MYRTLE CREEK , OR  97457",1946.0,1124.0,1124.0,1124.0,,,,,,0,
245,R43557,7886.0,,R36U1,101,0.15,6418.0,015,R31,10.0,1977-07-30,14,072W29CD01200,4872,FONTANA,"SALEM, OR 97317",02140311,WD,LLOYD A WEIGEL CONSTRUCTION INC,,,,,"WEIGEL,LLOYD A & JUANITA R",7897 WHEATLAND RD NE,,,"SALEM, OR  97303",1975.0,1012.0,1012.0,1012.0,,,,,,0,
246,R44697,12390.0,,M7606,161,0.19,8450.0,062,R09,31000.0,1977-08-31,12,031W33CC02700,23540,MEADOW,"AURORA, OR 97002",02081722,WD,"KELLEY,STANLEY E & RUBY",,,,,"FELLOWS,FRANK & MARITA",,,,,,,,,,,,,,0,
247,R46074,15903.0,,R36U1,101,0.14,5952.0,015,R31,33500.0,1977-10-12,14,072W08BB10200,4778,MALL,"SALEM, OR 97305",02280146,WD,"DIETZ,ARTHUR C & AMY L",,,,,"SWIFT,ROBERT J & SUZANNE",1453 DOAKES FERRY ROAD NW,,,"SALEM, OR  97304",1975.0,1133.0,1133.0,1133.0,,,,,109.0,0,
248,R46150,15908.0,,R31U1,101,0.38,16554.0,002,R31,13500.0,1977-04-14,12,072W05CC02200,4509,47TH,"SALEM, OR 97305",07520243,RD,B D J INVESTMENTS DBA,,,,,"MARTIN,T FRED & FREDA G",1930 HAMPDEN LN NE #40,,,"SALEM, OR  97305",1973.0,1008.0,1008.0,1008.0,,,,,,1,R82465
249,R46283,17401.0,,F360,451,2.03,0.0,008C,F42,0.0,1977-02-08,14,061E16D 00200,18479,MT ANGEL SCOTTS MILLS,"SCOTTS MILLS, OR 97375",02400766,BS,"NEWTON,HARRY & SOPHIE",,,,,"NEWTON,ROBERT F",18479 MT ANGEL RD,,,"SCOTTS MILLS , OR  97375",1901.0,3384.0,3384.0,1692.0,1692.0,,,,,0,
250,R47339,23325.0,,R41U1,101,0.19,8160.0,015,R31,35325.0,1977-11-17,12,072W31AA01000,4607,ADOBE,"SALEM, OR 97317",03190022,WD,"WILSON,EDDIE L",,,,,"SELLS,THOMAS R & BABETTE",166 44TH AVE SE,,,"SALEM, OR  97301",1977.0,1305.0,1305.0,1305.0,,,,,109.0,0,
251,R47345,23325.0,,R41U1,101,0.19,8084.0,015,R31,34577.0,1977-08-02,12,072W31AA02200,365,46TH,"SALEM, OR 97317",02890361,WD,"WILSON,EDDIE L",,,,,"DOUGLAS,MARY L",165 44TH AVE NE,,,"SALEM, OR  97301",1977.0,1354.0,1354.0,1354.0,,,,,109.0,0,
252,R47348,23325.0,,R41U1,101,0.22,9400.0,015,R31,34340.0,1977-09-13,12,072W31AA05300,4546,MAHRT,"SALEM, OR 97317",02921344,RD,"WILSON,EDDIE L",,,,,"EVENHUS,MELFORD L & PHYLLIS E",4546 MAHRT AVE SE,,,"SALEM, OR  97317",1977.0,1316.0,1316.0,1316.0,,,,,109.0,0,
253,R13408,,,R16U3,101,0.51,0.0,006,R31,16500.0,1977-05-05,12,051W17BA03200,1554,BLAINE,"WOODBURN, OR 97071",08090301,WD,"DUKE,ISABELL M ET AL",,,,,"UPPENDAHL,GARY & GAYLE",343 UPPER LAKE RD,,,"LAKE SHERWOOD , CA  91361",1937.0,1148.0,1148.0,1148.0,,,,,,0,
254,R47913,28533.0,,R24M,101,0.22,9775.0,003,M41,44000.0,1977-08-26,14,063W26CA05200,709-711,DELTA,"KEIZER, OR 97303",00931581,WD,Missing Seller Record,,,,,"ALLSOP,DOUGLAS G & VIOLET M",700 SUMMER ST NE,,,"SALEM, OR  97310",1976.0,1888.0,1888.0,1888.0,,,,,108.0,0,
255,R47953,29133.0,,F260,451,0.28,12350.0,009C,F41,39000.0,1977-08-31,14,072W08DD00900,5391,LARDON,"SALEM, OR 97305",00940230,WD,"PEDERSON,GARY C &","PEDERSON,DELORES IRENE",5766 59TH CT SE,,"SALEM, OR  97301","MYERS,GARY A &","MYERS,SUSAN J",5391 LARDON RD NE,,"SALEM, OR  97303",1972.0,1510.0,1510.0,1510.0,,,,,,0,
256,R48412,31345.0,,F260,401,0.42,0.0,009C,F41,50500.0,1977-10-21,12,072W21DC01800,1031,62ND,"SALEM, OR 97317",07070085,RD,"<CARLSON,ROBERT & ELSIE E",,,,,"CARLSON,ROBERT & ELSIE E",1031 62ND CT NE,,,"SALEM, OR  97305",1972.0,1509.0,1509.0,1509.0,,,,,,0,
257,R48711,34335.0,,R41U1,101,0.17,7200.0,015,R31,32950.0,1977-05-11,14,072W31DD03500,4585,BLUE SKY,"SALEM, OR 97317",01900311,WD,CORBETT LAND & CATTLE CO,,,,,"ZAVALA,ALICIA",4585 BLUE SKY CT SE,,,"SALEM, OR  97301",1977.0,1278.0,1278.0,1278.0,,,,,109.0,0,
258,R13554,,,R163,101,0.56,24394.0,006,R32,35000.0,1977-04-16,12,051W18AD03800,751,YOUNG,"WOODBURN, OR 97071",09580012,RD,"RAMSEY,WALTER D & LORETTA E",,,,,"GRIGORIEFF,PETER S & CHERYL",751 YOUNG ST,,,"WOODBURN, OR  97071",1910.0,1604.0,1604.0,1048.0,,556.0,,,,0,
259,R50613,42621.0,,CW001,301,1.0,43490.0,OSI,W41,7000.0,1977-10-05,12,062W18D 01400,1826,HUFF,"SALEM, OR 97303",02181785,WD,"HUFF,LEWIS B & DORIS J",,,,,"DACHENHAUSEN,FRANK & THELMA",KERNVILLE STAR RT BX 338,,,"LINCOLN CITY , OR  97367",,0.0,0.0,0.0,,,,,,0,
260,R50987,44224.0,,F220,451,3.0,0.0,042,F21,0.0,1977-06-30,12,042W25  02800,9033,BROADACRES,"AURORA, OR 97002",12470057,WD,"MURPHY,GORDON & MURIEL V",,,,,"CLARK,JIM & MARY",P O BOX 17492,,,"PORTLAND, OR  97217",1930.0,1040.0,1040.0,1040.0,,,,,,0,
261,R52533,49251.0,,F260,401,0.16,7137.0,030,F21,5900.0,1977-08-17,12,062W30DA04800,4403,DOVER,"SALEM, OR 97305",02871433,WD,TILLMAN & BOOTH INC,,,,,"TUFTESKOG,MELVIN O & MABEL E",,,,,1954.0,1157.0,1157.0,1157.0,,,,,,0,
262,R52606,49401.0,,R41U1,121,0.09,3920.0,014,R22,0.0,1977-08-19,18,072W31BB00300,3950,LA BRANCH,"SALEM, OR 97317",06180127,WD,"IGLEHEART,J H",,,,,"BOHANAN,RAYMOND B & BARBARA J",1525 MCCOY AVE NE,,,"SALEM, OR  97303",1940.0,1000.0,1000.0,740.0,,260.0,,,,0,
263,R52908,49934.0,,R32U1,101,0.17,7200.0,002,R41,43750.0,1977-02-07,12,072W06CA08400,4687,TREESIDE,"SALEM, OR 97301",04230051,WD,DONALD R SATTER DBA,,,,,"MAXWELL,KEITH R & BARBARA L",4687 TREESIDE DR NE,,,"SALEM, OR  97305",1976.0,1734.0,1734.0,1734.0,,,,,,0,
264,R53691,53764.0,,F660,400,0.11,0.0,009S,,17000.0,1977-02-15,12,082W02AD01300,,,,03310438,DE,"<MATLOCK,R D & GLORIA ANN",,,,,"BELLO,BEN A",PO BX12648,,,"SALEM, OR  97309",,,,,,,,,,1,R136730
265,R54702,57693.0,,R24M,101,0.18,8000.0,003,R41,47950.0,1977-02-07,12,063W36BB01300,6344,JAYMAR,"KEIZER, OR 97303",05460151,WD,DON SATTER CONSTRUCTION CO,,,,,"WHITEHOUSE,ALVIN E & LAVONNE T",6344 JAYMAR DR NE,,,"SALEM, OR  97303",1976.0,1974.0,1974.0,1974.0,,,,,,0,
266,R54708,57693.0,,R24M,101,0.18,8000.0,003,R45,48950.0,1977-02-07,12,063W36BA04900,2335,MANZANITA,"KEIZER, OR 97303",01850528,WD,"SATTER, DONALD R",,,,,"SPEASL,LARREY J & GERALDINE T",2968 MARKET ST NE,,,"SALEM, OR  97301",1976.0,1980.0,1980.0,1130.0,850.0,,,,,0,
267,R55114,58223.0,,R41U1,101,0.36,15500.0,015,R31,14500.0,1977-05-24,12,072W31AC07300,4351,MACLEAY,"SALEM, OR 97317",03020508,WD,"ARNOLD,JAMES M",,,,,"ROSE,SILAS G & E MARIE",,,,,1920.0,1535.0,1535.0,1535.0,,,,,,0,
268,R55776,61012.0,,R32U1,101,0.16,6860.0,002,R41,10.0,1977-01-19,14,072W06CC02600,3869,WILMA,"SALEM, OR 97305",02480910,WD,"WYANT,CHARLES E JR ETAL",,,,,"WYANT,DONALD R JR & DEBRALEE M-",974 CASCADE DR NW,,,"SALEM, OR  97304",1977.0,1416.0,1416.0,1416.0,,,,,91.0,0,
269,R55804,61012.0,,R32U1,101,0.16,7100.0,002,R41,42000.0,1977-01-19,6,072W07BB00400,4428,GLADYS,"SALEM, OR 97305",01981541,RD,"WYANT,CHARLES E JR ETAL",,,,,"WYANT,CHARLES E JR ETAL",1839 LANCASTER DR NE,,,"SALEM, OR  97303",1978.0,1508.0,1508.0,1508.0,,,,,91.0,0,
270,R57269,67892.0,,C00M,201,0.27,11786.0,4K2,S10,45000.0,1977-07-26,14,073W03AB01000,711,CHEMAWA,"KEIZER, OR 97303",03800479,WD,"CRADER,LINN A",,,,,"BRAY,GENE D",711 CHEMAWA RD N,,,"SALEM, OR  97303",1944.0,3753.0,3753.0,3753.0,,,,,,0,
271,R57299,67892.0,,R21M,101,0.4,17223.0,044,R22,0.0,1977-12-10,29,063W34DD01900,5152,NEWBERG,"KEIZER, OR 97303",01060169,RD,"DAVIDSON,AUDREY M (LE)",,,,,"DELAPP,MYRTLE LUCILLE",700 SALEM HEIGHTS AVE S,,,"SALEM, OR  97302",1940.0,992.0,992.0,812.0,,180.0,,,109.0,0,
272,R14449,,,F220,401,2.91,0.0,008N,F45,11600.0,1977-03-31,12,052W02D 00900,16555,BUTTEVILLE,"WOODBURN, OR 97071",03651326,WD,"WILMES,WILFORD & AGNES",,,,,BAKER & BROWN HOMES DBA,2874 NEWBURG HWY,,,"WOODBURN, OR  97071",1992.0,2367.0,2367.0,1456.0,911.0,,,,,0,
273,R58239,70554.0,,F260,551,9.5,0.0,OSDA.RUR,A95,45000.0,1977-04-18,12,042W24  01100,19638,CASE,"AURORA, OR 97002",02431760,WD,"REMINGTON,ROBERT R & ELNORA",,,,,"TELSCHOW,KENNETH E & NADINE C",19638 CASE RD NE,,,"AURORA, OR  97002",1997.0,2421.0,2421.0,1178.0,1243.0,,,,,0,
274,R58353,71454.0,,F420,401,0.49,21235.0,010,F21E,18500.0,1977-09-30,12,092W33BA03500,5928,STAYTON,"TURNER, OR 97392",04070472,WD,"SULLIVAN,MAURICE E & LUELLA M",,,,,"HUNT,DARRELL W & LETHA J",5928 STAYTON ROAD SE,,,"MARION, OR  97359",1938.0,748.0,748.0,748.0,,,,,,0,
275,R58673,75365.0,,03BU,100,0.909,39600.0,005,,27000.0,1977-04-01,12,072W06BD01500,4095,MILTON,"SALEM, OR 97305",08890030,RD,"FALLER,FREDERICK W",,,,,"EIDAM,MABEL I & EIDAM,GERALD E",4095 MILTON ST NE,,,"SALEM, OR  97305",,,,,,,,,,0,
276,R108471,89163.0,,R163,101,0.26,11208.0,049,R09R,8000.0,1977-10-01,14,051W07DB06700,1079,2ND,"WOODBURN, OR 97071",00980750,RC,"MATHEWS,JOHN V &","MATHEWS,BONNIE M",,,,"MATHEWS,JOHN V &","MATHEWS,BONNIE M","<MATHEWS,LARRY C & JANET RAE",1318 E LINCOLN ST,"WOODBURN, OR  97071",2000.0,1248.0,1248.0,1248.0,,,,,,0,
277,R13925,,,F330,451,0.63,0.0,008N,,40000.0,1977-08-26,12,051W19C 01000,13918,PORTLAND,"WOODBURN, OR 97071",14280798,RD,"LONERGAN,PAT & MARJORIE JEAN",,,,,"FIET,FRED KENNETH",13918 PORTLAND ROAD NE,,,"WOODBURN, OR  97071",,,,,,,,,,1,R13926
278,R99395,32557.0,,R11A,101,0.23,10000.0,025,R31,25000.0,1977-07-01,0,052W26BD03400,680,DOUGLAS,"GERVAIS, OR 97026",00881307,WD,"BUSTAMANTE,HENRY G & LUCIA L",PO BOX 178,,,"GERVAIS, OR  97026","DICKENSON,LLOYD R &","DICKENSON,BLANCHE D",,,,1958.0,1574.0,1574.0,1574.0,,,,,109.0,0,
279,R342905,,,,XXX,,,,,,1977-05-20,13,061E19D 02301,0,,,00830074,WD,"COOLEY,RHOLIN KEITH &","COOLEY,JANICE A",,,,"MORRISON,RUSSELL L &","MORRISON,MARILYN A",PO BOX 784,,"SILVERTON, OR  97381",,,,,,,,,,0,
280,R101025,32707.0,,R11F,101,0.18,7820.0,03A,R31,30250.0,1977-03-24,0,061W10AC03500,630,LEO,"MT ANGEL, OR 97362",00770169,WD,"SLAYTON,WILLIAM J & CAROLE J",840 S MADISON,,,"SILVERTON, OR  97381","HIPP,GERHARD & HILDE A",PO BOX 835,,,"MT ANGEL, OR  97362",1976.0,1300.0,1300.0,1300.0,,,,,109.0,0,
281,R24332,,,C00U1,201,44.84,316705.0,PRIM,E10,3280000.0,1977-04-12,12,072W31BD10600,565,LANCASTER,"SALEM, OR 97317",16640201,WD,"OHMART,LEE V &WILLA J &","CALABA,RUDY F & LILLIAN",%MARATHON MANAGEMENT INC,30050 SW TOWN CTR LP W #200,"WILSONVILLE, OR  97070",MEADOWLAWN PROPERTIES-A CO-PARTNERSHIP,% MARATHON MANAGEMENT INC,30050 SW TOWN CTR LP W #200,,"WILSONVILLE, OR  97070",1999.0,2206.0,2206.0,2206.0,,,,,,19,R323767;R323768;R54946;R54952;R24235;R24326;R24322;R24313;R24308;R24315;R24319;R24320;R24317;R24316;R24323;R24325;R24304;R56888;R24324
282,R83198,62492.0,,R461,101,0.12,5400.0,014,R31,,1977-04-27,14,073W26CD00500,1970,LEE,"SALEM, OR 97301",18070354,QC,"WOOLERY,CLARENCE V & DOROTHY",1970 LEE ST SE,,,"SALEM, OR  97301","WOOLERY,JAMES A &","HARP,CLARINE B",1170 HINES SE,,"SALEM, OR  97302",1910.0,1000.0,1000.0,1000.0,,,,,,0,
283,R35208,,,F610,551,18.69,0.0,OSDF.RUR,A34A,,1977-10-21,12,092W10  00400,10225,MARION,"TURNER, OR 97392",26460124,BS,ADA A CRAWFORD TR &,"CRAWFORD,E L &","<DOERFLER,ROBERT-ESTATE OF",12333 SILVER FALLS HWY,"AUMSVILLE, OR  97325","DOERFLER,ROBERT ESTATE OF",12333 SILVER FALLS HWY SE,,,"AUMSVILLE, OR  97325",1901.0,3963.0,3963.0,2812.0,675.0,476.0,,,,0,
284,R54337,55266.0,,F420,400,0.98,0.0,010,F00W,1500.0,1977-09-27,12,092W33BA02400,,,,28760323,WD,"NELSON,MERLE A & WANDA I &","<ROGERS,DOROTHY &","CRAWFORD,SARAH",5703 MARION HILL RD SE,"TURNER, OR  97392","CRAWFORD,SARAH &","ROGERS,DOROTHY",5703 MARION HILL RD SE,,"TURNER, OR  97392",,,,,,,,,,1,R54333
285,R60759,86232.0,,F420,401,20.0,0.0,OSDA.RUR,F33,80000.0,1977-06-01,12,093W14  02100,1910,STEIWER,"JEFFERSON, OR 97352",00830685,RD,"LAWLER,ARTHUR L & MARGARET M","<DAVID,GEORGE O & EDNA &","CARRIGAN,ELAINE K",,,"LAWLER,ARTHUR L & MARGARET M","<DAVID,GEORGE O & EDNA & CARRIGAN,ELAINE","<LANGEVIN,DARRELL J & MARY E",,,1972.0,1344.0,1344.0,1344.0,,,,1344.0,,0,
286,R36652,,,F410,451,1.7,0.0,008S,F00S,2000.0,1977-04-06,0,093W34B 00800,,,,21750454,WD,"HAMBY,ELLIS & JOAN",%RICHARD BREEDEN,1098 TALBOT RD SE,,"JEFFERSON, OR  97352","BREEDEN,RICHARD &","BREEDEN,WANDA F",1098 TALBOT RD SE,,"JEFFERSON, OR  97352",1980.0,,,,,,,,,0,
287,R36713,,,CN00D,707,0.0,0.0,,N12,176700.0,1977-06-02,12,093W36C 00800,14822,JEFFERSON HY 99E,"JEFFERSON, OR 97352",10270480,WD,LAIRD B & MARY JANE FLORA FAM TR &,"FLORA,LAIRD B & MARY JAND TRE",<ROHNER LT,2616 PHEASANT AV,"SALEM, OR  97302",ROHNER LT &,"ROHNER,GEORGE L TRE &","ROHNER,DORIS J TRE",2616 PHEASANT AVE SE,"SALEM, OR  97302",,,,,,,,,,0,
288,R56205,64022.0,,F630,640,0.55,0.0,TCVACANT,A90,7500.0,1977-05-31,7,094E29DA00600,,,,00830178,WD,"BARNHARDT,DAVID H & CARMEN E",35960 N SANTIAM HWY,,,"GATES, OR  97346","BARNHARDT,DAVID H &","BARNHARDT,CARMEN E 50% &",YOUNG & MORGAN TIMBER CO 50%,35960 N SANTIAM HY SE,"GATES, OR  97346",,,,,,,,,,0,
