,Parid,Saledt,Price,Book,Page,Own1,Own2,Adrno,Adrstr,Adrdir,Adrsuf,Acres,Zoning,Class,Unitdesc,Luc,Subdiv,Subblck,Sublot,Saledt Year,Taxyr
0,955728271000,2009-10-01 00:00:00,0,1188,389,"MCCORMICK, OTIS & MCCORMICK, ARLENE/TR",THE MCCORMICK TRUST,0,SHERIFF WATSON,,RD,37.13,RA,R1,VACANT,FARM,,,,2009-01-01 00:00:00,2010
1,965598416200,2009-10-01 00:00:00,0,1188,405,TRIASSIC LLC,,0,OSGOOD,,RD,107.25,RA,R1,VACANT,101,,,,2009-01-01 00:00:00,2010
2,965650925200,2009-10-01 00:00:00,0,1188,405,TRIASSIC LLC,,0,JEFFERSON DAVIS,,HWY,54.29,RA,R1,VACANT,UNDE,,,,2009-01-01 00:00:00,2010
3,963440262000,2009-10-01 00:00:00,0,1188,470,"THOMAS, RUSSELL","THOMAS, DIANE",2201,COOL SPRINGS,,RD,16.14,R-20,R1,DWELLING,110,,,,2009-01-01 00:00:00,2010
4,966264464000,2009-10-02 00:00:00,,1188,482,"HUNTER, JAMES L","HUNTER, PATTY T",2037,RICE,,RD,2.03,RA,R1,DWELLING,110,,,,2009-01-01 00:00:00,2010
5,966264477300,2009-10-02 00:00:00,1000,1188,482,"HUNTER, JAMES L","HUNTER, PATTY T",2023,RICE,,RD,4.54,RA,R1,DWELLING,110,,,,2009-01-01 00:00:00,2010
6,963369219900,2009-10-02 00:00:00,163000,1188,484,WILLIAM E BYRD FAMILY LTD PARTNERSHIP,,0,SANDY CREEK CHURCH,,RD,12.53,R-20,R1,VACANT,UNDE,,,,2009-01-01 00:00:00,2010
7,964347501700,2009-10-02 00:00:00,0,1188,486,SECRETARY OF VETERANS AFFAIRS,,236,LOXLEY,,LN,,R-12,R1,DWELLING,110,NOTTINGHAM,PH I,9,2009-01-01 00:00:00,2010
8,965740519800,2009-10-02 00:00:00,93000,1188,499,"MITCHELL, JAMES H",,2000,CEDAR LAKE,,RD,0.66,RA,R1,DWELLING,110,CEDAR LAKE,,7,2009-01-01 00:00:00,2010
9,967017970000,2009-10-02 00:00:00,0,1188,501,"WOLF, VICKIE MARIE/TRUSTEE",THE VICKIE M WOLF REVOCABLE TRUST,5057,BLUEBIRD,,DR,,RR,R1,DWELLING,110,CAROLINA TRACE,MALLARD,5057,2009-01-01 00:00:00,2010
10,966088495900,2009-10-02 00:00:00,0,1188,501,"WOLF, VICKIE MARIE/TRUSTEE",THE VICKIE M WOLF REVOCABLE TRUST,3034,BRANDY,,LN,,RR,R1,VACANT,UNDE,CAROLINA TRACE,LAUREL T,3034,2009-01-01 00:00:00,2010
11,964310004100,2009-10-02 00:00:00,0,1188,519,"PETRARCA, CURT A","PETRARCA, AIMEE L",618,HALIFAX,,ST,0.56,R-20,R1,DWELLING,110,,,,2009-01-01 00:00:00,2010
12,965122581000,2009-10-02 00:00:00,122000,1188,562,"SINEATH, RONALD S","SINEATH, ANNIE ROSE S",4128,CARSON,,DR,,R-20,R1,DWELLING,110,ST ANDREWS,IV,284,2009-01-01 00:00:00,2010
13,963159473300,2009-10-02 00:00:00,275000,1188,577,"SHARPE, JOE KELVIN","SHARPE, KIM R",2112,WIMBERLY WOODS,,DR,0.48,R-20,R1,DWELLING,110,WEST LANDING,PH IV-B,395,2009-01-01 00:00:00,2010
14,964049317400,2009-10-05 00:00:00,0,1188,592,SECRETARY OF HOUSING & URBAN DEVELOPMENT,,1380,MINTER SCHOOL,,RD,1.71,RA,R1,DWELLING,110,TWINS PEAK,V,206,2009-01-01 00:00:00,2010
15,954629927600,2009-10-05 00:00:00,0,1188,678,"BANDY, THEODORA MCLEAN",,1457,BLACK,,RD,0.48,RA,R1,,110,,,6B,2009-01-01 00:00:00,2010
16,965475932700,2009-10-05 00:00:00,8000,1188,681,"PATTISHALL, DAVID MARVIN","PATTISHALL, ANGELA R",1180,POST OFFICE,,RD,5.07,RA,R1,,110,,,,2009-01-01 00:00:00,2010
17,964340934800,2009-10-06 00:00:00,0,1188,720,"FINCHER, MICHAEL S","FINCHER, DEBRA L",305,GULF,N,ST,,R-6,R1,DWELLING,110,ROSEMONT,V,9- 12,2009-01-01 00:00:00,2010
18,965213290300,2009-10-07 00:00:00,12500,1188,835,"LUVIANO, NANCY",,414,BIRCH,,ST,,R-12,R1,DWELLING,110,MONROE,,130-132,2009-01-01 00:00:00,2010
19,965300518900,2009-10-08 00:00:00,10000,1188,882,"PENA-GARCIA, VICTOR JACOBO","PENA, JUSTANCIA CLARK",425,MAPLE,,AVE,,R-10,R1,DWELLING,110,WILKINS,G,"1, 2",2009-01-01 00:00:00,2010
20,964129080700,2009-10-08 00:00:00,154500,1188,884,"WILSON, JESSICA A",,229,PALACE GREEN,,LN,0.21,R-12,R1,DWELLING,110,CARTHAGE COLONIES,PH 4A,171,2009-01-01 00:00:00,2010
21,956806091000,2009-10-08 00:00:00,0,1188,895,"FARROW, SANDRA","FARROW, MICHAEL",0,LULA,,LN,1.38,RA,R1,VACANT,UNDE,,,,2009-01-01 00:00:00,2010
22,956806079700,2009-10-08 00:00:00,0,1188,895,"FARROW, SANDRA","FARROW, MICHAEL",0,LULA,,LN,0.7,RA,R1,VACANT,UNDE,,,,2009-01-01 00:00:00,2010
23,955896853900,2009-10-08 00:00:00,0,1188,895,"FARROW, SANDRA","FARROW, MICHAEL",300,LULA,,LN,0.34,RA,R1,DWELLING,110,,,,2009-01-01 00:00:00,2010
24,956806179300,2009-10-08 00:00:00,0,1188,895,"FARROW, SANDRA","FARROW, MICHAEL",0,LULA,,LN,0.5,RA,R1,VACANT,101,,,,2009-01-01 00:00:00,2010
25,965205796400,2009-10-08 00:00:00,0,1188,898,HUNTER OIL PROPERTIES LLC,,1203,HORNER,S,BLVD,0.8,LI,C1,COMM BLDG,COM,,,,2009-01-01 00:00:00,2010
26,963123741500,2009-10-08 00:00:00,0,1188,907,"LAMONDS, JAMIE RAY","LAMONDS, WILLIAM DANIEL",415,CENTER CHURCH,,RD,0.94,RA,R1,DWELLING,110,,,,2009-01-01 00:00:00,2010
27,954742396300,2009-10-09 00:00:00,11500,1188,914,"GODFREY, ROY LEE","GODFREY, DOROTHY M",0,SHERIFF WATSON,,RD,5,RA,R1,,110,,,,2009-01-01 00:00:00,2010
28,964391691900,2009-10-09 00:00:00,47500,1188,934,"SANTOS, CELEDONIO NICOLAS",,405,NORTH,,AVE,,R-12,R1,DWELLING,110,MATTHEWS ADDITION,,21,2009-01-01 00:00:00,2010
29,966158827900,2009-10-13 00:00:00,0,1188,996,"HANCOCK, DOUGLAS M",,3414,RENEE,,DR,,R-20,R1,DWELLING,110,CARR CREEK,IV,27,2009-01-01 00:00:00,2010
30,962331306500,2009-10-13 00:00:00,150000,1189,159,"BOUCHARD, NANCY LEE MARY",,306,CRICKET HEARTH,,RD,,RR,R1,DWELLING,110,WINDING CREEK FARM,III,24,2009-01-01 00:00:00,2010
31,964381062200,2009-10-13 00:00:00,7000,1189,195,"LUCAS, ISRAEL","LUCAS, MARTHA",0,NORTH,,AVE,,R-6,R1,VACANT LND,UNDE,MATTHEWS,,7,2009-01-01 00:00:00,2010
32,964238328400,2009-10-13 00:00:00,0,1189,197,"LARSEN, RALPH D","LARSEN, SUSAN F",212,PARK,,AVE,,R-12,R1,DWELLING,110,DAVENPORT PARK,A,-11  12,2009-01-01 00:00:00,2010
33,965457540400,2009-10-13 00:00:00,0,1189,199,"TARPEY, MICHAEL DAVID JR (LIFE ESTATE)",,195,T TARPEY LN,,,2.03,RA,R1,DWELLING,110,,,,2009-01-01 00:00:00,2010
34,966065402700,2009-10-13 00:00:00,255000,1189,201,"GASTER, HARRI K",,43,INDIAN,,TR,,RR,R1,DWELLING,110,CAROLINA TRACE,VI,43,2009-01-01 00:00:00,2010
35,954763711600,2009-10-14 00:00:00,0,1189,283,SECRETARY OF HOUSING & URBAN DEVELOPMENT,,341,HUNTERS RIDGE,,RD,4.09,RA/MH,R1,DWELLING,110,HUNTERS RIDGE,IV,33,2009-01-01 00:00:00,2010
36,968231045400,2009-10-14 00:00:00,0,1189,304,"ANDREWS, CHARLES KENNETH II",,200,HARRINGTON,W,AVE,0.385,R-12 CU,R1,DWELLING,110,UNDERWOOD,,39,2009-01-01 00:00:00,2010
37,951899785800,2009-10-14 00:00:00,181000,1189,319,HOUSEHOLD REALTY CORPORATION,,449,WHITE MEADOWS,,DR,5.12,RA/MH,R1,DWELLING,110,WHITE HILLS MEADOW,,14,2009-01-01 00:00:00,2010
38,965129084100,2009-10-14 00:00:00,25000,1189,335,"AYALA, JOSE C","AYALA, ROSIBEL",720,MAIN,W,ST,,R-20,R1,DWELLING,110,WESTWOOD VILLAGE,,16-20,2009-01-01 00:00:00,2010
39,954840112800,2009-10-14 00:00:00,25000,1189,337,"TORRES, JOSE CANO","RODRIGUEZ, SABINA",870,GUNTER LAKE,,RD,2.87,RA/MH,R1,DWELLING,110,GUNTER ESTATES,III,221,2009-01-01 00:00:00,2010
40,961401419700,2009-10-14 00:00:00,0,1189,346,"QUIMBY, GARY EDWARD & CAROL MARIE/TR",THE QUIMBY FAMILY REVOCABLE LIVING TRUST,0,CARBONTON,,RD,7.02,RA,R1,VACANT LND,110,,,,2009-01-01 00:00:00,2010
41,962451548000,2009-10-15 00:00:00,0,1189,395,"YARBOROUGH, BRETT BENSON",,0,TEMPTING CHURCH,,RD,115.1,RA,R1,VACANT LD,UW,,,,2009-01-01 00:00:00,2010
42,060415194600,2009-10-15 00:00:00,0,1189,423,"FRANK, TIMOTHY CHARLES","FRANK, MELISSA",289,FALLS CREEK,,RD,10.03,RA,R1,DWELLING,110,BUCKHORN ESTATES,II,12,2009-01-01 00:00:00,2010
43,954812522300,2009-10-15 00:00:00,0,1189,425,"SAUCEDO-MEDINA, J GUADALUPE",,117,THOROUGHFARE BRANCH,,RD,0.92,RA,R1,DWELLING,110,GUNTER FARM,II,41,2009-01-01 00:00:00,2010
44,966168002700,2009-10-16 00:00:00,62000,1189,442,"ROBERTS, BERTEL S","ROBERTS, CRYSTAL P",3504,RENEE,,DR,,R-20,R1,DWELLING,110,CARR CREEK,III,16,2009-01-01 00:00:00,2010
45,961092334800,2009-10-16 00:00:00,0,1189,454,"YOW, JONATHAN JONES",,2940,CHRIS COLE,,RD,5.7,RA,R1,DWELLING,110,,,6-,2009-01-01 00:00:00,2010
46,963350151100,2009-10-16 00:00:00,0,1189,456,SECRETARY OF VETERANS AFFAIRS,,2322,GRASSMERE,,CT,,R-14,R1,DWELLING,110,MUIRFIELD,A,18,2009-01-01 00:00:00,2010
47,965145488400,2009-10-16 00:00:00,135000,1189,490,"SMITH, ERIC VERNON",,3012,PARADISE,,WAY,0.45,R-12,R1,DWELLING,110,ST JAMES PLACE,PH I,7,2009-01-01 00:00:00,2010
48,965321490700,2009-10-16 00:00:00,1000,1189,555,"MCLEAN, CATHERINE",,115,TWELFTH,,ST,,R-12,R1,VACANT,110,,,,2009-01-01 00:00:00,2010
49,966190379300,2009-10-16 00:00:00,12000,1189,558,RIDDLE RESIDENTIAL CONSTRUCTION LLC,,6064,MERION,,CIR,,RR,R1,VACANT LND,101,CAROLINA TRACE,GOLF NOR,6064,2009-01-01 00:00:00,2010
50,966704692700,2009-10-16 00:00:00,65000,1189,572,"INMAN, JASON L",,5128,DEEP RIVER,,RD,,RR,R1,DWELLING,110,FRIENDSHIP VILLAGE,III,316,2009-01-01 00:00:00,2010
51,963347948900,2009-10-16 00:00:00,0,1189,613,"WILLIAMS, JOYCE R",,517,VALLEY,,RD,1.29,R-20,R1,DWELLING,110,WESTLAKE VALLEY,,-79 -80,2009-01-01 00:00:00,2010
52,968111548300,2009-10-16 00:00:00,,1189,628,"WHITFIELD, PEGGY J",,310,WHITFIELD,,LN,3.22,RA,R1,SW MH(S),110,,,,2009-01-01 00:00:00,2010
53,968111548300,2009-10-16 00:00:00,,1189,628,"WHITFIELD, PEGGY J",,310,WHITFIELD,,LN,3.22,RA,R1,SW MH(S),110,,,,2009-01-01 00:00:00,2010
54,964279149000,2009-10-16 00:00:00,180000,1189,632,GKC HOLDINGS INC,,213,STEELE,S,ST,,CBD,C1,COMM BLDG,OFFC,,,,2009-01-01 00:00:00,2010
55,965295899500,2009-10-19 00:00:00,630000,1189,647,"BOAZ, WANDA CAMPELL",,0,KELLY,,DR,49.81,R-20,R1,,UNDE,,,,2009-01-01 00:00:00,2010
56,968280620000,2009-10-19 00:00:00,0,1189,696,"COOPER, WILLIAM R JR","COOPER, CARMEN",603,SION KELLY,,RD,0.69,RA,R1,DWELLING,110,S & M,,5,2009-01-01 00:00:00,2010
57,963265586800,2009-10-19 00:00:00,71000,1189,771,"OLDHAM, JENNIFER S",,3218,WICKER,,ST,,R-20,R1,DWELLING,110,BRENTWOOD,I,25,2009-01-01 00:00:00,2010
58,966576634800,2009-10-19 00:00:00,0,1189,780,AMMONS FARMLAND LLC,,0,AMMONS FARM,,RD,399.91,RA,R1,VACANT,UW,,,,2009-01-01 00:00:00,2010
59,966569232400,2009-10-19 00:00:00,0,1189,784,AMMONS FARMLAND LLC,,966,AMMONS FARM,,RD,179.52,RA,R1,OBY(S),UA,,,,2009-01-01 00:00:00,2010
60,966546796000,2009-10-19 00:00:00,0,1189,784,AMMONS FARMLAND LLC,,0,AMMONS FARM,,RD,21.1,RA,R1,VACANT,UW,,,,2009-01-01 00:00:00,2010
61,966650481300,2009-10-19 00:00:00,0,1189,784,AMMONS FARMLAND LLC,,0,AMMONS FARM,,RD,35.45,RA,R1,VACANT,UW,,,,2009-01-01 00:00:00,2010
62,966545989500,2009-10-19 00:00:00,0,1189,784,AMMONS FARMLAND LLC,,0,AMMONS FARM,,RD,33.52,RA,R1,VACANT LD,UW,,,,2009-01-01 00:00:00,2010
63,966610182600,2009-10-19 00:00:00,0,1189,784,AMMONS FARMLAND LLC,,0,ZION CHURCH,,RD,25.83,RA,R1,VACANT,UW,,,,2009-01-01 00:00:00,2010
64,966556029300,2009-10-19 00:00:00,0,1189,784,AMMONS FARMLAND LLC,,0,AMMONS FARM,,RD,0.96,RA,R1,VACANT,UA,,,,2009-01-01 00:00:00,2010
65,966524886600,2009-10-19 00:00:00,0,1189,784,AMMONS FARMLAND LLC,,0,FARRELL,,RD,36.88,RA,R1,VACANT,UW,,,,2009-01-01 00:00:00,2010
66,966620756800,2009-10-19 00:00:00,0,1189,784,AMMONS FARMLAND LLC,,0,FARRELL,,RD,260.97,RA,R1,OBY(S),UA,,,,2009-01-01 00:00:00,2010
67,964480074600,2009-10-20 00:00:00,286000,1189,830,"HURDLE, TYRONE C","HURDLE, AUDREY D",0,BEACHWOOD,,DR,0.32,R-12,R1,VACANT LD,101,FAIRWAY WOODS,III,*70,2009-01-01 00:00:00,2010
68,964470974800,2009-10-20 00:00:00,286000,1189,830,"HURDLE, TYRONE C","HURDLE, AUDREY D",2005,BEACHWOOD,,DR,0.36,R-12,R1,DWELLING,110,FAIRWAY WOODS,III,69,2009-01-01 00:00:00,2010
69,966075321600,2009-10-20 00:00:00,0,1189,886,"VARTABEDIAN, ALLYSON TENNEY","VARTABEDIAN, VAHAN S",4,BEECH TREE,,VLG,0,RR,R1,CONDO,113,CAROLINA TRACE,,A,2009-01-01 00:00:00,2010
70,964468985000,2009-10-21 00:00:00,137500,1189,976,STATE EMPLOYEES CREDIT UNION,,3220,SETH,,DR,0.33,R-14,R1,DWELLING,110,DEVROE MEADOWS,PH 4,62,2009-01-01 00:00:00,2010
71,963349859100,2009-10-21 00:00:00,80000,1189,996,"FIELDS, KEVIN D",,801,KIRKMAIDEN,,AVE,,R-20,R1,DWELLING,110,HIGHLAND ACRES,,28,2009-01-01 00:00:00,2010
72,966538780000,2009-10-21 00:00:00,0,1190,17,AMMONS FARMLAND LLC,,0,FARRELL,,RD,10.27,RA,R1,OBY(S),UA,,,,2009-01-01 00:00:00,2010
73,966538166000,2009-10-21 00:00:00,0,1190,17,AMMONS FARMLAND LLC,,2014,FARRELL,,RD,3.73,RA,R1,MISC USE,UA,,,,2009-01-01 00:00:00,2010
74,963372554300,2009-10-21 00:00:00,0,1190,20,"HARDY, RICHARD LEE",,1626,HERMITAGE,,RD,,R-20,R1,DWELLING,110,WESTLAKE VALLEY,,36,2009-01-01 00:00:00,2010
75,953807454200,2009-10-21 00:00:00,78000,1190,26,"CASTRO-DIOSDADO, ALEJANDRO-IVAN",,5674,OLD JEFFERSON DAVIS,,HWY,0.88,RA,R1,DWELLING,110,,,,2009-01-01 00:00:00,2010
76,968298735200,2009-10-22 00:00:00,18000,1190,104,"QUICK, RUSSELL I","QUICK, JOAN M",1056,BUCKHORN,,RD,3.63,RA,R1,,110,,,,2009-01-01 00:00:00,2010
77,969209205700,2009-10-22 00:00:00,119500,1190,106,"QUICK, RUSSELL I","QUICK, JOAN M",0,BUCKHORN,,RD,23.31,RA,R1,VACANT LND,UNDE,,,5,2009-01-01 00:00:00,2010
78,963347156000,2009-10-22 00:00:00,114000,1190,108,"SIMPSON, BRAD","SIMPSON, JILL",0,ROCKWOOD,,RD,3.08,R-20,R1,VACANT,101,WESTLAKE VALLEY,,86 87,2009-01-01 00:00:00,2010
79,961039130700,2009-10-22 00:00:00,0,1190,111,"GAGE, BROOKS HAISLIP",,0,BLACKSTONE,,RD,1.23,RA,R1,,FARM,,,,2009-01-01 00:00:00,2010
80,964237101800,2009-10-22 00:00:00,0,1190,114,"GAGE, BROOKS HAISLIP",,934,ARBOR,,LN,,R-12,R1,DWELLING,110,,,12,2009-01-01 00:00:00,2010
81,962211560900,2009-10-22 00:00:00,0,1190,114,"GAGE, BROOKS HAISLIP",,0,STEEL BRIDGE,,RD,11.21,RA,R1,VACANT LND,101,,,,2009-01-01 00:00:00,2010
82,961110308500,2009-10-22 00:00:00,0,1190,117,"HAISLIP, THOMAS M JR",,0,BLACKSTONE,,RD,1.6,RA,R1,,101,,,,2009-01-01 00:00:00,2010
83,961029671200,2009-10-22 00:00:00,0,1190,117,"HAISLIP, THOMAS M JR",,0,BLACKSTONE,,RD,18.46,RA,R1,VACANT,UW,,,,2009-01-01 00:00:00,2010
84,961028385900,2009-10-22 00:00:00,0,1190,117,"HAISLIP, THOMAS M JR",,2290,BLACKSTONE,,RD,9.25,RA,R1,SW MH(S),UA,,,,2009-01-01 00:00:00,2010
85,961100907400,2009-10-22 00:00:00,0,1190,117,"HAISLIP, THOMAS M JR",,0,BLACKSTONE,,RD,0.26,RA,R1,,UNDE,,,,2009-01-01 00:00:00,2010
86,961110459300,2009-10-22 00:00:00,0,1190,117,"HAISLIP, THOMAS M JR",,0,MCPHERSON,,RD,26.04,RA,R1,VACANT LND,UW,,,,2009-01-01 00:00:00,2010
87,961019481600,2009-10-22 00:00:00,0,1190,117,"HAISLIP, THOMAS M JR",,259,MCPHERSON,,RD,1,RA,R1,DWELLING,110,,,,2009-01-01 00:00:00,2010
88,965135096400,2009-10-22 00:00:00,0,1190,122,"TAYLOR, BENITA LEVETTE",,2921,KENDALE,,DR,,R-20,R1,DWELLING,110,KENDALE ACRES,F,78,2009-01-01 00:00:00,2010
89,964346507500,2009-10-22 00:00:00,155000,1190,156,"THOMAS, CHARITY B","THOMAS, DUSTIN",516,TUCKS,,CT,0.28,R-12,R1,DWELLING,110,NOTTINGHAM,PH II A,68,2009-01-01 00:00:00,2010
90,951888237900,2009-10-22 00:00:00,0,1190,52,"JOHNSON, ROGER R",,0,S PLANK,,RD,8.39,RA,R1,OBY(S),UNDE,,,,2009-01-01 00:00:00,2010
91,961318978700,2009-10-22 00:00:00,0,1190,57,"JOHNSON, ROGER R",,5405,CARBONTON,,RD,10.02,RA,R1,DWELLING,110,,,1,2009-01-01 00:00:00,2010
92,960490343200,2009-10-22 00:00:00,0,1190,57,"JOHNSON, ROGER R",,0,CARBONTON,,RD,14.85,RA,R1,VACANT,UW,,,,2009-01-01 00:00:00,2010
93,960480897100,2009-10-22 00:00:00,0,1190,57,"JOHNSON, ROGER R",,0,CARBONTON,,RD,10.03,RA,R1,VACANT,UW,,,3,2009-01-01 00:00:00,2010
94,962088965000,2009-10-23 00:00:00,140000,1190,193,"ADKINS, JERRY M JR","ADKINS, DEBRA S",735,ARTHUR MADDOX,,RD,1.91,RA,R1,,UNDE,,,,2009-01-01 00:00:00,2010
95,962087797300,2009-10-23 00:00:00,140000,1190,193,"ADKINS, JERRY M JR","ADKINS, DEBRA S",741,ARTHUR MADDOX,,RD,5.55,RA,R1,DWELLING,110,,,,2009-01-01 00:00:00,2010
96,964237492700,2009-10-23 00:00:00,117000,1190,208,"BRIDGES, MARGARET A",,207,PARK,,AVE,,R-12,R1,DWELLING,110,DAVENPORT PARK,B,1,2009-01-01 00:00:00,2010
97,963304234800,2009-10-23 00:00:00,0,1190,242,"BORRELL, DEREK J","BORRELL, ERIN M",2626,WELLINGTON,,DR,,R-14,R1,DWELLING,110,WESTLAKE DOWNS,I,7,2009-01-01 00:00:00,2010
98,952958238700,2009-10-23 00:00:00,0,1190,255,"AYERS, CLAYTON EUGENE","AYERS, EDNA RING",0,WHITE HILL,,RD,4.4,RA,R1,OBY(S),101,,,,2009-01-01 00:00:00,2010
99,952958015600,2009-10-23 00:00:00,0,1190,255,"AYERS, CLAYTON EUGENE","AYERS, EDNA RING",152,AYERS,,LN,1.02,RA,R1,DWELLING,110,,,,2009-01-01 00:00:00,2010
100,963330840500,2009-10-23 00:00:00,154000,1190,281,"JONES, DEMPSEY M","JONES, HAZEL D",116,CAMDEN SQUARE,,,,R-20,R1,DWELLING,110,HERITAGE POINTE,,5,2009-01-01 00:00:00,2010
101,966151389900,2009-10-23 00:00:00,25000,1190,306,SOUTHEASTERN PROPERTIES & DEVELOPMENT CO,,795,CASHMERE,,CT,,RR,R1,VACANT,UNDE,CAROLINA TRACE,WOODMERE,795,2009-01-01 00:00:00,2010
102,964353954000,2009-10-23 00:00:00,35000,1190,320,"ADCOCK, ALBERT C",,0,GREENSBORO,,AVE,,R-12,R1,,UNDE,,,67-,2009-01-01 00:00:00,2010
103,964353954400,2009-10-23 00:00:00,35000,1190,320,"ADCOCK, ALBERT C",,716,GREENSBORO,,AVE,,R-12,R1,DWELLING,110,"MCIVER, D N",,69,2009-01-01 00:00:00,2010
104,954811473200,2009-10-23 00:00:00,86500,1190,323,"BOWLIN, STEPHEN R",,2068,NICHOLSON,,RD,0.93,RA,R1,DWELLING,110,,,1,2009-01-01 00:00:00,2010
105,961159141800,2009-10-23 00:00:00,0,1190,340,"JEFFERIES, JENNIFER N",,0,BLACKSTONE,,RD,7,RA,R1,VACANT,TIMB,,,,2009-01-01 00:00:00,2010
106,963225006300,2009-10-26 00:00:00,0,1190,349,"AMAYA, DEREK MANUAL",,0,WESTCHASE,,RUN,,R-20,R1,VACANT,101,CHANCELLOR'S RIDGE,SEC 2,19,2009-01-01 00:00:00,2010
107,964129495600,2009-10-26 00:00:00,127000,1190,381,"NAVARRA, PATRICIA C",,832,GOLDEN HORSESHOE,,LN,0.25,R-12,R1,DWELLING,110,CARTHAGE COLONIES,PH 4B,166,2009-01-01 00:00:00,2010
108,964119865900,2009-10-26 00:00:00,134500,1190,397,"PATTERSON, ALBERT J",,876,GOLDEN HORSESHOE,,LN,0.26,R-12,R1,DWELLING,110,CARTHAGE COLONIES,PH 4B,156,2009-01-01 00:00:00,2010
109,965207477000,2009-10-26 00:00:00,15000,1190,422,"MCDOWELL, DARLENE SHYTLE",,1015,FIFTH,S,ST,,LI,C1,COMM BLDG,COM,,,,2009-01-01 00:00:00,2010
110,968159600100,2009-10-27 00:00:00,125000,1190,435,"HIGDON, PAUL JOSHUA",,404,FIRST,,ST,,R-20,R1,DWELLING,110,,,,2009-01-01 00:00:00,2010
111,964266868800,2009-10-27 00:00:00,31000,1190,453,CITIMORTGAGE INC,,916,WASHINGTON,,AVE,,R-6,R1,DWELLING,110,REDEVELOPMENT AREA,O,9,2009-01-01 00:00:00,2010
112,963300852500,2009-10-27 00:00:00,80000,1190,498,PINNACLE CONSTRUCTION OF SANFORD INC,,2519,VICTORY,,DR,0.46,R-14,R1,DWELLING,110,WILLOW BROOKE,PH II,19,2009-01-01 00:00:00,2010
113,963310267700,2009-10-27 00:00:00,,1190,498,PINNACLE CONSTRUCTION OF SANFORD INC,,0,VICTORY,,DR,0.77,R-14,R1,VACANT LND,110,WILLOW BROOKE,PH II,15,2009-01-01 00:00:00,2010
114,963301808000,2009-10-27 00:00:00,80000,1190,498,PINNACLE CONSTRUCTION OF SANFORD INC,,0,CREEK,,TR,0.74,R-14,R1,VACANT LND,110,WILLOW BROOKE,PH II,8,2009-01-01 00:00:00,2010
115,963310189600,2009-10-27 00:00:00,80000,1190,498,PINNACLE CONSTRUCTION OF SANFORD INC,,0,VICTORY,,DR,0.41,R-14,R1,VACANT LND,110,WILLOW BROOKE,PH II,14,2009-01-01 00:00:00,2010
116,965138764100,2009-10-27 00:00:00,78000,1190,515,"VASQUEZ, SANTOS M",,816,WILLIAMS,W,ST,,R-12,R1,DWELLING,110,KENFIELD,II,12,2009-01-01 00:00:00,2010
117,952891565600,2009-10-27 00:00:00,59000,1190,551,"WILLIAMS, SANDY MATTHEWS","WILLIAMS, JERRICA JENAY",6776,OLD JEFFERSON DAVIS,,HWY,0.93,RA/MH,R1,DWELLING,110,,,,2009-01-01 00:00:00,2010
118,964268756400,2009-10-28 00:00:00,0,1190,567,BLANDONIA PRESBYTERIAN CHURCH INC,,605,WALL,,ST,,C-2,EX,CHURCH,XREL,,,,2009-01-01 00:00:00,2010
119,965202539000,2009-10-28 00:00:00,0,1190,567,BLANDONIA PRESBYTERIAN CHURCH INC,,824,PRIMROSE,,LN,,R-12,EX,DWELLING,XREL,KNIGHTWOOD PARK,B,7,2009-01-01 00:00:00,2010
120,967488043700,2009-10-28 00:00:00,325000,1190,606,BRANCH BANKING AND TRUST COMPANY,,5902,POPLAR SPRINGS CHURCH,,RD,7.76,RA,R1,DWELLING,110,,,,2009-01-01 00:00:00,2010
121,965222160900,2009-10-28 00:00:00,99000,1190,616,BENEFICIAL MORTGAGE CO OF NORTH CAROLINA,,519,HUGHES,,ST,,R-12,R1,DWELLING,110,,,,2009-01-01 00:00:00,2010
122,965212974400,2009-10-28 00:00:00,99000,1190,616,BENEFICIAL MORTGAGE CO OF NORTH CAROLINA,,0,HUGHES,,ST,,R-12,R1,OBY(S),110,,,,2009-01-01 00:00:00,2010
123,964274977500,2009-10-28 00:00:00,44000,1190,618,"WACHOVIA BANK, NA",,906,LANSING,,ST,,R-6,R1,DWELLING,110,,,30,2009-01-01 00:00:00,2010
124,954812115600,2009-10-28 00:00:00,57500,1190,646,"AYALA, ANDRES",,120,THOROUGHFARE BRANCH,,RD,1.85,RA,R1,DWELLING,110,GUNTER FARM,II,39,2009-01-01 00:00:00,2010
125,965311593800,2009-10-28 00:00:00,0,1190,651,"HAITHCOX, CANDI LEIGH",,615,MIDLAND,,AVE,,R-12,R1,DWELLING,110,DEATON,117,"6, 7-",2009-01-01 00:00:00,2010
126,965157559900,2009-10-28 00:00:00,86000,1190,680,"RAMIREZ, RAUL MANDUJANO","SERRANO, EVA",2933,ACADEMY,,ST,,R-12,R1,DWELLING,110,WILLIAMS,B,25,2009-01-01 00:00:00,2010
127,965157371200,2009-10-28 00:00:00,0,1190,699,"DUBON, JULIO A","DUBON, MARIA L",2924,ACADEMY,,ST,,R-12,R1,DWELLING,110,WILLIAMS,F,4,2009-01-01 00:00:00,2010
128,966406913100,2009-10-28 00:00:00,500,1190,722,"MADDOX, SHELTON GUY","MADDOX, BRENDA P",0,POST OFFICE,,RD,22.53,RA,R1,VACANT,UNDE,,,,2009-01-01 00:00:00,2010
129,965153140000,2009-10-29 00:00:00,144000,1190,729,"HOWARD, CHAD DOUGLAS","HOWARD, HOLLEY J",1803,CHEROKEE,,TR,,R-20,R1,DWELLING,110,HIAWATHA LAKES,,"2-,3",2009-01-01 00:00:00,2010
130,965149820300,2009-10-29 00:00:00,0,1190,771,SECRETARY OF HOUSING & URBAN DEVELOPMENT,,2721,ACADEMY,,ST,,R-12,R1,DWELLING,110,WILLIAMS,D,17,2009-01-01 00:00:00,2010
131,964346297400,2009-10-29 00:00:00,0,1190,795,"BASHAM, JERRY L II","BASHAM, HANNA M",248,LOXLEY,,LN,,R-12,R1,DWELLING,110,NOTTINGHAM,PH I,12,2009-01-01 00:00:00,2010
132,960489896000,2009-10-29 00:00:00,100000,1190,809,"ACORD, LARRY D (LIFE ESTATE)","ACORD, FRANCES D (LIFE ESTATE)",1797,PLANK,N,RD,7.5,RA,R1,DWELLING,110,,,,2009-01-01 00:00:00,2010
133,966126882600,2009-10-29 00:00:00,28000,1190,814,BETHEL WORD OF TRUTH MINISTRY,,3439,MEADE,,ST,,R-20,R1,DWELLING,110,HOMEMONT,A,1-4,2009-01-01 00:00:00,2010
134,954820195800,2009-10-29 00:00:00,0,1190,820,"HAMILTON, TONY LEE",,2227,NICHOLSON,,RD,10.48,RA/MH,R1,DWELLING,110,PINES AT BEAVER CREEK,,18,2009-01-01 00:00:00,2010
135,964345963100,2009-10-30 00:00:00,27000,1190,906,CUSTOM CONTRACTING CORP,,483,CRUSADERS,,DR,0.39,R-12,R1,VACANT,101,NOTTINGHAM,PH II-B,97,2009-01-01 00:00:00,2010
136,963360396400,2009-10-30 00:00:00,134000,1190,921,"ROWE, DOROTHY L",,2106,SHORELINE,N,DR,,R-20,R1,DWELLING,110,CARBONTON HEIGHTS,H,13- 14,2009-01-01 00:00:00,2010
137,967107399100,2009-10-30 00:00:00,76000,1190,965,"JOHNSTON, DALE D",,3038,COX MILL,,RD,0.83,RA,R1,DWELLING,110,,,,2009-01-01 00:00:00,2010
138,956979599600,2009-10-30 00:00:00,128500,1190,983,"FORGIONE, THERESA A",,7044,MAPLE,,CIR,,RR,R1,DWELLING,110,CAROLINA TRACE,LAKEWOOD,7044,2009-01-01 00:00:00,2010
139,964355136900,2009-10-30 00:00:00,157000,1191,1,"ROSSER, PENNY F",,510,FORREST,,DR,,R-12,R1,DWELLING,110,MCCRACKEN HEIGHTS,,50,2009-01-01 00:00:00,2010
140,965233640900,2009-10-30 00:00:00,0,1191,15,"OCONNOR, HARRY JAMES JR","OCONNOR, HEATHER",1917,LEE,,AVE,,R-12,R1,DWELLING,110,,,,2009-01-01 00:00:00,2010
141,962291553000,2009-10-30 00:00:00,261500,1191,18,"MCGRATH, CHAD RICHARD","BARKWELL-MCGRATH, SHANNON ANN",174,GREENWICH,,DR,0.94,RR,R1,DWELLING,110,FRANKLIN CHASE,,1,2009-01-01 00:00:00,2010
142,Parid,Saledt,Price,Book,Page,Own1,Own2,Adrno,Adrstr,Adrdir,Adrsuf,Acres,Zoning,Class,Unitdesc,Luc,Subdiv,Subblck,Sublot,Saledt Year,Taxyr
143,965222700800,2009-11-02 00:00:00,0,1191,100,"CAMERON, LARRY J","CAMERON, CATHY A",510,HARKEY,,RD,,R-12,R1,DWELLING,110,,,,2009-01-01 00:00:00,2010
144,966180258700,2009-11-02 00:00:00,0,1191,112,"OLESON, MELODY G",,1719,MARGARITA,,LN,,RR,R1,DWELLING,110,CAROLINA TRACE,LAUREL T,1719,2009-01-01 00:00:00,2010
145,966180267800,2009-11-02 00:00:00,0,1191,112,"OLESON, MELODY G",,1718,MARGARITA,,LN,,RR,R1,VACANT,UNDE,CAROLINA TRACE,LAUREL T,1718,2009-01-01 00:00:00,2010
146,964230123900,2009-11-03 00:00:00,135000,1191,275,"NELSON, ELLA M",,729,GOLDEN HORSESHOE,,LN,,R-12,R1,DWELLING,110,CARTHAGE COLONIES,PH 3B,135,2009-01-01 00:00:00,2010
147,967044078200,2009-11-03 00:00:00,0,1191,290,"GUNTER, CARY B",,5811,COX MILL,,RD,7.5,RA,R1,DWELLING,110,,,,2009-01-01 00:00:00,2010
148,962001045500,2009-11-03 00:00:00,268000,1191,422,"TRAVIS, THOMAS GRIFFIN","TRAVIS, JENNIFER L",2853,CHRIS COLE,,RD,4.22,RA,R1,DWELLING,110,,,,2009-01-01 00:00:00,2010
149,963113976600,2009-11-04 00:00:00,37000,1191,524,"WILSON, BARRY",,0,CENTER CHURCH,,RD,1.33,RA,R1,VACANT,101,,,,2009-01-01 00:00:00,2010
150,964351687300,2009-11-04 00:00:00,,1191,533,"CAVINESS, FLOYD R",,413,MOORE,N,ST,,R-12,R1,DWELLING,110,WEATHERSPOON ADDITION,D,10,2009-01-01 00:00:00,2010
151,966161487300,2009-11-04 00:00:00,0,1191,561,"JENKINS, DELORIS C",,614,CASHMERE,,CT,,RR,R1,DWELLING,110,CAROLINA TRACE,WOODMERE,614,2009-01-01 00:00:00,2010
152,953871812300,2009-11-06 00:00:00,0,1191,634,SECRETARY OF HOUSING & URBAN DEVELOPMENT,,3823,PILSON,,RD,1.14,RA,R1,DWELLING,110,,,2,2009-01-01 00:00:00,2010
153,963316336700,2009-11-06 00:00:00,120000,1191,662,"KELLEY, RAY","THOMAS, MELISSA",2008,EVETON,,LN,,RR,R1,DWELLING,110,COOL SPRINGS,,14,2009-01-01 00:00:00,2010
154,952835230800,2009-11-06 00:00:00,85000,1191,700,"LENT, DAVID R","LENT, NICOLE LEE",618,MOODY,,RD,1.97,RA/MH,R1,DWELLING,110,B M KELLY,III,17,2009-01-01 00:00:00,2010
155,962091887900,2009-11-06 00:00:00,12000,1191,708,COVINGTON FAMILY LIMITED PARTNERSHIP,,0,WHITE HILL,,RD,2.95,RA,R1,VACANT LND,101,,,,2009-01-01 00:00:00,2010
156,962045007300,2009-11-06 00:00:00,0,1191,710,"MAYO, RHONDA SPIVEY","MAYO, RONALD DWAYNE",164,RED CEDAR,,LN,2.75,RA,R1,DWELLING,110,,,,2009-01-01 00:00:00,2010
157,964452769300,2009-11-06 00:00:00,184000,1191,718,"MORRIS, WILLIAM HOWARD","MORRIS, DIANN MARIE",421,OLDE TOWNE,,DR,,R-12,R1,DWELLING,110,HAWKINS RUN,3A,20,2009-01-01 00:00:00,2010
158,966057396600,2009-11-06 00:00:00,600000,1191,769,AGA CORPORATION,,0,NC 87,S,HWY,46.11,RR,R1,VACANT,UNDE,,,,2009-01-01 00:00:00,2010
159,965213436800,2009-11-06 00:00:00,10000,1191,785,"PENA-GARCIA, VICTOR JACOBO","PENA, JUSTANCIA CLARK",511,GOLDSTON,,BLVD,,R-12,R1,DWELLING,110,EDGEWOOD,,61-64,2009-01-01 00:00:00,2010
160,963459569900,2009-11-06 00:00:00,0,1191,790,"ZONE, THOMAS J","ZONE, MARILYN M",2151,COTTEN,,RD,27.28,RR,R1,DWELLING,UA,,,,2009-01-01 00:00:00,2010
161,963469111500,2009-11-06 00:00:00,0,1191,790,"ZONE, THOMAS J","ZONE, MARILYN M",0,COTTEN,,RD,4.35,RR,R1,VACANT LND,UA,,,,2009-01-01 00:00:00,2010
162,963469181300,2009-11-06 00:00:00,0,1191,790,"ZONE, THOMAS J","ZONE, MARILYN M",0,COTTEN,,RD,1.83,RR,R1,VACANT LD,UA,,,,2009-01-01 00:00:00,2010
163,964380141100,2009-11-09 00:00:00,36000,1191,903,"JIMENEZ, BRITTANY N","JIMENEZ, CARLOS",210,CHARLOTTE,,AVE,,R-6,R1,DWELLING,110,MATTHEWS ADDITION,,6,2009-01-01 00:00:00,2010
164,964255684300,2009-11-10 00:00:00,0,1191,958,SECRETARY OF HOUSING & URBAN DEVELOPMENT,,1216,BLAND,,CIR,,R-6,R1,DWELLING,110,REDEVELOPMENT AREA,R,10,2009-01-01 00:00:00,2010
165,966161987200,2009-11-10 00:00:00,35000,1192,1,"HEINS, FREDERICK J","HEINS, JANET E",682,CHELSEA,,DR,,RR,R1,VACANT,101,CAROLINA TRACE,WOODMERE,682,2009-01-01 00:00:00,2010
166,966090099700,2009-11-10 00:00:00,0,1192,16,FANNIE MAE,,379,KITTERY,,PT,,RR,R1,DWELLING,110,CAROLINA TRACE,HARB CRK,379,2009-01-01 00:00:00,2010
167,965149851700,2009-11-10 00:00:00,0,1192,50,"BRISTOW, TERRY L","BRISTOW, LINDA TAYLOR",2710,CAMERON,,DR,,R-12,R1,DWELLING,110,WILLIAMS,D,7,2009-01-01 00:00:00,2010
168,964340833000,2009-11-12 00:00:00,107500,1192,113,"WELLS FARGO BANK, N A",,304,VANCE,N,ST,,R-6,R1,DWELLING,110,ROSEMONT,V,9-,2009-01-01 00:00:00,2010
169,964442628300,2009-11-12 00:00:00,0,1192,116,SECRETARY OF VETERANS AFFAIRS,,0,OLDE TOWNE,,DR,,R-12,R1,VACANT,110,HAWKINS RUN,IV,29,2009-01-01 00:00:00,2010
170,964442821300,2009-11-12 00:00:00,0,1192,116,SECRETARY OF VETERANS AFFAIRS,,205,OLDE TOWNE,,DR,,R-12,R1,DWELLING,110,HAWKINS RUN,IV,28,2009-01-01 00:00:00,2010
171,961176201400,2009-11-12 00:00:00,58000,1192,179,"YOW, CHARLES ROBERT JR","YOW, WANDA Y",0,BLACKSTONE,,RD,7.85,RA,R1,VACANT,TIMB,,,,2009-01-01 00:00:00,2010
172,965794922800,2009-11-12 00:00:00,137000,1192,182,"HEARN, JESSE E","HEARN, GERRI D",4950,DEEP RIVER,,RD,3.25,RA,R1,DWELLING,110,,,,2009-01-01 00:00:00,2010
173,966704337200,2009-11-12 00:00:00,137000,1192,182,"HEARN, JESSE E","HEARN, GERRI D",0,FARRELL,,RD,0.14,RA,R1,,UNDE,,,,2009-01-01 00:00:00,2010
174,966704253500,2009-11-12 00:00:00,137000,1192,182,"HEARN, JESSE E","HEARN, GERRI D",0,DEEP RIVER,,RD,1.99,RA,R1,,UNDE,,,,2009-01-01 00:00:00,2010
175,963482852100,2009-11-13 00:00:00,0,1192,187,FEDERAL HOME LOAN MORTGAGE CORPORATION,,3333,SMOKETREE,,CT,,R-14,R1,DWELLING,110,GREEN VALLEY,V,5,2009-01-01 00:00:00,2010
176,954774451100,2009-11-13 00:00:00,21000,1192,278,"ADCOCK, ALBERT C",,7717,SHERIFF WATSON,,RD,2.04,RA/MH,R1,,110,HUNTERS RIDGE,II,25,2009-01-01 00:00:00,2010
177,963344290000,2009-11-13 00:00:00,0,1192,291,"VERRILLI, MICHAEL",,2010,LORD ASHLEY,,DR,,R-20,R1,DWELLING,110,HOLIDAY LAKE,,25-,2009-01-01 00:00:00,2010
178,966098369400,2009-11-13 00:00:00,0,1192,294,"BUGGLE, JEAN M",,3123,SAND WEDGE,,,,RR,R1,VACANT,101,CAROLINA TRACE,GOLF WES,3123,2009-01-01 00:00:00,2010
179,960254040000,2009-11-13 00:00:00,50000,1192,311,HILLIARD INVESTMENTS LLC,,1736,PLANK,S,RD,1.72,RA,R1,DWELLING,110,,,01,2009-01-01 00:00:00,2010
180,967703505600,2009-11-16 00:00:00,0,1192,315,"CARTER, LEOLA L",,0,BREEZEWOOD,,RD,0.97,RA/MH,R1,,UNDE,,,,2009-01-01 00:00:00,2010
181,964277840300,2009-11-16 00:00:00,40000,1192,337,FIRST BANK,,605,SUNFLOWER,,CIR,0.16,R-6,R1,DWELLING,110,SUNSET TERRACE,,13-,2009-01-01 00:00:00,2010
182,967014960400,2009-11-16 00:00:00,0,1192,343,"HARRIS, WILLIAM E & BEATRICE A/TRUSTEES",THE HARRIS REVOCABLE TRUST,1476,FLORIDA,,DR,,RR,R1,VACANT,UNDE,CAROLINA TRACE,HIDDEN L,1476,2009-01-01 00:00:00,2010
183,963350151100,2009-11-16 00:00:00,0,1192,393,"POTTS, CHAD DAVID",,2322,GRASSMERE,,CT,,R-14,R1,DWELLING,110,MUIRFIELD,A,18,2009-01-01 00:00:00,2010
184,967611390500,2009-11-16 00:00:00,125000,1192,452,"TYLER, STANLEY W JR","TYLER, ROSE M",692,NORTHERN RANCHES,,RD,9.43,RA/MH,R1,DWELLING,110,NORTHERN RANCHES,,10,2009-01-01 00:00:00,2010
185,964129257100,2009-11-18 00:00:00,171500,1192,612,"ZIMMERMAN, JAMES ALLEN","ZIMMERMAN, KATELIN M",853,GOLDEN HORSESHOE,,LN,0.41,R-12,R1,DWELLING,110,CARTHAGE COLONIES,PH 4B,149,2009-01-01 00:00:00,2010
186,964129287300,2009-11-18 00:00:00,164000,1192,630,"HOUSTON, MARTELLO CARELLIE","HOUSTON, LAUREN T",844,GOLDEN HORSESHOE,,LN,0.25,R-12,R1,DWELLING,110,CARTHAGE COLONIES,PH 4B,163,2009-01-01 00:00:00,2010
187,965079755300,2009-11-18 00:00:00,0,1192,708,"LUVIANO, FRANCISCO",,1309,FERNRIDGE,,DR,,R-10,R1,DWELLING,110,WOODBRIDGE FOREST,I,447A,2009-01-01 00:00:00,2010
188,965079850000,2009-11-18 00:00:00,0,1192,708,"LUVIANO, FRANCISCO",,0,FERNRIDGE,,DR,,R-10,R1,VACANT LND,101,WOODBRIDGE FOREST,I,447B,2009-01-01 00:00:00,2010
189,964340544400,2009-11-18 00:00:00,52500,1192,720,"GALIASTRO, FRANCIS R","GALIASTRO, PAMELA A",500,CROSS,,ST,,R-6,R1,MULTI-FAM,112,MCIVER PARK,,109-,2009-01-01 00:00:00,2010
190,964332322000,2009-11-19 00:00:00,89500,1192,727,BANK OF NEW YORK MELLON/TR,JP MORGAN CHASE BANK/TR,709,GULF,N,ST,,R-20,R1,DWELLING,110,,,15,2009-01-01 00:00:00,2010
191,964101603100,2009-11-19 00:00:00,290000,1192,730," BOEKER, EDWARD DELANE",,226,JEWEL,,LN,4.7,RA,R1,DWELLING,110,CASTLEROCK,,5,2009-01-01 00:00:00,2010
192,963239499000,2009-11-19 00:00:00,104000,1192,783,MDT PROPERTY INVESTMENTS LLC,,404,CALICO,,CT,0.35,R-20,R1,DWELLING,110,HERITAGE POINTE,,28,2009-01-01 00:00:00,2010
193,963330374200,2009-11-19 00:00:00,104000,1192,783,MDT PROPERTY INVESTMENTS LLC,,224,WEST OAK,,WAY,0.35,R-20,R1,DWELLING,110,HERITAGE POINTE,,12,2009-01-01 00:00:00,2010
194,963239599500,2009-11-19 00:00:00,104000,1192,783,MDT PROPERTY INVESTMENTS LLC,,408,CALICO,,CT,0.35,R-20,R1,DWELLING,110,HERITAGE POINTE,,29,2009-01-01 00:00:00,2010
195,966192502300,2009-11-19 00:00:00,15000,1192,813,SERCY CONSTRUCTION,,1775,IRISH,,BLVD,,RR,R1,VACANT,UNDE,CAROLINA TRACE,LAUREL T,1775,2009-01-01 00:00:00,2010
196,963377027100,2009-11-19 00:00:00,149000,1192,827,"PEARCE, JOSHUA BOYD","PEARCE, BRANDY BURNS",2416,WOODBURN,,CIR,,R-20,R1,DWELLING,110,WESTLAKE VALLEY,B,36,2009-01-01 00:00:00,2010
197,965311346200,2009-11-20 00:00:00,0,1192,849,"HO, DUNG",,603,CHARLOTTE,,AVE,,R-12,R1,DWELLING,110,DEATON,53,11,2009-01-01 00:00:00,2010
198,964361783900,2009-11-20 00:00:00,0,1192,864,SOUTHEASTERN PROPERTY VENTURES LLC,,402,HAWKINS,,AVE,,R-12,R1,DWELLING,110,,,,2009-01-01 00:00:00,2010
199,964210364800,2009-11-20 00:00:00,140000,1192,870,"NEUSSE, BENJAMIN",,507,PROVIDENCE HALL,,DR,0.26,R-12,R1,DWELLING,110,CARTHAGE COLONIES,I,4,2009-01-01 00:00:00,2010
200,966066882800,2009-11-20 00:00:00,159000,1192,899,"NASIMUDDIN, MOHAMMAD","NASIMUDDIN, SHAHZAMAN",76,TRACEWAY NORTH,,,,RR,R1,DWELLING,110,CAROLINA TRACE,VIII,76,2009-01-01 00:00:00,2010
201,966066796800,2009-11-20 00:00:00,159000,1192,899,"NASIMUDDIN, MOHAMMAD","NASIMUDDIN, SHAHZAMAN",77,TRACEWAY NORTH,,,,RR,R1,VACANT,101,CAROLINA TRACE,VIII,77,2009-01-01 00:00:00,2010
202,964239436900,2009-11-20 00:00:00,110000,1192,912,"BURNS, BRANDON MATTHEW",,621,SUNSET,,DR,,R-12,R1,DWELLING,110,MCIVER PARK,,28-,2009-01-01 00:00:00,2010
203,964391018100,2009-11-20 00:00:00,21000,1192,928,G&L HORIZON PROPERTIES LLC,,111,FOURTH,N,ST,,R-12,R1,DWELLING,110,MATTHEWS ADDITION,,139,2009-01-01 00:00:00,2010
204,965751891000,2009-11-20 00:00:00,0,1192,941,"GODWIN, AMY BRIDGES",,231,COVERT,,RD,1.82,RA,R1,DWELLING,110,,,,2009-01-01 00:00:00,2010
205,964277858100,2009-11-20 00:00:00,20500,1192,955,"CAMPOS, LUIS H",,600,MAGNOLIA,,ST,,R-6,R1,DWELLING,110,GURLEY,,7,2009-01-01 00:00:00,2010
206,963146221800,2009-11-20 00:00:00,126000,1192,970,"WICKER, JEREMY L","WICKER, BRANDI E",2100,BELFORD,,DR,0.3365,MF-12,R1,DWELLING,110,WESTFIELD,II,20,2009-01-01 00:00:00,2010
207,968157006600,2009-11-20 00:00:00,0,1193,1,"THOMAS PROPERTIES OF HARNETT COUNTY, LLC",,0,VILLAGE,,DR,0.48,R-20,R1,VACANT LND,101,BROADWAY VILLAGE,,11,2009-01-01 00:00:00,2010
208,951968626900,2009-11-20 00:00:00,50000,1193,17,"MILLER, ERIK A",,233,SAINTSBURY,,PL,1.02,RA,R1,VACANT,110,BOCA ESTATES,,24,2009-01-01 00:00:00,2010
209,964129271900,2009-11-23 00:00:00,123500,1193,109,"BASS-CAINE, TRACEY",,848,GOLDEN HORSESHOE,,LN,0.24,R-12,R1,DWELLING,110,CARTHAGE COLONIES,PH 4B,162,2009-01-01 00:00:00,2010
210,965068551200,2009-11-23 00:00:00,63500,1193,120,"THOMPSON, DONALD W","THOMPSON, CHRISTA E",5217,TIMBER RIDGE,,DR,,R-10,R1,DWELLING,110,WOODBRIDGE VILLA,,715,2009-01-01 00:00:00,2010
211,965231721000,2009-11-23 00:00:00,115000,1193,137,JONESBORO HEIGHTS BAPTIST CHURCH,,2303,WOODLAND,,AVE,,OI,R1,DWELLING,110,,,,2009-01-01 00:00:00,2010
212,963303935600,2009-11-23 00:00:00,0,1193,142,"IMHOFF, JOSEPH M",,2537,BUCKINGHAM,,DR,0.38,R-14,R1,DWELLING,110,WESTLAKE DOWNS,SEC 6,51,2009-01-01 00:00:00,2010
213,964330451300,2009-11-23 00:00:00,70000,1193,183,"GIBB, GORDON S JR",,536,BRACKEN,,ST,,R-12,R1,DWELLING,110,MCKERNON HEIGHTS,,30,2009-01-01 00:00:00,2010
214,966141778500,2009-11-23 00:00:00,20000,1193,204,FIRST BANK,,789,CASHMERE,,CT,,RR,R1,VACANT,101,CAROLINA TRACE,WOODMERE,789,2009-01-01 00:00:00,2010
215,954847691700,2009-11-23 00:00:00,65000,1193,208,FIRST BANK,,248,SUNRISE,,DR,0.97,RA,R1,DWELLING,110,SPRINGFIELD,,6,2009-01-01 00:00:00,2010
216,963341377500,2009-11-23 00:00:00,204000,1193,31,"GADDY, REBECCA L",,2521,WESTGATE,,DR,0.35,R-20,R1,DWELLING,110,MUIRFIELD VILLAGE,PH3 SEC2,1,2009-01-01 00:00:00,2010
217,964476780400,2009-11-23 00:00:00,0,1193,50,"CROWDER, JEFFERY L",,2726,SUNNYBROOK,,DR,,R-10,R1,DWELLING,110,BRIDGES POND,,37,2009-01-01 00:00:00,2010
218,964129079300,2009-11-23 00:00:00,169500,1193,95,"THANAWALA, NITIN H","THANAWALA, SANDHYA N",856,GOLDEN HORSESHOE,,LN,0.21,R-12,R1,DWELLING,110,CARTHAGE COLONIES,PH 4B,160,2009-01-01 00:00:00,2010
219,965136080900,2009-11-24 00:00:00,0,1193,212,"HALL, GUDRUN I",,2821,KENDALE,,DR,,R-20,R1,DWELLING,110,KENDALE ACRES,D,87,2009-01-01 00:00:00,2010
220,966141933600,2009-11-24 00:00:00,185000,1193,232,"HARRISON, SALLY A",,770,TROON,,CIR,,RR,R1,DWELLING,110,CAROLINA TRACE,WOODMERE,770,2009-01-01 00:00:00,2010
221,964568215500,2009-11-24 00:00:00,26000,1193,237,"HARRISON, BENJAMIN R",,746,DEEP RIVER,,RD,0.42,HC,C1,COMM BLDG,RET1,,,,2009-01-01 00:00:00,2010
222,964376422300,2009-11-24 00:00:00,28000,1193,256,"DANGELO, ANTHONY JOSEPH",SCORPIONS MOTORCYCLE CLUB,1349,BOGAN,,ST,,LI,C1,COMM BLDG,SGAR,TEMPLE ESTATE,IV,,2009-01-01 00:00:00,2010
223,964210856300,2009-11-24 00:00:00,119000,1193,269,"DELEON, KRYSTLE ROXANNE",,407,PROVIDENCE HALL,,DR,0.31,R-12,R1,DWELLING,110,CARTHAGE COLONIES,I,70,2009-01-01 00:00:00,2010
224,963241263600,2009-11-24 00:00:00,185000,1193,311,"PEELE, DANNY LEE","PEELE, RUTH S",3413,WINTERWIND,,CIR,,R-20,R1,DWELLING,110,WEST LANDING,II,65,2009-01-01 00:00:00,2010
225,963483535700,2009-11-24 00:00:00,133000,1193,332,"GROCE, VAN R SR",,1001,WOODYHILL,,LN,,R-14,R1,DWELLING,110,GREEN VALLEY,VI,2,2009-01-01 00:00:00,2010
226,964336404100,2009-11-24 00:00:00,205000,1193,368,"NEFF, RUSSELL LAWTON","NEFF, BOBBIE J",412,CRUSADERS,,DR,0.44,R-12,R1,DWELLING,110,NOTTINGHAM,II-B,152,2009-01-01 00:00:00,2010
227,968109107300,2009-11-25 00:00:00,79000,1193,423,"MCCORMICK, PHYLLIS A",,0,SPRINGFIELD,,DR,,RA,R1,VACANT LD,UNDE,DIXIE ACRES,PHASE I,20,2009-01-01 00:00:00,2010
228,968109210700,2009-11-25 00:00:00,79000,1193,423,"MCCORMICK, PHYLLIS A",,30,SPRINGFIELD,,DR,,RA,R1,DWELLING,110,DIXIE ACRES,PHASE I,19,2009-01-01 00:00:00,2010
229,964129474400,2009-11-25 00:00:00,119000,1193,445,"SLOAN, JENNIFER B","SLOAN, CHRISTOPHER L",841,GOLDEN HORSESHOE,,LN,0.21,R-12,R1,DWELLING,110,CARTHAGE COLONIES,PH 4B,147,2009-01-01 00:00:00,2010
230,961006141400,2009-11-25 00:00:00,0,1193,467,"ALLMOND, MARY KATHERINE","ALLMOND, STEVEN DOUGLAS",3577,PLANK,S,RD,0.97,RA,R1,SW MH(S),110,,,4,2009-01-01 00:00:00,2010
231,967002146100,2009-11-25 00:00:00,5000,1193,489,"SHARPE, SHARON C",,0,MEADOW REACH,,,,RR,R1,VACANT,101,CAROLINA TRACE,SOUTHWIN,1036,2009-01-01 00:00:00,2010
232,964347501700,2009-11-25 00:00:00,0,1193,491,"BLOODWORTH, JORDAN DIANE",,236,LOXLEY,,LN,,R-12,R1,DWELLING,110,NOTTINGHAM,PH I,9,2009-01-01 00:00:00,2010
233,961158979000,2009-11-25 00:00:00,0,1193,511,"DONATHAN, PATRICIA J","DONATHAN, MICHAEL D",277,BLACKSTONE,,RD,9.5,RA,R1,DWELLING,110,,,2,2009-01-01 00:00:00,2010
234,968347963200,2009-11-25 00:00:00,152000,1193,546,"HOFFMAN, ROBERT C JR","HOFFMAN, DARLENE J",3890,AVENTS FERRY,,RD,2.08,RA,R1,DWELLING,110,HILLCREST,II,6,2009-01-01 00:00:00,2010
235,956945675100,2009-11-25 00:00:00,0,1193,592,"MONTIEL, ALBERTO G","MONTIEL, FRANCISCA G",1008,FRANK WICKER,,RD,1.08,RA/MH,R1,DWELLING,110,TRACE FARMS,,30 29-,2009-01-01 00:00:00,2010
236,966059034100,2009-11-25 00:00:00,185000,1193,618,"FUENTES, VICTOR DANIEL","FUENTES, SIMONE",3208,ARGYLL,,DR,,RR,R1,DWELLING,110,CAROLINA TRACE,SEDGEMOO,3208,2009-01-01 00:00:00,2010
237,965222160900,2009-11-30 00:00:00,0,1193,717,HSBC MORTGAGE SERVICE INC,,519,HUGHES,,ST,,R-12,R1,DWELLING,110,,,,2009-01-01 00:00:00,2010
238,965212974400,2009-11-30 00:00:00,0,1193,717,HSBC MORTGAGE SERVICE INC,,0,HUGHES,,ST,,R-12,R1,OBY(S),110,,,,2009-01-01 00:00:00,2010
239,963190338400,2009-11-30 00:00:00,5000,1193,754,"COGGINS, RHONDA SUE",,882,BRUCE COGGINS,,RD,2.31,RA,R1,RES+SWMH,110,,,,2009-01-01 00:00:00,2010
240,963351618200,2009-11-30 00:00:00,0,1193,774,"BOWEN, LARRY WAYNE JR","BOWEN, SUZANNE NEAL",2301,SUTPHIN,,DR,,R-20,R1,DWELLING,110,CARBONTON HEIGHTS,M,1- 2,2009-01-01 00:00:00,2010
241,965219286800,2009-11-30 00:00:00,40000,1193,811,"ESPINOZA, VICENTE M",,519,HICKORY,,AVE,,R-10,R1,DWELLING,110,,,,2009-01-01 00:00:00,2010
242,969473463900,2009-11-30 00:00:00,89000,1193,813,"RATTZ, TIMOTHY EDWARD",,249,WALK ABOUT,,LN,2.17,RA,R1,DWELLING,110,OUTBACK ACRES,,6,2009-01-01 00:00:00,2010
243,Parid,Saledt,Price,Book,Page,Own1,Own2,Adrno,Adrstr,Adrdir,Adrsuf,Acres,Zoning,Class,Unitdesc,Luc,Subdiv,Subblck,Sublot,Saledt Year,Taxyr
244,951969719400,2009-12-01 00:00:00,384000,1193,855,"SANDIDGE, ROBERT","SANDIDGE, SHEILA",257,SAINTSBURY,,PL,1.01,RA,R1,DWELLING,110,BOCA ESTATES,,30,2009-01-01 00:00:00,2010
245,964129383800,2009-12-01 00:00:00,156000,1193,879,"PERDRISAT-BOWDLER, JUDY A","BOWDLER, JEFFREY L",840,GOLDEN HORSESHOE,,LN,0.24,R-12,R1,DWELLING,110,CARTHAGE COLONIES,PH 4B,164,2009-01-01 00:00:00,2010
246,964129176400,2009-12-01 00:00:00,119500,1193,891,"PATWARY, MOHAMMAD A","PATWARY, ROOKSHANA",852,GOLDEN HORSESHOE,,LN,0.21,R-12,R1,DWELLING,110,CARTHAGE COLONIES,PH 4B,161,2009-01-01 00:00:00,2010
247,965625702700,2009-12-01 00:00:00,112000,1193,964,"NELLIGAN, DANIEL F","ROBINSON, TEENA",2644,DEEP RIVER,,RD,0.92,RA,R1,DWELLING,110,,,,2009-01-01 00:00:00,2010
248,963365373500,2009-12-01 00:00:00,0,1193,979,"ISKANDER, NAWAL F",,1410,GORMLY,,CIR,1.6,R-20,R1,DWELLING,110,WESTLAKE VALLEY,B,8,2009-01-01 00:00:00,2010
249,965227899900,2009-12-01 00:00:00,58000,1193,981,"NAVICHOQUE, MARITZA","NAVICHOQUE, ISIDRO OSBERTO",1407,RAY,,AVE,,R-12,R1,DWELLING,110,PALMER,E,33,2009-01-01 00:00:00,2010
250,966079506900,2009-12-02 00:00:00,200000,1194,122,"THOMPSON, RONALD L","THOMPSON, TRACEY B",138,HOLLY,,LN,,RR,R1,DWELLING,110,CAROLINA TRACE,X,138,2009-01-01 00:00:00,2010
251,966079509100,2009-12-02 00:00:00,200000,1194,122,"THOMPSON, RONALD L","THOMPSON, TRACEY B",0,HOLLY,,LN,,RR,R1,VACANT,101,CAROLINA TRACE,X,*139,2009-01-01 00:00:00,2010
252,964540337500,2009-12-02 00:00:00,20000,1194,149,"ESTES, LUMUS WAYNE JR",,3338,HAWKINS,,AVE,,RA,R1,DWELLING,110,,B,1,2009-01-01 00:00:00,2010
253,963162681200,2009-12-02 00:00:00,139000,1194,152,"BLANCO, ROBERTO","BLANCO, TERESA",2909,CHESHIRE,,DR,0.73,RR,R1,DWELLING,110,CHESHIRE FARMS,PHASE I,3,2009-01-01 00:00:00,2010
254,964342330400,2009-12-02 00:00:00,0,1194,166,"GLOVER, LARRY D",,300,QUEEN,,RD,,R-12,R1,DWELLING,110,,,2-3-4-,2009-01-01 00:00:00,2010
255,961275866400,2009-12-02 00:00:00,0,1194,99,"MENDEZ, JOHN K","MENDEZ, ROSSANA P",546,DUBLIN,,DR,3.32,RR,R1,DWELLING,110,CREEKWOOD,II,30,2009-01-01 00:00:00,2010
256,966080887900,2009-12-03 00:00:00,180000,1194,203,"PATTERSON, ERNEST FINNEY JR",,374,KITTERY,,PT,,RR,R1,DWELLING,110,CAROLINA TRACE,HARB CRK,374,2009-01-01 00:00:00,2010
257,955985910900,2009-12-03 00:00:00,40500,1194,235,"ESPINOSA, VICENTE MANUEL","ESPINOSA, HORTENSIA ROSENDA",339,WILLS WAY,,,3.29,RA,R1,DWELLING,101,JUNIPER CREEK PLANTATION,SEC II,6,2009-01-01 00:00:00,2010
258,960171752200,2009-12-03 00:00:00,20000,1194,240,"BRYANT, CHARLIE A JR","BRYANT, BETTY ANN",0,PLANK,S,RD,1.27,RA,R1,VACANT,UNDE,,,2,2009-01-01 00:00:00,2010
259,965289364900,2009-12-04 00:00:00,0,1194,258,"PRICE, BRENDA L",,1528,CLEARWATER,,DR,,R-20,R1,DWELLING,110,CLEARWATER FRST,,48- 49-,2009-01-01 00:00:00,2010
260,965088533500,2009-12-04 00:00:00,89000,1194,271,"MATTHEWS, BARRY L JR",,4813,NORTH POINTE,,,0.4,R-10,R1,DWELLING,110,WOODBRIDGE POINTE,,18,2009-01-01 00:00:00,2010
261,952985979500,2009-12-04 00:00:00,255000,1194,298,"HAMRICK, JULIE A",,5738,QUAIL RIDGE,,DR,0.69,RR,R1,DWELLING,110,,,,2009-01-01 00:00:00,2010
262,952839313400,2009-12-04 00:00:00,0,1194,329,FIRST BANK,,1662,CEDAR LANE,,RD,2.04,RA,R1,DWELLING,110,,,,2009-01-01 00:00:00,2010
263,967682944300,2009-12-04 00:00:00,237000,1194,340,"PARKER, RANDALL C","PARKER, SHERRY M",356,BUCHANAN FARM,,RD,5,RA,R1,DWELLING,110,,,,2009-01-01 00:00:00,2010
264,967012649100,2009-12-07 00:00:00,138500,1194,418,"LUCK, CHRISTOPHER MICHAEL","LUCK, DEANNA ALICIA",2142,PHILADELPHIA,,ST,,RR,R1,DWELLING,110,CAROLINA TRACE,WOODFIEL,2142,2009-01-01 00:00:00,2010
265,955905485000,2009-12-07 00:00:00,0,1194,455,"YOW, ANGIE JONES",,1447,KENTYREWOOD FARM,,RD,1,RA,R1,DWELLING,110,,,3A,2009-01-01 00:00:00,2010
266,964320921100,2009-12-07 00:00:00,169000,1194,607,"FOUSHEE, ROBIN",,601,PALMER,,DR,,R-20,R1,DWELLING,110,MCIVER PARK,,71A-74A-,2009-01-01 00:00:00,2010
267,964320814200,2009-12-07 00:00:00,169000,1194,607,"FOUSHEE, ROBIN",,0,PALMER,,DR,,R-20,R1,VACANT,101,MCIVER PARK,,69A-,2009-01-01 00:00:00,2010
268,964442946500,2009-12-07 00:00:00,161000,1194,621,"CLARK, LEROY KEITH JR","CLARK, TERI B",212,ACORN,,DR,,R-12,R1,DWELLING,110,CHARLESTON PLACE,,4,2009-01-01 00:00:00,2010
269,953936307100,2009-12-07 00:00:00,55000,1194,639,"DYCUS, GAITHER","DYCUS, DIANE",654,WILDLIFE,,RD,1.5,RA,R1,DWELLING,110,,,,2009-01-01 00:00:00,2010
270,962580378800,2009-12-07 00:00:00,0,1194,644,"SIMON, GARY (LIFE ESTATE)",,898,FORESTWOOD PARK,,RD,1.69,RR,R1,DWELLING,110,,,,2009-01-01 00:00:00,2010
271,963242526800,2009-12-08 00:00:00,332000,1194,647,"CAMERON, JOHN M","CAMERON, PAMELA H",208,WICKFIELD,,DR,,R-20,R1,DWELLING,110,WEST LANDING,II,55,2009-01-01 00:00:00,2010
272,964238196000,2009-12-08 00:00:00,85000,1194,674,FIRST PROPERTY ASSOCIATES INC,,312,CARBONTON,,RD,,R-12,R1,DWELLING,110,MCIVER PARK,,15 16-,2009-01-01 00:00:00,2010
273,966520746300,2009-12-08 00:00:00,0,1194,685,"HALLOWELL, WILLIAM W & ELSE E/TRUSTEES",THE WILLIAM W & ELSE E HALLOWELL TRUST,346,CHAPMAN,,DR,10.39,RA,R1,,110,COMMERCE PARK LIMITED,PHASE II,11,2009-01-01 00:00:00,2010
274,964345877200,2009-12-08 00:00:00,30000,1194,693,CUSTOM CONTRACTING CORP,,479,CRUSADERS,,DR,0.54,R-12,R1,DWELLING,101,NOTTINGHAM,PH II-B,96,2009-01-01 00:00:00,2010
275,952987153300,2009-12-08 00:00:00,0,1194,714,"LLOYD, JUDY POE",,6007,MOCKINGBIRD,,LN,,RR,R1,DWELLING,110,QUAIL RIDGE,H,4,2009-01-01 00:00:00,2010
276,965228406700,2009-12-08 00:00:00,0,1194,729,"KNAPP, KENNETH WAYNE",,1307,RAY,,AVE,,R-12,R1,DWELLING,110,PALMER,F,39,2009-01-01 00:00:00,2010
277,963265633500,2009-12-09 00:00:00,106000,1194,746,"WELLS FARGO BANK, N A",,221,WINTERLOCKEN,,DR,,R-20,R1,DWELLING,110,LONGVIEW ACRES,III,175,2009-01-01 00:00:00,2010
278,966080662000,2009-12-09 00:00:00,355000,1194,828,"SCHOOLCRAFT, DONALD R","SCHOOLCRAFT, DONNA C",864,EAGLES NEST,,DR,,RR,R1,DWELLING,110,CAROLINA TRACE,EAGLE'S,864,2009-01-01 00:00:00,2010
279,964129250400,2009-12-10 00:00:00,140000,1194,895,"MARTIN, MONIQUE LASHUN",,857,GOLDEN HORSESHOE,,LN,0.29,R-12,R1,DWELLING,110,CARTHAGE COLONIES,PH 4B,150,2009-01-01 00:00:00,2010
280,964129587100,2009-12-10 00:00:00,147000,1194,912,"SMITH, DONAVON M","SMITH, PAMELA J",833,GOLDEN HORSESHOE,,LN,0.24,R-12,R1,DWELLING,110,CARTHAGE COLONIES,PH 4B,145,2009-01-01 00:00:00,2010
281,964220906300,2009-12-10 00:00:00,0,1194,936,"ADAMS, STEPHANIE C",,809,GOLDEN HORSESHOE,,LN,,R-12,R1,DWELLING,110,CARTHAGE COLONIES,PH 3B,139,2009-01-01 00:00:00,2010
282,964238131300,2009-12-10 00:00:00,0,1194,959,"NORATO, JOSE","NORATO, TERESA",306,PARK,,AVE,,R-12,R1,DWELLING,110,DAVENPORT PARK,C,8,2009-01-01 00:00:00,2010
283,963366435500,2009-12-10 00:00:00,350000,1194,973,"AUSTIN, DONALD EDWARD JR",,2205,BROOKWOOD,,TR,,R-20,R1,DWELLING,110,WESTLAKE VALLEY,A,45,2009-01-01 00:00:00,2010
284,964195089200,2009-12-10 00:00:00,0,1194,980,"MADDOX, JEFFREY LYNN","MADDOX, REBECCA H",3309,HILLANDALE,,DR,,R-20,R1,DWELLING,110,COURTLAND ACRES,SOUTH,70,2009-01-01 00:00:00,2010
285,964185983500,2009-12-10 00:00:00,0,1194,980,"MADDOX, JEFFREY LYNN","MADDOX, REBECCA H",0,HILLANDALE,,DR,,R-20,R1,OBY(S),101,COURTLAND ACRES,,61,2009-01-01 00:00:00,2010
286,964185976400,2009-12-10 00:00:00,0,1194,980,"MADDOX, JEFFREY LYNN","MADDOX, REBECCA H",0,HILLANDALE,,DR,,R-20,R1,VACANT,101,COURTLAND ACRES,,62,2009-01-01 00:00:00,2010
287,966163320700,2009-12-10 00:00:00,290000,1194,983,"HANCOCK, DAVID H","HANCOCK, ANN T",645,CHELSEA,,DR,0.31070000000000003,RR,R1,DWELLING,110,CAROLINA TRACE,WOODMERE,645,2009-01-01 00:00:00,2010
288,966163300400,2009-12-10 00:00:00,28000,1195,1,VAHUE BUILDING CORPORATION LLC,,700,CHELSEA,,DR,,RR,R1,VACANT,UNDE,CAROLINA TRACE,WOODMERE,700,2009-01-01 00:00:00,2010
289,954846043500,2009-12-10 00:00:00,110000,1195,18,"FOX, KATRINA L",,2601,SANDERS,,RD,1.31,RA,R1,DWELLING,110,,,,2009-01-01 00:00:00,2010
290,966171595900,2009-12-11 00:00:00,235000,1195,136,"RIFFLE, ROBERT F","RIFFLE, BRENDA C",676,CHELSEA,,DR,,RR,R1,DWELLING,110,CAROLINA TRACE,WOODMERE,676B,2009-01-01 00:00:00,2010
291,965115785600,2009-12-11 00:00:00,145000,1195,161,"DOWDY, STACY O",,257,GLENDALE,,CIR,0.46,R-20,R1,DWELLING,110,GLENDALE ESTATES,,8,2009-01-01 00:00:00,2010
292,965483025400,2009-12-11 00:00:00,0,1195,183,"WILLIAMS, ROSANNA L","WILLIAMS, PETER JAMES",299,JUDY ANN,,LN,6.71,RA/MH,R1,DWELLING,110,,,,2009-01-01 00:00:00,2010
293,965218322200,2009-12-11 00:00:00,32000,1195,186,JRU/PCU LLC,,906,RAY,,AVE,,R-10,R1,DWELLING,110,PALMER,,90,2009-01-01 00:00:00,2010
294,963248925500,2009-12-11 00:00:00,155000,1195,230,"PRICE, TRACEY L",,2719,PEBBLEBROOK,,DR,,R-20,R1,DWELLING,110,BELLAIRE,II,32,2009-01-01 00:00:00,2010
295,966656670800,2009-12-11 00:00:00,153500,1195,248,"GRAHAM, MARION WAYNE",,235,ROD SULLIVAN,,RD,2.78,RA,R1,DWELLING,110,,,2,2009-01-01 00:00:00,2010
296,964178689100,2009-12-11 00:00:00,0,1195,270,"FRADY, MICHAEL JOSEPH","FRADY, MANDI UPCHURCH",2417,DOVER,,ST,,R-20,R1,DWELLING,110,COURTLAND ACRES,WOODHURS,143,2009-01-01 00:00:00,2010
297,966380886000,2009-12-14 00:00:00,0,1195,291,"REED, TRAVIS J","REED, CHRISTINA L",1151,POPLAR SPRINGS CHURCH,,RD,1.32,RA,R1,DWELLING,110,POPLAR SPRINGS ESTATES,II,205,2009-01-01 00:00:00,2010
298,965089065300,2009-12-14 00:00:00,0,1195,335,FEDERAL NATIONAL MORTGAGE ASSOCIATION,,1312,CEDARHURST,,DR,,R-10,R1,DWELLING,110,WOODBRIDGE FOREST,I,439,2009-01-01 00:00:00,2010
299,968605206100,2009-12-14 00:00:00,150000,1195,352,"SPIVEY, CHADBURN J","SPIVEY, JENNIFER L",1403,LEE'S CHAPEL,,RD,2.48,RA,R1,DWELLING,110,,,,2009-01-01 00:00:00,2010
300,963451457300,2009-12-14 00:00:00,0,1195,370,SECRETARY OF VETERANS AFFAIRS,,511,GLENWOOD,,DR,,R-14,R1,DWELLING,110,GLENWOOD,,48,2009-01-01 00:00:00,2010
301,965197357600,2009-12-14 00:00:00,35000,1195,392,"SMITH, FRED THOMAS III",,,HAL SILER,,DR,0.71,IP,C1,COMM LAND,COM,"WILSON, WALKER INDUSTRIAL PARK",,8B,2009-01-01 00:00:00,2010
302,965202572300,2009-12-14 00:00:00,93000,1195,394,"COCHRAN-SMITH, PATRICIA","SMITH, FREEMAN SANTONIO DELRAY",805,PRIMROSE,,LN,,R-12,R1,DWELLING,110,KNIGHTWOOD PARK,A,9,2009-01-01 00:00:00,2010
303,968250244300,2009-12-15 00:00:00,118000,1195,448,"JOHNSON, STEPHEN C","JOHNSON, JENNIFER E",317,THIRD,,ST,,R-12,R1,DWELLING,110,FIRST STREET ESTATES,,7,2009-01-01 00:00:00,2010
304,963279776900,2009-12-15 00:00:00,120000,1195,493,"ROBERSON, BRANDY",,906,BRYANT,,DR,,R-20,R1,DWELLING,110,MCIVER HEIGHTS,,12,2009-01-01 00:00:00,2010
305,966091815800,2009-12-15 00:00:00,7000,1195,529,"LUCAS, ISRAEL S","LUCAS, MARTHA B",443,WINDY BEACH,,,,RR,R1,VACANT,UNDE,CAROLINA TRACE,HARB CRK,443,2009-01-01 00:00:00,2010
306,966190278600,2009-12-15 00:00:00,14000,1195,531,"KEYSER, WARREN E","KEYSER, KAREN L",6063,MERION,,CIR,,RR,R1,VACANT LND,101,CAROLINA TRACE,GOLF NOR,6063,2009-01-01 00:00:00,2010
307,966073323400,2009-12-15 00:00:00,147500,1195,533,"SAYRE, WAYNE M",,216,UPPER DECK,,,,RR,R1,DWELLING,110,CAROLINA TRACE,IV,216,2009-01-01 00:00:00,2010
308,966073223900,2009-12-15 00:00:00,147500,1195,533,"SAYRE, WAYNE M",,215,UPPER DECK,,,,RR,R1,VACANT,101,CAROLINA TRACE,IV,215-,2009-01-01 00:00:00,2010
309,965049312100,2009-12-16 00:00:00,0,1195,570,"DOWDY, DONNA KAY",,2014,ST ANDREWS CHURCH,,RD,0.3,RA,R1,DWELLING,110,,,,2009-01-01 00:00:00,2010
310,965048386300,2009-12-16 00:00:00,0,1195,570,"DOWDY, DONNA KAY",,0,ST ANDREWS CHURCH,,RD,4.93,RA,R1,VACANT,UNDE,,,10,2009-01-01 00:00:00,2010
311,964257045100,2009-12-16 00:00:00,0,1195,574,"MCMILLIAN, CRYSTLE L",,223,CIRCLE,,AVE,,R-6,R1,DWELLING,110,PARK HEIGHTS,,18,2009-01-01 00:00:00,2010
312,967001434000,2009-12-16 00:00:00,0,1195,597,"FLORES, JESUS L","RAMON, ANITA A",431,HARBOR TRACE,,,,RR,R1,DWELLING,110,CAROLINA TRACE,HARB CRK,431,2009-01-01 00:00:00,2010
313,966075707500,2009-12-16 00:00:00,386000,1195,599,"KIRKLAND, THOMAS R","KIRKLAND, PATRICIA G",115,GREENSIDE,,LN,0.13,RR,R1,DWELLING,110,CAROLINA TRACE,COTTAGE,4,2009-01-01 00:00:00,2010
314,966151121000,2009-12-16 00:00:00,15000,1195,647,"SPOFFORD, HOMER TODD","SPOFFORD, LOUISE MCELROY",762,TURNBURY,,CT,,RR,R1,VACANT,UNDE,CAROLINA TRACE,WOODMERE,762,2009-01-01 00:00:00,2010
315,963330775100,2009-12-17 00:00:00,178000,1195,684,"BUIE, JEANNE J",,208,WEST OAK,,WAY,,R-20,R1,DWELLING,110,HERITAGE POINTE,,8,2009-01-01 00:00:00,2010
316,965306361200,2009-12-17 00:00:00,70000,1195,717,"RIDDLE, JO ANN R (LIFE ESTATE)",,830,COLON,,RD,,R-20,R1,DWELLING,110,OAKDALE,,2,2009-01-01 00:00:00,2010
317,954714009900,2009-12-17 00:00:00,0,1195,722,"BAUMGARDNER, WILLIAM",,368,BLACK,,RD,0.91,RA,R1,,110,,,,2009-01-01 00:00:00,2010
318,954703688900,2009-12-17 00:00:00,0,1195,722,"BAUMGARDNER, WILLIAM",,374,BLACK,,RD,8.88,RA,R1,VACANT LND,110,,,3,2009-01-01 00:00:00,2010
319,954703843100,2009-12-17 00:00:00,0,1195,722,"BAUMGARDNER, WILLIAM",,0,BLACK,,RD,8.89,RA,R1,VACANT LND,UNDE,,,5,2009-01-01 00:00:00,2010
320,954713369500,2009-12-17 00:00:00,0,1195,722,"BAUMGARDNER, WILLIAM",,504,BLACK,,RD,6.41,RA,R1,SW MH(S),110,,,,2009-01-01 00:00:00,2010
321,964228224700,2009-12-17 00:00:00,0,1195,722,"BAUMGARDNER, WILLIAM",,805,PARK,,AVE,,R-12,R1,DWELLING,110,DAVENPORT PARK,F,11,2009-01-01 00:00:00,2010
322,963276734900,2009-12-17 00:00:00,0,1195,725,EAST END SOUTH INC,,207,MCLEOD,,DR,,R-20,R1,DWELLING,110,COLONIAL ACRES,,113,2009-01-01 00:00:00,2010
323,964034056700,2009-12-17 00:00:00,82500,1195,727,"WELLS FARGO BANK, N A",,201,MAIDELINE,,AVE,0.92,RA,R1,DWELLING,110,RAYS LANDING,II,10,2009-01-01 00:00:00,2010
324,964365103500,2009-12-17 00:00:00,38000,1195,764,"MONTES, JOSE A","TORRES, GLADYS PEREZ",241,STROUD,,ST,,R-12,R1,DWELLING,110,GUNTER FOREST,C,1-3 7-10,2009-01-01 00:00:00,2010
325,967018908900,2009-12-17 00:00:00,161000,1195,777,"BLODGETT, RONALD D","BERRIOS, ANA S",5082,WREN,,WAY,,RR,R1,DWELLING,110,CAROLINA TRACE,MALLARD,5082,2009-01-01 00:00:00,2010
326,965300796900,2009-12-17 00:00:00,0,1195,798,"OLVERA BELTRAN, JUAN CARLOS","OLVERA, LUCY VERONICA",510,CHARLOTTE,,AVE,0.33,R-12,R1,DWELLING,110,DEATON,58,4,2009-01-01 00:00:00,2010
327,967015857100,2009-12-17 00:00:00,0,1195,816,"ABRUZZINO, F JOSEPH",,1375,TENNESSEE,,CIR,,RR,R1,VACANT,UNDE,CAROLINA TRACE,HIDDEN L,1375,2009-01-01 00:00:00,2010
328,964438396900,2009-12-17 00:00:00,500,1195,820,NORTHVIEW CHRISTIAN CHURCH,,0,LEE,,BLVD,0.43,RA,R1,VACANT,UNDE,SANTA LEE PARK,B,34-37,2009-01-01 00:00:00,2010
329,964438755800,2009-12-17 00:00:00,0,1195,822,NORTHVIEW CHRISTIAN CHURCH,,0,IDLEWILD,,DR,0.87,RA,EX,VACANT,XREL,"BRIDGES, A.E.",C,47-54,2009-01-01 00:00:00,2010
330,964438558700,2009-12-17 00:00:00,0,1195,822,NORTHVIEW CHRISTIAN CHURCH,,0,IDLEWILD,,DR,0.67,RA,EX,VACANT,XREL,SANTA LEE PARK,C,41-46,2009-01-01 00:00:00,2010
331,964438690100,2009-12-17 00:00:00,0,1195,822,NORTHVIEW CHRISTIAN CHURCH,,3301,HAWKINS,,AVE,4.12,RA,EX,CHURCH,XREL,SANTA LEE PARK,B,38-75,2009-01-01 00:00:00,2010
332,964276999400,2009-12-17 00:00:00,275000,1195,840,"GUZMAN, WILDERMAR","GUZMAN, KYUNG SUN",701,HORNER,S,BLVD,,C-2,C1,COMM BLDG,REST,,,,2009-01-01 00:00:00,2010
333,967034099500,2009-12-17 00:00:00,234500,1195,852,"COWLES, MICHAEL E",,1536,LOUISIANA,,LN,,RR,R1,DWELLING,110,CAROLINA TRACE,HID LAKE,1536,2009-01-01 00:00:00,2010
334,967709010800,2009-12-18 00:00:00,204000,1195,898,WAKE STONE CORP,,0,DEEP RIVER,,RD,8.5,HI-CU,C1,IND LAND,INDL,,,,2009-01-01 00:00:00,2010
335,968158688600,2009-12-18 00:00:00,216000,1195,951,"ROBINSON, MORROW JR","ROBINSON, DEBORAH A",202,STEVENS,,AVE,,R-20,R1,DWELLING,110,"WATSON, E C",D,13-,2009-01-01 00:00:00,2010
336,954867775000,2009-12-18 00:00:00,98000,1195,980,"DAVIS, DUSTIN",,3035,EDWARDS,,RD,0.96,RA,R1,DWELLING,110,,,,2009-01-01 00:00:00,2010
337,964355334800,2009-12-18 00:00:00,145000,1195,998,"THOMPSON, TERESA H",,514,FORREST,,DR,,R-12,R1,DWELLING,110,MCCRACKEN HEIGHTS,,48 47-,2009-01-01 00:00:00,2010
338,953878217500,2009-12-18 00:00:00,33500,1196,1,"DANA, RICHARD L","DANA, SANDRA O",2434,PILSON,,RD,1.3,RA/MH,R1,DWELLING,110,OAKWOOD CORNERS,,4,2009-01-01 00:00:00,2010
339,968366769200,2009-12-21 00:00:00,20000,1196,177,"BELLAMY, JOHNNIE","BELLAMY, COURTNEY",0,BUCKHORN,,RD,5.95,RA,R1,VACANT LND,UNDE,,,,2009-01-01 00:00:00,2010
340,966190926100,2009-12-21 00:00:00,500,1196,181,RMR CUSTOM HOMES INC,,6098,DUNES,,DR,,RR,R1,VACANT LND,101,CAROLINA TRACE,GOLF NOR,6098,2009-01-01 00:00:00,2010
341,968234357900,2009-12-21 00:00:00,108000,1196,185,"TWISS, BERTON L III",,206,SMITH,,DR,,R-20,R1,DWELLING,110,BRICKWOOD,,"44,45",2009-01-01 00:00:00,2010
342,963370647300,2009-12-21 00:00:00,0,1196,68,"MORRIS, ROGER R","MORRIS, WANDA W",1010,BRYANT,,DR,,R-20,R1,DWELLING,110,,,,2009-01-01 00:00:00,2010
343,967003833200,2009-12-21 00:00:00,37000,1196,76,"MESTER, LAURENCE R JR","MESTER, JING",1159,DEERFOOT,,TR,,RR,R1,VACANT,UNDE,CAROLINA TRACE,SOUTH LA,1159,2009-01-01 00:00:00,2010
344,964285382600,2009-12-22 00:00:00,0,1196,200,"PHILLIPS, PAULINE M",,418,RIDGECREST,,DR,,R-12,R1,DWELLING,110,,III,129,2009-01-01 00:00:00,2010
345,963169735800,2009-12-22 00:00:00,175000,1196,282,"COX, TALMADGE M","COX, LINDA M",0,KELLER ANDREWS,,RD,2.31,C-2,C1,COMM LAND,COML,,,,2009-01-01 00:00:00,2010
346,966092722800,2009-12-22 00:00:00,137000,1196,295,"POMILIO, JANE RUTH",,1046,WINDRACE TR SOUTH,,,,RR,R1,DWELLING,110,CAROLINA TRACE,SOUTHWIN,1046,2009-01-01 00:00:00,2010
347,964340833000,2009-12-22 00:00:00,0,1196,337,SECRETARY OF HOUSING & URBAN DEVELOPMENT,,304,VANCE,N,ST,,R-6,R1,DWELLING,110,ROSEMONT,V,9-,2009-01-01 00:00:00,2010
348,952815544300,2009-12-22 00:00:00,0,1196,339,"BRIDSCHGE, MARY",,0,BUNNELL,,RD,2.12,RA/MH,R1,VACANT,UNDE,B M KELLY,III,32,2009-01-01 00:00:00,2010
349,964238191600,2009-12-22 00:00:00,0,1196,342,FIRST PROPERTY ASSOCIATES INC,,0,CARBONTON,,RD,,R-12,R1,VACANT,UNDE,MCIVER PARK,,16-,2009-01-01 00:00:00,2010
350,964239203000,2009-12-22 00:00:00,0,1196,342,FIRST PROPERTY ASSOCIATES INC,,0,CARR,,ST,,R-12,R1,VACANT,UNDE,MCIVER PARK,,20,2009-01-01 00:00:00,2010
351,964567488100,2009-12-22 00:00:00,500,1196,344,"TORRES, ERASMO ROSALES",,1412,BETHANY,,CIR,0.23,RA/MH,R1,,110,NORTH LAKES VILLAGE,,15,2009-01-01 00:00:00,2010
352,967001647600,2009-12-22 00:00:00,1000,1196,368,"RUSHATZ, ALFRED S",,318,YARMOUTH TURN,,,,RR,R1,VACANT,UNDE,CAROLINA TRACE,HARB CRK,318,2009-01-01 00:00:00,2010
353,963240036400,2009-12-22 00:00:00,105000,1196,370,"GOODNOE, AMY M",,1923,OWLS NEST,,RD,,R-20,R1,DWELLING,110,OWL'S NEST,A,29,2009-01-01 00:00:00,2010
354,961452371600,2009-12-22 00:00:00,127500,1196,400,"MCGURL, WILLIAM P","MCGURL, JAMEY",1104,HORSEMANS RIDGE,,LN,15.76,RA,R1,DWELLING,110,,,,2009-01-01 00:00:00,2010
355,951948570600,2009-12-23 00:00:00,0,1196,482,"COTHRAN, VERA COLE BOGGS",,4475,PLANK,S,RD,0.74,RA,R1,DWELLING,110,,,,2009-01-01 00:00:00,2010
356,962391448500,2009-12-23 00:00:00,185500,1196,484,BANK OF AMERICA NA,,304,BROOKFIELD,,CIR,0.36,R-14,R1,DWELLING,110,HEARTHFIELD LAKES SECTION 2,,16,2009-01-01 00:00:00,2010
357,964129153200,2009-12-28 00:00:00,170000,1196,633,"SNELL, BRADLEY",,861,GOLDEN HORSESHOE,,LN,0.23,R-12,R1,DWELLING,110,CARTHAGE COLONIES,PH 4B,151,2009-01-01 00:00:00,2010
358,964230156500,2009-12-28 00:00:00,124000,1196,652,"HO, TU CAM THI","HO, KHANG SI",605,BRITTON,,CT,,R-12,R1,DWELLING,110,CARTHAGE COLONIES,PH 3A,104,2009-01-01 00:00:00,2010
359,964230467900,2009-12-28 00:00:00,132000,1196,663,"DEROSBY, BRADLEY A","DEROSBY, JANET G",705,GOLDEN HORSESHOE,,LN,,R-12,R1,DWELLING,110,CARTHAGE COLONIES,PH 3A,74,2009-01-01 00:00:00,2010
360,952814933000,2009-12-29 00:00:00,16000,1196,717,"ABOUL-HOSN, KATHY",,412,KEY,,RD,3,RA,R1,DWELLING,110,,,3,2009-01-01 00:00:00,2010
361,951969982600,2009-12-29 00:00:00,189000,1196,753,"UNDERWOOD, STEVEN LYNN",,3653,CHRIS COLE,,RD,9.27,RA,R1,DWELLING,110,,,,2009-01-01 00:00:00,2010
362,964351142100,2009-12-29 00:00:00,100000,1196,767,HAVEN IN LEE COUNTY INC,,406,HORNER,N,BLVD,,OI,R1,VACANT LND,101,ROSEMONT,VIIII,2,2009-01-01 00:00:00,2010
363,964351141900,2009-12-29 00:00:00,100000,1196,767,HAVEN IN LEE COUNTY INC,,410,HORNER,N,BLVD,,OI,R1,VACANT LND,101,ROSEMONT,VIII,1,2009-01-01 00:00:00,2010
364,964351252200,2009-12-29 00:00:00,100000,1196,767,HAVEN IN LEE COUNTY INC,,211,BRACKEN,,ST,,OI,R1,VACANT LND,101,ROSEMONT,VIII,12,2009-01-01 00:00:00,2010
365,964295772500,2009-12-29 00:00:00,57000,1196,770,WOLFHEEL PROPERTIES INC,,1008,ELM,,ST,,OI,R1,DWELLING,110,MONROE ADDITION,176,3,2009-01-01 00:00:00,2010
366,966224079700,2009-12-29 00:00:00,500,1196,772,"SPIVEY, RALPH EDWARD",,0,RICE,,RD,1.7,RA,R1,,101,,,3,2009-01-01 00:00:00,2010
367,966224345900,2009-12-29 00:00:00,500,1196,772,"SPIVEY, RALPH EDWARD",,1821,RICE,,RD,2,RA,R1,SW MH(S),110,,,2,2009-01-01 00:00:00,2010
368,966224613900,2009-12-29 00:00:00,500,1196,772,"SPIVEY, RALPH EDWARD",,1817,RICE,,RD,2,RA,R1,DWELLING,110,,,1,2009-01-01 00:00:00,2010
369,952909084900,2009-12-29 00:00:00,0,1196,774,"SCOTT, REX MITCHELL/TRUSTEE",THE REX MITCHELL SCOTT LIVING TRUST AGMT,8500,SUGAR CREEK,,DR,2.45,RR,R1,DWELLING,110,LAKE VILLANOW II,,19,2009-01-01 00:00:00,2010
370,969301531600,2009-12-29 00:00:00,0,1196,788,"PAGE, LAUREN NICOLE",,1358,BUCKHORN,,RD,1.03,RA,R1,DWELLING,110,,,,2009-01-01 00:00:00,2010
371,955705692800,2009-12-30 00:00:00,41000,1196,809,"MIRELES, VIDAL",,7015,SHERIFF WATSON,,RD,5,RA,R1,,110,BARRYWOOD,,5,2009-01-01 00:00:00,2010
372,966188058200,2009-12-30 00:00:00,1100000,1196,816,NC HT PROPERTIES LLC,,2645,MT PISGAH CHURCH,,RD,7.7,LI,C1,INDUSTRY,IND,,,,2009-01-01 00:00:00,2010
373,966188288400,2009-12-30 00:00:00,1100000,1196,816,NC HT PROPERTIES LLC,,0,MT PISGAH CHURCH,,RD,3.65,R-20,R1,VACANT,UNDE,,,,2009-01-01 00:00:00,2010
374,869248219800,2009-12-30 00:00:00,0,1196,831,"THOMAS, VICKIE A","THOMAS, REX J",33,RIVERBEND,,LN,23.46,RA,R1,DWELLING,110,,,,2009-01-01 00:00:00,2010
375,966098732800,2009-12-30 00:00:00,0,1196,834,"VANDERHOEK, LANE","VANDERHOEK, PATRICIA A",3119,CHIPPING WEDGE,,,,RR,R1,DWELLING,110,CAROLINA TRACE,GOLF WES,3119,2009-01-01 00:00:00,2010
376,963482975700,2009-12-30 00:00:00,0,1196,841,"LUTZ, TINA R",,3321,SMOKETREE,,CT,,R-14,R1,DWELLING,110,GREEN VALLEY,V,2,2009-01-01 00:00:00,2010
377,965077957300,2009-12-30 00:00:00,95000,1196,845,"WALKER, RUSSELL P","WALKER, HOLLY R",5109,LAUREL RIDGE,,DR,0.34,R-10,R1,DWELLING,110,WOODBRIDGE POINTE,PHASE II,98,2009-01-01 00:00:00,2010
378,952882045400,2009-12-30 00:00:00,183000,1196,877,"MASSEY, CHARLES L","MASSEY, MARGARET JEAN",224,RAVENS NEST,,LN,10.17,RA,R1,DWELLING,110,,,2,2009-01-01 00:00:00,2010
379,964365746600,2009-12-30 00:00:00,0,1197,19,"PATTISHALL, FRANKLIN MCNEILL","PATTISHALL, SYLVIA LEMONS",1124,HAWKINS,,AVE,1.16,LI,C1,COMM BLDG,COM,,,,2009-01-01 00:00:00,2010
380,966171086800,2009-12-30 00:00:00,0,1197,24,"HUDOCK, PAULINE (LIFE ESTATE)",,681,CHELSEA,,DR,,RR,R1,DWELLING,110,CAROLINA TRACE,WOODMERE,681,2009-01-01 00:00:00,2010
381,966079663100,2009-12-30 00:00:00,217000,1197,31,"BEAMAN, TREVOR","BURFORD, SHAWN M",1613,STONEGATE SOUTH,,,0.08610000000000001,RR,R1,DWELLING,110,CAROLINA TRACE,STONEGAT,1613,2009-01-01 00:00:00,2010
382,964390015800,2009-12-31 00:00:00,0,1197,135,SANFORD AREA HABITAT FOR HUMANITY,,0,MCIVER,,ST,,R-10,R1,,110,TOWN OF SANFORD,68,2,2009-01-01 00:00:00,2010
383,954795736200,2009-12-31 00:00:00,56000,1197,147,"MCDOUGALD, BRANDON G","MCDOUGALD, KIMBERLY",7213,SHERIFF WATSON,,RD,1.42,RA/MH,R1,DWELLING,110,SOUTH OAKS,,1,2009-01-01 00:00:00,2010
384,961026766700,2009-12-31 00:00:00,72000,1197,176,"EAST, SHIRLEY K",,2720,BLACKSTONE,,RD,1,RA,R1,DWELLING,110,,,,2009-01-01 00:00:00,2010
385,961194469800,2009-12-31 00:00:00,20000,1197,196,YOW PROPERTY ASSOCIATES LLC,,0,DYCUS,,RD,2.14,RA,R1,,UNDE,,,,2009-01-01 00:00:00,2010
386,965178092400,2009-12-31 00:00:00,175000,1197,204,CHRISTIANS UNITED OUTREACH CENTER LEE CO,,2885,LEE,,AVE,1.51,C-2,C1,COMM BLDG,DIST,,,,2009-01-01 00:00:00,2010
387,966093592200,2009-12-31 00:00:00,327000,1197,220,"WEISS, RAYMOND A JR","WEISS, DOROTHY",1112,FALLING STREAM,,,,RR,R1,DWELLING,110,CAROLINA TRACE,SOUTH LA,1112,2009-01-01 00:00:00,2010
388,966190951500,2009-12-31 00:00:00,22500,1197,241,"CORRIGAN, JOSEPH R","CORRIGAN, JUDITH",6139,ST ANDREWS,,DR,,RR,R1,VACANT LND,101,CAROLINA TRACE,GOLF NOR,6139,2009-01-01 00:00:00,2010
389,968250661300,2009-12-31 00:00:00,93000,1197,243,"LILLY, ANTHONY WAYNE",,308,THIRD,,ST,,R-12,R1,DWELLING,110,,,,2009-01-01 00:00:00,2010
390,968252781700,2009-12-31 00:00:00,59500,1197,257,"FRENCH, FRANCES L",,800,BURGESS,,CIR,,R-10/MH,R1,DWELLING,110,,,,2009-01-01 00:00:00,2010
391,964334323100,2009-12-31 00:00:00,330000,1197,276,R H POSITIVE INC,,946,HORNER,N,BLVD,1.58,C-2,C1,COMM BLDG,RETO,,,,2009-01-01 00:00:00,2010
392,964269705900,2009-12-31 00:00:00,0,1197,278,"MCCRACKEN, PATRICK D",,215,HORNER,S,BLVD,,CBD,C1,COMM BLDG,RETO,,,,2009-01-01 00:00:00,2010
393,956933866700,2009-12-31 00:00:00,0,1197,285,SWANNS STATION BAPTIST CHURCH,,0,SWANNS STATION,,RD,4.05,RA,EX,VACANT LND,XREL,,,,2009-01-01 00:00:00,2010
394,956973176000,2009-12-31 00:00:00,0,1197,285,SWANNS STATION BAPTIST CHURCH,,1275,WALKER,,RD,1.5,RA,R1,DWELLING,110,,,,2009-01-01 00:00:00,2010
395,956974211800,2009-12-31 00:00:00,0,1197,285,SWANN STATION BAPTIST CHURCH,,7592,HIGHWAY 87 S,,,5.71,RA,EX,CHURCH,XREL,,,,2009-01-01 00:00:00,2010
396,956973176000,2009-12-31 00:00:00,0,1197,285,SWANN STATION BAPTIST CHURCH,,1275,WALKER,,RD,1.5,RA,R1,DWELLING,110,,,,2009-01-01 00:00:00,2010
397,956973064100,2009-12-31 00:00:00,0,1197,285,SWANNS STATION BAPTIST CHURCH,,1297,WALKER,,RD,0.35,RA,R1,,UNDE,,,,2009-01-01 00:00:00,2010
398,956973090200,2009-12-31 00:00:00,0,1197,285,SWANNS STATION BAPTIST CHURCH,,0,WALKER,,RD,0.42,RA,EX,,XREL,,,,2009-01-01 00:00:00,2010
399,956933866700,2009-12-31 00:00:00,0,1197,285,SWANNS STATION BAPTIST CHURCH,,0,SWANNS STATION,,RD,4.05,RA,EX,VACANT LND,XREL,,,,2009-01-01 00:00:00,2010
400,956973064100,2009-12-31 00:00:00,0,1197,285,SWANNS STATION BAPTIST CHURCH,,1297,WALKER,,RD,0.35,RA,R1,,UNDE,,,,2009-01-01 00:00:00,2010
401,956973090200,2009-12-31 00:00:00,0,1197,285,SWANNS STATION BAPTIST CHURCH,,0,WALKER,,RD,0.42,RA,EX,,XREL,,,,2009-01-01 00:00:00,2010
402,956973090200,2009-12-31 00:00:00,0,1197,285,SWANN STATION BAPTIST CHURCH,,0,WALKER,,RD,0.42,RA,EX,,XREL,,,,2009-01-01 00:00:00,2010
403,956973064100,2009-12-31 00:00:00,0,1197,285,SWANN STATION BAPTIST CHURCH,,1297,WALKER,,RD,0.35,RA,R1,,UNDE,,,,2009-01-01 00:00:00,2010
404,956933866700,2009-12-31 00:00:00,0,1197,285,SWANN STATION BAPTIST CHURCH,,0,SWANNS STATION,,RD,4.05,RA,EX,VACANT LND,XREL,,,,2009-01-01 00:00:00,2010
405,956973090200,2009-12-31 00:00:00,0,1197,285,SWANNS STATION BAPTIST CHURCH,,0,WALKER,,RD,0.42,RA,EX,,XREL,,,,2009-01-01 00:00:00,2010
406,956933866700,2009-12-31 00:00:00,0,1197,285,SWANNS STATION BAPTIST CHURCH,,0,SWANNS STATION,,RD,4.05,RA,EX,VACANT LND,XREL,,,,2009-01-01 00:00:00,2010
407,956973176000,2009-12-31 00:00:00,0,1197,285,SWANNS STATION BAPTIST CHURCH,,1275,WALKER,,RD,1.5,RA,R1,DWELLING,110,,,,2009-01-01 00:00:00,2010
408,956973090200,2009-12-31 00:00:00,0,1197,285,SWANNS STATION BAPTIST CHURCH,,0,WALKER,,RD,0.42,RA,EX,,XREL,,,,2009-01-01 00:00:00,2010
409,956973090200,2009-12-31 00:00:00,0,1197,285,SWANNS STATION BAPTIST CHURCH,,0,WALKER,,RD,0.42,RA,EX,,XREL,,,,2009-01-01 00:00:00,2010
410,956933866700,2009-12-31 00:00:00,0,1197,285,SWANNS STATION BAPTIST CHURCH,,0,SWANNS STATION,,RD,4.05,RA,EX,VACANT LND,XREL,,,,2009-01-01 00:00:00,2010
411,956933866700,2009-12-31 00:00:00,0,1197,285,SWANNS STATION BAPTIST CHURCH,,0,SWANNS STATION,,RD,4.05,RA,EX,VACANT LND,XREL,,,,2009-01-01 00:00:00,2010
412,956973090200,2009-12-31 00:00:00,0,1197,285,SWANNS STATION BAPTIST CHURCH,,0,WALKER,,RD,0.42,RA,EX,,XREL,,,,2009-01-01 00:00:00,2010
413,956933866700,2009-12-31 00:00:00,0,1197,285,SWANNS STATION BAPTIST CHURCH,,0,SWANNS STATION,,RD,4.05,RA,EX,VACANT LND,XREL,,,,2009-01-01 00:00:00,2010
414,956973090200,2009-12-31 00:00:00,0,1197,285,SWANNS STATION BAPTIST CHURCH,,0,WALKER,,RD,0.42,RA,EX,,XREL,,,,2009-01-01 00:00:00,2010
415,956933866700,2009-12-31 00:00:00,0,1197,285,SWANNS STATION BAPTIST CHURCH,,0,SWANNS STATION,,RD,4.05,RA,EX,VACANT LND,XREL,,,,2009-01-01 00:00:00,2010
416,956933866700,2009-12-31 00:00:00,0,1197,285,SWANNS STATION BAPTIST CHURCH,,0,SWANNS STATION,,RD,4.05,RA,EX,VACANT LND,XREL,,,,2009-01-01 00:00:00,2010
417,956973090200,2009-12-31 00:00:00,0,1197,285,SWANNS STATION BAPTIST CHURCH,,0,WALKER,,RD,0.42,RA,EX,,XREL,,,,2009-01-01 00:00:00,2010
418,956933866700,2009-12-31 00:00:00,0,1197,285,SWANNS STATION BAPTIST CHURCH,,0,SWANNS STATION,,RD,4.05,RA,EX,VACANT LND,XREL,,,,2009-01-01 00:00:00,2010
419,956933866700,2009-12-31 00:00:00,0,1197,285,SWANNS STATION BAPTIST CHURCH,,0,SWANNS STATION,,RD,4.05,RA,EX,VACANT LND,XREL,,,,2009-01-01 00:00:00,2010
420,956973090200,2009-12-31 00:00:00,0,1197,285,SWANNS STATION BAPTIST CHURCH,,0,WALKER,,RD,0.42,RA,EX,,XREL,,,,2009-01-01 00:00:00,2010
421,956973090200,2009-12-31 00:00:00,0,1197,285,SWANNS STATION BAPTIST CHURCH,,0,WALKER,,RD,0.42,RA,EX,,XREL,,,,2009-01-01 00:00:00,2010
422,966090099700,2009-12-31 00:00:00,0,1197,291,SELF HELP VENTURES FUND,,379,KITTERY,,PT,,RR,R1,DWELLING,110,CAROLINA TRACE,HARB CRK,379,2009-01-01 00:00:00,2010
423,965145494500,2009-12-31 00:00:00,135000,1197,296,"BETHEA, PATTY S",,3010,PARADISE,,WAY,0.43,R-12,R1,DWELLING,110,ST JAMES PLACE,PH I,6,2009-01-01 00:00:00,2010
424,964287621400,2009-12-31 00:00:00,0,1197,315,"PENA-GARCIA, VICTOR JACOBO","PENA, JUSTANCIA CLARK",619,MAGNOLIA,,ST,,R-6,R1,DWELLING,110,,,42,2009-01-01 00:00:00,2010
425,964346079700,2009-12-31 00:00:00,183000,1197,56,"VAN DONSEL, LUKE","VAN DONSEL, LACY",340,ROBIN HOOD,,LN,0.51,R-12,R1,DWELLING,110,NOTTINGHAM,PH IB,15A,2009-01-01 00:00:00,2010
426,968391337400,2009-12-31 00:00:00,119000,1197,81,"BREWINGTON, JESSE GREY (HEIRS)",,1009,BUCKHORN,,RD,7.75,RA,R1,VACANT LND,UNDE,,,,2009-01-01 00:00:00,2010
427,968262713100,2009-12-31 00:00:00,119000,1197,81,RAGLAND RENTAL LLC,,600,BURGESS,,CIR,,R-10/MH,R1,DWELLING,110,,,,2009-01-01 00:00:00,2010
428,968262817800,2009-12-31 00:00:00,10000,1197,83,RAGLAND RENTAL LLC,,0,SION KELLY,,RD,1.95,R-10/MH,R1,,UNDE,,,,2009-01-01 00:00:00,2010
429,968135810500,2009-12-31 00:00:00,32000,1197,85,RAGLAND RENTAL LLC,,613,VERNON,,ST,0.24,RA,R1,DWELLING,110,PENNY HILL,,17 18 19,2009-01-01 00:00:00,2010
430,968135819400,2009-12-31 00:00:00,32000,1197,85,RAGLAND RENTAL LLC,,0,VERNON,,ST,0.18,RA,R1,VACANT LND,UNDE,PENNY HILL,,22-,2009-01-01 00:00:00,2010
431,968392616400,2009-12-31 00:00:00,64000,1197,87,RAGLAND RENTAL LLC,,1421,BUCKHORN,,RD,7.81,RA,R1,DWELLING,110,,,,2009-01-01 00:00:00,2010
432,962587096700,2009-12-31 00:00:00,0,1197,90,DOGWOOD DEVELOPMENT PARTNERS LLC,,1241,CUMNOCK,,RD,9.22,RA,R1,DWELLING,110,,,,2009-01-01 00:00:00,2010
