,#,Parid,Saledt,Price,Book,Page,OWN1,OWN2,Adrno,Adrdir,Adrstr,Adrsuf,ACRES,ZONING,CLASS,Unitdesc,LUC,TAXDIST,SUBDIV,SUBBLCK,SUBLOT,TAXYR
1,967729372800,12/2/2019,,1552,239,"HARDIN, RICHARD EVAN",,0,,DEEP RIVER,RD,14.45,HC-CU,C1,COMM LAND,COML,FDR,,,,2020
2,964436299800,12/2/2019,,1552,266,RACCOON PATH HOLDINGS LLC,,0,,SUNSET,DR,2.48,RA,R1,VACANT,UNDE,FNV,SUNSET HILLS,,160-163,2020
3,964447405400,12/2/2019,,1552,266,RACCOON PATH HOLDINGS LLC,,3005,,HAWKINS,AVE,3.94,LI,C1,,110,FNV,,,4,2020
4,964446025100,12/2/2019,,1552,266,RACCOON PATH HOLDINGS LLC,,3021,,BEECHTREE,DR,14.99,RA,R1,RES+COMM,MIXD,FNV,,,"4, 5, 6",2020
5,964437707700,12/2/2019,,1552,266,RACCOON PATH HOLDINGS LLC,,0,,HAWKINS,AVE,2.39,LI,R1,VACANT,UNDE,FNV,,,1,2020
6,964436985100,12/2/2019,,1552,266,RACCOON PATH HOLDINGS LLC,,3001,,HAWKINS,AVE,5.32,LI,C1,,110,FNV,,,9,2020
7,964436892300,12/2/2019,,1552,266,RACCOON PATH HOLDINGS LLC,,0,,HAWKINS,AVE,2.39,LI,R1,VACANT,UNDE,FNV,,,,2020
8,967009503900,12/2/2019," 225,000.00 ",1552,288,"UCHIYAMA, CHARLOTTE","UCHIYAMA, KAZUO",6004,,CYPRESS,PT,0.3489,RR,R1,DWELLING,110,FCT,CAROLINA TRACE,GOLF NOR,6004,2020
9,963364192400,12/2/2019," 343,000.00 ",1552,424,"DUFFY, COLLIN FLETCHER","DUFFY, TAYLAR",1401,,PAR,DR,0.67,R-20,R1,DWELLING,110,CSF,WESTLAKE VALLEY,B,"57, 58*",2020
10,967014657200,12/3/2019," 95,000.00 ",1552,452,"SMITH, ROGER GLEN",,1468,W,CAROLINA,DR,0.198,RR,R1,DWELLING,110,FCT,CAROLINA TRACE,HIDDEN L,1468,2020
11,965250767700,12/3/2019," 48,000.00 ",1552,470,"AGUILAR, PERLA JAZMIN TOVAR",,2616,,WATSON,AVE,0.4844,R-6,R1,DWELLING,110,CSF,JONES GROVE,,25-28,2020
12,964355378000,12/3/2019," 166,500.00 ",1552,481,"CARMICHAEL, REBEKAH LEAH","MORGAN, WILLIAM H",515,,FORREST,DR,0.518,R-12,R1,DWELLING,110,CSF,MCCRACKEN HEIGHTS,,65,2020
13,967025837100,12/3/2019," 186,000.00 ",1552,497,"SMITH, ROGER TROY",,1541,,LOUISIANA,LN,0.2017,RR,R1,DWELLING,110,FCT,CAROLINA TRACE,HIDDEN L,1541,2020
14,966018260400,12/3/2019," 220,000.00 ",1552,518,"SCHROER, JACOB",,113,,TYVOLA,ST,0.9,R-14,R1,DWELLING,110,CSF,PARK AT SOUTH PARK,SEC 2,4,2020
15,963171439000,12/3/2019," 145,000.00 ",1552,568,"FITZGERALD, WILLIAM D JR","FITZGERALD, COLLEEN M",112,,CATTLE,DR,0.8,RR,R1,DWELLING,110,FTW,CHESHIRE FARMS,III,030,2020
16,964476762600,12/4/2019," 166,000.00 ",1552,586,"CARSON, BRANDON A",,2718,,SUNNYBROOK,DR,0.2363,R-10,R1,DWELLING,110,CSF,BRIDGES POND,,35,2020
17,963276744900,12/4/2019," 71,000.00 ",1552,615,LAMCO CUSTOM BUILDERS LLC,,0,,MCLEOD,DR,0.4591,R-20,R1,VACANT,101,CSF,COLONIAL ACRES,,114,2020
18,963403707300,12/4/2019," 71,000.00 ",1552,615,LAMCO CUSTOM BUILDERS LLC,,0,,WILDWOOD,DR,1.53,RR,R1,VACANT,101,FWS,WILDWOOD,,34,2020
19,963258875600,12/4/2019," 115,000.00 ",1552,618,SMITH RESIDENTIAL BUILDER LLC,,724,,DUKE,DR,0.5211,R-20,R1,DWELLING,110,CSF,HANNOVER CIRCLE,SEC 1,14,2020
20,964462765400,12/4/2019," 212,500.00 ",1552,623,"BLANCHARD, JAMIE",,700,,TIDEWATER,DR,0.3388,R-12,R1,DWELLING,110,CSF,HAWKINS RUN,II,44,2020
21,965269180900,12/4/2019," 250,000.00 ",1552,647,SDH RALEIGH LLC,,209,,CLARENDON VIEW,CT,0.88,R-20,R1,VACANT,101,FCW,CLARENDON VALLEY,PH I,15,2020
22,965269580400,12/4/2019," 250,000.00 ",1552,647,SDH RALEIGH LLC,,221,,CLARENDON VIEW,CT,0.8,R-20,R1,VACANT,101,FCW,CLARENDON VALLEY,PH I,18,2020
23,965269450600,12/4/2019," 250,000.00 ",1552,647,SDH RALEIGH LLC,,212,,CLARENDON VIEW,CT,1.03,R-20,R1,VACANT,101,FCW,CLARENDON VALLEY,PH I,20,2020
24,965269398300,12/4/2019," 250,000.00 ",1552,647,SDH RALEIGH LLC,,217,,CLARENDON VIEW,CT,0.81,R-20,R1,VACANT,101,FCW,CLARENDON VALLEY,PH I,17,2020
25,965269292300,12/4/2019," 250,000.00 ",1552,647,SDH RALEIGH LLC,,213,,CLARENDON VIEW,CT,0.8,R-20,R1,VACANT,101,FCW,CLARENDON VALLEY,PH I,16,2020
26,965213290300,12/4/2019,,1552,655,"RODRIGUEZ, ISMAEL","LOZANO, EMA",414,,BIRCH,ST,0.3351,R-12,R1,DWELLING,110,CSF,MONROE,,130-132,2020
27,963467918400,12/4/2019," 250,000.00 ",1552,657,"HARRELL, REBECCA A",,0,,PINE HAVEN,LN,0.64,RR,R1,VACANT,UNDE,FNV,STONEYBROOK,III,42-,2020
28,963477227200,12/4/2019," 250,000.00 ",1552,657,"HARRELL, REBECCA A",,4207,,PINE HAVEN,LN,4.86,RR,R1,DWELLING,110,FNV,STONEYBROOK,III,41,2020
29,963467953300,12/4/2019,,1552,659,"BORGE, WALTER S","BORGE, NANCY A",0,,PINEBURR,LN,3.94,RR,R1,VACANT,UNDE,FNV,STONEYBROOK,SEC III,LAKE,2020
30,964287413400,12/4/2019,,1552,703,"ALBERTO, HECTOR LEONEL RAMIREZ","PEREZ, DARIELA IVANA RAMIREZ",219,,SIMMONS,ST,0.1435,R-6,R1,DWELLING,110,CSF,,,,2020
31,964257577600,12/4/2019," 32,500.00 ",1552,706,"CRUZ, MA DEL CARMEN ZUNIGA",,307,W,SAUNDERS,ST,0.1054,R-6,R1,DWELLING,110,CSF,,B,15,2020
32,966089032900,12/5/2019," 235,000.00 ",1552,712,"HOWLETT, BENJAMIN T",,3014,,BOURBON,ST,0.2025,RR,R1,DWELLING,110,FCT,CAROLINA TRACE,LAUREL T,3014,2020
33,966171495700,12/5/2019," 235,000.00 ",1552,734,"BROWN, CHARLES WILLIAM","BROWN, KIMBERLY V LEE",677,,CHELSEA,DR,0.365,RR,R1,DWELLING,110,FCT,CAROLINA TRACE,WOODMERE,677,2020
34,964567748000,12/5/2019," 65,000.00 ",1552,751,"PEREZ, ARON EVENI LOPEZ","LOPEZ, YESENIA",5307,,NORTH LAKES,DR,0.28,RA/MH,R1,DWELLING,110,FNV,NORTH LAKES VILLAGE,,9,2020
35,954701633300,12/5/2019," 43,000.00 ",1552,753,"REGISTER, NEUIEL TRAVIS","REGISTER, ANNETTE MARIE",0,,STELLA,WAY,3.75,RA,R1,VACANT,101,FLS,KENWOOD,,36,2020
36,963420284200,12/5/2019," 49,000.00 ",1552,764,GAYLORD DESIGN BUILD LLC,,407,,CLOVERMIST,CT,0.691,R-20,R1,VACANT,101,CSF,AUTUMNWOOD,PH I,111,2020
37,962491151600,12/5/2019,,1552,778,"FORBES, HARVEY S","FORBES, JOAN P",1605,,VALLEY,RD,21.15,RR,R1,DWELLING,110,FWS,,,,2020
38,963266202300,12/6/2019," 101,000.00 ",1552,810,BELLE'S PROPERTIES LLC,,2821,,CHIPPENDALE,TR,0.5271,R-20,R1,DWELLING,110,CSF,BRENTWOOD,I,27,2020
39,962260489300,12/6/2019, -   ,1552,824,"GUARINO, JON-PAUL","GUARINO, MICHELLE HODGES",0,,BRIDGES,RD,7.16,RR,R1,VACANT,FARM,FTW,,,TRACT 1A,2020
40,966068462900,12/6/2019," 209,000.00 ",1552,843,"WITT, DELMAR",,97,,NORTHRIDGE,TR,0.5925,RR,R1,DWELLING,110,FCT,CAROLINA TRACE,XIV,97,2020
41,965600299200,12/6/2019," 12,000.00 ",1552,858,"CRUZ, JERONIMO SANCHEZ","SANCHEZ, AARONICA CANDELARIO VICENTE",71,,CHARLES RIDDLE,RD,2.27,RA,R1,DWELLING,110,FDR,,,,2020
42,965225312100,12/6/2019,,1552,890,"HILMI, MEHDI",,0,S,HORNER,BLVD,0.2476,C-2,C1,COMM LAND,COML,CSF,,,,2020
43,966079327100,12/6/2019," 4,000.00 ",1552,893,"BROWN, RALPH ALLEN",,136,,HOLLY,LN,0.5028,RR,R1,VACANT,101,FCT,CAROLINA TRACE,X,136,2020
44,966079418800,12/6/2019," 4,000.00 ",1552,893,"BROWN, RALPH ALLEN",,137,,HOLLY,LN,0.5028,RR,R1,VACANT,101,FCT,CAROLINA TRACE,X,137,2020
45,963333685300,12/6/2019," 265,000.00 ",1552,896,"WICKER, HOBERT D & SANDRA P (TRUSTEES)",THE HOBERT D WICKER & SANDRA P REV TRUST,2205,,LORD ASHLEY,DR,0.729,R-20,R1,DWELLING,110,CSF,WESTLAKE VALLEY,III,65,2020
46,965203951500,12/6/2019," 60,000.00 ",1552,899,"BRYANT, CLEO OWENS",,539,,COURTLAND,DR,0.2909,R-12,R1,DWELLING,110,CSF,MONROE,,80-83*,2020
47,963351033400,12/6/2019," 240,000.00 ",1552,909,"ORELLANA, FRANCISCO ARGUETA",,2604,,TATON,CT,0.22,R-14,R1,DWELLING,110,CSF,MUIRFIELD VILLAGE,PH3 SEC2,18,2020
48,964357601700,12/6/2019," 197,500.00 ",1552,924,"MENDA, JEFFERY MANUEL","MENDA, JENNIFER MARIE",117,,FRIARS,DR,0.631,R-12,R1,DWELLING,110,CSF,NOTTINGHAM,PH I,28,2020
49,963420167700,12/6/2019," 367,000.00 ",1552,948,"STEWART, WESLEY M","STEWART, MARIA MARTINAT",405,,CLOVERMIST,CT,0.46,R-20,R1,DWELLING,110,CSF,AUTUMNWOOD,PH I,110,2020
50,966018279200,12/6/2019," 280,000.00 ",1552,970,"SCOTT, AMANDA NORRIS","SCOTT, IAN COOPER",109,,TYVOLA,ST,0.86,R-14,R1,DWELLING,110,CSF,PARK AT SOUTH PARK,,3,2020
51,962001897200,12/6/2019,,1552,989,"PATTERSON, BRYAN T","PATTERSON, ANNE L",0,,CHRIS COLE,RD,4.28,RA,R1,VACANT,UNDE,FTW,,,,2020
52,961173045800,12/9/2019," 12,000.00 ",1553,1,"BENTLEY, JASON",,0,,DYCUS,RD,3.29,RA,R1,VACANT,UNDE,FTW,,,7,2020
53,967025874600,12/9/2019," 193,500.00 ",1553,124,"WALSH, LINDA LEE",,1512,,KENTUCKY,AVE,0.2256,RR,R1,DWELLING,110,FCT,CAROLINA TRACE,HIDDEN L,1512,2020
54,964269726000,12/9/2019," 75,000.00 ",1553,143,JJB & ABB LLC,,233,,WICKER,ST,0.0861,CBD,C1,COMM BLDG,RET1,CBD,,,,2020
55,966305979000,12/9/2019,,1553,59,"BROWN, TONY RAY","BROWN, JILL HERRING",0,,LOWER MONCURE,RD,13.05,RA,R1,VACANT,101,FDR,,,,2020
56,966317467200,12/9/2019,,1553,59,"BROWN, TONY RAY","BROWN, JILL HERRING",19,,POLLY,LN,8,RA,R1,DWELLING,110,FDR,,,,2020
57,966317310200,12/9/2019,,1553,59,"BROWN, TONY RAY","BROWN, JILL HERRING",63,,POLLY,LN,17.46,RA,R1,MULTI-SFDS,110,FDR,,,,2020
58,966306524500,12/9/2019,,1553,59,"BROWN, TONY RAY","BROWN, JILL HERRING",249,,POLLY,LN,1.53,RA,R1,DWELLING,110,FDR,,,,2020
59,954773076500,12/9/2019,,1553,59,"BROWN, TONY RAY","BROWN, JILL HERRING",205,,HUNTERS RIDGE,RD,4.09,RA/MH,R1,,110,FLS,HUNTERS RIDGE,IV,30,2020
60,965156253900,12/9/2019," 51,000.00 ",1553,69,"DIAZ, REINALDO","DIAZ, BETI A",0,,ST JAMES,WAY,5.21,R-12,R1,VACANT,101,CSF,ST JAMES PLACE,PH1 SEC3,89,2020
61,965156259300,12/9/2019," 51,000.00 ",1553,69,"DIAZ, REINALDO","DIAZ, BETI A",0,,ST JAMES,WAY,0.31,R-12,R1,VACANT,101,CSF,ST JAMES PLACE,PH1 SEC3,88,2020
62,954723774700,12/9/2019," 84,000.00 ",1553,9,"CRONIN, JOHN MICHAEL",,130,,SANDSPUR,LN,1.87,RA/MH,R1,DWELLING,110,FLS,HUNTERS RIDGE V,III,16-A,2020
63,965077038800,12/10/2019," 118,000.00 ",1553,146,H & H CONSTRUCTORS OF FAYETTEVILLE LLC,,0,,LENITY,LN,0.27,R-10,R1,VACANT,101,CSF,WOODBRIDGE MEADOWS,PH V,44,2020
64,965077134300,12/10/2019," 118,000.00 ",1553,146,H & H CONSTRUCTORS OF FAYETTEVILLE LLC,,0,,LENITY,LN,0.48,R-10,R1,VACANT,101,CSF,WOODBRIDGE MEADOWS,PH V,45,2020
65,965077123200,12/10/2019," 118,000.00 ",1553,146,H & H CONSTRUCTORS OF FAYETTEVILLE LLC,,0,,LENITY,LN,0.5,R-10,R1,VACANT,101,CSF,WOODBRIDGE MEADOWS,PH V,46,2020
66,965077116100,12/10/2019," 118,000.00 ",1553,146,H & H CONSTRUCTORS OF FAYETTEVILLE LLC,,0,,LENITY,LN,0.85,R-10,R1,VACANT,101,CSF,WOODBRIDGE MEADOWS,PH V,47,2020
67,966140867800,12/10/2019,,1553,187,PLUMBLINE PROPERTIES LLC,,3287,,EDINBURGH,DR,0.2008,RR,R1,DWELLING,110,FCT,CAROLINA TRACE,SEDGEMOO,3287,2020
68,965086591500,12/10/2019," 80,000.00 ",1553,189,"CLEMENT, PATRICIA","CLEMENT, DANIEL",5108,,SOUTH POINTE,,0.24,R-10,R1,DWELLING,110,CSF,WOODBRIDGE POINTE,PHASE II,85,2020
69,955926987400,12/10/2019," 35,000.00 ",1553,193,"NEWMAN, CHARLES E III","NEWMAN, MARINA C",734,,KENTYREWOOD FARM,RD,5.24,RA,R1,DWELLING,110,FLS,HOLDER,III,18,2020
70,968179198700,12/10/2019," 141,500.00 ",1553,220,WEAVER HOMES INC,,0,,SION KELLY,RD,1.27,RA,R1,VACANT,101,FBW,,,1,2020
71,968179693100,12/10/2019," 141,500.00 ",1553,220,WEAVER HOMES INC,,0,,SION KELLY,RD,1.09,RA,R1,VACANT,101,FBW,,,5,2020
72,968179591300,12/10/2019," 141,500.00 ",1553,220,WEAVER HOMES INC,,0,,SION KELLY,RD,1.08,RA,R1,VACANT,101,FBW,,,4,2020
73,968179490400,12/10/2019," 141,500.00 ",1553,220,WEAVER HOMES INC,,0,,SION KELLY,RD,1.1,RA,R1,VACANT,101,FBW,,,3,2020
74,968179299500,12/10/2019," 141,500.00 ",1553,220,WEAVER HOMES INC,,0,,SION KELLY,RD,1.1,RA,R1,VACANT,101,FBW,,,2,2020
75,965077248400,12/11/2019," 88,500.00 ",1553,335,H & H CONSTRUCTORS OF FAYETTEVILLE LLC,,0,,LENITY,LN,0.24,R-10,R1,VACANT,101,CSF,WOODBRIDGE MEADOWS,PH V,30,2020
76,965077333900,12/11/2019," 88,500.00 ",1553,335,H & H CONSTRUCTORS OF FAYETTEVILLE LLC,,0,,LENITY,LN,0.24,R-10,R1,VACANT,101,CSF,WOODBRIDGE MEADOWS,PH V,29,2020
77,965077254000,12/11/2019," 88,500.00 ",1553,335,H & H CONSTRUCTORS OF FAYETTEVILLE LLC,,0,,LENITY,LN,0.29,R-10,R1,VACANT,101,CSF,WOODBRIDGE MEADOWS,PH V,31,2020
78,963177030500,12/12/2019," 158,000.00 ",1553,436,TERRA AUSTRALIS LLC,,1804,,BUTLER,ST,0.4605,R-12,R1,DWELLING,110,FTW,COUNTRY LANE ACRES,,7,2020
79,961267921800,12/12/2019,,1553,514,"KNIGHT, JOHNNY B JR","KNIGHT, REBECCA E",428,,MELVIN,LN,2.39,RA,R1,DWELLING,110,FWP,,,,2020
80,967001357700,12/12/2019," 85,000.00 ",1553,521,"BANK OF AMERICA, N.A.",,323,,HARBOR TRACE NORTH,,0.1084,RR,R1,DWELLING,110,FCT,CAROLINA TRACE,HARB CRK,323,2020
81,965206672700,12/12/2019," 54,000.00 ",1553,523,MIDFIRST BANK,,201,E,ROSE,ST,0.3223,R-6,R1,DWELLING,110,CSF,MONROE ADDITION,172,12-,2020
82,964210209600,12/12/2019," 198,000.00 ",1553,525,"SUAREZ, HARRY","SUAREZ, CLAUDIA L",108,,CHOWNINGS,DR,0.22,R-12,R1,DWELLING,110,CSF,CARTHAGE COLONIES,PH 4C,235,2020
83,965087475300,12/13/2019," 99,500.00 ",1553,559,"MEDLIN, BRIAN ELLIS","MEDLIN, KRISTIE M",5008,,NORTH POINTE,,0.2669,R-10,R1,DWELLING,110,CSF,WOODBRIDGE POINTE,,44,2020
84,963380008700,12/13/2019," 121,500.00 ",1553,654,"HARRIS, WILLIAM MANON","HARRIS, REBECCA PHILLIPS",1901,,TRUMAN,DR,0.4276,R-20,R1,DWELLING,110,CSF,MCIVER HEIGHTS,,15- 16,2020
85,964480257000,12/13/2019," 215,000.00 ",1553,676,"MELPOLDER, ALEXANDER JOSIAH","MELPOLDER, ASHLEY NICOLE",1904,,BEACHWOOD,DR,0.3,R-12,R1,DWELLING,110,CSF,FAIRWAY WOODS,III,78,2020
86,963241662500,12/13/2019," 299,000.00 ",1553,691,"JOHNSTON, CHRISTOPHER DAVID","JOHNSTON, HOLLY",109,,WICKFIELD,DR,0.49,R-20,R1,DWELLING,110,CSF,WEST LANDING,II,74,2020
87,965087233900,12/13/2019," 101,000.00 ",1553,709,"WRIGHT, CHARLES J","WRIGHT, MARIA M",5000,,SOUTH POINTE,,0.2687,R-10,R1,DWELLING,110,CSF,WOODBRIDGE POINTE,,6,2020
88,956913422700,12/13/2019," 45,000.00 ",1553,724,WICKER CONSTRUCTION CORP,,0,,SWANNS STATION,RD,4.93,RA,R1,VACANT,UNDE,FLS,,,,2020
89,965111304400,12/13/2019," 93,000.00 ",1553,739,"COLE, JESSIE LEE",,3927,,PINE LINE,DR,0.4922,R-20,R1,DWELLING,110,FLS,ST ANDREWS,,152,2020
90,968221356700,12/16/2019," 200,000.00 ",1553,774,"DOUGLAS, KEISHA",,210,,CRYSTAL,DR,0.4979,R-12 CU,R1,DWELLING,110,CBW,UNDERWOOD,,24,2020
91,966018151700,12/16/2019," 217,500.00 ",1553,793,"WEIL, MELISSA",,117,,TYVOLA,ST,0.92,R-14,R1,DWELLING,110,CSF,PARK AT SOUTH PARK,,5,2020
92,966089978800,12/16/2019," 121,000.00 ",1553,840,"RUSHATZ, CORY STEPHEN",,4035,,TIMBER WOLF,CIR,0.1837,RR,R1,DWELLING,110,FCT,CAROLINA TRACE,LAUREL T,4035,2020
93,966283985100,12/16/2019," 150,000.00 ",1553,864,LANDMARK RESTAURANT OF SANFORD INC,,100,,BOUNTY,LN,10.63,R-20/MH,R1,MHP,MHP1,CSF,,,,2020
94,965119389900,12/16/2019,,1553,871,CLEAR VIEW BUILDERS INC,,1013,,BAILES,ST,0.3462,R-20,R1,VACANT LND,101,CSF,WESTWOOD,,40-41 42,2020
95,967686341700,12/16/2019,,1553,874,"CAMPBELL, JEFFREY","CAMPBELL, SHARON",0,,LOWER RIVER,RD,29.83,RA,R1,VACANT LND,UW,FDR,,,,2020
96,952854752800,12/16/2019," 7,000.00 ",1553,877,"BYRD, JAMES",,0,,HICKORY NUT,CT,1.07,RA/MH,R1,VACANT LND,UNDE,FLS,CRANES CREEK 3,,8,2020
97,952854841400,12/16/2019," 7,000.00 ",1553,877,"BYRD, JAMES",,0,,HICKORY NUT,CT,1.18,RA/MH,R1,VACANT LND,UNDE,FLS,CRANES CREEK 3,,9,2020
98,951948570600,12/16/2019," 100,000.00 ",1553,884,"UNDERWOOD, STEVEN L",,4475,S,PLANK,RD,0.78,RA,R1,DWELLING,110,FTW,,,,2020
99,966173701500,12/16/2019," 232,000.00 ",1553,926,"DIXON, JOSHUA SCOTT","DIXON, MALLORY",663,,CHELSEA,DR,0.3352,RR,R1,DWELLING,110,FCT,CAROLINA TRACE,WOODMERE,663,2020
100,952895852700,12/17/2019," 73,500.00 ",1554,100,SELENE FINANCE LP,,3142,,CEDAR LANE,RD,0.98,RR,R1,OBY(S),110,FLS,"DEER-RUN SUB 1,2,3",2,12,2020
101,951899785800,12/17/2019," 219,000.00 ",1554,102,"DENNIS, TAYLOUR J","ERDMAN, AMBER C",449,,WHITE MEADOWS,DR,5.12,RA/MH,R1,DWELLING,110,FLS,WHITE HILLS MEADOW,,14,2020
102,968179219700,12/17/2019," 85,000.00 ",1554,117,"GOLDBERG, BENNY C","GOLDBERG, BECKY B",0,,WATSON LAKE,DR,8.63,RA,R1,VACANT,101,FBW,,,6,2020
103,964315351300,12/17/2019," 288,000.00 ",1554,121,UDIT LLC,,1141,N,HORNER,BLVD,0.6761,C-2,C1,COMM BLDG,RET5,CSF,,,,2020
104,965219717600,12/17/2019," 4,500,000.00 ",1554,130,EWT 71 LLC,,402,,RYAN,AVE,8.76,R-12,C1,APT(S),APTS,CSF,,,,2020
105,965229221400,12/17/2019," 4,500,000.00 ",1554,130,EWT 71 LLC,,401,,RYAN,AVE,6.37,OI,C1,APT(S),APTS,CSF,,,,2020
106,954711739000,12/17/2019," 240,000.00 ",1554,83,"MYATT, JOSEPH DANIEL","MYATT, CANDI ROSE",113,,EAKER,DR,1.31,RA,R1,DWELLING,110,FLS,KENWOOD,,24,2020
107,954814269100,12/18/2019,,1554,207,DOUGLAS FAMILY TRUST,,0,,NICHOLSON,RD,116.83,RA,R1,VACANT,UW,FLS,,,1,2020
108,954855474100,12/18/2019,,1554,207,DOUGLAS FAMILY TRUST,,3468,,EDWARDS,RD,35.16,RA,R1,VACANT,UA,FLS,,,,2020
109,954824739200,12/18/2019,,1554,207,DOUGLAS FAMILY TRUST,,1332,,NICHOLSON,RD,15.55,RR-CU,R1,DWELLING,UA,FLS,,,,2020
110,954816972700,12/18/2019,,1554,207,DOUGLAS FAMILY TRUST,,0,,SANDERS,RD,54.19,RA,R1,VACANT,UA,FLS,,,3-,2020
111,962295679900,12/18/2019," 251,000.00 ",1554,241,"ONEAL, MAURICE","ONEAL, KAREN",665,,PENDERGRASS,RD,0.51,RR,R1,DWELLING,110,FTW,PENDERGRASS ESTATES,,2,2020
112,964291617000,12/18/2019,,1554,257,PALACE INVESTMENT PROPERTIES LLC,,2102,,COURTLAND,DR,6.97,R-20,R1,DWELLING,110,FTW,,,TRACT A,2020
113,955883304900,12/18/2019," 15,000.00 ",1554,262,"CAMPBELL, DONNIE","CAMPBELL, AMY",5517,,OLIVIA,RD,0.71,RA,R1,MULTI-SFDS,110,FLS,,,,2020
114,951997045500,12/18/2019," 350,000.00 ",1554,274,"BICKEL, ARTHUR A","SNOW-BICKEL, TAMMY",7704,,VILLANOW,DR,2.1,RR,R1,DWELLING,110,FTW,LAKE VILLANOW II,,79,2020
115,965146725500,12/18/2019," 182,500.00 ",1554,296,"SANJUAN-CANDELARIO, ELIAS","PATRICIO-MODESTO, ANITA",3106,,PASILE,CT,0.31,R-12,R1,DWELLING,110,CSF,ST JAMES PLACE,PH1 SEC2,38,2020
116,968419931300,12/18/2019," 64,000.00 ",1554,322,"BAILES, DEIRDRE PENATZER","BAILES, THOMAS EARL",0,,POPLAR SPRINGS CHURCH,RD,12.51,RA,R1,VACANT,UNDE,FBW,,,TRACT 3,2020
117,967028830700,12/18/2019," 11,000.00 ",1554,335,"WARNER, CONNIE F",,5185,,GOLDFINCH TURN,,0.2424,RR,R1,VACANT,UNDE,FCT,CAROLINA TRACE,MALLARD,5185,2020
118,965352517800,12/18/2019," 25,000.00 ",1554,339,"RAMIREZ, HECTOR",,132,,REGISTER,ST,0.3499,R-6,R1,DWELLING,110,CSF,HILLCREST,9,1- 2 3 4,2020
119,965352612300,12/18/2019," 25,000.00 ",1554,339,"RAMIREZ, HECTOR",,128,,REGISTER,ST,0.1744,R-6,R1,VACANT,101,CSF,,III,18* 19,2020
120,965253394200,12/18/2019,,1554,342,SANFORD FEE OWNER LLC,,2045,S,HORNER,BLVD,1.72,C-2,C1,COMM BLDG,RET1,CSF,,,2R,2020
121,965186491500,12/19/2019," 250,000.00 ",1554,397,TELSER COMMERCIAL PROPERTIES LLC,,3456,,CAMERON,DR,1.18,LI,C1,COMM BLDG,COM,CSF,JONESBORO INDUSTRIAL PARK,,10,2020
122,961401531700,12/19/2019," 19,000.00 ",1554,418,"CROWDER, DYLAN THOMAS","CROWDER, BRIANNA CAROLINE",0,,CARBONTON,RD,3.82,RA,R1,VACANT LND,101,FWP,,,2B,2020
123,964452537300,12/19/2019," 136,500.00 ",1554,438,"GRISWOLD, JOAN M",,412,,OLDE TOWNE,DR,0.0569,R-12,R1,TOWNHOUSE,113,CSF,HAWKINS RUN,IV,A C5,2020
124,963257574000,12/19/2019," 175,000.00 ",1554,456,"LILES, MICHAEL ALLEN","LILES, RALEY JANE",509,N,FRANKLIN,DR,0.37,R-20,R1,DWELLING,110,CSF,LEE BUG,,7,2020
125,965426206000,12/19/2019," 60,000.00 ",1554,478,"AMMONS, JONATHAN LOGAN",,0,,COLON,RD,3.56,HI,C1,IND LAND,INDL,FNV,,,,2020
126,968609939600,12/19/2019,,1554,485,"DIAZ, HECTOR L","DIAZ, MARITZA",0,,LOWER RIVER,RD,14.67,RA,R1,VACANT LND,UNDE,FDR,,,,2020
127,969301504300,12/19/2019," 40,000.00 ",1554,500,"RIOS, MANUELA SORIANO",,1320,,BUCKHORN,RD,1.31,RA,R1,SW MH(S),110,FBW,PAGE LOTS,,4,2020
128,964462545500,12/20/2019," 20,000.00 ",1554,542,GALT LAND DEVELOPMENT LLC,,0,,TIDEWATER,DR,0.3237,R-12,R1,VACANT,UNDE,CSF,HAWKINS RUN,II,47,2020
129,961183907800,12/20/2019," 100,000.00 ",1554,545,YOW INVESTMENT & FORESTLAND PROPERTIES,,0,,HENLEY,RD,15,RA,R1,VACANT,110,FTW,,,,2020
130,965230271800,12/20/2019,,1554,547,WRECK2RIGHT LLC,,2245,,CHALMERS,DR,0.2893,R-12,R1,DWELLING,110,CSF,,,,2020
131,965762919100,12/20/2019," 230,000.00 ",1554,550,GRACE CHAPEL CHRISTIAN CHURCH,,119,,LOG CABIN,LN,1.63,RA,C1,PVT SCHOOL,TPVT,FDR,,,,2020
132,967264210000,12/20/2019," 200,000.00 ",1554,573,"BROWN, ADAM DANIEL","BROWN, MARLA",2536,,BROADWAY,RD,2.3,RA,R1,DWELLING,110,FBW,,,,2020
133,952999189500,12/20/2019," 19,000.00 ",1554,592,J BRENT SMITH CONSTRUCTION INC,,0,,LARK,LN,0.8255,RR,R1,VACANT LND,UNDE,FTW,QUAIL RIDGE,J,17,2020
134,962090214900,12/20/2019," 19,000.00 ",1554,592,J BRENT SMITH CONSTRUCTION INC,,0,,LARK,LN,0.8961,RR,R1,VACANT,101,FTW,QUAIL RIDGE,J,20,2020
135,962090116000,12/20/2019," 19,000.00 ",1554,592,J BRENT SMITH CONSTRUCTION INC,,0,,LARK,LN,0.9888,RR,R1,VACANT LND,101,FTW,QUAIL RIDGE,J,19,2020
136,952999190600,12/20/2019," 19,000.00 ",1554,592,J BRENT SMITH CONSTRUCTION INC,,0,,LARK,LN,0.7401,RR,R1,VACANT LND,101,FTW,QUAIL RIDGE,J,18,2020
137,952999278900,12/20/2019," 19,000.00 ",1554,592,J BRENT SMITH CONSTRUCTION INC,,0,,LARK,LN,0.5628,RR,R1,VACANT LND,101,FTW,QUAIL RIDGE,J,16,2020
138,952999472500,12/20/2019," 19,000.00 ",1554,592,J BRENT SMITH CONSTRUCTION INC,,0,,LARK,LN,0.6869,RR,R1,VACANT LND,101,FTW,QUAIL RIDGE,J,15,2020
139,952999489900,12/20/2019," 19,000.00 ",1554,592,J BRENT SMITH CONSTRUCTION INC,,0,,LARK,LN,0.8641,RR,R1,VACANT LND,101,FTW,QUAIL RIDGE,J,14,2020
140,952999598600,12/20/2019," 19,000.00 ",1554,592,J BRENT SMITH CONSTRUCTION INC,,0,,LARK,LN,0.6639,RR,R1,VACANT LND,101,FTW,QUAIL RIDGE,J,13,2020
141,963383265000,12/20/2019,,1554,606,"EDMONDS, W DWIGHT & JUDITH WOJICK CO-TR",W DWIGHT EDMONDS&JUDITH WOJICK LIV TRUST,1005,,KEATS,RD,0.6198,R-20,R1,DWELLING,110,CSF,WESTLAKE VALLEY,,12,2020
142,963277795800,12/20/2019,,1554,610,"BALDWIN-KIVETT, PATTY Y/TRUSTEE",THE PATTY Y BALDWIN-KIVETT LIVING TRUST,521,,MCLEOD,DR,0.6939,R-20,R1,DWELLING,110,CSF,COLONIAL ACRES,,3-,2020
143,961253691200,12/20/2019,,1554,627,"STURDIVANT, DESIREE LYNN",,2829,,PICKARD,RD,1.07,RA,R1,DWELLING,110,FWP,,,,2020
144,964274291400,12/20/2019," 450,000.00 ",1554,629,IRONSOURCE LLC,,0,,HUDSON,AVE,1.24,R-6,R1,VACANT,UNDE,CSF,OAKVIEW,,193-207,2020
145,964275254800,12/20/2019," 450,000.00 ",1554,629,IRONSOURCE LLC,,0,,FIELDS,DR,0.2123,R-6,R1,VACANT,101,CSF,,,22,2020
146,964275231600,12/20/2019," 450,000.00 ",1554,629,IRONSOURCE LLC,,710,,FIELDS,DR,0.6015,LI,C1,COMM BLDG,WHSE,CSF,,,,2020
147,964275213800,12/20/2019," 450,000.00 ",1554,629,IRONSOURCE LLC,,0,,FIELDS,DR,0.7526,LI,R1,,UNDE,CSF,,,,2020
148,964275053900,12/20/2019," 450,000.00 ",1554,629,IRONSOURCE LLC,,0,,FIELDS,DR,0.2775,R-6,R1,VACANT,101,CSF,,,,2020
149,964275043300,12/20/2019," 450,000.00 ",1554,629,IRONSOURCE LLC,,0,,FIELDS,DR,0.6086,NC,C1,VACANT,COML,CSF,,,,2020
150,964275031400,12/20/2019," 450,000.00 ",1554,629,IRONSOURCE LLC,,0,,WASHINGTON,AVE,0.2191,R-6,R1,VACANT,UNDE,CSF,OAKVIEW,,157-162,2020
151,963310975300,12/20/2019," 241,000.00 ",1554,651,"BECK, ALEXIS","ATKINSON, KYLE",821,,STONEYBROOK,DR,0.9104,R-20,R1,DWELLING,110,CSF,WESTCROFT,III,25,2020
152,964194732000,12/20/2019," 193,000.00 ",1554,674,"OROZCO, DANIEL BARRIOS","BARRIOS, MARLEN ALEJANDRA",3040,,HARWARD,DR,0.54,R-20,R1,DWELLING,110,FTW,WINSTEAD FARMS,PH I,1,2020
153,966795481000,12/20/2019," 15,000.00 ",1554,705,"PARTRIDGE, LISA G",,645,E,FOREST OAKS,DR,2.06,RA/MH,R1,,110,FDR,,,1,2020
154,967001647600,12/20/2019,,1554,715,"RUSHATZ, ALFRED S",,318,,YARMOUTH TURN,,0.0882,RR,R1,VACANT,UNDE,FCT,CAROLINA TRACE,HARB CRK,318,2020
155,967024779900,12/20/2019," 197,500.00 ",1554,718,"MCLOUD, ANDREW K","MCLOUD, DEANNA",1552,,KENTUCKY,AVE,0.2583,RR,R1,DWELLING,110,FCT,CAROLINA TRACE,HIDDEN L,1552,2020
156,964362830500,12/20/2019," 975,000.00 ",1554,732,EWT 70 LLC,,209,,HIGHWOODS,DR,2.8,R-12,C1,APT(S),APTS,CSF,,,,2020
157,964362923400,12/20/2019," 975,000.00 ",1554,732,EWT 70 LLC,,0,,WILSON,ST,0.9711,R-12,R1,VACANT,UNDE,CSF,,,,2020
158,967284508100,12/20/2019," 162,000.00 ",1554,775,"GARNER, VICTORIA",,523,,COLONIAL,DR,0.7128,R-20,R1,DWELLING,110,CBW,COLONIAL ESTATES,,12,2020
159,963382772100,12/20/2019,,1554,816,"LAURIE, LORETTA KAREN/TRUSTEE",THE LORETTA KAREN LAURIE LIVING TRUST,1301,,HERMITAGE,RD,0.6942,R-20,R1,DWELLING,110,CSF,WESTLAKE VALLEY,,51,2020
160,962296407100,12/20/2019," 235,000.00 ",1554,819,"MILLER, SAMANTHA ALEXANDER","MILLER, SCOTT",653,,PENDERGRASS,RD,0.58,RR,R1,DWELLING,110,FTW,PENDERGRASS ESTATES,,5,2020
161,953888884800,12/20/2019," 36,000.00 ",1554,843,"CANDELARIO-GOMEZ, JOSEFINA",,2142,,PILSON,RD,0.79,RA,R1,DWELLING,110,FLS,,,,2020
162,964340373000,12/20/2019,,1554,848,"HODGE, HERBERT","HODGE, JANICE",401,N,VANCE,ST,0.2525,R-12,R1,DWELLING,110,CSF,ROSEMONT,,16*17 18,2020
163,953869761400,12/20/2019," 204,000.00 ",1554,851,"WILLIAMS, ANTHONY MARK","WILLIAMS, MARY LYNNE",2991,,ROCKY FORK CHURCH,RD,31.42,RA,R1,DWELLING,UA,FLS,,,,2020
164,965278554000,12/20/2019," 310,000.00 ",1554,877,"COTTEN, PHILLIP ANDREW","COTTEN, LINDSAY ENGLAND",1701,,CLEARWATER,DR,1.49,R-20,R1,DWELLING,110,FCW,CLEARWATER FOREST,,14 15,2020
165,965111487800,12/23/2019,,1554,893,"HERNANDEZ, LUIS DAVID",,4101,,HUNT SPRINGS,DR,0.5502,R-20,R1,VACANT,101,FLS,ST ANDREWS,,114,2020
166,964340451500,12/23/2019," 315,000.00 ",1554,914,"VAUGHAN, VANN","VAUGHAN, ALLI",323,N,VANCE,ST,0.4373,R-6,R1,DWELLING,110,CSF,ROSEMONT,IV,1 2 3,2020
167,960337469200,12/23/2019,,1554,950,"JOYNER, G CLARENCE","JOYNER, FONNIE C",0,,CARBONTON,RD,6.99,RA,R1,VACANT,UW,FWP,,,,2020
168,961237611400,12/23/2019,,1554,950,"WILLIAMS, KEVIN H",,0,,PICKARD,RD,100,RA,R1,,UW,FWP,,,,2020
169,960339336100,12/23/2019,,1554,950,"JOYNER, G CLARENCE","JOYNER, FONNIE C",0,,CARBONTON,RD,28.75,RA,R1,VACANT,UW,FWP,,,,2020
170,960338503700,12/23/2019,,1554,950,"JOYNER, G CLARENCE","JOYNER, FONNIE C",0,,CARBONTON,RD,7.03,RA,R1,VACANT,UW,FWP,,,,2020
171,960337530700,12/23/2019,,1554,950,"JOYNER, G CLARENCE","JOYNER, FONNIE C",0,,CARBONTON,RD,7.11,RA,R1,VACANT,UW,FWP,,,,2020
172,964368289000,12/23/2019," 155,000.00 ",1555,12,"KAELIN, JAMES","KAELIN, GAIL",313,,MERIDIAN CROSSING,,0.06,MF-12,R1,TOWNHOUSE,113,CSF,NORTH POINTE TOWNES,PHI SEC2,36,2020
173,963262005500,12/23/2019," 250,000.00 ",1555,138,"WOOD, WILLIAM EARL","WOOD, ANGELA JONES",3110,,WINDMERE,DR,0.4821,R-20,R1,DWELLING,110,CSF,WEST LANDING,PHASE IB,128,2020
174,964210757400,12/23/2019," 128,500.00 ",1555,161,THE LIFE HOUSE PARTNERSHIP LLC,,409,,PROVIDENCE HALL,DR,0.26,R-12,R1,DWELLING,110,CSF,CARTHAGE COLONIES,I,71,2020
175,964247601200,12/23/2019,,1555,32,"SEYMORE, RANDY L",,1001,,KING,ST,1.6592,R-6,R1,DWELLING,110,CSF,,,,2020
176,962383838500,12/23/2019," 120,000.00 ",1555,44,H & H CONSTRUCTORS OF FAYETTEVILLE LLC,,0,,BRISTOL WAY,,0.55,R-14,R1,VACANT,101,CSF,BROWNSTONE,PH III,317,2020
177,962384417900,12/23/2019," 120,000.00 ",1555,44,H & H CONSTRUCTORS OF FAYETTEVILLE LLC,,0,,BRISTOL WAY,,0.81,R-14,R1,VACANT,101,CSF,BROWNSTONE,PH III,325,2020
178,962383851800,12/23/2019," 120,000.00 ",1555,44,H & H CONSTRUCTORS OF FAYETTEVILLE LLC,,0,,BRISTOL WAY,,0.53,R-14,R1,VACANT,101,CSF,BROWNSTONE,PH III,315,2020
179,964390606700,12/23/2019,,1555,56,AL KHALIL LLC,,327,,MAPLE,AVE,0.34,R-10,R1,DWELLING,110,CSF,,,2,2020
180,962384820900,12/23/2019," 120,000.00 ",1555,58,H & H CONSTRUCTORS OF FAYETTEVILLE LLC,,0,,BROWNSTONE,DR,0.68,R-14,R1,VACANT,101,CSF,BROWNSTONE,PH III,300,2020
181,962394106300,12/23/2019," 120,000.00 ",1555,58,H & H CONSTRUCTORS OF FAYETTEVILLE LLC,,0,,BROWNSTONE,DR,0.6,R-14,R1,VACANT,101,CSF,BROWNSTONE,PH III,303,2020
182,962393291300,12/23/2019," 120,000.00 ",1555,58,H & H CONSTRUCTORS OF FAYETTEVILLE LLC,,0,,BROWNSTONE,DR,0.47,R-14,R1,VACANT,101,CSF,BROWNSTONE,PH III,304,2020
183,962384925900,12/23/2019," 120,000.00 ",1555,58,H & H CONSTRUCTORS OF FAYETTEVILLE LLC,,0,,BROWNSTONE,DR,1.02,R-14,R1,VACANT,101,CSF,BROWNSTONE,PH III,301,2020
184,964368279700,12/23/2019," 159,000.00 ",1555,96,"DIALLO, ABDOULAYE M",,309,,MERIDIAN CROSSING,,0.06,MF-12,R1,TOWNHOUSE,113,CSF,NORTH POINTE TOWNES,PHI SEC2,35,2020
185,966793712400,12/27/2019,,1555,226,"CRITELLI, JAMES M",,900,,BREEZEWOOD,RD,10.01,RA,R1,DWELLING,UW,FDR,,,2,2020
186,963217265300,12/27/2019," 9,500.00 ",1555,244,"LUCERO, GREGORY CURTIS",,0,,CARBONTON,RD,1.66,R-20,R1,VACANT,UNDE,FWP,,,,2020
187,966008988700,12/27/2019," 225,000.00 ",1555,341,"AVALOS, ELMER D","AVALOS, CRISTAL AFRODITA",116,,TYVOLA,ST,0.39,R-14,R1,DWELLING,110,CSF,PARK AT SOUTH PARK,SEC 2,20,2020
188,965146663400,12/27/2019," 180,000.00 ",1555,402,"SILER, JAMES D","SILER, PAMELA H",111,,ST JAMES,WAY,0.28,R-12,R1,DWELLING,110,CSF,ST JAMES PLACE,PHI SEC2,96,2020
189,964368278500,12/27/2019," 157,500.00 ",1555,404,"BARKER, ROBERT EVAN",,305,,MERIDIAN CROSSING,,0.06,MF-12,R1,TOWNHOUSE,113,CSF,NORTH POINTE TOWNES,PHI SEC2,34,2020
190,963259799100,12/27/2019," 65,000.00 ",1555,424,PALACE INVESTMENT PROPERTIES LLC,,2410,,CARBONTON,RD,0.3776,R-20,R1,DWELLING,110,CSF,,,,2020
191,961336134500,12/27/2019," 109,000.00 ",1555,427,"GESSNER, MATHIAS TIMOTHY","GESSNER, CARLA B",434,,HILLTOP,RD,2.63,RR,R1,DWELLING,110,FWP,CAROLINA FOREST,MAPLEWOO,27,2020
192,967016393900,12/27/2019,,1555,471,"CAYLOR, DENNIS LEE & CAYLOR, REBECCA LEE",THE CAYLOR FAMILY TRUST,1927,,WEDGEWOOD,DR,0.53,RR,R1,DWELLING,110,FCT,CAROLINA TRACE,GOLF EAS,1927,2020
193,967120734400,12/27/2019," 175,000.00 ",1555,475,"BUOT, MARIA D",,4636,,COX MILL,RD,2.39,RA,R1,DWELLING,110,FBW,,,,2020
194,967120921200,12/27/2019," 175,000.00 ",1555,475,"BUOT, MARIA D",,0,,COX MILL,RD,2.84,RA,R1,VACANT LND,UNDE,FBW,,,,2020
195,964368278200,12/27/2019," 158,000.00 ",1555,495,"JAMES, JEFFREY R","JAMES, CATHY H",301,,MERIDIAN CROSSING,,0.07,MF-12,R1,TOWNHOUSE,113,CSF,NORTH POINTE TOWNES,PHI SEC2,33,2020
196,964368289500,12/27/2019," 158,000.00 ",1555,498,"MONTI, STEWART THOMAS SR","MONTI, ANNE KEITH",321,,MERIDIAN CROSSING,,0.06,MF-12,R1,TOWNHOUSE,113,CSF,NORTH POINTE TOWNES,PHI SEC2,38,2020
197,961182753400,12/27/2019," 225,000.00 ",1555,502,"DECKER, DANIEL J","DECKER, RENEE M",2988,,HENLEY,RD,14.38,RA,R1,MULTI-SFDS,110,FTW,,,TRACT B,2020
198,967028277700,12/30/2019," 195,000.00 ",1555,520,"DUFNER, ELIZABETH RAE","MELVIN, MATTHEW",5107,,QUAIL HOLLOW,RD,0.2319,RR,R1,DWELLING,110,FCT,CAROLINA TRACE,MALLARD,5107,2020
199,961345543900,12/30/2019," 290,000.00 ",1555,573,"PAXTON, JODY","PAXTON, SUSAN",198,,ROLLING HILL,RD,2.72,RR,R1,DWELLING,110,FWP,CAROLINA FOREST,SHADYWOO,71,2020
200,961345771500,12/30/2019," 290,000.00 ",1555,573,"PAXTON, JODY","PAXTON, SUSAN",0,,ROLLING HILL,RD,2.48,RR,R1,OBY(S),101,FWP,CAROLINA FOREST,SHADYWOO,70,2020
201,964323844900,12/30/2019," 75,000.00 ",1555,593,"BEAL, CARL W",,0,,BEAL,DR,4.28,R-20,R1,VACANT,UNDE,CSF,,,,2020
202,964333422500,12/30/2019," 75,000.00 ",1555,593,"BEAL, CARL W",,0,,KNOTTY PINE,TR,1.0998,R-20,R1,VACANT,UNDE,CSF,,,,2020
203,964333344300,12/30/2019," 75,000.00 ",1555,593,"BEAL, CARL W",,0,,KNOTTY PINE,TR,0.0497,R-20,R1,VACANT,UNDE,CSF,,,,2020
204,964323921000,12/30/2019," 75,000.00 ",1555,593,"BEAL, CARL W",,0,,KNOTTY PINE,TR,3.21,R-20,R1,VACANT,UNDE,CSF,,,,2020
205,968159006100,12/30/2019," 215,000.00 ",1555,597,"MYERS, MATTHEW PAUL",,322,S,MAIN,ST,0.72,R-20,R1,DWELLING,110,CBW,,,,2020
206,964129474400,12/30/2019," 169,000.00 ",1555,617,"HUFFMAN, TRAVIS LEE",,841,,GOLDEN HORSESHOE,LN,0.21,R-12,R1,DWELLING,110,CSF,CARTHAGE COLONIES,PH 4B,147,2020
207,963263000800,12/30/2019," 236,000.00 ",1555,644,"GERVAIS, DONALD L","GERVAIS, KASSANDRA LYNN",3500,,GLADE RUN,DR,0.47,R-20,R1,DWELLING,110,CSF,WINTERLOCKEN FOREST,,1,2020
208,961133307000,12/30/2019," 115,000.00 ",1555,661,CPSM HOLDINGS LLC,,0,,BLACKSTONE,RD,25.07,RA,R1,VACANT,101,FWP,,,,2020
209,966373925300,12/30/2019,,1555,669,"MORTON, FOY JENNINGS","MORTON, BARBARA ROSE",1634,,POPLAR SPRINGS CHURCH,RD,1.56,RA,R1,RES+SWMH,110,FBW,POPLAR SPRINGS,,1,2020
210,966744358000,12/30/2019," 300,000.00 ",1555,683,"HERRERA, JENNIFER ELIZABETH",,635,,BUCKROE,DR,1.42,RR,R1,DWELLING,110,FDR,DOE RUN,III,82,2020
211,964279171900,12/31/2019," 175,000.00 ",1555,700,SCRUGGS REAL ESTATE HOLDINGS LLC,,148,S,MOORE,ST,0.1124,CBD,C1,COMM BLDG,RET1,CBD,TOWN OF SANFORD,,-30-31,2020
212,964352419600,12/31/2019,,1555,733,"GRAHAM, DANIEL M",,101,W,WEATHERSPOON,ST,0.1722,R-12,R1,DWELLING,110,CSF,WEATHERSPOON ADDITION,D,2-,2020
213,965543437700,12/31/2019,,1555,755,"EDWARDS, THIANE' D",,2945,,COLON,RD,0.16,RA/MH,R1,DWELLING,110,FNV,,,,2020
214,965331262000,12/31/2019,,1555,757,"EDWARDS, THIANE' D",,902,,CHARLOTTE,AVE,0.28,R-12,R1,DWELLING,110,CSF,JACKSON HEIGHTS,A,2,2020
215,953877223100,12/31/2019,,1555,759,"EDWARDS, THIANE' D",,0,,PILSON,RD,1.02,RA/MH,R1,VACANT,UNDE,FLS,ROCKY FORK RUN,,15,2020
216,953877231100,12/31/2019,,1555,759,"EDWARDS, THIANE' D",,0,,PILSON,RD,0.97,RA/MH,R1,VACANT,UNDE,FLS,ROCKY FORK RUN,,16,2020
217,953982105600,12/31/2019," 375,000.00 ",1555,799,"O'NEAL, KERRY B","O'NEAL, DONETTE A",2407,,ROCKY FORK CHURCH,RD,5.72,RA,R1,DWELLING,110,FLS,,,,2020
218,955877626600,12/31/2019,,1555,825,"CARTER, ANNIE RUTH (LIFE ESTATE)",,0,,BAILEY THOMAS,RD,5.89,RA,R1,VACANT,FARM,FLS,,,,2020
219,965535694100,12/31/2019,,1555,827,"SIZEMORE, CAROLINE T",,0,,COLON,RD,58.79,RA,R1,VACANT,UW,FDR,,,PARCEL B,2020
220,965586688900,12/31/2019,,1555,827,"SIZEMORE, CAROLINE T",,0,,OSGOOD,RD,11.58,RA,R1,VACANT,UW,FDR,,,,2020
221,965527651000,12/31/2019,,1555,830,"TALBOTT, JOHN WILLIAM",,0,,COLON,RD,35.75,RA,R1,VACANT,UW,FDR,,,PARCEL A,2020
222,955878849100,12/31/2019,,1555,832,"CARTER, ANNIE RUTH (LIFE ESTATE)",,0,,BAILEY THOMAS,RD,23.32,RA,R1,VACANT,FARM,FLS,,,,2020
223,965248597400,12/31/2019," 152,000.00 ",1555,843,"MORGAN, JONATHAN P",,0,,CLEARWATER,DR,0.4059,R-6,R1,VACANT,101,FCW,FAIRVIEW VILLAGE,,38,2020
224,965248695300,12/31/2019," 152,000.00 ",1555,843,"MORGAN, JONATHAN P",,824,,CLEARWATER,DR,0.3912,R-6,R1,DWELLING,110,FCW,FAIRVIEW VILLAGE,,39,2020
225,953823595900,12/31/2019," 270,000.00 ",1555,858,02 FARMS LLC,,4229,,ROCKY FORK CHURCH,RD,60.53,RA,R1,DWELLING,UA,FLS,,,,2020
226,961292707600,12/31/2019," 52,000.00 ",1555,878,"ASHLEY, JACOB M","ASHLEY, JENNIFER L",2596,,STEEL BRIDGE,RD,0.52,RA,R1,DWELLING,110,FWP,,,,2020
227,953779161500,12/31/2019," 197,000.00 ",1555,901,BTG PACTUAL OEF PROPERTY 2 LP,,0,,SELLARS,RD,48.05,RA,R1,VACANT,TIMB,FLS,,,TRACT 6,2020
228,953852524900,12/31/2019," 197,000.00 ",1555,901,BTG PACTUAL OEF PROPERTY 2 LP,,0,,SELLARS,RD,51.61,RA,R1,VACANT,TIMB,FLS,,,TRACT 21,2020
