CPT,Description,Charges,Discounted Cash Price,Min Negotiated,Max Negotiated,Medicare,Uhc,Caresource,Medicaid,Wellcare,Humana,Amerigroup,Umr,Aetna,Tricare,Veterans admin,Peach state,Blue cross
29515,Application of short leg splint (calf to foot),203,162,26,162,123,85,89,122,26,104,60,162,110,52,99,60,69
31500,"Intubation, endotracheal, emergency procedure",270,216,35,215,188,113,85,162,35,138,80,215,146,69,132,80,92
36415,Collection of venous blood by venipuncture,16,13,2,13,3,3,7,10,2,3,2,13,9,3,8,5,5
36416,"Collection of capillary blood specimen (eg, finger, heel, ear stick)",16,13,2,13,5,7,7,10,2,8,5,13,9,4,8,5,5
36430,"Transfusion, blood or blood components",657,526,84,523,358,275,206,394,84,336,194,523,356,168,320,195,223
36600,"Arterial puncture, withdrawal of blood for diagnosis",77,62,10,61,26,61,24,46,10,39,23,61,42,20,38,23,26
43246,"Upper gastrointestinal endoscopy including esophagus, stomach, and either the duodenum and/or jejunum as appropriate; with directed placement of percutaneous gastrostomy tube",1460,1168,187,1438,1438,612,459,876,187,748,432,1162,791,372,712,433,495
43754,"Gastric intubation and aspiration, diagnostic; single specimen (eg, acid analysis)",256,205,33,204,87,107,80,93,33,131,76,204,139,65,125,76,87
47562,"Laparoscopy, surgical; cholecystectomy",4200,3360,538,3343,1424,1761,1835,2519,538,2151,1243,3343,2276,1071,2048,1245,1424
62321,PR INJ INTERLAM C/T W IMG,1913,1530,245,1523,577,802,601,1147,245,980,566,1523,1037,488,933,567,649
62323,Injection of substance into spinal canal of lower back or sacrum using imaging guidance,1913,1530,245,1523,577,581,601,1147,245,577,566,1523,1037,488,933,567,577
64450,"Injection, anesthetic agent; other peripheral nerve or branch",619,495,79,577,210,577,195,371,79,317,183,493,335,158,302,184,210
64493,"Injection(s), diagnostic or therapeutic agent, paravertebral facet (zygapophyseal) joint (or nerves innervating that joint) with image guidance (fluoroscopy or CT), lumbar or sacral; single level",478,383,61,457,162,201,150,287,61,457,142,381,259,122,233,142,162
64635,PBB DESTROY LUMB/SAC FACET JNT,1360,1088,174,1587,1587,570,427,815,174,696,402,1082,737,347,663,403,461
64721,Neuroplasty and/or transposition; median nerve at carpal tunnel,2986,2389,383,2377,1013,1587,938,1791,383,1529,884,2377,1618,761,1456,885,1013
70450,"Computed tomography, head or brain; without contrast material",1135,908,145,1130,385,618,357,681,145,1130,336,903,615,289,554,337,385
70542,"Magnetic resonance (eg, proton) imaging, orbit, face, and/or neck; with contrast material(s)",3021,2417,358,2405,1025,358,949,1812,387,1547,894,2405,1637,770,1473,896,1024
71045,PR X-RAY EXAM CHEST 1 VIEW,110,88,14,88,74,73,48,40,14,56,33,88,73,28,52,33,37
71046,PR X-RAY EXAM CHEST 2 VIEWS,163,130,21,130,74,73,71,98,21,74,48,130,88,42,79,60,55
71101,"Radiologic examination, ribs, unilateral; including posteroanterior chest, minimum of 3 views",286,229,37,228,103,120,90,172,37,146,85,228,155,73,139,85,97
71275,"Computed tomographic angiography, chest (noncoronary), with contrast material(s), including noncontrast images, if performed, and image postprocessing",1900,1520,243,1891,426,797,597,1139,243,1891,562,1512,1030,484,927,563,644
72040,"Radiologic examination, spine, cervical; 2 or 3 views",186,149,24,148,63,78,81,112,24,95,55,148,101,47,91,55,63
72050,"Radiologic examination, spine, cervical; minimum of 4 views",237,190,30,189,103,99,74,142,30,121,70,189,128,60,116,70,80
72072,"Radiologic examination, spine; thoracic, 3 views",299,239,38,238,101,125,94,179,38,153,109,238,162,76,146,89,101
72082,PR X-RAY EXAM ENTIRE SPINE 2/3 VW,437,350,56,348,148,183,191,262,56,224,129,348,237,111,213,130,148
72100,"Radiologic examination, spine, lumbosacral; 2 or 3 views",240,192,31,191,81,101,75,144,31,123,71,191,130,61,117,89,81
72110,"Radiologic examination, spine, lumbosacral; minimum of 4 views",324,259,42,258,103,136,142,194,42,166,118,258,176,83,158,96,110
72131,"Computed tomography, lumbar spine; without contrast material",1365,1092,175,1362,463,1362,429,819,175,699,404,1087,740,348,666,405,463
73030,"Radiologic examination, shoulder; complete, minimum of 2 views",155,124,20,123,74,74,49,93,20,79,46,123,84,40,76,46,53
73070,"Radiologic examination, elbow; 2 views",155,124,20,123,53,65,68,93,20,79,46,123,84,40,76,46,53
73130,"Radiologic examination, hand; minimum of 3 views",155,124,20,123,74,73,68,93,20,79,46,123,84,40,76,46,53
73502,PR X-RAY EXAM HIP UNI 2-3 VIEWS,155,124,20,123,74,65,49,93,20,79,46,123,84,40,76,46,53
73560,"Radiologic examination, knee; 1 or 2 views",155,124,20,123,53,65,49,93,20,79,57,123,84,40,76,46,53
73562,"Radiologic examination, knee; 3 views",155,124,20,123,53,65,68,93,20,79,46,123,84,40,76,46,53
73564,"Radiologic examination, knee; complete, 4 or more views",286,229,37,228,103,228,90,172,37,146,85,228,155,73,139,85,97
73590,"Radiologic examination; tibia and fibula, 2 views",155,124,20,123,53,65,68,93,20,79,46,123,84,40,76,46,53
73600,"Radiologic examination, ankle; 2 views",155,124,20,123,53,65,49,93,20,74,46,123,84,40,76,46,53
73610,"Radiologic examination, ankle; complete, minimum of 3 views",155,124,20,123,53,65,68,93,20,79,46,123,84,40,76,46,53
73630,"Radiologic examination, foot; complete, minimum of 3 views",155,124,20,123,74,123,68,93,20,79,46,123,74,40,76,46,53
74018,PR X-RAY EXAM ABDOMEN 1 VIEW,170,136,22,135,58,74,74,102,22,87,50,135,92,43,83,50,58
74176,"Computed tomography, abdomen and pelvis; without contrast material",2520,2016,323,2516,855,2516,792,1511,323,1291,746,2006,690,643,1229,747,855
74230,"Swallowing function, with cineradiography/videoradiography",312,250,40,248,168,131,98,187,40,160,92,248,169,80,152,93,106
76000,"Fluoroscopy (separate procedure), up to 1 hour physician time, other than 71023 or 71034 (eg, cardiac fluoroscopy)",338,270,43,269,215,214,106,203,43,173,100,269,183,86,165,100,115
76536,"Ultrasound, soft tissues of head and neck (eg, thyroid, parathyroid, parotid), real time with image documentation",286,229,37,228,103,120,90,172,37,146,85,228,155,73,139,85,97
76641,Complete unilateral ultrasound examination of the breast,250,200,32,199,85,199,79,150,32,128,74,199,135,64,122,74,85
76700,"Ultrasound, abdominal, real time with image documentation; complete",283,226,36,225,103,119,89,170,36,145,84,225,103,72,138,84,96
76705,"Ultrasound, abdominal, real time with image documentation; limited (eg, single organ, quadrant, follow-up)",286,229,37,228,103,103,90,172,37,146,104,228,155,73,139,85,97
76770,"Ultrasound, retroperitoneal (eg, renal, aorta, nodes), real time with image documentation; complete",283,226,36,225,103,104,89,170,36,145,103,225,153,72,138,84,96
76856,"Ultrasound, pelvic (nonobstetric), real time with image documentation; complete",283,226,36,225,96,119,124,170,36,145,84,225,153,72,138,84,96
77063,HC BREAST TOMOSYNTHESIS DIG SCREEN UNIL,58,46,7,46,20,22,18,35,7,30,17,46,31,15,28,17,20
77066,Diagnostic Mammography computer aided detection when performed; bilateral,277,222,35,220,94,116,87,166,35,142,82,220,106,71,135,82,94
77067,Screening mammography,173,138,22,104,87,87,54,104,22,87,51,92,104,44,84,51,59
77080,"Dual-energy X-ray absorptiometry (DXA), bone density study, 1 or more sites; axial skeleton (eg, hips, pelvis, spine)",105,84,13,103,36,103,33,63,13,54,31,84,103,27,51,31,36
78452,"Myocardial perfusion imaging, tomographic (SPECT) (including attenuation correction, qualitative or quantitative wall motion, ejection fraction by first pass or gated technique, additional quantification, when performed); multiple studies, at rest and/or stress (exercise or pharmacologic) and/or redistribution and/or rest reinjection",2083,1666,267,1658,706,1194,655,1249,267,1067,616,1658,1129,531,1016,618,706
80048,"Basic metabolic panel (Calcium, total) This panel must include the following: Calcium, total (82310), Carbon dioxide (82374), Chloride (82435), Creatinine (82565), Glucose (82947), Potassium (84132), Sodium (84295), Urea nitrogen (BUN) (84520)",155,124,4,152,8,8,49,152,5,79,4,123,84,40,76,46,53
80053,"Comprehensive metabolic panel This panel must include the following: Albumin (82040), Bilirubin, total (82247), Calcium, total (82310), Carbon dioxide (bicarbonate) (82374), Chloride (82435), Creatinine (82565), Glucose (82947), Phosphatase, alkaline (84075), Potassium (84132), Protein, total (84155), Sodium (84295), Transferase, alanine amino (ALT) (SGPT) (84460), Transferase, aspartate amino (AST) (SGOT) (84450), Urea nitrogen (BUN) (84520)",33,26,5,30,10,10,16,30,6,10,5,26,18,10,16,10,11
80061,"Lipid panel This panel must include the following: Cholesterol, serum, total (82465), Lipoprotein, direct measurement, high density cholesterol (HDL cholesterol) (83718), Triglycerides (84478)",41,33,8,33,13,13,13,25,8,21,12,33,22,13,20,12,14
80069,"Renal function panel This panel must include the following: Albumin (82040), Calcium, total (82310), Carbon dioxide (bicarbonate) (82374), Chloride (82435), Creatinine (82565), Glucose (82947), Phosphorus inorganic (phosphate) (84100), Potassium (84132), Sodium (84295), Urea nitrogen (BUN) (84520)",169,135,9,135,9,9,53,101,22,87,50,135,92,43,82,50,57
80076,"Hepatic function panel This panel must include the following: Albumin (82040), Bilirubin, total (82247), Bilirubin, direct (82248), Phosphatase, alkaline (84075), Protein, total (84155), Transferase, alanine amino (ALT) (SGPT) (84460), Transferase, aspartate amino (AST) (SGOT) (84450)",216,173,8,172,73,8,68,130,28,111,64,172,117,55,105,64,73
80164,Dipropylacetic acid (valproic acid),110,88,13,88,13,46,35,66,14,56,33,88,60,28,54,33,37
80185,Phenytoin; total,122,98,13,97,13,51,38,73,16,62,36,97,66,31,60,36,41
80197,Tacrolimus,405,324,13,322,137,13,127,243,52,14,120,322,219,103,198,120,137
80202,Vancomycin,119,95,15,117,40,50,37,117,15,61,35,95,64,30,58,35,40
80307,Drug Test presumptive,153,122,29,148,52,64,48,148,37,78,29,122,83,39,75,45,52
81000,"Urinalysis, by dip stick or tablet reagent for bilirubin, glucose, hemoglobin, ketones, leukocytes, nitrite, pH, protein, specific gravity, urobilinogen, any number of these constituents; non-automated, with microscopy",70,56,2,70,4,4,5,70,2,36,2,56,38,18,34,21,24
81025,"Urine pregnancy test, by visual color comparison methods",122,98,4,122,41,51,10,122,5,62,4,97,66,31,60,36,41
82024,Adrenocorticotropic hormone (ACTH),250,200,32,199,38,105,79,150,32,128,74,199,135,64,122,74,85
82040,"Albumin; serum, plasma or whole blood",154,123,5,123,5,65,48,92,20,79,46,123,83,39,75,46,52
82043,"Albumin; urine, microalbumin, quantitative",47,38,6,45,6,6,15,45,6,24,14,37,25,12,23,14,16
82088,Aldosterone,255,204,33,203,40,107,80,153,33,131,75,203,138,65,124,76,86
82140,Ammonia,103,82,13,82,14,43,32,62,13,53,30,82,56,26,50,31,35
82150,Amylase,47,38,4,45,16,22,15,45,4,24,14,37,25,12,23,14,16
82247,Bilirubin; total,15,12,3,12,5,6,8,9,3,8,4,12,8,4,7,4,5
82248,Bilirubin; direct,102,82,3,81,35,5,8,61,3,52,30,81,55,26,50,30,35
82272,"Blood, occult, by peroxidase activity (eg, guaiac), qualitative, feces, 1-3 simultaneous determinations, performed for other than colorectal neoplasm screening",48,38,3,38,4,4,15,29,3,25,14,38,26,12,23,14,16
82306,"Vitamin D; 25 hydroxy, includes fraction(s), if performed",91,73,12,72,29,29,29,55,12,47,27,72,49,23,44,27,31
82310,Calcium; total,33,26,4,26,5,14,10,20,4,17,10,26,18,8,16,10,11
82330,Calcium; ionized,103,82,13,82,13,13,32,62,13,53,30,82,56,26,50,31,35
82378,Carcinoembryonic antigen (CEA),114,91,15,91,19,48,36,68,15,58,34,91,62,29,56,34,39
82533,Cortisol; total,51,41,7,41,16,21,16,31,7,26,15,41,28,13,25,15,17
82542,"Column chromatography/mass spectrometry (eg, GC/MS, or HPLC/MS), analyte not elsewhere specified; quantitative, single stationary and mobile phase",60,48,8,48,24,25,19,36,8,31,18,48,33,15,29,18,20
82550,"Creatine kinase (CK), (CPK); total",74,59,3,59,6,59,8,44,6,38,3,59,40,19,36,22,25
82553,"Creatine kinase (CK), (CPK); MB fraction only",97,78,12,77,33,77,17,58,12,50,29,77,53,25,47,29,33
82565,Creatinine; blood,79,63,5,63,27,5,25,47,10,40,23,63,43,20,39,23,27
82570,Creatinine; other source,16,13,2,14,5,5,5,14,2,8,5,13,9,4,8,5,5
82607,Cyanocobalamin (Vitamin B-12);,103,82,13,82,15,15,32,62,13,53,30,82,56,26,50,31,35
82705,"Fat or lipids, feces; qualitative",33,26,4,26,5,14,10,20,4,17,10,26,18,8,16,10,11
82728,Ferritin,136,109,13,108,13,13,43,82,17,70,40,108,74,35,66,40,46
82746,Folic acid; serum,103,82,13,82,14,14,32,62,13,53,30,82,56,26,50,31,35
82785,Gammaglobulin (immunoglobulin); IgE,51,41,7,41,16,21,16,31,7,26,15,41,28,13,25,15,17
82805,"Gases, blood, any combination of pH, pCO2, pO2, CO2, HCO3 (including calculated O2 saturation); with O2 saturation, by direct measurement, except pulse oximetry",126,101,16,100,43,100,40,76,16,65,37,100,68,32,61,37,43
82947,"Glucose; quantitative, blood (except reagent strip)",94,75,6,75,32,39,6,56,12,48,28,75,51,24,46,28,32
82962,"Glucose, blood by glucose monitoring device(s) cleared by the FDA specifically for home use",16,13,2,13,6,7,5,10,2,8,5,13,9,4,8,5,5
82977,"Glutamyltransferase, gamma (GGT)",22,18,3,18,7,9,7,13,3,7,7,18,12,6,11,7,7
83036,Hemoglobin; glycosylated (A1C),30,24,6,27,10,10,9,27,6,15,9,24,16,8,15,9,10
83090,Homocysteine,183,146,18,146,62,18,58,110,23,94,54,146,99,47,89,54,62
83540,Iron,102,82,6,81,6,6,32,61,13,52,30,81,55,26,50,30,35
83550,Iron binding capacity,102,82,9,81,9,9,32,61,13,52,30,81,55,26,50,30,35
83605,Lactate (lactic acid),114,91,15,111,39,48,36,111,15,58,34,91,62,29,56,34,39
83615,"Lactate dehydrogenase (LD), (LDH);",19,15,2,15,6,8,6,11,2,10,6,15,10,5,9,6,6
83630,"Lactoferrin, fecal; qualitative",60,48,8,48,19,19,19,36,8,31,18,48,33,15,29,18,20
83655,Lead,71,57,7,57,24,30,22,43,7,36,21,57,38,18,35,21,24
83690,Lipase,122,98,4,120,41,52,38,120,4,62,36,97,66,31,60,36,41
83735,Magnesium,21,17,3,19,7,7,10,19,3,7,6,17,11,5,10,6,7
83835,Metanephrines,37,30,5,29,17,16,12,22,5,19,11,29,20,9,18,11,13
83880,Natriuretic peptide,152,122,24,144,38,38,51,144,24,78,45,121,82,39,74,45,52
83883,"Nephelometry, each analyte not elsewhere specified",84,67,11,67,27,35,26,50,11,43,25,67,46,21,41,25,28
83918,"Organic acids; total, quantitative, each specimen",59,47,8,47,23,25,19,35,8,30,17,47,32,15,29,17,20
83970,Parathormone (parathyroid hormone),115,92,15,92,40,40,36,69,15,59,34,92,62,29,56,34,39
84100,Phosphorus inorganic (phosphate);,102,82,5,81,5,5,32,61,13,5,30,81,55,26,50,30,35
84132,"Potassium; serum, plasma or whole blood",83,66,5,66,28,5,26,50,11,43,25,66,45,21,40,25,28
84153,Prostate specific antigen (PSA); total,91,73,12,72,18,18,29,55,12,47,27,72,49,23,44,27,31
84155,"Protein, total, except by refractometry; serum, plasma or whole blood",11,9,1,9,4,4,3,7,1,6,3,9,6,3,5,3,4
84244,Renin,158,126,20,126,22,66,50,95,20,81,47,126,86,40,77,47,54
84402,Testosterone; free,210,168,25,167,25,88,66,126,27,108,62,167,114,54,102,62,71
84403,Testosterone; total,126,101,16,100,25,53,40,76,16,65,37,100,68,32,61,37,43
84425,Thiamine (Vitamin B-1),87,70,11,69,21,36,27,52,11,45,26,69,47,22,42,26,30
84436,Thyroxine; total,94,75,7,75,7,7,30,56,12,48,28,75,51,24,46,28,32
84439,Thyroxine; free,136,109,9,133,9,9,43,133,17,70,40,108,74,35,66,40,46
84443,Thyroid stimulating hormone (TSH),97,78,12,92,16,16,30,92,12,50,29,77,53,16,47,29,33
84450,Transferase; aspartate amino (AST) (SGOT),92,74,5,73,5,5,29,55,12,47,27,73,50,23,45,27,31
84460,Transferase; alanine amino (ALT) (SGPT),16,13,2,13,5,5,5,10,2,8,5,13,9,4,8,5,5
84479,Thyroid hormone (T3 or T4) uptake or thyroid hormone binding ratio (THBR),94,75,6,75,32,6,30,56,12,48,28,75,51,24,46,28,32
84481,Triiodothyronine T3; free,107,86,14,107,17,107,34,102,14,55,32,85,58,27,52,32,36
84484,"Troponin, quantitative",186,149,11,185,12,148,15,185,11,95,55,148,101,47,91,55,63
84520,Urea nitrogen; quantitative,83,66,4,66,28,4,26,50,11,43,25,66,45,21,40,25,28
84550,Uric acid; blood,118,94,4,94,4,4,37,71,15,60,35,94,64,30,58,35,40
84702,"Gonadotropin, chorionic (hCG); quantitative",46,37,9,37,16,19,14,28,9,24,14,37,25,12,22,14,16
85007,"Blood count; blood smear, microscopic examination with manual differential WBC count",36,29,2,35,4,4,11,35,5,18,2,29,20,3,18,11,12
85014,Blood count; hematocrit (Hct),50,40,2,40,2,21,16,30,6,26,15,40,27,13,24,15,17
85018,Blood count; hemoglobin (Hgb),59,47,2,47,2,25,19,35,8,30,17,47,32,15,29,17,20
85027,"Blood count; complete (CBC), automated (Hgb, Hct, RBC, WBC and platelet count)",20,16,3,18,6,6,10,18,4,6,3,16,11,6,10,6,7
85044,"Blood count; reticulocyte, manual",60,48,4,48,4,25,19,36,8,31,18,48,33,15,29,18,20
85048,"Blood count; leukocyte (WBC), automated",33,26,2,26,2,14,10,20,4,17,10,26,18,8,16,10,11
85379,"Fibrin degradation products, D-dimer; quantitative",213,170,6,170,72,170,15,128,6,109,63,170,115,54,104,63,72
85610,Prothrombin time;,46,37,3,37,4,4,6,28,3,4,14,37,25,12,22,14,16
85651,"Sedimentation rate, erythrocyte; non-automated",79,63,4,78,4,4,25,78,10,40,23,63,43,20,39,23,27
85730,"Thromboplastin time, partial (PTT); plasma or whole blood",19,15,4,15,6,15,9,11,4,10,6,15,10,5,9,6,6
86003,"Allergen specific IgE; quantitative or semiquantitative, each allergen",368,294,47,293,118,154,116,221,47,188,109,293,199,94,179,109,125
86038,Antinuclear antibodies (ANA);,64,51,8,51,12,12,20,38,8,33,19,51,35,16,31,19,22
86140,C-reactive protein;,89,71,5,87,5,5,28,87,11,46,26,71,48,23,43,26,30
86376,"Microsomal antibodies (eg, thyroid or liver-kidney), each",45,36,6,36,14,19,14,27,6,23,13,36,24,11,22,13,15
87015,"Concentration (any type), for infectious agents",21,17,4,17,7,7,7,13,4,11,6,17,11,5,10,6,7
87040,"Culture, bacterial; blood, aerobic, with isolation and presumptive identification of isolates (includes anaerobic culture, if appropriate)",103,82,6,100,35,43,16,100,6,53,30,82,56,26,50,31,35
87045,"Culture, bacterial; stool, aerobic, with isolation and preliminary examination (eg, KIA, LIA), Salmonella and Shigella species",89,71,6,71,9,9,28,53,6,46,26,71,48,23,43,26,30
87070,"Culture, bacterial; any other source except urine, blood or stool, aerobic, with isolation and presumptive identification of isolates",27,22,5,21,8,11,8,16,5,14,8,21,15,7,13,8,9
87077,"Culture, bacterial; aerobic isolate, additional methods required for definitive identification, each isolate",31,25,5,29,8,8,10,29,5,16,9,25,17,8,15,9,11
87086,"Culture, bacterial; quantitative colony count, urine",30,24,5,28,8,8,9,28,5,15,9,24,16,8,15,9,10
87088,"Culture, bacterial; with isolation and presumptive identification of each isolate, urine",73,58,5,71,8,8,23,71,5,37,22,58,40,19,36,22,25
87185,"Susceptibility studies, antimicrobial agent; enzyme detection (eg, beta lactamase), per enzyme",30,24,6,24,9,13,9,18,6,15,9,24,16,8,15,9,10
87186,"Susceptibility studies, antimicrobial agent; microdilution or agar dilution (minimum inhibitory concentration [MIC] or breakpoint), each multi-antimicrobial, per plate",27,22,5,24,8,8,8,24,5,14,8,21,15,7,13,8,9
87205,"Smear, primary source with interpretation; Gram or Giemsa stain for bacteria, fungi, or cell types",46,37,3,37,4,19,14,28,3,24,14,37,25,12,22,14,16
87324,"Infectious agent antigen detection by enzyme immunoassay technique, qualitative or semiquantitative, multiple-step method; Clostridium difficile toxin(s)",68,54,9,54,12,12,21,41,9,35,20,54,37,17,33,20,23
87328,"Infectious agent antigen detection by enzyme immunoassay technique, qualitative or semiquantitative, multiple-step method; cryptosporidium",37,30,8,29,14,14,12,22,8,19,11,29,20,9,18,11,13
87329,"Infectious agent antigen detection by enzyme immunoassay technique, qualitative or semiquantitative, multiple-step method; giardia",93,74,8,74,12,12,29,56,8,48,28,74,50,24,45,28,32
87425,"Infectious agent antigen detection by enzyme immunoassay technique, qualitative or semiquantitative, multiple-step method; rotavirus",103,82,7,82,35,43,32,62,7,53,30,82,56,26,50,31,35
87449,"Infectious agent antigen detection by enzyme immunoassay technique qualitative or semiquantitative; multiple step method, not otherwise specified, each organism",68,54,9,54,12,12,21,41,9,35,20,54,37,17,33,20,23
87502,"Infectious agent detection by nucleic acid (DNA or RNA); influenza virus, for multiple types or sub-types, reverse transcription and amplified probe technique, first 2 types or sub-types",131,105,33,104,44,104,70,79,57,94,43,104,94,33,64,39,44
87516,"Infectious agent detection by nucleic acid (DNA or RNA); hepatitis B virus, amplified probe technique",108,86,21,86,37,45,34,65,21,55,32,86,59,28,53,32,37
87634,PBB RSV DNA/RNA AMP PROBE,216,173,42,172,73,172,83,130,42,69,64,172,117,55,105,64,73
87635,Infectious agent detection by nucleic acid; severe acute respiratory syndrome coronavirus COVID-19,51,41,7,41,17,41,16,31,7,26,15,41,28,13,25,15,17
87651,"Infectious agent detection by nucleic acid (DNA or RNA); Streptococcus, group A, amplified probe technique",108,86,18,86,37,45,30,65,21,55,18,86,59,28,53,32,37
87899,Infectious agent antigen detection by immunoassay with direct optical observation; not otherwise specified,40,32,10,39,16,16,13,39,10,20,12,32,22,10,20,12,14
90791,PBB PSYCH DIAGNOSTIC EVALUATION,336,269,43,267,121,224,106,201,43,172,99,267,182,86,164,100,114
90832,"Psychotherapy, 30 min",310,248,40,247,220,224,97,186,40,159,92,247,168,79,151,92,105
90853,Group psychotherapy (other than of a multiple-family group),540,432,69,430,218,221,170,324,69,277,160,430,293,138,263,160,183
92507,"Treatment of speech, language, voice, communication, and/or auditory processing disorder; individual",177,142,23,141,76,141,56,106,23,91,52,141,96,45,86,52,60
92526,Treatment of swallowing dysfunction and/or oral function for feeding,235,188,25,187,84,25,74,141,30,120,70,187,127,60,115,70,80
92610,Evaluation of oral and pharyngeal swallowing function,359,287,46,286,83,151,113,215,46,184,106,286,195,92,175,106,122
92950,"Cardiopulmonary resuscitation (eg, in cardiac arrest)",907,726,116,722,234,380,285,544,116,464,268,722,492,231,442,269,308
93005,"Electrocardiogram, routine ECG with at least 12 leads; tracing only, without interpretation and report",155,124,20,123,53,123,68,57,20,79,57,123,84,40,76,46,53
93225,"External electrocardiographic recording up to 48 hours by continuous rhythm recording and storage; recording (includes connection, recording, and disconnection)",304,243,39,242,101,127,96,182,39,156,90,242,165,78,148,90,103
93306,"Echocardiography, transthoracic, real-time with image documentation (2D), includes M-mode recording, when performed, complete, with spectral Doppler echocardiography, and with color flow Doppler echocardiography",2110,1688,270,1680,445,445,663,1265,270,1081,770,1680,1143,538,1029,626,715
93880,Duplex scan of extracranial arteries; complete bilateral study,421,337,54,335,215,177,132,252,54,216,125,335,228,107,205,125,143
93922,"Limited bilateral noninvasive physiologic studies of upper or lower extremity arteries, (eg, for lower extremity: ankle/brachial indices at distal posterior tibial and anterior tibial/dorsalis pedis arteries plus bidirectional, Doppler waveform recording and analysis at 1-2 levels, or ankle/brachial indices at distal posterior tibial and anterior tibial/dorsalis pedis arteries plus volume plethysmography at 1-2 levels, or ankle/brachial indices at distal posterior tibial and anterior tibial/dorsalis pedis arteries with transcutaneous oxygen tension measurements at 1-2 levels)",296,237,38,236,100,124,93,178,38,152,108,236,160,75,144,88,100
93925,Duplex scan of lower extremity arteries or arterial bypass grafts; complete bilateral study,338,270,43,269,215,142,106,203,43,173,100,269,183,86,165,100,115
93970,Duplex scan of extremity veins including responses to compression and other maneuvers; complete bilateral study,539,431,69,429,215,226,169,323,69,276,159,429,292,137,263,160,183
93971,Duplex scan of extremity veins including responses to compression and other maneuvers; unilateral or limited study,421,337,54,335,103,103,132,252,54,216,125,335,105,107,205,155,143
94002,"Ventilation assist and management, initiation of pressure or volume preset ventilators for assisted or controlled breathing; hospital inpatient/observation, initial day",524,419,67,436,436,220,165,314,67,268,155,417,284,134,256,155,178
94060,"Bronchodilation responsiveness, spirometry as in 94010, pre- and post-bronchodilator administration",231,185,25,234,234,25,73,139,30,118,68,184,125,59,113,68,78
94640,"Pressurized or nonpressurized inhalation treatment for acute airway obstruction or for sputum induction for diagnostic purposes (eg, with an aerosol generator, nebulizer, metered dose inhaler or intermittent positive pressure breathing [IPPB] device)",195,156,25,155,66,82,85,71,25,100,58,155,106,50,95,58,66
94664,"Demonstration and/or evaluation of patient utilization of an aerosol generator, nebulizer, metered dose inhaler or IPPB device",479,383,61,381,162,381,209,175,61,245,142,381,260,122,234,142,162
94668,"Manipulation chest wall, such as cupping, percussing, and vibration to facilitate lung function; subsequent",81,65,10,64,27,34,25,30,10,41,24,64,44,21,40,24,27
94760,Noninvasive ear or pulse oximetry for oxygen saturation; single determination,112,90,14,90,38,47,66,27,14,58,33,90,61,29,55,33,38
95861,Needle electromyography; 2 extremities with or without related paraspinal areas,418,334,54,333,101,175,131,251,54,214,124,333,227,107,204,124,142
95992,"Canalith repositioning procedure(s) (eg, Epley maneuver, Semont maneuver), per day",110,88,14,88,43,46,35,66,14,56,33,88,60,28,54,33,37
96360,"Intravenous infusion, hydration; initial, 31 minutes to 1 hour",205,164,26,171,170,169,90,75,26,169,75,163,171,52,100,61,70
96361,"Intravenous infusion, hydration; each additional hour (List separately in addition to code for primary procedure)",56,45,7,71,71,45,24,20,7,29,17,45,35,14,27,17,19
96365,"Intravenous infusion, for therapy, prophylaxis, or diagnosis (specify substance or drug); initial, up to 1 hour",211,169,27,338,170,169,92,77,27,338,62,168,170,54,172,63,72
96366,"Intravenous infusion, for therapy, prophylaxis, or diagnosis (specify substance or drug); each additional hour (List separately in addition to code for primary procedure)",56,45,7,147,35,45,147,34,7,35,17,45,30,14,27,17,19
96367,"Intravenous infusion, for therapy, prophylaxis, or diagnosis (specify substance or drug); additional sequential infusion, up to 1 hour (List separately in addition to code for primary procedure)",236,189,30,188,80,99,52,86,30,121,70,188,128,60,115,70,80
96372,"Therapeutic, prophylactic, or diagnostic injection (specify substance or drug); subcutaneous or intramuscular",120,96,15,96,56,96,79,72,15,56,36,96,65,31,59,36,41
96374,"Therapeutic, prophylactic, or diagnostic injection (specify substance or drug); intravenous push, single or initial substance/drug",120,96,15,117,41,96,52,44,15,61,36,96,117,31,59,36,41
96375,"Therapeutic, prophylactic, or diagnostic injection (specify substance or drug); each additional sequential intravenous push of a new substance/drug (List separately in addition to code for primary procedure)",180,144,23,143,36,70,79,66,23,53,53,143,35,46,72,53,61
96376,"Therapeutic, prophylactic, or diagnostic injection (specify substance or drug); each additional sequential intravenous push of the same substance/drug provided in a facility (List separately in addition to code for primary procedure)",90,72,12,72,31,38,39,54,12,46,27,72,49,23,44,27,31
96523,Irrigation of implanted venous access device for drug delivery systems,112,90,14,89,51,47,35,67,14,57,33,89,61,29,55,33,38
97012,"Application of a modality to 1 or more areas; traction, mechanical",46,37,6,37,16,19,20,28,6,24,14,37,25,12,22,14,16
97110,"Therapeutic procedure, 1 or more areas, each 15 minutes; therapeutic exercises to develop strength and endurance, range of motion and flexibility",164,131,21,131,29,46,90,60,21,52,90,131,89,42,80,49,56
97112,"Therapeutic procedure, 1 or more areas, each 15 minutes; neuromuscular reeducation of movement, balance, coordination, kinesthetic sense, posture, and/or proprioception for sitting and/or standing activities",168,134,22,134,34,33,53,101,22,86,50,134,91,43,82,50,57
97116,"Therapeutic procedure, 1 or more areas, each 15 minutes; gait training (includes stair climbing)",75,60,10,60,29,23,24,45,10,23,22,60,41,19,37,22,25
97124,"Therapeutic procedure, 1 or more areas, each 15 minutes; massage, including effleurage, petrissage and/or tapotement (stroking, compression, percussion)",65,52,8,52,22,27,20,39,8,33,24,52,35,17,32,19,22
97140,"Manual therapy techniques (eg, mobilization/ manipulation, manual lymphatic drainage, manual traction), 1 or more regions, each 15 minutes",79,63,10,63,27,21,25,47,10,40,43,63,43,20,39,23,27
97161,Physical Therapy Evaluation of low complexity,219,175,28,174,82,92,69,131,28,112,65,174,119,56,107,65,74
97162,Physical Therapy Evaluation of moderate complexity,225,180,29,179,82,81,71,135,29,81,82,179,122,57,110,67,76
97165,HC OT EVAL LOW COMPLEX,230,184,10,183,86,10,72,138,29,85,68,183,125,59,112,68,78
97530,"Therapeutic activities, direct (one-on-one) patient contact by the provider (use of dynamic activities to improve functional performance), each 15 minutes",87,70,11,69,37,37,27,52,11,58,26,69,47,22,42,26,30
97535,"Self-care/home management training (eg, activities of daily living (ADL) and compensatory training, meal preparation, safety procedures, and instructions in use of assistive technology devices/adaptive equipment) direct one-on-one contact by provider, each 15 minutes",90,72,12,72,32,38,28,54,12,46,27,72,49,23,44,27,31
97760,"Orthotic(s) management and training (including assessment and fitting when not otherwise reported), upper extremity(s), lower extremity(s) and/or trunk, each 15 minutes",115,92,15,92,46,48,36,69,15,59,34,92,62,29,56,34,39
97761,"Prosthetic training, upper and/or lower extremity(s), each 15 minutes",84,67,11,67,28,40,26,50,11,43,25,67,46,21,41,25,28
99203,"Office or other outpatient visit for the evaluation and management of a new patient, which requires these 3 key components: A detailed history; A detailed examination; Medical decision making of low complexity. Counseling and/or coordination of care with other providers or agencies are provided consistent with the nature of the problem(s) and the patient's and/or family's needs. Usually, the presenting problem(s) are of moderate severity. Physicians typically spend 30 minutes face-to-face with the patient and/or family.",274,219,35,218,138,115,94,164,35,140,81,218,148,70,134,81,93
99212,"Office or other outpatient visit for the evaluation and management of an established patient, which requires at least 2 of these 3 key components: A problem focused history; A problem focused examination; Straightforward medical decision making. Counseling and/or coordination of care with other providers or agencies are provided consistent with the nature of the problem(s) and the patient's and/or family's needs. Usually, the presenting problem(s) are self limited or minor. Physicians typically spend 10 minutes face-to-face with the patient and/or family.",110,88,14,94,37,46,94,66,14,56,82,88,60,28,54,33,37
99213,"Office or other outpatient visit for the evaluation and management of an established patient, which requires at least 2 of these 3 key components: An expanded problem focused history; An expanded problem focused examination; Medical decision making of low complexity. Counseling and coordination of care with other providers or agencies are provided consistent with the nature of the problem(s) and the patient's and/or family's needs. Usually, the presenting problem(s) are of low to moderate severity. Physicians typically spend 15 minutes face-to-face with the patient and/or family.",184,147,24,171,171,77,94,82,24,132,82,146,106,47,90,55,62
99214,"Office or other outpatient visit for the evaluation and management of an established patient, which requires at least 2 of these 3 key components: A detailed history; A detailed examination; Medical decision making of moderate complexity. Counseling and/or coordination of care with other providers or agencies are provided consistent with the nature of the problem(s) and the patient's and/or family's needs. Usually, the presenting problem(s) are of moderate to high severity. Physicians typically spend 25 minutes face-to-face with the patient and/or family.",273,218,35,217,189,114,94,164,35,132,82,217,78,70,133,81,103
99281,"Emergency department visit for the evaluation and management of a patient, which requires these 3 key components: A problem focused history; A problem focused examination; and Straightforward medical decision making. Counseling and/or coordination of care with other providers or agencies are provided consistent with the nature of the problem(s) and the patient's and/or family's needs. Usually, the presenting problem(s) are self limited or minor.",167,134,21,133,64,70,52,61,21,86,49,133,90,43,81,50,57
99282,"Emergency department visit for the evaluation and management of a patient, which requires these 3 key components: An expanded problem focused history; An expanded problem focused examination; and Medical decision making of low complexity. Counseling and/or coordination of care with other providers or agencies are provided consistent with the nature of the problem(s) and the patient's and/or family's needs. Usually, the presenting problem(s) are of low to moderate severity.",312,250,40,248,119,119,136,187,40,160,114,248,169,80,152,93,106
99283,"Emergency department visit for the evaluation and management of a patient, which requires these 3 key components: An expanded problem focused history; An expanded problem focused examination; and Medical decision making of moderate complexity. Counseling and/or coordination of care with other providers or agencies are provided consistent with the nature of the problem(s) and the patient's and/or family's needs. Usually, the presenting problem(s) are of moderate severity.",548,438,70,436,206,207,239,200,70,281,200,436,206,210,267,162,186
99284,"Emergency department visit for the evaluation and management of a patient, which requires these 3 key components: A detailed history; A detailed examination; and Medical decision making of moderate complexity. Counseling and/or coordination of care with other providers or agencies are provided consistent with the nature of the problem(s) and the patient's and/or family's needs. Usually, the presenting problem(s) are of high severity, and require urgent evaluation by the physician but do not pose an immediate significant threat to life or physiologic function.",889,711,70,708,325,325,388,324,114,325,558,708,323,227,231,70,301
99285,"Emergency department visit for the evaluation and management of a patient, which requires these 3 key components within the constraints imposed by the urgency of the patient's clinical condition and/or mental status: A comprehensive history; A comprehensive examination; and Medical decision making of high complexity. Counseling and/or coordination of care with other providers or agencies are provided consistent with the nature of the problem(s) and the patient's and/or family's needs. Usually, the presenting problem(s) are of high severity and pose an immediate significant threat to life or physiologic function.",1302,1042,167,1036,466,464,409,475,167,667,385,1036,464,332,635,386,442
99291,"Critical care, evaluation and management of the critically ill or critically injured patient; first 30-74 minutes",524,419,67,626,626,220,165,314,67,268,155,417,284,134,256,155,178
99308,"Subsequent nursing facility care, per day, for the evaluation and management of a patient, which requires at least 2 of these 3 key components: An expanded problem focused interval history; An expanded problem focused examination; Medical decision making of low complexity. Counseling and/or coordination of care with other providers or agencies are provided consistent with the nature of the problem(s) and the patient's and/or family's needs. Usually, the patient is responding inadequately to therapy or has developed a minor complication. Physicians typically spend 15 minutes at the bedside and on the patient's facility floor or unit.",175,140,22,139,125,73,55,105,22,90,52,139,95,45,85,52,59
99309,"Subsequent nursing facility care, per day, for the evaluation and management of a patient, which requires at least 2 of these 3 key components: A detailed interval history; A detailed examination; Medical decision making of moderate complexity. Counseling and/or coordination of care with other providers or agencies are provided consistent with the nature of the problem(s) and the patient's and/or family's needs. Usually, the patient has developed a significant complication or a significant new problem. Physicians typically spend 25 minutes at the bedside and on the patient's facility floor or unit.",229,183,29,182,180,96,72,137,29,117,68,182,124,58,112,68,78
99318,"Evaluation and management of a patient involving an annual nursing facility assessment, which requires these 3 key components: A detailed interval history; A comprehensive examination; and Medical decision making that is of low to moderate complexity. Counseling and/or coordination of care with other providers or agencies are provided consistent with the nature of the problem(s) and the patient's and/or family's needs. Usually, the patient is stable, recovering, or improving. Physicians typically spend 30 minutes at the bedside and on the patient's facility floor or unit.",242,194,31,193,139,101,76,145,31,124,72,193,131,62,118,72,82
G0283,"Electrical stimulation (unattended), to one or more areas for indication(s) other than wound care, as part of a therapy plan of care",39,31,5,31,13,10,12,23,5,20,12,31,21,10,19,12,13
G0297,PR CT LUNG CANCER SCREEN,156,125,20,124,73,65,49,94,20,80,46,124,85,40,76,46,53
G0378,"Hospital observation service, per hour",391,313,50,311,133,164,141,143,50,200,116,311,212,100,191,116,133
G0379,Direct admission of patient for hospital observation care,23,18,3,18,8,10,10,14,3,12,7,18,12,6,11,7,8
G0439,"Annual wellness visit, includes a personalized prevention plan of service (PPS), subsequent visit",287,230,37,228,168,120,90,172,37,147,85,228,156,73,140,85,97
G0463,Hospital outpt clinic visit,290,232,37,231,107,109,91,174,37,149,86,231,157,74,141,86,98
J0132,"Injection, acetylcysteine, 100 mg",109,87,14,87,37,46,45,66,14,56,32,87,59,28,53,32,37
J0330,"Injection, succinylcholine chloride, up to 20 mg",58,47,3,46,20,24,3,35,7,30,17,46,32,15,28,17,20
J0360,"Injection, hydralazine HCl, up to 20 mg",43,35,4,34,15,18,4,26,6,22,13,34,23,11,21,13,15
J0456,"Injection, azithromycin, 500 mg",34,27,3,27,11,14,11,3,4,17,10,27,18,9,16,10,11
J0690,"Injection, cefazolin sodium, 500 mg",21,17,2,17,7,9,2,13,3,11,6,17,11,5,10,6,7
J0696,"Injection, ceftriaxone sodium, per 250 mg",21,17,1,17,7,9,3,5,1,11,6,17,12,5,10,6,7
J0897,PBB DENOSUMAB INJECTION 1 MG,2578,2062,330,2052,1138,1081,810,1546,330,1138,763,2052,1397,657,1257,764,874
J1100,"Injection, dexamethasone sodium phosphate, 1 mg",35,28,0,28,12,14,1,0,4,18,10,28,19,9,17,10,12
J1170,"Injection, hydromorphone, up to 4 mg",22,17,3,17,7,9,4,12,3,11,6,17,12,6,11,6,7
J1650,"Injection, enoxaparin sodium, 10 mg",35,28,3,34,12,15,34,3,4,18,10,28,19,9,17,10,12
J1815,"Injection, insulin, per 5 units",22,18,4,16,8,9,16,4,5,12,7,13,12,6,11,7,8
J1885,"Injection, ketorolac tromethamine, per 15 mg",28,23,1,23,10,23,2,1,2,15,8,23,15,7,14,8,10
J2001,"Injection, lidocaine HCl for intravenous infusion, 10 mg",48,38,1,38,16,20,1,29,1,25,14,38,26,12,23,14,16
J2175,"Injection, meperidine hydrochloride, per 100 mg",23,18,5,18,8,18,7,5,7,12,7,18,12,6,11,7,8
J2250,"Injection, midazolam hydrochloride, per 1 mg",30,24,0,24,10,13,0,18,4,15,9,24,16,8,15,9,10
J2270,"Injection, morphine sulfate, up to 10 mg",26,21,2,21,9,11,2,2,3,13,8,21,14,7,13,8,9
J2405,"Injection, ondansetron hydrochloride, per 1 mg",23,18,0,32,8,16,0,0,0,12,7,32,12,6,11,7,8
J2543,"Injection, piperacillin sodium/tazobactam sodium, 1 gram/0.125 grams (1.125 grams)",40,32,6,32,13,17,12,24,6,20,12,32,21,10,19,12,13
J2550,"Injection, promethazine HCl, up to 50 mg",230,184,4,183,78,96,72,138,4,118,68,183,125,59,112,68,78
J2704,"Inj, propofol, 10 mg",23,18,0,18,8,10,0,14,3,12,7,18,12,6,11,7,8
J2710,"Injection, neostigmine methylsulfate, up to 0.5 mg",48,38,4,38,16,20,4,29,6,24,14,38,26,12,23,14,16
J2765,"Injection, metoclopramide HCl, up to 10 mg",30,24,1,24,10,12,1,18,1,15,9,24,16,8,14,9,10
J2920,"Injection, methylprednisolone sodium succinate, up to 40 mg",31,25,5,24,10,13,16,7,5,16,9,24,17,8,15,9,10
J2930,"Injection, methylprednisolone sodium succinate, up to 125 mg",38,31,5,31,13,31,8,23,5,20,11,31,21,10,19,11,13
J3010,"Injection, fentanyl citrate, 0.1 mg",186,149,1,148,63,78,1,112,24,95,55,148,101,47,91,55,63
J3370,"Injection, vancomycin HCl, 500 mg",110,88,14,87,37,46,35,20,14,56,32,87,60,28,54,33,37
J3475,"Injection, magnesium sulfate, per 500 mg",43,34,3,34,14,26,3,26,5,22,13,34,23,11,21,13,14
J7120,"Ringers lactate infusion, up to 1000 cc",18,14,2,14,6,14,6,11,2,9,5,14,10,5,9,5,6
P9016,"Red blood cells, leukocytes reduced, each unit",1052,842,135,837,397,441,331,631,135,539,311,837,570,268,513,312,357
Q0138,"Injection, ferumoxytol, for treatment of iron deficiency anemia, 1 mg (non-ESRD use)",2057,1646,31,1638,698,31,646,1234,264,1054,609,1638,1115,525,1003,610,698
