cms_certification_num,internal_revenue_code,description,code,price,payer
110071,NONE,"DEGENERATIVE NERVOUS SYSTEM DISORDERS WITHOUT MAJOR COMPLICATION OR COMORBIDITY (MCC) - MARKET SIZE, PREVALENCE, INCIDENCE, QUALITY OUTCOMES, TOP HOSPITALS & PHYSICIANS",057,6763,GROSS CHARGE
110071,NONE,"DEGENERATIVE NERVOUS SYSTEM DISORDERS WITHOUT MAJOR COMPLICATION OR COMORBIDITY (MCC) - MARKET SIZE, PREVALENCE, INCIDENCE, QUALITY OUTCOMES, TOP HOSPITALS & PHYSICIANS",057,5411,CASH PRICE
110071,NONE,"DEGENERATIVE NERVOUS SYSTEM DISORDERS WITHOUT MAJOR COMPLICATION OR COMORBIDITY (MCC) - MARKET SIZE, PREVALENCE, INCIDENCE, QUALITY OUTCOMES, TOP HOSPITALS & PHYSICIANS",057,867,MIN
110071,NONE,"DEGENERATIVE NERVOUS SYSTEM DISORDERS WITHOUT MAJOR COMPLICATION OR COMORBIDITY (MCC) - MARKET SIZE, PREVALENCE, INCIDENCE, QUALITY OUTCOMES, TOP HOSPITALS & PHYSICIANS",057,6285,MAX
110071,NONE,"DEGENERATIVE NERVOUS SYSTEM DISORDERS WITHOUT MAJOR COMPLICATION OR COMORBIDITY (MCC) - MARKET SIZE, PREVALENCE, INCIDENCE, QUALITY OUTCOMES, TOP HOSPITALS & PHYSICIANS",057,2294,MEDICARE
110071,NONE,"DEGENERATIVE NERVOUS SYSTEM DISORDERS WITHOUT MAJOR COMPLICATION OR COMORBIDITY (MCC) - MARKET SIZE, PREVALENCE, INCIDENCE, QUALITY OUTCOMES, TOP HOSPITALS & PHYSICIANS",057,2836,UHC
110071,NONE,"DEGENERATIVE NERVOUS SYSTEM DISORDERS WITHOUT MAJOR COMPLICATION OR COMORBIDITY (MCC) - MARKET SIZE, PREVALENCE, INCIDENCE, QUALITY OUTCOMES, TOP HOSPITALS & PHYSICIANS",057,2125,CARESOURCE
110071,NONE,"DEGENERATIVE NERVOUS SYSTEM DISORDERS WITHOUT MAJOR COMPLICATION OR COMORBIDITY (MCC) - MARKET SIZE, PREVALENCE, INCIDENCE, QUALITY OUTCOMES, TOP HOSPITALS & PHYSICIANS",057,4056,MEDICAID
110071,NONE,"DEGENERATIVE NERVOUS SYSTEM DISORDERS WITHOUT MAJOR COMPLICATION OR COMORBIDITY (MCC) - MARKET SIZE, PREVALENCE, INCIDENCE, QUALITY OUTCOMES, TOP HOSPITALS & PHYSICIANS",057,867,WELLCARE
110071,NONE,"DEGENERATIVE NERVOUS SYSTEM DISORDERS WITHOUT MAJOR COMPLICATION OR COMORBIDITY (MCC) - MARKET SIZE, PREVALENCE, INCIDENCE, QUALITY OUTCOMES, TOP HOSPITALS & PHYSICIANS",057,6285,HUMANA
110071,NONE,"DEGENERATIVE NERVOUS SYSTEM DISORDERS WITHOUT MAJOR COMPLICATION OR COMORBIDITY (MCC) - MARKET SIZE, PREVALENCE, INCIDENCE, QUALITY OUTCOMES, TOP HOSPITALS & PHYSICIANS",057,2001,AMERIGROUP
110071,NONE,"DEGENERATIVE NERVOUS SYSTEM DISORDERS WITHOUT MAJOR COMPLICATION OR COMORBIDITY (MCC) - MARKET SIZE, PREVALENCE, INCIDENCE, QUALITY OUTCOMES, TOP HOSPITALS & PHYSICIANS",057,5384,UMR
110071,NONE,"DEGENERATIVE NERVOUS SYSTEM DISORDERS WITHOUT MAJOR COMPLICATION OR COMORBIDITY (MCC) - MARKET SIZE, PREVALENCE, INCIDENCE, QUALITY OUTCOMES, TOP HOSPITALS & PHYSICIANS",057,3665,AETNA
110071,NONE,"DEGENERATIVE NERVOUS SYSTEM DISORDERS WITHOUT MAJOR COMPLICATION OR COMORBIDITY (MCC) - MARKET SIZE, PREVALENCE, INCIDENCE, QUALITY OUTCOMES, TOP HOSPITALS & PHYSICIANS",057,1725,TRICARE
110071,NONE,"DEGENERATIVE NERVOUS SYSTEM DISORDERS WITHOUT MAJOR COMPLICATION OR COMORBIDITY (MCC) - MARKET SIZE, PREVALENCE, INCIDENCE, QUALITY OUTCOMES, TOP HOSPITALS & PHYSICIANS",057,3299,VETERANS ADMIN
110071,NONE,"DEGENERATIVE NERVOUS SYSTEM DISORDERS WITHOUT MAJOR COMPLICATION OR COMORBIDITY (MCC) - MARKET SIZE, PREVALENCE, INCIDENCE, QUALITY OUTCOMES, TOP HOSPITALS & PHYSICIANS",057,2005,PEACH STATE
110071,NONE,"DEGENERATIVE NERVOUS SYSTEM DISORDERS WITHOUT MAJOR COMPLICATION OR COMORBIDITY (MCC) - MARKET SIZE, PREVALENCE, INCIDENCE, QUALITY OUTCOMES, TOP HOSPITALS & PHYSICIANS",057,2293,BLUE CROSS
110071,NONE,DRG SEIZURES WITHOUT MAJOR COMPLICATION OR COMORBIDITY (MCC),101,12291,GROSS CHARGE
110071,NONE,DRG SEIZURES WITHOUT MAJOR COMPLICATION OR COMORBIDITY (MCC),101,9833,CASH PRICE
110071,NONE,DRG SEIZURES WITHOUT MAJOR COMPLICATION OR COMORBIDITY (MCC),101,1575,MIN
110071,NONE,DRG SEIZURES WITHOUT MAJOR COMPLICATION OR COMORBIDITY (MCC),101,9784,MAX
110071,NONE,DRG SEIZURES WITHOUT MAJOR COMPLICATION OR COMORBIDITY (MCC),101,4169,MEDICARE
110071,NONE,DRG SEIZURES WITHOUT MAJOR COMPLICATION OR COMORBIDITY (MCC),101,5153,UHC
110071,NONE,DRG SEIZURES WITHOUT MAJOR COMPLICATION OR COMORBIDITY (MCC),101,3863,CARESOURCE
110071,NONE,DRG SEIZURES WITHOUT MAJOR COMPLICATION OR COMORBIDITY (MCC),101,7371,MEDICAID
110071,NONE,DRG SEIZURES WITHOUT MAJOR COMPLICATION OR COMORBIDITY (MCC),101,1575,WELLCARE
110071,NONE,DRG SEIZURES WITHOUT MAJOR COMPLICATION OR COMORBIDITY (MCC),101,9730,HUMANA
110071,NONE,DRG SEIZURES WITHOUT MAJOR COMPLICATION OR COMORBIDITY (MCC),101,3637,AMERIGROUP
110071,NONE,DRG SEIZURES WITHOUT MAJOR COMPLICATION OR COMORBIDITY (MCC),101,9784,UMR
110071,NONE,DRG SEIZURES WITHOUT MAJOR COMPLICATION OR COMORBIDITY (MCC),101,6661,AETNA
110071,NONE,DRG SEIZURES WITHOUT MAJOR COMPLICATION OR COMORBIDITY (MCC),101,3134,TRICARE
110071,NONE,DRG SEIZURES WITHOUT MAJOR COMPLICATION OR COMORBIDITY (MCC),101,5995,VETERANS ADMIN
110071,NONE,DRG SEIZURES WITHOUT MAJOR COMPLICATION OR COMORBIDITY (MCC),101,3644,PEACH STATE
110071,NONE,DRG SEIZURES WITHOUT MAJOR COMPLICATION OR COMORBIDITY (MCC),101,4168,BLUE CROSS
110071,NONE,DRG CARDIAC ARRHYTHMIA AND CONDUCTION DISORDERS WITH COMPLICATION OR COMORBIDITY (CC),309,7558,GROSS CHARGE
110071,NONE,DRG CARDIAC ARRHYTHMIA AND CONDUCTION DISORDERS WITH COMPLICATION OR COMORBIDITY (CC),309,6046,CASH PRICE
110071,NONE,DRG CARDIAC ARRHYTHMIA AND CONDUCTION DISORDERS WITH COMPLICATION OR COMORBIDITY (CC),309,969,MIN
110071,NONE,DRG CARDIAC ARRHYTHMIA AND CONDUCTION DISORDERS WITH COMPLICATION OR COMORBIDITY (CC),309,8966,MAX
110071,NONE,DRG CARDIAC ARRHYTHMIA AND CONDUCTION DISORDERS WITH COMPLICATION OR COMORBIDITY (CC),309,2563,MEDICARE
110071,NONE,DRG CARDIAC ARRHYTHMIA AND CONDUCTION DISORDERS WITH COMPLICATION OR COMORBIDITY (CC),309,8966,UHC
110071,NONE,DRG CARDIAC ARRHYTHMIA AND CONDUCTION DISORDERS WITH COMPLICATION OR COMORBIDITY (CC),309,2375,CARESOURCE
110071,NONE,DRG CARDIAC ARRHYTHMIA AND CONDUCTION DISORDERS WITH COMPLICATION OR COMORBIDITY (CC),309,4532,MEDICAID
110071,NONE,DRG CARDIAC ARRHYTHMIA AND CONDUCTION DISORDERS WITH COMPLICATION OR COMORBIDITY (CC),309,969,WELLCARE
110071,NONE,DRG CARDIAC ARRHYTHMIA AND CONDUCTION DISORDERS WITH COMPLICATION OR COMORBIDITY (CC),309,3870,HUMANA
110071,NONE,DRG CARDIAC ARRHYTHMIA AND CONDUCTION DISORDERS WITH COMPLICATION OR COMORBIDITY (CC),309,2236,AMERIGROUP
110071,NONE,DRG CARDIAC ARRHYTHMIA AND CONDUCTION DISORDERS WITH COMPLICATION OR COMORBIDITY (CC),309,6016,UMR
110071,NONE,DRG CARDIAC ARRHYTHMIA AND CONDUCTION DISORDERS WITH COMPLICATION OR COMORBIDITY (CC),309,4096,AETNA
110071,NONE,DRG CARDIAC ARRHYTHMIA AND CONDUCTION DISORDERS WITH COMPLICATION OR COMORBIDITY (CC),309,1927,TRICARE
110071,NONE,DRG CARDIAC ARRHYTHMIA AND CONDUCTION DISORDERS WITH COMPLICATION OR COMORBIDITY (CC),309,3686,VETERANS ADMIN
110071,NONE,DRG CARDIAC ARRHYTHMIA AND CONDUCTION DISORDERS WITH COMPLICATION OR COMORBIDITY (CC),309,2241,PEACH STATE
110071,NONE,DRG CARDIAC ARRHYTHMIA AND CONDUCTION DISORDERS WITH COMPLICATION OR COMORBIDITY (CC),309,2563,BLUE CROSS
110071,NONE,DRG G.I. OBSTRUCTION WITH COMPLICATION OR COMORBIDITY (CC),389,6865,GROSS CHARGE
110071,NONE,DRG G.I. OBSTRUCTION WITH COMPLICATION OR COMORBIDITY (CC),389,5492,CASH PRICE
110071,NONE,DRG G.I. OBSTRUCTION WITH COMPLICATION OR COMORBIDITY (CC),389,880,MIN
110071,NONE,DRG G.I. OBSTRUCTION WITH COMPLICATION OR COMORBIDITY (CC),389,9064,MAX
110071,NONE,DRG G.I. OBSTRUCTION WITH COMPLICATION OR COMORBIDITY (CC),389,2328,MEDICARE
110071,NONE,DRG G.I. OBSTRUCTION WITH COMPLICATION OR COMORBIDITY (CC),389,9064,UHC
110071,NONE,DRG G.I. OBSTRUCTION WITH COMPLICATION OR COMORBIDITY (CC),389,2158,CARESOURCE
110071,NONE,DRG G.I. OBSTRUCTION WITH COMPLICATION OR COMORBIDITY (CC),389,4117,MEDICAID
110071,NONE,DRG G.I. OBSTRUCTION WITH COMPLICATION OR COMORBIDITY (CC),389,880,WELLCARE
110071,NONE,DRG G.I. OBSTRUCTION WITH COMPLICATION OR COMORBIDITY (CC),389,3516,HUMANA
110071,NONE,DRG G.I. OBSTRUCTION WITH COMPLICATION OR COMORBIDITY (CC),389,2031,AMERIGROUP
110071,NONE,DRG G.I. OBSTRUCTION WITH COMPLICATION OR COMORBIDITY (CC),389,5465,UMR
110071,NONE,DRG G.I. OBSTRUCTION WITH COMPLICATION OR COMORBIDITY (CC),389,3720,AETNA
110071,NONE,DRG G.I. OBSTRUCTION WITH COMPLICATION OR COMORBIDITY (CC),389,1751,TRICARE
110071,NONE,DRG G.I. OBSTRUCTION WITH COMPLICATION OR COMORBIDITY (CC),389,3348,VETERANS ADMIN
110071,NONE,DRG G.I. OBSTRUCTION WITH COMPLICATION OR COMORBIDITY (CC),389,2036,PEACH STATE
110071,NONE,DRG G.I. OBSTRUCTION WITH COMPLICATION OR COMORBIDITY (CC),389,2328,BLUE CROSS
110071,NONE,"DRG CELLULITIS WITHOUT MAJOR COMPLICATION OR COMORBIDITY (MCC) - MARKET SIZE, PREVALENCE, INCIDENCE, QUALITY OUTCOMES, TOP HOSPITALS & PHYSICIANS",603,13235,GROSS CHARGE
110071,NONE,"DRG CELLULITIS WITHOUT MAJOR COMPLICATION OR COMORBIDITY (MCC) - MARKET SIZE, PREVALENCE, INCIDENCE, QUALITY OUTCOMES, TOP HOSPITALS & PHYSICIANS",603,10588,CASH PRICE
110071,NONE,"DRG CELLULITIS WITHOUT MAJOR COMPLICATION OR COMORBIDITY (MCC) - MARKET SIZE, PREVALENCE, INCIDENCE, QUALITY OUTCOMES, TOP HOSPITALS & PHYSICIANS",603,1696,MIN
110071,NONE,"DRG CELLULITIS WITHOUT MAJOR COMPLICATION OR COMORBIDITY (MCC) - MARKET SIZE, PREVALENCE, INCIDENCE, QUALITY OUTCOMES, TOP HOSPITALS & PHYSICIANS",603,10535,MAX
110071,NONE,"DRG CELLULITIS WITHOUT MAJOR COMPLICATION OR COMORBIDITY (MCC) - MARKET SIZE, PREVALENCE, INCIDENCE, QUALITY OUTCOMES, TOP HOSPITALS & PHYSICIANS",603,4489,MEDICARE
110071,NONE,"DRG CELLULITIS WITHOUT MAJOR COMPLICATION OR COMORBIDITY (MCC) - MARKET SIZE, PREVALENCE, INCIDENCE, QUALITY OUTCOMES, TOP HOSPITALS & PHYSICIANS",603,9751,UHC
110071,NONE,"DRG CELLULITIS WITHOUT MAJOR COMPLICATION OR COMORBIDITY (MCC) - MARKET SIZE, PREVALENCE, INCIDENCE, QUALITY OUTCOMES, TOP HOSPITALS & PHYSICIANS",603,4159,CARESOURCE
110071,NONE,"DRG CELLULITIS WITHOUT MAJOR COMPLICATION OR COMORBIDITY (MCC) - MARKET SIZE, PREVALENCE, INCIDENCE, QUALITY OUTCOMES, TOP HOSPITALS & PHYSICIANS",603,7936,MEDICAID
110071,NONE,"DRG CELLULITIS WITHOUT MAJOR COMPLICATION OR COMORBIDITY (MCC) - MARKET SIZE, PREVALENCE, INCIDENCE, QUALITY OUTCOMES, TOP HOSPITALS & PHYSICIANS",603,1696,WELLCARE
110071,NONE,"DRG CELLULITIS WITHOUT MAJOR COMPLICATION OR COMORBIDITY (MCC) - MARKET SIZE, PREVALENCE, INCIDENCE, QUALITY OUTCOMES, TOP HOSPITALS & PHYSICIANS",603,6778,HUMANA
110071,NONE,"DRG CELLULITIS WITHOUT MAJOR COMPLICATION OR COMORBIDITY (MCC) - MARKET SIZE, PREVALENCE, INCIDENCE, QUALITY OUTCOMES, TOP HOSPITALS & PHYSICIANS",603,3916,AMERIGROUP
110071,NONE,"DRG CELLULITIS WITHOUT MAJOR COMPLICATION OR COMORBIDITY (MCC) - MARKET SIZE, PREVALENCE, INCIDENCE, QUALITY OUTCOMES, TOP HOSPITALS & PHYSICIANS",603,10535,UMR
110071,NONE,"DRG CELLULITIS WITHOUT MAJOR COMPLICATION OR COMORBIDITY (MCC) - MARKET SIZE, PREVALENCE, INCIDENCE, QUALITY OUTCOMES, TOP HOSPITALS & PHYSICIANS",603,7172,AETNA
110071,NONE,"DRG CELLULITIS WITHOUT MAJOR COMPLICATION OR COMORBIDITY (MCC) - MARKET SIZE, PREVALENCE, INCIDENCE, QUALITY OUTCOMES, TOP HOSPITALS & PHYSICIANS",603,3375,TRICARE
110071,NONE,"DRG CELLULITIS WITHOUT MAJOR COMPLICATION OR COMORBIDITY (MCC) - MARKET SIZE, PREVALENCE, INCIDENCE, QUALITY OUTCOMES, TOP HOSPITALS & PHYSICIANS",603,6455,VETERANS ADMIN
110071,NONE,"DRG CELLULITIS WITHOUT MAJOR COMPLICATION OR COMORBIDITY (MCC) - MARKET SIZE, PREVALENCE, INCIDENCE, QUALITY OUTCOMES, TOP HOSPITALS & PHYSICIANS",603,3924,PEACH STATE
110071,NONE,"DRG CELLULITIS WITHOUT MAJOR COMPLICATION OR COMORBIDITY (MCC) - MARKET SIZE, PREVALENCE, INCIDENCE, QUALITY OUTCOMES, TOP HOSPITALS & PHYSICIANS",603,4488,BLUE CROSS
110071,NONE,"DRG MISCELLANEOUS DISORDERS OF NUTRITION, METABOLISM , FLUIDS AND ELECTROLYTES WITHOUT MAJOR COMPLICATION OR COMORBIDITY (MCC) - MARKET SIZE, PREVALENCE, INCIDENCE, QUALITY OUTCOMES, TOP HOSPITALS & PHYSICIANS",641,14111,GROSS CHARGE
110071,NONE,"DRG MISCELLANEOUS DISORDERS OF NUTRITION, METABOLISM , FLUIDS AND ELECTROLYTES WITHOUT MAJOR COMPLICATION OR COMORBIDITY (MCC) - MARKET SIZE, PREVALENCE, INCIDENCE, QUALITY OUTCOMES, TOP HOSPITALS & PHYSICIANS",641,11289,CASH PRICE
110071,NONE,"DRG MISCELLANEOUS DISORDERS OF NUTRITION, METABOLISM , FLUIDS AND ELECTROLYTES WITHOUT MAJOR COMPLICATION OR COMORBIDITY (MCC) - MARKET SIZE, PREVALENCE, INCIDENCE, QUALITY OUTCOMES, TOP HOSPITALS & PHYSICIANS",641,1808,MIN
110071,NONE,"DRG MISCELLANEOUS DISORDERS OF NUTRITION, METABOLISM , FLUIDS AND ELECTROLYTES WITHOUT MAJOR COMPLICATION OR COMORBIDITY (MCC) - MARKET SIZE, PREVALENCE, INCIDENCE, QUALITY OUTCOMES, TOP HOSPITALS & PHYSICIANS",641,11232,MAX
110071,NONE,"DRG MISCELLANEOUS DISORDERS OF NUTRITION, METABOLISM , FLUIDS AND ELECTROLYTES WITHOUT MAJOR COMPLICATION OR COMORBIDITY (MCC) - MARKET SIZE, PREVALENCE, INCIDENCE, QUALITY OUTCOMES, TOP HOSPITALS & PHYSICIANS",641,4786,MEDICARE
110071,NONE,"DRG MISCELLANEOUS DISORDERS OF NUTRITION, METABOLISM , FLUIDS AND ELECTROLYTES WITHOUT MAJOR COMPLICATION OR COMORBIDITY (MCC) - MARKET SIZE, PREVALENCE, INCIDENCE, QUALITY OUTCOMES, TOP HOSPITALS & PHYSICIANS",641,9302,UHC
110071,NONE,"DRG MISCELLANEOUS DISORDERS OF NUTRITION, METABOLISM , FLUIDS AND ELECTROLYTES WITHOUT MAJOR COMPLICATION OR COMORBIDITY (MCC) - MARKET SIZE, PREVALENCE, INCIDENCE, QUALITY OUTCOMES, TOP HOSPITALS & PHYSICIANS",641,4434,CARESOURCE
110071,NONE,"DRG MISCELLANEOUS DISORDERS OF NUTRITION, METABOLISM , FLUIDS AND ELECTROLYTES WITHOUT MAJOR COMPLICATION OR COMORBIDITY (MCC) - MARKET SIZE, PREVALENCE, INCIDENCE, QUALITY OUTCOMES, TOP HOSPITALS & PHYSICIANS",641,8462,MEDICAID
110071,NONE,"DRG MISCELLANEOUS DISORDERS OF NUTRITION, METABOLISM , FLUIDS AND ELECTROLYTES WITHOUT MAJOR COMPLICATION OR COMORBIDITY (MCC) - MARKET SIZE, PREVALENCE, INCIDENCE, QUALITY OUTCOMES, TOP HOSPITALS & PHYSICIANS",641,1808,WELLCARE
110071,NONE,"DRG MISCELLANEOUS DISORDERS OF NUTRITION, METABOLISM , FLUIDS AND ELECTROLYTES WITHOUT MAJOR COMPLICATION OR COMORBIDITY (MCC) - MARKET SIZE, PREVALENCE, INCIDENCE, QUALITY OUTCOMES, TOP HOSPITALS & PHYSICIANS",641,7226,HUMANA
110071,NONE,"DRG MISCELLANEOUS DISORDERS OF NUTRITION, METABOLISM , FLUIDS AND ELECTROLYTES WITHOUT MAJOR COMPLICATION OR COMORBIDITY (MCC) - MARKET SIZE, PREVALENCE, INCIDENCE, QUALITY OUTCOMES, TOP HOSPITALS & PHYSICIANS",641,4175,AMERIGROUP
110071,NONE,"DRG MISCELLANEOUS DISORDERS OF NUTRITION, METABOLISM , FLUIDS AND ELECTROLYTES WITHOUT MAJOR COMPLICATION OR COMORBIDITY (MCC) - MARKET SIZE, PREVALENCE, INCIDENCE, QUALITY OUTCOMES, TOP HOSPITALS & PHYSICIANS",641,11232,UMR
110071,NONE,"DRG MISCELLANEOUS DISORDERS OF NUTRITION, METABOLISM , FLUIDS AND ELECTROLYTES WITHOUT MAJOR COMPLICATION OR COMORBIDITY (MCC) - MARKET SIZE, PREVALENCE, INCIDENCE, QUALITY OUTCOMES, TOP HOSPITALS & PHYSICIANS",641,7647,AETNA
110071,NONE,"DRG MISCELLANEOUS DISORDERS OF NUTRITION, METABOLISM , FLUIDS AND ELECTROLYTES WITHOUT MAJOR COMPLICATION OR COMORBIDITY (MCC) - MARKET SIZE, PREVALENCE, INCIDENCE, QUALITY OUTCOMES, TOP HOSPITALS & PHYSICIANS",641,3598,TRICARE
110071,NONE,"DRG MISCELLANEOUS DISORDERS OF NUTRITION, METABOLISM , FLUIDS AND ELECTROLYTES WITHOUT MAJOR COMPLICATION OR COMORBIDITY (MCC) - MARKET SIZE, PREVALENCE, INCIDENCE, QUALITY OUTCOMES, TOP HOSPITALS & PHYSICIANS",641,6882,VETERANS ADMIN
110071,NONE,"DRG MISCELLANEOUS DISORDERS OF NUTRITION, METABOLISM , FLUIDS AND ELECTROLYTES WITHOUT MAJOR COMPLICATION OR COMORBIDITY (MCC) - MARKET SIZE, PREVALENCE, INCIDENCE, QUALITY OUTCOMES, TOP HOSPITALS & PHYSICIANS",641,4184,PEACH STATE
110071,NONE,"DRG MISCELLANEOUS DISORDERS OF NUTRITION, METABOLISM , FLUIDS AND ELECTROLYTES WITHOUT MAJOR COMPLICATION OR COMORBIDITY (MCC) - MARKET SIZE, PREVALENCE, INCIDENCE, QUALITY OUTCOMES, TOP HOSPITALS & PHYSICIANS",641,4785,BLUE CROSS
