DRG,Description,Charges,Discounted Cash Price,Min Negotiated,Max Negotiated,Medicare,Uhc,Caresource,Medicaid,Wellcare,Humana,Amerigroup,Umr,Aetna,Tricare,Veterans admin,Peach state,Blue cross
057,"DEGENERATIVE NERVOUS SYSTEM DISORDERS WITHOUT MAJOR COMPLICATION OR COMORBIDITY (MCC) - MARKET SIZE, PREVALENCE, INCIDENCE, QUALITY OUTCOMES, TOP HOSPITALS & PHYSICIANS",6763,5411,867,6285,2294,2836,2125,4056,867,6285,2001,5384,3665,1725,3299,2005,2293
101,DRG SEIZURES WITHOUT MAJOR COMPLICATION OR COMORBIDITY (MCC),12291,9833,1575,9784,4169,5153,3863,7371,1575,9730,3637,9784,6661,3134,5995,3644,4168
309,DRG CARDIAC ARRHYTHMIA AND CONDUCTION DISORDERS WITH COMPLICATION OR COMORBIDITY (CC),7558,6046,969,8966,2563,8966,2375,4532,969,3870,2236,6016,4096,1927,3686,2241,2563
389,DRG G.I. OBSTRUCTION WITH COMPLICATION OR COMORBIDITY (CC),6865,5492,880,9064,2328,9064,2158,4117,880,3516,2031,5465,3720,1751,3348,2036,2328
603,"DRG CELLULITIS WITHOUT MAJOR COMPLICATION OR COMORBIDITY (MCC) - MARKET SIZE, PREVALENCE, INCIDENCE, QUALITY OUTCOMES, TOP HOSPITALS & PHYSICIANS",13235,10588,1696,10535,4489,9751,4159,7936,1696,6778,3916,10535,7172,3375,6455,3924,4488
641,"DRG MISCELLANEOUS DISORDERS OF NUTRITION, METABOLISM , FLUIDS AND ELECTROLYTES WITHOUT MAJOR COMPLICATION OR COMORBIDITY (MCC) - MARKET SIZE, PREVALENCE, INCIDENCE, QUALITY OUTCOMES, TOP HOSPITALS & PHYSICIANS",14111,11289,1808,11232,4786,9302,4434,8462,1808,7226,4175,11232,7647,3598,6882,4184,4785
