CPT,Description,Charges,Discounted Cash Price,Min Negotiated,Max Negotiated,Blue cross,Medicaid,Caresource,Amerigroup,Medicare,Umr,Uhc,Cigna,Humana,Wellcare,Veterans admin,Aetna,Tricare
43239,"Upper gastrointestinal endoscopy including esophagus, stomach, and either the duodenum and/or jejunum as appropriate; with biopsy, single or multiple",840,672,214,718,331,313,469,357,357,433,718,334,274,441,214,321,306
43450,"Dilation of esophagus, by unguided sound or bougie, single or multiple passes",380,304,76,325,76,142,212,162,162,196,325,151,124,200,97,145,138
62323,Injection of substance into spinal canal of lower back or sacrum using imaging guidance,595,476,103,509,237,222,333,253,253,307,509,237,103,313,152,228,217
64615,PBB CHEMODENERV MUSC MIGRAINE,355,284,90,303,146,132,198,151,151,150,303,141,116,186,90,136,129
82728,Ferritin,75,60,18,64,31,28,18,32,32,39,64,30,24,39,19,29,27
82962,"Glucose, blood by glucose monitoring device(s) cleared by the FDA specifically for home use",21,17,2,18,2,8,12,9,9,11,18,8,7,11,5,8,8
85018,Blood count; hemoglobin (Hgb),10,8,3,9,3,4,6,3,4,5,9,4,3,5,3,4,4
87651,"Infectious agent detection by nucleic acid (DNA or RNA); Streptococcus, group A, amplified probe technique",108,86,26,92,26,40,60,46,46,56,92,43,35,57,28,41,39
87880,"Infectious agent antigen detection by immunoassay with direct optical observation; Streptococcus, group A",47,38,10,40,10,18,26,20,20,24,40,19,15,25,12,18,17
90460,"Immunization administration through 18 years of age via any route of administration, with counseling by physician or other qualified health care professional; first vaccine/toxoid component",240,192,36,205,93,88,91,36,102,124,205,96,78,40,61,92,87
90633,"Hepatitis A vaccine, pediatric/adolescent dosage-2 dose schedule, for intramuscular use",42,34,11,36,34,16,23,18,18,22,36,17,14,22,11,16,15
90648,"Hemophilus influenza b vaccine (Hib), PRP-T conjugate (4 dose schedule), for intramuscular use",30,24,8,26,17,11,17,13,13,15,26,12,10,16,8,11,11
90670,"Pneumococcal conjugate vaccine, 13 valent, for intramuscular use",256,205,65,219,198,96,143,109,109,132,219,102,84,134,65,98,93
94640,"Pressurized or nonpressurized inhalation treatment for acute airway obstruction or for sputum induction for diagnostic purposes (eg, with an aerosol generator, nebulizer, metered dose inhaler or intermittent positive pressure breathing [IPPB] device)",42,34,11,36,13,16,23,18,18,22,36,17,14,22,11,16,15
96110,"Developmental testing; limited (eg, Developmental Screening Test II, Early Language Milestone Screen), with interpretation and report",25,20,6,21,13,9,12,11,11,13,21,10,8,13,6,10,9
96127,HC BRIEF EMOTIONAL/BEHAV ASSMT,24,19,6,21,10,9,13,8,10,12,21,10,8,13,6,9,9
96372,"Therapeutic, prophylactic, or diagnostic injection (specify substance or drug); subcutaneous or intramuscular",61,49,16,52,21,23,34,26,26,31,52,24,20,32,16,23,22
99202,"Office or other outpatient visit for the evaluation and management of a new patient, which requires these 3 key components: An expanded problem focused history; An expanded problem focused examination; Straightforward medical decision making. Counseling and/or coordination of care with other providers or agencies are provided consistent with the nature of the problem(s) and the patient's and/or family's needs. Usually, the presenting problem(s) are of low to moderate severity. Physicians typically spend 20 minutes face-to-face with the patient and/or family.",189,151,48,162,82,71,106,80,80,98,162,75,62,99,48,72,69
99203,"Office or other outpatient visit for the evaluation and management of a new patient, which requires these 3 key components: A detailed history; A detailed examination; Medical decision making of low complexity. Counseling and/or coordination of care with other providers or agencies are provided consistent with the nature of the problem(s) and the patient's and/or family's needs. Usually, the presenting problem(s) are of moderate severity. Physicians typically spend 30 minutes face-to-face with the patient and/or family.",274,219,70,234,117,102,153,117,117,121,234,109,89,144,70,105,100
99204,"Office or other outpatient visit for the evaluation and management of a new patient, which requires these 3 key components: A comprehensive history; A comprehensive examination; Medical decision making of moderate complexity. Counseling and/or coordination of care with other providers or agencies are provided consistent with the nature of the problem(s) and the patient's and/or family's needs. Usually, the presenting problem(s) are of moderate to high severity. Physicians typically spend 45 minutes face-to-face with the patient and/or family.",423,338,108,362,183,158,176,180,157,338,362,168,138,222,108,162,154
99212,"Office or other outpatient visit for the evaluation and management of an established patient, which requires at least 2 of these 3 key components: A problem focused history; A problem focused examination; Straightforward medical decision making. Counseling and/or coordination of care with other providers or agencies are provided consistent with the nature of the problem(s) and the patient's and/or family's needs. Usually, the presenting problem(s) are self limited or minor. Physicians typically spend 10 minutes face-to-face with the patient and/or family.",110,88,28,94,48,41,61,47,47,57,94,44,36,58,28,42,40
99213,"Office or other outpatient visit for the evaluation and management of an established patient, which requires at least 2 of these 3 key components: An expanded problem focused history; An expanded problem focused examination; Medical decision making of low complexity. Counseling and coordination of care with other providers or agencies are provided consistent with the nature of the problem(s) and the patient's and/or family's needs. Usually, the presenting problem(s) are of low to moderate severity. Physicians typically spend 15 minutes face-to-face with the patient and/or family.",184,147,41,157,79,41,103,78,71,74,157,73,75,97,72,71,67
99214,"Office or other outpatient visit for the evaluation and management of an established patient, which requires at least 2 of these 3 key components: A detailed history; A detailed examination; Medical decision making of moderate complexity. Counseling and/or coordination of care with other providers or agencies are provided consistent with the nature of the problem(s) and the patient's and/or family's needs. Usually, the presenting problem(s) are of moderate to high severity. Physicians typically spend 25 minutes face-to-face with the patient and/or family.",273,218,70,233,119,102,153,116,186,141,233,109,109,143,70,103,99
99217,"Observation care discharge day management (This code is to be utilized by the physician to report all services provided to a patient on discharge from ""observation status"" if the discharge is on other than the initial date of ""observation status."" To report services to a patient designated as ""observation status"" or ""inpatient status"" and discharged on the same date, use the codes for Observation or Inpatient Care Services [including Admission and Discharge Services, 99234-99236 as appropriate.])",176,141,45,150,82,57,98,75,75,91,150,70,57,92,45,67,64
99220,"Initial observation care, per day, for the evaluation and management of a patient, which requires these 3 key components: A comprehensive history; A comprehensive examination; and Medical decision making of high complexity. Counseling and/or coordination of care with other providers or agencies are provided consistent with the nature of the problem(s) and the patient's and/or family's needs. Usually, the problem(s) requiring admission to ""observation status"" are of high severity.",434,347,111,371,196,133,243,185,185,224,371,173,142,228,111,166,158
99223,"Initial hospital care, per day, for the evaluation and management of a patient, which requires these 3 key components: A comprehensive history; A comprehensive examination; and Medical decision making of high complexity. Counseling and/or coordination of care with other providers or agencies are provided consistent with the nature of the problem(s) and the patient's and/or family's needs. Usually, the problem(s) requiring admission are of high severity. Physicians typically spend 70 minutes at the bedside and on the patient's hospital floor or unit.",522,418,133,446,229,133,292,222,196,269,446,208,170,274,133,200,190
99226,"Subsequent observation care, per day, for the evaluation and management of a patient, which requires at least 2 of these 3 key components: A detailed interval history; A detailed examination; Medical decision making of high complexity. Counseling and/or coordination of care with other providers or agencies are provided consistent with the nature of the problem(s) and the patient's and/or family's needs. Usually, the patient is unstable or has developed a significant complication or a significant new problem. Physicians typically spend 35 minutes at the bedside and on the patient's hospital floor or unit.",199,159,51,170,82,63,111,85,85,103,170,79,65,105,51,76,72
99232,"Subsequent hospital care, per day, for the evaluation and management of a patient, which requires at least 2 of these 3 key components: An expanded problem focused interval history; An expanded problem focused examination; Medical decision making of moderate complexity. Counseling and/or coordination of care with other providers or agencies are provided consistent with the nature of the problem(s) and the patient's and/or family's needs. Usually, the patient is responding inadequately to therapy or has developed a minor complication. Physicians typically spend 25 minutes at the bedside and on the patient's hospital floor or unit.",187,150,48,160,82,70,105,80,70,96,160,74,61,98,48,72,68
99233,"Subsequent hospital care, per day, for the evaluation and management of a patient, which requires at least 2 of these 3 key components: A detailed interval history; A detailed examination; Medical decision making of high complexity. Counseling and/or coordination of care with other providers or agencies are provided consistent with the nature of the problem(s) and the patient's and/or family's needs. Usually, the patient is unstable or has developed a significant complication or a significant new problem. Physicians typically spend 35 minutes at the bedside and on the patient's hospital floor or unit.",269,215,69,230,115,100,150,114,114,139,230,107,88,141,69,103,98
99236,"Observation or inpatient hospital care, for the evaluation and management of a patient including admission and discharge on the same date, which requires these 3 key components: A comprehensive history; A comprehensive examination; and Medical decision making of high complexity. Counseling and/or coordination of care with other providers or agencies are provided consistent with the nature of the problem(s) and the patient's and/or family's needs. Usually the presenting problem(s) requiring admission are of high severity.",576,461,147,492,258,215,322,245,245,297,492,229,188,303,147,220,210
99238,Hospital discharge day management; 30 minutes or less,195,156,50,167,80,73,109,83,70,101,167,78,64,102,50,75,71
99239,Hospital discharge day management; more than 30 minutes,273,218,70,233,120,102,153,116,116,141,233,109,89,143,70,104,99
99308,"Subsequent nursing facility care, per day, for the evaluation and management of a patient, which requires at least 2 of these 3 key components: An expanded problem focused interval history; An expanded problem focused examination; Medical decision making of low complexity. Counseling and/or coordination of care with other providers or agencies are provided consistent with the nature of the problem(s) and the patient's and/or family's needs. Usually, the patient is responding inadequately to therapy or has developed a minor complication. Physicians typically spend 15 minutes at the bedside and on the patient's facility floor or unit.",175,140,45,150,72,67,98,74,74,90,150,70,57,92,45,67,64
99309,"Subsequent nursing facility care, per day, for the evaluation and management of a patient, which requires at least 2 of these 3 key components: A detailed interval history; A detailed examination; Medical decision making of moderate complexity. Counseling and/or coordination of care with other providers or agencies are provided consistent with the nature of the problem(s) and the patient's and/or family's needs. Usually, the patient has developed a significant complication or a significant new problem. Physicians typically spend 25 minutes at the bedside and on the patient's facility floor or unit.",229,183,58,196,102,88,128,97,97,118,196,91,75,120,58,88,83
99381,"Initial comprehensive preventive medicine evaluation and management of an individual including an age and gender appropriate history, examination, counseling/anticipatory guidance/risk factor reduction interventions, and the ordering of laboratory/diagnostic procedures, new patient; infant (age younger than 1 year)",132,106,34,113,54,49,111,56,56,68,113,53,43,69,34,51,48
99391,"Periodic comprehensive preventive medicine reevaluation and management of an individual including an age and gender appropriate history, examination, counseling/anticipatory guidance/risk factor reduction interventions, and the ordering of laboratory/diagnostic procedures, established patient; infant (age younger than 1 year)",110,88,28,100,45,96,100,82,47,57,94,44,36,82,28,42,40
99392,"Periodic comprehensive preventive medicine reevaluation and management of an individual including an age and gender appropriate history, examination, counseling/anticipatory guidance/risk factor reduction interventions, and the ordering of laboratory/diagnostic procedures, established patient; early childhood (age 1 through 4 years)",116,93,30,99,96,43,70,67,49,60,99,46,38,61,30,44,42
99393,"Periodic comprehensive preventive medicine reevaluation and management of an individual including an age and gender appropriate history, examination, counseling/anticipatory guidance/risk factor reduction interventions, and the ordering of laboratory/diagnostic procedures, established patient; late childhood (age 5 through 11 years)",125,100,32,112,112,47,74,75,53,65,107,50,41,82,32,48,45
99394,"Periodic comprehensive preventive medicine reevaluation and management of an individual including an age and gender appropriate history, examination, counseling/anticipatory guidance/risk factor reduction interventions, and the ordering of laboratory/diagnostic procedures, established patient; adolescent (age 12 through 17 years)",256,205,65,219,123,75,143,75,109,132,219,102,84,134,65,98,93
A0425,"Ground mileage, per statute mile",31,25,8,30,13,11,17,13,13,16,30,12,10,16,8,12,11
A0427,"Ambulance service, advanced life support, emergency transport, level 1 (ALS1-emergency)",497,398,127,412,204,185,278,211,211,256,412,198,162,261,127,190,181
A0429,"Ambulance service, basic life support, emergency transport (BLS-emergency)",464,371,118,359,359,173,259,197,197,239,349,185,152,244,118,178,169
J0696,"Injection, ceftriaxone sodium, per 250 mg",26,21,1,22,2,10,15,11,11,13,22,10,8,14,1,10,9
J1100,"Injection, dexamethasone sodium phosphate, 1 mg",45,36,1,38,1,17,25,19,19,23,38,18,15,24,11,17,16
J2930,"Injection, methylprednisolone sodium succinate, up to 125 mg",18,14,6,15,6,7,10,8,8,9,15,7,6,9,6,7,7
J3301,"Injection, triamcinolone acetonide, not otherwise specified, 10 mg",36,29,6,31,6,13,20,15,15,19,31,14,12,19,9,14,13
J7620,"Albuterol, up to 2.5 mg and ipratropium bromide, up to 0.5 mg, FDA-approved final product, non-compounded, administered through DME",5,4,0,4,0,2,3,2,2,3,4,2,2,3,1,2,2
