jail,total,convicted_or_sentenced,detained_or_awaiting_trial,other_offense
APPLING,61,8,38,15
ATKINSON,7,0,7,0
BACON,39,32,0,7
BALDWIN,190,43,40,107
BANKS,32,5,22,5
BARROW,200,28,167,5
BARTOW,509,190,316,3
BEN HILL,87,17,65,5
BERRIEN,61,30,0,31
BIBB,703,102,322,279
BLECKLEY,35,5,30,0
BRANTLEY,111,45,40,26
BROOKS,20,1,18,1
BRYAN,15,4,11,0
BULLOCH,281,61,219,1
BURKE,91,1,71,19
BUTTS,200,6,77,117
CALHOUN,18,5,13,0
CAMDEN,190,95,93,2
CANDLER,22,8,12,2
CARROLL,251,4,241,6
CATOOSA,122,15,104,3
CHATHAM,1391,77,1229,85
CHATTOOGA,32,7,10,15
CHEROKEE,397,60,337,0
CLARKE,223,68,154,1
CLAYTON,1943,841,962,140
COBB,1189,336,853,0
COFFEE,291,46,169,76
COLQUITT,126,26,99,1
COLUMBIA,236,54,174,8
COOK,66,26,23,17
COWETA,272,83,189,0
CRAWFORD,24,0,22,2
CRISP,223,20,122,81
DADE,42,30,6,6
DAWSON,65,29,35,1
DECATUR,88,14,74,0
DEKALB,1654,314,1274,66
DODGE,129,4,103,22
DOOLY,44,4,40,0
DOUGHERTY,595,135,441,19
DOUGLAS,464,65,395,4
EARLY,22,4,12,6
EFFINGHAM,158,18,140,0
ELBERT,79,19,50,10
EMANUEL,102,4,40,58
EVANS,3,1,2,0
FANNIN,37,2,35,0
FAYETTE,125,16,109,0
FLOYD,464,124,301,39
FORSYTH,327,78,248,1
FRANKLIN,66,18,46,2
FULTON,2632,198,2124,310
GILMER,74,11,48,15
GLYNN,322,48,202,72
GORDON,222,87,134,1
GRADY,80,11,67,2
GREENE,47,20,27,0
GWINNETT,1831,204,1581,46
HABERSHAM,112,19,91,2
HALL,459,234,211,14
HANCOCK,25,2,23,0
HARALSON,118,17,101,0
HARRIS,65,3,29,33
HART,29,0,29,0
HEARD,29,6,23,0
HENRY,367,173,194,0
HOUSTON,325,45,280,0
IRWIN,697,2,11,684
JACKSON,100,22,67,11
JASPER,22,5,14,3
JEFFDAVIS/HAZ,28,9,16,3
JEFFERSON,101,49,0,52
JENKINS,47,0,14,33
JOHNSON,31,4,14,13
JONES,114,17,83,14
LAMAR,44,38,6,0
LAURENS,185,56,90,39
LEE,55,5,48,2
LIBERTY,171,12,123,36
LINCOLN,64,11,18,35
LOWNDES,591,115,461,15
LUMPKIN,78,13,45,20
MCDUFFIE,99,13,67,19
MCINTOSH,47,2,30,15
MACON,20,2,17,1
MADISON,49,3,33,13
MARION,17,3,6,8
MERIWETHER,47,0,37,10
MILLER,20,7,13,0
MITCHELL,96,16,79,1
MONROE,101,12,85,4
MORGAN,68,13,55,0
MURRAY,135,25,101,9
MUSCOGEE,918,108,767,43
NEWTON,292,107,176,9
OCONEE,15,3,10,2
OGLETHORPE,54,8,33,13
PAULDING,183,24,125,34
PEACH,61,58,0,3
PICKENS,53,11,30,12
PIERCE,39,5,34,0
PIKE,21,6,15,0
POLK,137,10,37,90
PULASKI,27,1,26,0
PUTNAM,67,8,57,2
RABUN,49,11,32,6
RANDOLPH,37,2,26,9
RICHMOND,944,35,785,124
ROCKDALE,203,32,161,10
SCHLEY,5,0,5,0
SCREVEN,41,3,19,19
SEMINOLE,20,3,17,0
SPALDING,261,37,222,2
STEPHENS,120,18,90,12
SUMTER,111,4,84,23
TATTNALL,43,8,17,18
TAYLOR,16,3,13,0
TELFAIR,25,0,25,0
TERRELL,16,2,13,1
THOMAS,177,17,160,0
TIFT,186,69,35,82
TOOMBS,95,34,58,3
TOWNS,29,6,21,2
TREUTLEN,28,3,13,12
TROUP,459,57,342,60
TURNER,25,4,21,0
TWIGGS,22,20,0,2
UNION,29,4,18,7
UPSON,56,20,34,2
WALKER,156,16,140,0
WALTON,373,120,240,13
WARE,320,57,190,73
WASHINGTON,76,23,0,53
WAYNE,109,37,0,72
WHEELER,7,0,7,0
WHITE,62,11,49,2
WHITFIELD,389,74,270,45
WILCOX,22,21,1,0
WILKES,30,3,17,10
WILKINSON,27,2,22,3
WORTH,31,7,24,0
