jail,total,convicted_or_sentenced,detained_or_awaiting_trial,other_offense
APPLING,73,15,39,19
ATKINSON,15,0,14,1
BACON,58,41,0,17
BALDWIN,233,68,158,7
BANKS,40,10,18,12
BARROW,331,49,273,9
BARTOW,688,253,415,20
BEN HILL,96,22,74,0
BERRIEN,63,31,0,32
BIBB,785,103,308,374
BLECKLEY,30,2,28,0
BRANTLEY,143,34,28,81
BROOKS,44,7,37,0
BRYAN,51,4,47,0
BULLOCH,411,106,255,50
BURKE,113,0,86,27
BUTTS,181,30,72,79
CALHOUN,21,9,12,0
CAMDEN,124,5,116,3
CANDLER,33,5,27,1
CARROLL,387,6,369,12
CATOOSA,216,15,161,40
CHATHAM,1797,53,1668,76
CHATTOOGA,47,16,16,15
CHEROKEE,531,75,455,1
CLARKE,401,65,334,2
CLAYTON,1734,1035,179,520
COBB,2083,513,1570,0
COFFEE,349,28,211,110
COLQUITT,252,0,252,0
COLUMBIA,331,70,241,20
COOK,88,27,23,38
COWETA,391,171,215,5
CRAWFORD,13,3,9,1
CRISP,230,18,145,67
DADE,81,37,35,9
DAWSON,96,48,46,2
DECATUR,98,16,73,9
DEKALB,1637,311,1261,65
DODGE,122,5,89,28
DOOLY,66,7,53,6
DOUGHERTY,590,126,444,20
DOUGLAS,699,95,581,23
EARLY,35,1,26,8
EFFINGHAM,205,36,164,5
ELBERT,106,10,54,42
EMANUEL,123,13,52,58
EVANS,15,0,15,0
FANNIN,69,4,63,2
FAYETTE,261,42,215,4
FLOYD,575,147,331,97
FORSYTH,320,79,232,9
FRANKLIN,82,28,52,2
FULTON,2578,221,2010,347
GILMER,138,5,91,42
GLYNN,454,50,268,136
GORDON,270,94,176,0
GRADY,78,14,62,2
GREENE,68,33,28,7
GWINNETT,2163,66,1521,576
HABERSHAM,157,15,136,6
HALL,791,428,341,22
HANCOCK,29,5,24,0
HARALSON,105,21,82,2
HARRIS,67,7,32,28
HART,48,10,36,2
HEARD,51,11,37,3
HENRY,784,481,303,0
HOUSTON,432,101,329,2
IRWIN,995,4,16,975
JACKSON,208,13,168,27
JASPER,53,5,47,1
JEFFDAVIS/HAZ,54,10,39,5
JEFFERSON,82,44,0,38
JENKINS,20,1,7,12
JOHNSON,25,6,0,19
JONES,87,24,57,6
LAMAR,42,34,8,0
LAURENS,171,10,152,9
LEE,85,0,83,2
LIBERTY,232,29,150,53
LINCOLN,56,8,16,32
LOWNDES,596,117,452,27
LUMPKIN,123,36,63,24
MCDUFFIE,92,4,73,15
MCINTOSH,77,3,68,6
MACON,25,0,25,0
MADISON,100,19,42,39
MARION,19,8,10,1
MERIWETHER,68,6,54,8
MILLER,28,13,12,3
MITCHELL,69,14,51,4
MONROE,96,3,92,1
MORGAN,78,23,52,3
MURRAY,135,20,114,1
MUSCOGEE,1166,187,895,84
NEWTON,369,157,212,0
OCONEE,30,9,21,0
OGLETHORPE,63,23,21,19
PAULDING,253,51,157,45
PEACH,109,5,99,5
PICKENS,77,2,45,30
PIERCE,59,6,53,0
PIKE,22,1,21,0
POLK,162,17,44,101
PULASKI,36,8,28,0
PUTNAM,96,24,68,4
RABUN,119,31,72,16
RANDOLPH,46,4,42,0
RICHMOND,898,34,740,124
ROCKDALE,314,50,239,25
SCHLEY,6,2,4,0
SCREVEN,43,12,24,7
SEMINOLE,46,5,37,4
SPALDING,444,33,409,2
STEPHENS,163,16,128,19
SUMTER,154,2,108,44
TATTNALL,88,13,48,27
TAYLOR,21,0,18,3
TELFAIR,36,0,33,3
TERRELL,29,4,24,1
THOMAS,170,19,148,3
TIFT,243,106,67,70
TOOMBS,125,36,84,5
TOWNS,49,3,42,4
TREUTLEN,46,6,22,18
TROUP,467,149,310,8
TURNER,45,23,0,22
TWIGGS,19,16,0,3
UNION,72,40,27,5
UPSON,114,19,88,7
WALKER,227,53,174,0
WALTON,452,114,318,20
WARE,419,81,247,91
WASHINGTON,85,5,0,80
WAYNE,138,52,0,86
WHEELER,15,1,14,0
WHITE,112,12,95,5
WHITFIELD,443,61,352,30
WILCOX,17,17,0,0
WILKES,43,4,29,10
WILKINSON,32,6,22,4
WORTH,47,4,43,0
