jail,total,convicted_or_sentenced,detained_or_awaiting_trial,other_offense
APPLING,65,15,43,7
ATKINSON,12,0,12,0
BACON,62,47,0,15
BALDWIN,246,65,56,125
BANKS,58,2,43,13
BARROW,295,65,217,13
BARTOW,640,258,356,26
BEN HILL,78,13,57,8
BERRIEN,57,48,0,9
BIBB,865,104,366,395
BLECKLEY,37,10,27,0
BRANTLEY,119,64,28,27
BROOKS,66,52,9,5
BRYAN,66,4,29,33
BULLOCH,339,131,169,39
BURKE,114,3,80,31
BUTTS,181,30,69,82
CALHOUN,23,4,19,0
CAMDEN,162,9,148,5
CANDLER,24,8,15,1
CARROLL,522,3,506,13
CATOOSA,251,18,209,24
CHATHAM,1684,84,1518,82
CHATTOOGA,32,5,15,12
CHEROKEE,537,104,431,2
CLARKE,418,99,318,1
CLAYTON,1661,946,185,530
COBB,2051,545,1506,0
COFFEE,329,26,180,123
COLQUITT,219,56,156,7
COLUMBIA,339,64,258,17
COOK,92,41,15,36
COWETA,361,150,207,4
CRAWFORD,19,3,10,6
CRISP,190,25,86,79
DADE,64,15,41,8
DAWSON,90,44,45,1
DECATUR,95,18,65,12
DEKALB,1903,361,1466,76
DODGE,128,2,109,17
DOOLY,54,14,39,1
DOUGHERTY,703,167,517,19
DOUGLAS,687,146,523,18
EARLY,33,7,20,6
EFFINGHAM,215,60,151,4
ELBERT,105,35,47,23
EMANUEL,89,15,64,10
EVANS,19,0,19,0
FANNIN,67,9,58,0
FAYETTE,231,44,187,0
FLOYD,577,179,338,60
FORSYTH,314,107,207,0
FRANKLIN,97,38,59,0
FULTON,2535,269,1851,415
GILMER,100,9,75,16
GLYNN,403,51,214,138
GORDON,275,117,146,12
GRADY,81,12,66,3
GREENE,53,29,18,6
GWINNETT,2299,94,1420,785
HABERSHAM,196,26,165,5
HALL,806,258,512,36
HANCOCK,20,4,16,0
HARALSON,92,19,71,2
HARRIS,92,2,54,36
HART,55,1,52,2
HEARD,43,17,19,7
HENRY,760,449,311,0
HOUSTON,456,99,351,6
IRWIN,889,11,20,858
JACKSON,146,29,78,39
JASPER,49,11,34,4
JEFFDAVIS/HAZ,49,14,33,2
JEFFERSON,53,27,0,26
JENKINS,15,1,13,1
JOHNSON,20,6,11,3
JONES,122,21,84,17
LAMAR,53,40,13,0
LAURENS,184,15,161,8
LEE,81,0,76,5
LIBERTY,169,17,134,18
LINCOLN,43,6,21,16
LOWNDES,715,154,546,15
LUMPKIN,113,29,75,9
MCDUFFIE,117,15,84,18
MCINTOSH,64,5,49,10
MACON,19,1,18,0
MADISON,86,15,43,28
MARION,20,3,16,1
MERIWETHER,91,7,60,24
MILLER,22,9,10,3
MITCHELL,55,17,37,1
MONROE,69,2,64,3
MORGAN,72,17,53,2
MURRAY,154,42,112,0
MUSCOGEE,1027,106,863,58
NEWTON,350,140,201,9
OCONEE,51,21,27,3
OGLETHORPE,67,10,24,33
PAULDING,210,32,171,7
PEACH,100,9,87,4
PICKENS,84,17,37,30
PIERCE,67,1,65,1
PIKE,15,1,14,0
POLK,448,49,94,305
PULASKI,53,27,26,0
PUTNAM,77,35,39,3
RABUN,95,22,63,10
RANDOLPH,48,8,40,0
RICHMOND,872,55,688,129
ROCKDALE,390,75,290,25
SCHLEY,3,0,3,0
SCREVEN,33,10,17,6
SEMINOLE,38,9,6,23
SPALDING,398,41,340,17
STEPHENS,168,43,110,15
SUMTER,142,7,96,39
TATTNALL,85,19,36,30
TAYLOR,42,3,27,12
TELFAIR,36,0,36,0
TERRELL,22,1,15,6
THOMAS,171,22,148,1
TIFT,166,89,43,34
TOOMBS,104,75,21,8
TOWNS,45,13,25,7
TREUTLEN,40,3,10,27
TROUP,538,155,365,18
TURNER,53,24,0,29
TWIGGS,19,19,0,0
UNION,71,41,27,3
UPSON,127,20,95,12
WALKER,214,52,153,9
WALTON,393,137,239,17
WARE,371,98,193,80
WASHINGTON,91,16,1,74
WAYNE,132,52,0,80
WHEELER,3,0,3,0
WHITE,122,8,103,11
WHITFIELD,478,124,322,32
WILCOX,13,11,0,2
WILKES,49,10,28,11
WILKINSON,36,4,30,2
WORTH,34,7,27,0
