jail,total,convicted_or_sentenced,detained_or_awaiting_trial,other_offense
APPLING,83,17,49,17
ATKINSON,15,0,15,0
BACON,53,42,0,11
BALDWIN,255,70,58,127
BANKS,60,14,15,31
BARROW,332,84,234,14
BARTOW,641,253,366,22
BEN HILL,81,11,65,5
BERRIEN,62,47,0,15
BIBB,917,92,430,395
BLECKLEY,33,1,32,0
BRANTLEY,89,29,40,20
BROOKS,57,4,51,2
BRYAN,28,5,23,0
BULLOCH,364,116,204,44
BURKE,112,2,77,33
BUTTS,190,23,74,93
CALHOUN,29,8,21,0
CAMDEN,135,8,123,4
CANDLER,20,4,15,1
CARROLL,558,3,537,18
CATOOSA,246,18,194,34
CHATHAM,1659,68,1512,79
CHATTOOGA,49,6,20,23
CHEROKEE,498,95,401,2
CLARKE,385,88,293,4
CLAYTON,1598,929,167,502
COBB,2111,517,1594,0
COFFEE,295,34,166,95
COLQUITT,215,55,153,7
COLUMBIA,360,72,268,20
COOK,100,45,37,18
COWETA,335,122,210,3
CRAWFORD,12,2,10,0
CRISP,222,34,101,87
DADE,75,11,52,12
DAWSON,102,54,48,0
DECATUR,103,18,80,5
DEKALB,1746,331,1345,70
DODGE,123,4,107,12
DOOLY,54,7,44,3
DOUGHERTY,671,166,482,23
DOUGLAS,708,158,536,14
EARLY,36,7,22,7
EFFINGHAM,200,54,135,11
ELBERT,86,14,57,15
EMANUEL,88,11,70,7
EVANS,22,3,19,0
FANNIN,76,5,70,1
FAYETTE,284,46,237,1
FLOYD,521,172,333,16
FORSYTH,335,43,292,0
FRANKLIN,90,35,47,8
FULTON,2475,206,1867,402
GILMER,97,5,81,11
GLYNN,391,39,205,147
GORDON,279,120,152,7
GRADY,63,12,49,2
GREENE,75,41,29,5
GWINNETT,2207,84,1503,620
HABERSHAM,180,37,137,6
HALL,878,405,425,48
HANCOCK,20,5,15,0
HARALSON,108,26,78,4
HARRIS,85,6,38,41
HART,58,2,53,3
HEARD,50,7,40,3
HENRY,736,501,235,0
HOUSTON,436,127,308,1
IRWIN,953,4,23,926
JACKSON,188,32,119,37
JASPER,41,6,32,3
JEFFDAVIS/HAZ,53,16,36,1
JEFFERSON,54,35,0,19
JENKINS,16,5,11,0
JOHNSON,19,4,4,11
JONES,115,30,77,8
LAMAR,53,37,16,0
LAURENS,175,25,143,7
LEE,75,1,73,1
LIBERTY,168,27,133,8
LINCOLN,36,4,14,18
LOWNDES,577,96,450,31
LUMPKIN,153,49,87,17
MCDUFFIE,91,4,66,21
MCINTOSH,84,4,64,16
MACON,29,3,26,0
MADISON,107,18,58,31
MARION,25,3,20,2
MERIWETHER,79,3,58,18
MILLER,16,7,8,1
MITCHELL,62,16,44,2
MONROE,89,1,81,7
MORGAN,98,30,64,4
MURRAY,185,53,132,0
MUSCOGEE,1064,128,867,69
NEWTON,369,152,205,12
OCONEE,50,11,39,0
OGLETHORPE,72,11,30,31
PAULDING,211,51,157,3
PEACH,98,87,3,8
PICKENS,110,36,46,28
PIERCE,58,5,51,2
PIKE,22,2,20,0
POLK,511,34,112,365
PULASKI,27,2,25,0
PUTNAM,90,25,60,5
RABUN,86,23,50,13
RANDOLPH,51,5,46,0
RICHMOND,900,61,696,143
ROCKDALE,349,57,266,26
SCHLEY,6,2,4,0
SCREVEN,57,15,26,16
SEMINOLE,43,6,36,1
SPALDING,421,74,344,3
STEPHENS,160,27,120,13
SUMTER,147,11,100,36
TATTNALL,82,12,37,33
TAYLOR,20,0,12,8
TELFAIR,42,0,42,0
TERRELL,18,0,18,0
THOMAS,222,29,193,0
TIFT,194,106,39,49
TOOMBS,124,36,82,6
TOWNS,43,6,30,7
TREUTLEN,37,13,24,0
TROUP,514,166,333,15
TURNER,51,23,0,28
TWIGGS,22,20,0,2
UNION,77,45,29,3
UPSON,129,17,104,8
WALKER,233,179,46,8
WALTON,433,172,238,23
WARE,403,74,251,78
WASHINGTON,80,16,0,64
WAYNE,123,55,0,68
WHEELER,4,0,4,0
WHITE,131,15,115,1
WHITFIELD,485,91,343,51
WILCOX,12,7,1,4
WILKES,33,4,23,6
WILKINSON,37,3,30,4
WORTH,48,5,43,0
