jail,total,convicted_or_sentenced,detained_or_awaiting_trial,other_offense
APPLING,77,15,50,12
ATKINSON,15,0,15,0
BACON,60,42,0,18
BALDWIN,266,60,69,137
BANKS,54,10,23,21
BARROW,328,65,250,13
BARTOW,676,298,356,22
BEN HILL,82,24,52,6
BERRIEN,85,47,0,38
BIBB,781,87,363,331
BLECKLEY,43,6,36,1
BRANTLEY,132,23,50,59
BROOKS,38,4,34,0
BRYAN,40,3,37,0
BULLOCH,367,74,288,5
BURKE,131,1,91,39
BUTTS,209,22,99,88
CALHOUN,24,5,14,5
CAMDEN,119,6,106,7
CANDLER,24,9,13,2
CARROLL,414,4,400,10
CATOOSA,195,19,158,18
CHATHAM,1826,56,1680,90
CHATTOOGA,46,14,12,20
CHEROKEE,520,91,429,0
CLARKE,352,68,281,3
CLAYTON,1772,1014,176,582
COBB,2082,560,1522,0
COFFEE,395,69,188,138
COLQUITT,242,52,183,7
COLUMBIA,293,66,209,18
COOK,92,41,24,27
COWETA,402,156,245,1
CRAWFORD,20,0,13,7
CRISP,249,34,117,98
DADE,82,17,48,17
DAWSON,101,40,56,5
DECATUR,127,18,100,9
DEKALB,1649,313,1270,66
DODGE,130,0,100,30
DOOLY,69,12,52,5
DOUGHERTY,578,123,433,22
DOUGLAS,656,136,499,21
EARLY,35,1,26,8
EFFINGHAM,212,34,176,2
ELBERT,105,16,42,47
EMANUEL,144,13,61,70
EVANS,17,0,17,0
FANNIN,57,9,48,0
FAYETTE,221,31,188,2
FLOYD,570,171,327,72
FORSYTH,300,86,209,5
FRANKLIN,63,27,35,1
FULTON,2749,240,2198,311
GILMER,113,2,73,38
GLYNN,356,39,181,136
GORDON,291,96,184,11
GRADY,98,18,78,2
GREENE,58,32,26,0
GWINNETT,2020,85,1450,485
HABERSHAM,159,20,138,1
HALL,773,338,407,28
HANCOCK,19,4,15,0
HARALSON,107,19,88,0
HARRIS,63,14,21,28
HART,47,0,47,0
HEARD,47,4,41,2
HENRY,733,442,291,0
HOUSTON,402,105,292,5
IRWIN,998,4,21,973
JACKSON,187,28,142,17
JASPER,46,14,28,4
JEFFDAVIS/HAZ,35,15,19,1
JEFFERSON,105,52,0,53
JENKINS,36,5,25,6
JOHNSON,23,8,0,15
JONES,126,31,88,7
LAMAR,64,53,4,7
LAURENS,274,66,186,22
LEE,81,17,62,2
LIBERTY,232,17,149,66
LINCOLN,62,11,16,35
LOWNDES,581,140,415,26
LUMPKIN,140,39,70,31
MCDUFFIE,84,8,67,9
MCINTOSH,68,1,48,19
MACON,30,0,30,0
MADISON,83,20,26,37
MARION,19,6,13,0
MERIWETHER,89,4,70,15
MILLER,23,12,7,4
MITCHELL,89,11,78,0
MONROE,93,8,84,1
MORGAN,69,15,53,1
MURRAY,157,22,135,0
MUSCOGEE,1114,159,880,75
NEWTON,383,206,177,0
OCONEE,47,14,31,2
OGLETHORPE,92,37,43,12
PAULDING,247,43,146,58
PEACH,105,4,97,4
PICKENS,80,9,49,22
PIERCE,64,7,57,0
PIKE,24,21,3,0
POLK,184,13,46,125
PULASKI,38,0,38,0
PUTNAM,69,13,50,6
RABUN,91,34,48,9
RANDOLPH,43,8,35,0
RICHMOND,1887,157,783,947
ROCKDALE,337,41,272,24
SCHLEY,8,3,4,1
SCREVEN,59,18,26,15
SEMINOLE,44,7,33,4
SPALDING,477,50,425,2
STEPHENS,121,12,98,11
SUMTER,184,3,133,48
TATTNALL,83,14,45,24
TAYLOR,34,5,20,9
TELFAIR,31,1,29,1
TERRELL,34,3,29,2
THOMAS,192,18,171,3
TIFT,206,103,40,63
TOOMBS,106,35,66,5
TOWNS,50,2,35,13
TREUTLEN,40,3,19,18
TROUP,481,52,358,71
TURNER,57,29,0,28
TWIGGS,20,18,0,2
UNION,57,29,27,1
UPSON,123,18,95,10
WALKER,258,43,215,0
WALTON,487,171,283,33
WARE,459,53,279,127
WASHINGTON,72,6,0,66
WAYNE,125,56,0,69
WHEELER,14,0,14,0
WHITE,124,16,102,6
WHITFIELD,453,86,320,47
WILCOX,1,1,0,0
WILKES,39,3,27,9
WILKINSON,45,4,40,1
WORTH,72,10,60,2
