jail,total,convicted_or_sentenced,detained_or_awaiting_trial,other_offense
APPLING,73,14,48,11
ATKINSON,16,16,0,0
BACON,59,38,0,21
BALDWIN,262,65,188,9
BANKS,65,26,18,21
BARROW,296,60,224,12
BARTOW,668,259,395,14
BEN HILL,85,23,60,2
BERRIEN,75,33,0,42
BIBB,924,97,373,454
BLECKLEY,37,3,34,0
BRANTLEY,116,44,26,46
BROOKS,40,7,33,0
BRYAN,44,5,32,7
BULLOCH,430,103,292,35
BURKE,110,1,78,31
BUTTS,198,13,105,80
CALHOUN,34,5,25,4
CAMDEN,153,7,140,6
CANDLER,28,6,20,2
CARROLL,384,2,373,9
CATOOSA,218,21,178,19
CHATHAM,1828,53,1688,87
CHATTOOGA,42,10,16,16
CHEROKEE,505,83,420,2
CLARKE,376,76,297,3
CLAYTON,1734,998,173,563
COBB,2045,545,1500,0
COFFEE,379,52,210,117
COLQUITT,229,42,182,5
COLUMBIA,288,73,204,11
COOK,85,34,23,28
COWETA,389,159,228,2
CRAWFORD,14,0,9,5
CRISP,232,29,115,88
DADE,80,24,39,17
DAWSON,118,49,65,4
DECATUR,124,15,104,5
DEKALB,1647,313,1268,66
DODGE,135,5,97,33
DOOLY,70,8,57,5
DOUGHERTY,585,121,441,23
DOUGLAS,662,154,488,20
EARLY,39,5,24,10
EFFINGHAM,206,29,173,4
ELBERT,101,27,50,24
EMANUEL,113,13,48,52
EVANS,13,0,13,0
FANNIN,52,7,45,0
FAYETTE,225,55,166,4
FLOYD,596,167,337,92
FORSYTH,301,88,203,10
FRANKLIN,62,29,33,0
FULTON,2799,274,2183,342
GILMER,115,3,81,31
GLYNN,404,52,218,134
GORDON,285,97,179,9
GRADY,86,25,60,1
GREENE,75,40,28,7
GWINNETT,2023,75,1429,519
HABERSHAM,170,17,152,1
HALL,770,340,404,26
HANCOCK,18,2,16,0
HARALSON,111,25,83,3
HARRIS,63,10,25,28
HART,53,0,52,1
HEARD,40,2,32,6
HENRY,735,491,244,0
HOUSTON,413,98,315,0
IRWIN,980,2,25,953
JACKSON,189,22,144,23
JASPER,46,6,37,3
JEFFDAVIS/HAZ,29,13,16,0
JEFFERSON,97,51,0,46
JENKINS,34,9,22,3
JOHNSON,19,6,0,13
JONES,99,24,69,6
LAMAR,54,47,6,1
LAURENS,209,21,176,12
LEE,77,12,62,3
LIBERTY,238,28,162,48
LINCOLN,63,17,7,39
LOWNDES,576,116,428,32
LUMPKIN,129,35,60,34
MCDUFFIE,92,9,72,11
MCINTOSH,67,4,49,14
MACON,22,3,19,0
MADISON,97,18,34,45
MARION,22,5,14,3
MERIWETHER,90,4,71,15
MILLER,23,11,9,3
MITCHELL,74,10,61,3
MONROE,99,12,80,7
MORGAN,72,20,50,2
MURRAY,103,13,90,0
MUSCOGEE,1134,169,885,80
NEWTON,362,169,191,2
OCONEE,37,14,22,1
OGLETHORPE,100,32,49,19
PAULDING,259,44,148,67
PEACH,100,2,94,4
PICKENS,82,2,53,27
PIERCE,61,5,51,5
PIKE,16,1,15,0
POLK,186,14,49,123
PULASKI,36,0,36,0
PUTNAM,75,22,49,4
RABUN,100,34,55,11
RANDOLPH,35,7,28,0
RICHMOND,904,26,750,128
ROCKDALE,339,52,253,34
SCHLEY,8,2,5,1
SCREVEN,50,15,25,10
SEMINOLE,38,7,28,3
SPALDING,422,49,372,1
STEPHENS,113,17,90,6
SUMTER,177,1,133,43
TATTNALL,84,16,44,24
TAYLOR,30,10,13,7
TELFAIR,32,1,30,1
TERRELL,28,5,21,2
THOMAS,186,24,158,4
TIFT,211,97,40,74
TOOMBS,126,46,76,4
TOWNS,45,5,35,5
TREUTLEN,43,7,17,19
TROUP,456,46,316,94
TURNER,42,26,0,16
TWIGGS,19,18,0,1
UNION,60,30,26,4
UPSON,120,27,86,7
WALKER,227,39,188,0
WALTON,480,150,302,28
WARE,435,89,228,118
WASHINGTON,80,17,0,63
WAYNE,129,60,0,69
WHEELER,22,2,7,13
WHITE,109,8,94,7
WHITFIELD,498,94,354,50
WILCOX,4,4,0,0
WILKES,28,4,20,4
WILKINSON,34,6,25,3
WORTH,54,13,41,0
