jail,total,convicted_or_sentenced,detained_or_awaiting_trial,other_offense
APPLING,69,7,46,16
ATKINSON,13,3,10,0
BACON,55,40,0,15
BALDWIN,250,86,44,120
BANKS,55,2,37,16
BARROW,313,50,253,10
BARTOW,665,303,344,18
BEN HILL,81,9,66,6
BERRIEN,75,44,0,31
BIBB,909,108,425,376
BLECKLEY,42,6,36,0
BRANTLEY,147,71,44,32
BROOKS,50,3,47,0
BRYAN,52,5,45,2
BULLOCH,357,102,252,3
BURKE,112,1,84,27
BUTTS,235,8,134,93
CALHOUN,26,9,14,3
CAMDEN,114,8,102,4
CANDLER,26,5,19,2
CARROLL,472,4,458,10
CATOOSA,190,11,179,0
CHATHAM,1854,79,1688,87
CHATTOOGA,41,9,10,22
CHEROKEE,503,94,408,1
CLARKE,405,74,326,5
CLAYTON,1805,1008,178,619
COBB,2031,549,1482,0
COFFEE,372,42,204,126
COLQUITT,260,48,208,4
COLUMBIA,312,64,234,14
COOK,83,39,18,26
COWETA,348,143,202,3
CRAWFORD,14,1,9,4
CRISP,247,68,96,83
DADE,76,19,44,13
DAWSON,99,31,65,3
DECATUR,119,24,80,15
DEKALB,1614,306,1244,64
DODGE,134,2,107,25
DOOLY,75,8,63,4
DOUGHERTY,591,143,424,24
DOUGLAS,649,143,486,20
EARLY,36,1,26,9
EFFINGHAM,201,31,169,1
ELBERT,98,14,52,32
EMANUEL,125,11,49,65
EVANS,11,0,11,0
FANNIN,52,6,46,0
FAYETTE,259,45,209,5
FLOYD,613,214,327,72
FORSYTH,340,83,253,4
FRANKLIN,77,40,36,1
FULTON,2976,267,2345,364
GILMER,107,2,89,16
GLYNN,398,42,209,147
GORDON,318,127,186,5
GRADY,104,42,62,0
GREENE,57,26,25,6
GWINNETT,2089,62,1469,558
HABERSHAM,169,19,148,2
HALL,799,367,400,32
HANCOCK,19,4,15,0
HARALSON,111,15,95,1
HARRIS,50,11,22,17
HART,46,5,41,0
HEARD,44,14,28,2
HENRY,732,439,293,0
HOUSTON,463,105,357,1
IRWIN,999,4,20,975
JACKSON,177,25,129,23
JASPER,48,17,29,2
JEFFDAVIS/HAZ,46,20,22,4
JEFFERSON,110,48,0,62
JENKINS,34,3,27,4
JOHNSON,29,9,0,20
JONES,118,43,70,5
LAMAR,51,41,10,0
LAURENS,411,233,129,49
LEE,89,17,71,1
LIBERTY,240,88,145,7
LINCOLN,57,9,9,39
LOWNDES,626,131,469,26
LUMPKIN,156,40,76,40
MCDUFFIE,92,6,73,13
MCINTOSH,82,7,52,23
MACON,28,1,27,0
MADISON,98,30,32,36
MARION,20,5,10,5
MERIWETHER,68,6,54,8
MILLER,24,11,12,1
MITCHELL,73,10,56,7
MONROE,96,9,81,6
MORGAN,86,19,64,3
MURRAY,145,10,135,0
MUSCOGEE,1200,187,919,94
NEWTON,402,187,205,10
OCONEE,36,16,19,1
OGLETHORPE,105,26,57,22
PAULDING,228,48,174,6
PEACH,93,4,86,3
PICKENS,85,10,45,30
PIERCE,65,9,54,2
PIKE,24,19,5,0
POLK,170,8,41,121
PULASKI,40,1,39,0
PUTNAM,72,14,51,7
RABUN,93,34,50,9
RANDOLPH,49,14,35,0
RICHMOND,941,48,750,143
ROCKDALE,350,47,267,36
SCHLEY,8,3,4,1
SCREVEN,54,16,28,10
SEMINOLE,45,8,34,3
SPALDING,476,46,429,1
STEPHENS,121,11,97,13
SUMTER,196,5,150,41
TATTNALL,98,17,47,34
TAYLOR,39,6,24,9
TELFAIR,29,1,27,1
TERRELL,41,2,37,2
THOMAS,198,18,177,3
TIFT,217,102,43,72
TOOMBS,109,23,81,5
TOWNS,48,4,38,6
TREUTLEN,45,4,26,15
TROUP,491,116,364,11
TURNER,68,34,0,34
TWIGGS,25,24,0,1
UNION,69,36,29,4
UPSON,129,23,96,10
WALKER,269,44,225,0
WALTON,452,148,267,37
WARE,443,96,236,111
WASHINGTON,84,9,0,75
WAYNE,113,37,0,76
WHEELER,11,1,4,6
WHITE,113,22,80,11
WHITFIELD,443,362,39,42
WILCOX,5,5,0,0
WILKES,31,5,22,4
WILKINSON,51,2,47,2
WORTH               ',43,8,35,0
