jail,total,convicted_or_sentenced,detained_or_awaiting_trial,other_offense
APPLING,71,9,41,21
ATKINSON,16,1,15,0
BACON,64,43,0,21
BALDWIN,233,96,45,92
BANKS,39,5,0,34
BARROW,299,49,242,8
BARTOW,659,238,399,22
BEN HILL,92,8,81,3
BERRIEN,76,40,0,36
BIBB,865,104,366,395
BLECKLEY,39,2,37,0
BRANTLEY,115,57,35,23
BROOKS,48,4,41,3
BRYAN,47,2,44,1
BULLOCH,400,102,235,63
BURKE,106,0,72,34
BUTTS,180,16,94,70
CALHOUN,21,10,11,0
CAMDEN,102,3,95,4
CANDLER,33,11,21,1
CARROLL,421,8,401,12
CATOOSA,164,12,148,4
CHATHAM,1658,64,1534,60
CHATTOOGA,44,6,17,21
CHEROKEE,506,92,413,1
CLARKE,373,83,288,2
CLAYTON,1698,1004,188,506
COBB,1875,495,1380,0
COFFEE,359,51,187,121
COLQUITT,215,65,129,21
COLUMBIA,335,51,269,15
COOK,94,39,22,33
COWETA,380,161,215,4
CRAWFORD,15,4,11,0
CRISP,225,26,117,82
DADE,70,19,36,15
DAWSON,100,57,42,1
DECATUR,78,14,60,4
DEKALB,1726,328,1329,69
DODGE,99,2,79,18
DOOLY,70,11,50,9
DOUGHERTY,628,129,480,19
DOUGLAS,655,114,513,28
EARLY,38,4,25,9
EFFINGHAM,195,14,177,4
ELBERT,88,19,39,30
EMANUEL,121,17,43,61
EVANS,25,7,18,0
FANNIN,60,3,54,3
FAYETTE,223,57,165,1
FLOYD,540,123,324,93
FORSYTH,309,107,202,0
FRANKLIN,70,30,38,2
FULTON,2502,221,1884,397
GILMER,127,9,93,25
GLYNN,426,42,244,140
GORDON,303,118,183,2
GRADY,73,24,49,0
GREENE,52,31,17,4
GWINNETT,2103,57,1471,575
HABERSHAM,157,12,141,4
HALL,730,413,302,15
HANCOCK,17,7,10,0
HARALSON,105,21,83,1
HARRIS,65,3,36,26
HART,62,1,58,3
HEARD,44,7,32,5
HENRY,778,467,311,0
HOUSTON,417,92,324,1
IRWIN,986,3,18,965
JACKSON,145,9,133,3
JASPER,63,10,51,2
JEFFDAVIS/HAZ,34,9,23,2
JEFFERSON,66,41,0,25
JENKINS,20,1,16,3
JOHNSON,23,7,11,5
JONES,92,22,61,9
LAMAR,54,41,12,1
LAURENS,173,18,146,9
LEE,78,1,73,4
LIBERTY,182,22,141,19
LINCOLN,68,26,14,28
LOWNDES,600,115,457,28
LUMPKIN,137,38,67,32
MCDUFFIE,93,8,69,16
MCINTOSH,88,4,74,10
MACON,23,0,23,0
MADISON,82,9,37,36
MARION,24,5,17,2
MERIWETHER,76,1,66,9
MILLER,23,11,8,4
MITCHELL,50,10,40,0
MONROE,90,6,78,6
MORGAN,58,15,40,3
MURRAY,162,21,140,1
MUSCOGEE,1106,157,875,74
NEWTON,388,155,233,0
OCONEE,31,10,20,1
OGLETHORPE,72,19,26,27
PAULDING,204,44,153,7
PEACH,87,4,79,4
PICKENS,79,33,39,7
PIERCE,73,9,64,0
PIKE,19,3,16,0
POLK,188,21,52,115
PULASKI,25,0,25,0
PUTNAM,76,24,48,4
RABUN,101,28,68,5
RANDOLPH,47,9,38,0
RICHMOND,933,36,765,132
ROCKDALE,331,32,277,22
SCHLEY,7,5,2,0
SCREVEN,49,17,20,12
SEMINOLE,54,3,49,2
SPALDING,442,36,404,2
STEPHENS,149,23,115,11
SUMTER,156,10,96,50
TATTNALL,96,9,61,26
TAYLOR,24,3,11,10
TELFAIR,34,0,34,0
TERRELL,35,1,17,17
THOMAS,191,31,156,4
TIFT,215,117,39,59
TOOMBS,114,23,90,1
TOWNS,51,4,46,1
TREUTLEN,37,4,16,17
TROUP,483,172,304,7
TURNER,49,32,0,17
TWIGGS,27,24,0,3
UNION,69,32,34,3
UPSON,108,18,82,8
WALKER,219,42,177,0
WALTON,400,114,272,14
WARE,395,93,210,92
WASHINGTON,54,13,0,41
WAYNE,121,36,0,85
WHEELER,16,0,12,4
WHITE,130,16,106,8
WHITFIELD,450,99,306,45
WILCOX,15,13,2,0
WILKES,25,7,15,3
WILKINSON,33,5,24,4
WORTH,44,7,37,0
