jail,total,convicted_or_sentenced,detained_or_awaiting_trial,other_offense
APPLING,62,6,42,14
ATKINSON,0,0,0,0
BACON,55,39,0,16
BALDWIN,192,53,54,85
BANKS,34,3,31,0
BARROW,194,31,155,8
BARTOW,584,210,370,4
BEN HILL,117,23,85,9
BERRIEN,75,44,0,31
BIBB,1426,770,263,393
BLECKLEY,41,2,39,0
BRANTLEY,134,53,40,41
BROOKS,36,0,36,0
BRYAN,17,0,17,0
BULLOCH,264,25,238,1
BURKE,95,0,81,14
BUTTS,213,3,83,127
CALHOUN,17,5,11,1
CAMDEN,116,3,109,4
CANDLER,27,2,21,4
CARROLL,255,3,248,4
CATOOSA,153,11,125,17
CHATHAM,1213,24,1153,36
CHATTOOGA,32,8,13,11
CHEROKEE,389,44,344,1
CLARKE,265,30,235,0
CLAYTON,1836,1045,111,680
COBB,1186,226,960,0
COFFEE,351,24,221,106
COLQUITT,351,186,163,2
COLUMBIA,177,34,132,11
COOK,64,28,16,20
COWETA,288,110,175,3
CRAWFORD,25,1,23,1
CRISP,233,29,115,89
DADE,42,4,33,5
DAWSON,97,29,67,1
DECATUR,99,17,80,2
DEKALB,1202,228,926,48
DODGE,121,1,104,16
DOOLY,61,6,53,2
DOUGHERTY,460,36,416,8
DOUGLAS,392,37,352,3
EARLY,28,4,19,5
EFFINGHAM,114,9,102,3
ELBERT,62,4,56,2
EMANUEL,140,8,90,42
EVANS,7,1,6,0
FANNIN,52,1,51,0
FAYETTE,126,9,117,0
FLOYD,529,132,361,36
FORSYTH,302,59,241,2
FRANKLIN,72,12,59,1
FULTON,2526,100,2213,213
GILMER,90,2,62,26
GLYNN,352,30,239,83
GORDON,253,72,180,1
GRADY,83,18,63,2
GREENE,44,25,17,2
GWINNETT,1619,66,1534,19
HABERSHAM,119,6,113,0
HALL,532,271,245,16
HANCOCK,29,1,26,2
HARALSON,103,13,88,2
HARRIS,26,0,18,8
HART,50,1,49,0
HEARD,33,1,32,0
HENRY,338,156,182,0
HOUSTON,396,34,360,2
IRWIN,642,2,16,624
JACKSON,126,12,100,14
JASPER,14,4,8,2
JEFFDAVIS/HAZ,42,10,31,1
JEFFERSON,127,57,0,70
JENKINS,19,0,11,8
JOHNSON,25,7,0,18
JONES,113,20,81,12
LAMAR,40,28,12,0
LAURENS,170,53,81,36
LEE,63,11,46,6
LIBERTY,187,7,135,45
LINCOLN,59,17,12,30
LOWNDES,534,73,432,29
LUMPKIN,96,20,70,6
MCDUFFIE,86,9,63,14
MCINTOSH,46,2,32,12
MACON,0,0,0,0
MADISON,74,15,39,20
MARION,16,0,10,6
MERIWETHER,61,0,53,8
MILLER,25,14,6,5
MITCHELL,88,11,75,2
MONROE,105,7,95,3
MORGAN,78,13,65,0
MURRAY,138,24,105,9
MUSCOGEE,819,74,711,34
NEWTON,255,57,184,14
OCONEE,21,7,14,0
OGLETHORPE,27,15,8,4
PAULDING,156,9,113,34
PEACH,60,58,0,2
PICKENS,69,7,46,16
PIERCE,58,5,53,0
PIKE,26,9,14,3
POLK,174,13,28,133
PULASKI,40,0,40,0
PUTNAM,75,20,53,2
RABUN,70,12,43,15
RANDOLPH,82,46,36,0
RICHMOND,900,14,778,108
ROCKDALE,162,19,133,10
SCHLEY,7,1,6,0
SCREVEN,47,9,29,9
SEMINOLE,34,3,29,2
SPALDING,277,24,251,2
STEPHENS,148,10,124,14
SUMTER,133,3,98,32
TATTNALL,41,4,24,13
TAYLOR,9,0,8,1
TELFAIR,23,0,23,0
TERRELL,19,4,14,1
THOMAS,181,22,158,1
TIFT,223,89,40,94
TOOMBS,74,62,10,2
TOWNS,35,7,27,1
TREUTLEN,27,5,5,17
TROUP,332,29,299,4
TURNER,56,19,0,37
TWIGGS,33,32,0,1
UNION,46,23,19,4
UPSON,60,13,46,1
WALKER,193,29,164,0
WALTON,373,77,287,9
WARE,359,50,232,77
WASHINGTON,91,2,7,82
WAYNE,118,32,0,86
WHEELER,14,0,14,0
WHITE,68,5,60,3
WHITFIELD,402,47,327,28
WILCOX,18,17,1,0
WILKES,36,3,27,6
WILKINSON,27,1,25,1
WORTH,53,2,51,0
