jail,total,convicted_or_sentenced,detained_or_awaiting_trial,other_offense
APPLING,75,11,51,13
ATKINSON,12,1,11,0
BACON,59,40,0,19
BALDWIN,272,56,79,137
BANKS,63,2,23,38
BARROW,290,66,211,13
BARTOW,630,246,360,24
BEN HILL,91,22,64,5
BERRIEN,62,41,0,21
BIBB,830,103,363,364
BLECKLEY,49,5,44,0
BRANTLEY,120,65,33,22
BROOKS,58,7,47,4
BRYAN,32,4,28,0
BULLOCH,355,136,180,39
BURKE,133,4,99,30
BUTTS,205,35,80,90
CALHOUN,22,4,17,1
CAMDEN,126,11,110,5
CANDLER,31,4,25,2
CARROLL,496,4,475,17
CATOOSA,213,17,158,38
CHATHAM,1717,87,1544,86
CHATTOOGA,39,7,13,19
CHEROKEE,554,111,442,1
CLARKE,409,93,312,4
CLAYTON,1665,937,187,541
COBB,2030,509,1521,0
COFFEE,344,34,182,128
COLQUITT,229,49,159,21
COLUMBIA,331,55,261,15
COOK,95,43,23,29
COWETA,358,144,211,3
CRAWFORD,16,1,11,4
CRISP,194,27,90,77
DADE,61,23,28,10
DAWSON,94,48,46,0
DECATUR,110,26,80,4
DEKALB,1952,371,1503,78
DODGE,135,1,111,23
DOOLY,56,9,44,3
DOUGHERTY,693,156,519,18
DOUGLAS,623,118,500,5
EARLY,32,7,22,3
EFFINGHAM,200,49,143,8
ELBERT,93,24,47,22
EMANUEL,91,20,60,11
EVANS,13,0,13,0
FANNIN,72,3,66,3
FAYETTE,211,43,167,1
FLOYD,606,188,355,63
FORSYTH,301,84,217,0
FRANKLIN,80,21,58,1
FULTON,2567,234,1905,428
GILMER,112,3,90,19
GLYNN,413,47,232,134
GORDON,257,112,139,6
GRADY,73,10,62,1
GREENE,61,34,25,2
GWINNETT,2382,75,1576,731
HABERSHAM,170,16,148,6
HALL,663,392,150,121
HANCOCK,21,4,17,0
HARALSON,88,21,66,1
HARRIS,91,3,53,35
HART,52,1,50,1
HEARD,39,13,17,9
HENRY,719,432,287,0
HOUSTON,446,90,351,5
IRWIN,847,3,24,820
JACKSON,132,33,89,10
JASPER,41,6,30,5
JEFFDAVIS/HAZ,51,10,38,3
JEFFERSON,65,41,0,24
JENKINS,20,2,13,5
JOHNSON,22,7,11,4
JONES,110,24,76,10
LAMAR,68,39,29,0
LAURENS,196,21,160,15
LEE,83,0,78,5
LIBERTY,174,31,126,17
LINCOLN,42,10,11,21
LOWNDES,700,168,514,18
LUMPKIN,132,43,68,21
MCDUFFIE,100,7,74,19
MCINTOSH,81,3,59,19
MACON,22,2,20,0
MADISON,90,10,46,34
MARION,23,1,19,3
MERIWETHER,85,5,59,21
MILLER,20,11,7,2
MITCHELL,65,21,42,2
MONROE,61,1,58,2
MORGAN,64,12,51,1
MURRAY,156,38,118,0
MUSCOGEE,1092,139,880,73
NEWTON,360,158,193,9
OCONEE,45,13,31,1
OGLETHORPE,60,13,20,27
PAULDING,202,44,150,8
PEACH,96,6,85,5
PICKENS,79,13,39,27
PIERCE,56,3,51,2
PIKE,16,0,16,0
POLK,424,54,88,282
PULASKI,28,0,28,0
PUTNAM,73,26,45,2
RABUN,134,27,89,18
RANDOLPH,43,7,36,0
RICHMOND,934,79,691,164
ROCKDALE,379,75,276,28
SCHLEY,2,0,2,0
SCREVEN,33,7,16,10
SEMINOLE,40,33,6,1
SPALDING,439,349,82,8
STEPHENS,164,29,118,17
SUMTER,138,4,103,31
TATTNALL,107,13,56,38
TAYLOR,39,5,20,14
TELFAIR,31,2,29,0
TERRELL,25,2,17,6
THOMAS,186,18,156,12
TIFT,197,101,40,56
TOOMBS,108,33,67,8
TOWNS,65,6,57,2
TREUTLEN,48,8,5,35
TROUP,558,190,352,16
TURNER,54,31,0,23
TWIGGS,23,21,0,2
UNION,83,46,34,3
UPSON,116,17,92,7
WALKER,248,72,161,15
WALTON,387,118,257,12
WARE,406,58,250,98
WASHINGTON,80,16,0,64
WAYNE,123,46,1,76
WHEELER,5,0,2,3
WHITE,130,10,115,5
WHITFIELD,480,114,329,37
WILCOX,10,8,0,2
WILKES,38,6,22,10
WILKINSON,31,6,24,1
WORTH,52,9,43,0
