jail,total,convicted_or_sentenced,detained_or_awaiting_trial,other_offense
APPLING,98,34,46,18
ATKINSON,15,1,14,0
BACON,54,39,0,15
BALDWIN,258,72,48,138
BANKS,60,18,42,0
BARROW,312,57,249,6
BARTOW,662,268,369,25
BEN HILL,74,9,57,8
BERRIEN,96,49,0,47
BIBB,819,105,380,334
BLECKLEY,42,0,42,0
BRANTLEY,138,30,102,6
BROOKS,45,2,43,0
BRYAN,32,3,28,1
BULLOCH,381,112,266,3
BURKE,109,0,77,32
BUTTS,226,8,130,88
CALHOUN,20,7,12,1
CAMDEN,113,8,101,4
CANDLER,24,7,16,1
CARROLL,412,2,405,5
CATOOSA,223,32,185,6
CHATHAM,1872,83,1697,92
CHATTOOGA,43,11,11,21
CHEROKEE,504,73,430,1
CLARKE,381,69,310,2
CLAYTON,1887,756,157,974
COBB,2100,544,1556,0
COFFEE,287,28,258,1
COLQUITT,215,47,151,17
COLUMBIA,293,57,231,5
COOK,103,59,18,26
COWETA,407,162,239,6
CRAWFORD,18,2,14,2
CRISP,245,50,129,66
DADE,72,17,37,18
DAWSON,117,43,73,1
DECATUR,138,30,102,6
DEKALB,1657,316,1278,63
DODGE,133,4,110,19
DOOLY,83,15,60,8
DOUGHERTY,637,162,452,23
DOUGLAS,678,128,538,12
EARLY,44,25,14,5
EFFINGHAM,194,25,168,1
ELBERT,121,14,74,33
EMANUEL,109,6,42,61
EVANS,9,1,8,0
FANNIN,53,3,50,0
FAYETTE,266,48,215,3
FLOYD,725,213,400,112
FORSYTH,355,74,272,9
FRANKLIN,81,28,52,1
FULTON,3058,313,2412,333
GILMER,107,3,67,37
GLYNN,403,61,186,156
GORDON,342,144,196,2
GRADY,100,22,77,1
GREENE,65,39,23,3
GWINNETT,2072,83,1541,448
HABERSHAM,162,23,139,0
HALL,782,399,360,23
HANCOCK,14,4,7,3
HARALSON,120,24,96,0
HARRIS,63,4,23,36
HART,63,18,42,3
HEARD,41,8,30,3
HENRY,776,400,376,0
HOUSTON,491,85,404,2
IRWIN,1000,0,25,975
JACKSON,207,43,136,28
JASPER,52,14,36,2
JEFFDAVIS/HAZ,43,14,26,3
JEFFERSON,106,53,0,53
JENKINS,28,6,7,15
JOHNSON,17,10,0,7
JONES,100,29,63,8
LAMAR,59,52,7,0
LAURENS,230,46,157,27
LEE,84,19,63,2
LIBERTY,242,9,171,62
LINCOLN,60,7,12,41
LOWNDES,684,122,526,36
LUMPKIN,166,44,83,39
MCDUFFIE,87,8,66,13
MCINTOSH,69,5,45,19
MACON,24,1,23,0
MADISON,90,19,38,33
MARION,15,3,9,3
MERIWETHER,80,1,65,14
MILLER,30,17,8,5
MITCHELL,79,16,58,5
MONROE,112,11,97,4
MORGAN,76,15,61,0
MURRAY,153,12,141,0
MUSCOGEE,1175,213,889,73
NEWTON,402,191,203,8
OCONEE,35,12,22,1
OGLETHORPE,55,22,32,1
PAULDING,283,58,221,4
PEACH,93,2,88,3
PICKENS,91,8,40,43
PIERCE,76,5,71,0
PIKE,29,6,23,0
POLK,207,14,62,131
PULASKI,34,3,31,0
PUTNAM,71,12,52,7
RABUN,101,0,66,35
RANDOLPH,53,7,46,0
RICHMOND,961,40,774,147
ROCKDALE,358,42,286,30
SCHLEY,11,5,5,1
SCREVEN,52,20,24,8
SEMINOLE,36,9,27,0
SPALDING,474,70,403,1
STEPHENS,145,12,107,26
SUMTER,188,17,137,34
TATTNALL,107,9,65,33
TAYLOR,34,7,20,7
TELFAIR,34,1,33,0
TERRELL,27,3,23,1
THOMAS,201,13,185,3
TIFT,245,111,56,78
TOOMBS,109,23,83,3
TOWNS,71,4,50,17
TREUTLEN,41,6,22,13
TROUP,552,150,391,11
TURNER,55,29,0,26
TWIGGS,29,24,0,5
UNION,70,35,34,1
UPSON,138,18,106,14
WALKER,278,57,221,0
WALTON,420,69,330,21
WARE,491,82,280,129
WASHINGTON,84,9,0,75
WAYNE,144,50,0,94
WHEELER,18,1,17,0
WHITE,114,28,79,7
WHITFIELD,508,105,343,60
WILCOX,17,16,0,1
WILKES,35,3,23,9
WILKINSON,41,6,32,3
WORTH,43,8,35,0
