jail,total,convicted_or_sentenced,detained_or_awaiting_trial,other_offense
APPLING,75,5,44,26
ATKINSON,15,2,13,0
BACON,54,39,0,15
BALDWIN,222,59,58,105
BANKS,58,9,0,49
BARROW,311,43,261,7
BARTOW,601,211,366,24
BEN HILL,107,15,91,1
BERRIEN,78,32,0,46
BIBB,389,65,317,7
BLECKLEY,26,6,20,0
BRANTLEY,130,32,43,55
BROOKS,66,36,29,1
BRYAN,47,2,45,0
BULLOCH,416,100,257,59
BURKE,109,0,83,26
BUTTS,184,20,90,74
CALHOUN,28,11,8,9
CAMDEN,133,4,120,9
CANDLER,28,10,17,1
CARROLL,390,7,374,9
CATOOSA,225,19,161,45
CHATHAM,1690,62,1566,62
CHATTOOGA,42,10,16,16
CHEROKEE,499,74,424,1
CLARKE,338,72,264,2
CLAYTON,1749,1065,136,548
COBB,1877,427,1450,0
COFFEE,331,38,182,111
COLQUITT,222,52,164,6
COLUMBIA,324,56,250,18
COOK,94,33,21,40
COWETA,371,158,210,3
CRAWFORD,14,0,12,2
CRISP,228,16,133,79
DADE,56,13,34,9
DAWSON,97,58,38,1
DECATUR,110,24,78,8
DEKALB,1663,315,1281,67
DODGE,105,2,79,24
DOOLY,64,9,53,2
DOUGHERTY,596,124,458,14
DOUGLAS,666,104,546,16
EARLY,28,1,22,5
EFFINGHAM,186,20,166,0
ELBERT,106,24,55,27
EMANUEL,117,29,47,41
EVANS,17,0,17,0
FANNIN,57,2,55,0
FAYETTE,240,51,188,1
FLOYD,585,130,350,105
FORSYTH,280,71,209,0
FRANKLIN,75,31,44,0
FULTON,2518,247,1897,374
GILMER,127,5,87,35
GLYNN,444,44,266,134
GORDON,296,120,172,4
GRADY,75,22,52,1
GREENE,48,20,25,3
GWINNETT,2104,61,1475,568
HABERSHAM,152,14,130,8
HALL,730,391,322,17
HANCOCK,21,4,17,0
HARALSON,93,16,76,1
HARRIS,66,2,36,28
HART,49,3,43,3
HEARD,37,6,29,2
HENRY,727,435,292,0
HOUSTON,384,71,312,1
IRWIN,1023,2,22,999
JACKSON,164,6,153,5
JASPER,48,4,43,1
JEFFDAVIS/HAZ,39,6,33,0
JEFFERSON,69,38,0,31
JENKINS,25,2,21,2
JOHNSON,26,2,1,23
JONES,89,22,63,4
LAMAR,42,32,10,0
LAURENS,174,12,154,8
LEE,64,1,59,4
LIBERTY,205,23,159,23
LINCOLN,66,15,19,32
LOWNDES,555,113,425,17
LUMPKIN,127,42,71,14
MCDUFFIE,99,5,79,15
MCINTOSH,81,3,68,10
MACON,25,25,0,0
MADISON,66,15,25,26
MARION,23,6,16,1
MERIWETHER,76,8,59,9
MILLER,23,10,10,3
MITCHELL,54,11,42,1
MONROE,89,2,83,4
MORGAN,54,18,34,2
MURRAY,137,15,121,1
MUSCOGEE,1165,186,895,84
NEWTON,364,152,212,0
OCONEE,28,8,20,0
OGLETHORPE,62,14,28,20
PAULDING,225,42,180,3
PEACH,103,5,94,4
PICKENS,71,4,36,31
PIERCE,63,6,57,0
PIKE,21,3,17,1
POLK,172,16,46,110
PULASKI,25,1,24,0
PUTNAM,85,15,64,6
RABUN,98,29,62,7
RANDOLPH,37,7,30,0
RICHMOND,944,36,771,137
ROCKDALE,319,35,265,19
SCHLEY,4,3,1,0
SCREVEN,44,18,21,5
SEMINOLE,42,0,41,1
SPALDING,410,31,377,2
STEPHENS,146,20,118,8
SUMTER,162,8,103,51
TATTNALL,99,14,49,36
TAYLOR,21,2,10,9
TELFAIR,30,0,30,0
TERRELL,34,4,16,14
THOMAS,201,23,172,6
TIFT,209,100,45,64
TOOMBS,110,14,88,8
TOWNS,44,4,38,2
TREUTLEN,39,3,19,17
TROUP,450,146,297,7
TURNER,28,10,0,18
TWIGGS,25,22,0,3
UNION,74,41,30,3
UPSON,130,21,101,8
WALKER,229,43,186,0
WALTON,400,96,281,23
WARE,432,58,266,108
WASHINGTON,62,10,0,52
WAYNE,115,42,0,73
WHEELER,15,0,15,0
WHITE,106,7,94,5
WHITFIELD,414,65,317,32
WILCOX,18,18,0,0
WILKES,30,3,23,4
WILKINSON,34,8,24,2
WORTH,39,5,34,0
