jail,total,convicted_or_sentenced,detained_or_awaiting_trial,other_offense
APPLING,91,16,59,16
ATKINSON,15,0,15,0
BACON,70,49,0,21
BALDWIN,231,53,54,124
BANKS,60,26,18,16
BARROW,331,63,257,11
BARTOW,649,257,375,17
BEN HILL,85,18,62,5
BERRIEN,69,53,0,16
BIBB,921,112,433,376
BLECKLEY,34,4,30,0
BRANTLEY,132,46,46,40
BROOKS,58,5,53,0
BRYAN,49,9,38,2
BULLOCH,402,106,236,60
BURKE,114,1,84,29
BUTTS,206,13,113,80
CALHOUN,27,4,23,0
CAMDEN,117,9,105,3
CANDLER,30,7,22,1
CARROLL,494,8,471,15
CATOOSA,235,19,169,47
CHATHAM,1656,94,1499,63
CHATTOOGA,52,13,22,17
CHEROKEE,506,82,423,1
CLARKE,381,85,295,1
CLAYTON,1681,978,171,532
COBB,2235,573,1662,0
COFFEE,322,20,183,119
COLQUITT,220,44,171,5
COLUMBIA,316,58,240,18
COOK,95,45,28,22
COWETA,370,128,240,2
CRAWFORD,19,1,14,4
CRISP,234,43,106,85
DADE,85,31,30,24
DAWSON,103,60,41,2
DECATUR,116,18,94,4
DEKALB,1779,338,1370,71
DODGE,107,4,87,16
DOOLY,70,14,31,25
DOUGHERTY,648,134,483,31
DOUGLAS,703,142,540,21
EARLY,43,7,31,5
EFFINGHAM,219,59,146,14
ELBERT,98,11,59,28
EMANUEL,73,9,43,21
EVANS,19,2,17,0
FANNIN,62,5,55,2
FAYETTE,228,65,162,1
FLOYD,497,150,347,0
FORSYTH,318,73,245,0
FRANKLIN,80,31,48,1
FULTON,2577,222,1934,421
GILMER,109,10,89,10
GLYNN,419,34,259,126
GORDON,335,110,218,7
GRADY,68,19,48,1
GREENE,70,44,19,7
GWINNETT,2176,68,1520,588
HABERSHAM,197,29,167,1
HALL,876,400,429,47
HANCOCK,19,4,15,0
HARALSON,96,21,75,0
HARRIS,76,11,37,28
HART,50,4,44,2
HEARD,44,6,34,4
HENRY,793,540,253,0
HOUSTON,448,76,371,1
IRWIN,942,3,28,911
JACKSON,199,44,118,37
JASPER,48,13,32,3
JEFFDAVIS/HAZ,50,47,0,3
JEFFERSON,77,58,0,19
JENKINS,17,6,11,0
JOHNSON,25,4,5,16
JONES,128,29,88,11
LAMAR,144,55,17,72
LAURENS,159,19,133,7
LEE,78,2,74,2
LIBERTY,186,16,148,22
LINCOLN,47,13,13,21
LOWNDES,548,93,436,19
LUMPKIN,150,55,77,18
MCDUFFIE,100,9,76,15
MCINTOSH,74,4,58,12
MACON,21,1,19,1
MADISON,95,23,53,19
MARION,25,2,22,1
MERIWETHER,97,3,75,19
MILLER,23,9,12,2
MITCHELL,63,15,44,4
MONROE,85,4,75,6
MORGAN,79,21,51,7
MURRAY,158,31,127,0
MUSCOGEE,1007,98,852,57
NEWTON,392,183,196,13
OCONEE,43,12,31,0
OGLETHORPE,74,18,23,33
PAULDING,196,38,153,5
PEACH,91,5,81,5
PICKENS,70,28,32,10
PIERCE,61,4,56,1
PIKE,19,0,19,0
POLK,455,33,110,312
PULASKI,78,40,38,0
PUTNAM,81,20,56,5
RABUN,92,29,55,8
RANDOLPH,59,8,51,0
RICHMOND,892,45,698,149
ROCKDALE,338,48,264,26
SCHLEY,2,2,0,0
SCREVEN,73,22,30,21
SEMINOLE,38,2,35,1
SPALDING,410,29,370,11
STEPHENS,151,23,114,14
SUMTER,159,9,107,43
TATTNALL,87,10,47,30
TAYLOR,29,2,15,12
TELFAIR,29,0,27,2
TERRELL,16,3,10,3
THOMAS,228,27,200,1
TIFT,236,108,66,62
TOOMBS,113,35,71,7
TOWNS,52,5,40,7
TREUTLEN,39,11,10,18
TROUP,441,90,347,4
TURNER,27,0,27,0
TWIGGS,24,20,0,4
UNION,91,47,39,5
UPSON,116,15,92,9
WALKER,290,42,248,0
WALTON,463,142,302,19
WARE,407,92,234,81
WASHINGTON,85,19,0,66
WAYNE,142,58,1,83
WHEELER,15,0,8,7
WHITE,137,19,113,5
WHITFIELD,516,93,367,56
WILCOX,14,13,1,0
WILKES,33,1,26,6
WILKINSON,39,4,31,4
WORTH,51,8,43,0
