jail,total,convicted_or_sentenced,detained_or_awaiting_trial,other_offense
APPLING,80,15,50,15
ATKINSON,12,1,11,0
BACON,61,44,0,17
BALDWIN,232,34,58,140
BANKS,65,2,49,14
BARROW,271,33,227,11
BARTOW,564,234,314,16
BEN HILL,90,25,61,4
BERRIEN,64,43,0,21
BIBB,787,90,342,355
BLECKLEY,45,5,40,0
BRANTLEY,135,65,42,28
BROOKS,54,11,43,0
BRYAN,30,5,25,0
BULLOCH,335,119,185,31
BURKE,121,4,88,29
BUTTS,206,20,106,80
CALHOUN,23,2,21,0
CAMDEN,127,9,114,4
CANDLER,34,13,20,1
CARROLL,489,5,466,18
CATOOSA,213,9,164,40
CHATHAM,1701,86,1524,91
CHATTOOGA,40,6,16,18
CHEROKEE,565,89,475,1
CLARKE,448,88,356,4
CLAYTON,1615,896,164,555
COBB,1940,486,1454,0
COFFEE,335,31,174,130
COLQUITT,228,49,169,10
COLUMBIA,310,64,232,14
COOK,90,40,32,18
COWETA,342,134,205,3
CRAWFORD,22,3,17,2
CRISP,188,21,86,81
DADE,68,13,42,13
DAWSON,100,55,43,2
DECATUR,108,22,75,11
DEKALB,1920,364,1480,76
DODGE,139,4,105,30
DOOLY,40,10,28,2
DOUGHERTY,683,172,492,19
DOUGLAS,600,108,480,12
EARLY,34,6,20,8
EFFINGHAM,192,48,143,1
ELBERT,87,29,36,22
EMANUEL,79,14,58,7
EVANS,27,14,13,0
FANNIN,69,4,65,0
FAYETTE,234,57,176,1
FLOYD,500,167,320,13
FORSYTH,292,94,198,0
FRANKLIN,70,16,52,2
FULTON,2520,261,1900,359
GILMER,87,9,73,5
GLYNN,434,38,259,137
GORDON,269,99,159,11
GRADY,63,17,44,2
GREENE,51,24,19,8
GWINNETT,2422,112,1594,716
HABERSHAM,163,18,142,3
HALL,672,383,170,119
HANCOCK,22,2,20,0
HARALSON,83,23,58,2
HARRIS,94,7,50,37
HART,48,2,44,2
HEARD,49,13,27,9
HENRY,692,411,281,0
HOUSTON,420,72,344,4
IRWIN,852,2,26,824
JACKSON,158,25,101,32
JASPER,35,12,19,4
JEFFDAVIS/HAZ,37,18,18,1
JEFFERSON,71,37,0,34
JENKINS,22,2,15,5
JOHNSON,26,8,16,2
JONES,102,22,66,14
LAMAR,122,39,22,61
LAURENS,209,17,174,18
LEE,83,0,80,3
LIBERTY,182,44,132,6
LINCOLN,41,9,14,18
LOWNDES,646,157,477,12
LUMPKIN,146,42,76,28
MCDUFFIE,90,5,68,17
MCINTOSH,64,3,46,15
MACON,17,4,13,0
MADISON,94,8,47,39
MARION,24,2,20,2
MERIWETHER,84,4,51,29
MILLER,21,13,6,2
MITCHELL,64,29,35,0
MONROE,84,3,79,2
MORGAN,61,17,41,3
MURRAY,135,32,103,0
MUSCOGEE,1083,134,877,72
NEWTON,359,145,203,11
OCONEE,36,8,27,1
OGLETHORPE,39,12,25,2
PAULDING,205,35,161,9
PEACH,79,7,69,3
PICKENS,78,19,37,22
PIERCE,57,1,54,2
PIKE,16,1,12,3
POLK,381,43,78,260
PULASKI,22,0,22,0
PUTNAM,69,19,48,2
RABUN,83,20,58,5
RANDOLPH,39,2,33,4
RICHMOND,923,67,701,155
ROCKDALE,393,59,307,27
SCHLEY,4,3,1,0
SCREVEN,29,10,14,5
SEMINOLE,36,8,24,4
SPALDING,406,42,354,10
STEPHENS,154,14,125,15
SUMTER,130,13,86,31
TATTNALL,84,13,45,26
TAYLOR,45,7,23,15
TELFAIR,37,1,36,0
TERRELL,16,1,14,1
THOMAS,177,21,155,1
TIFT,186,100,42,44
TOOMBS,110,29,75,6
TOWNS,57,13,39,5
TREUTLEN,38,1,11,26
TROUP,566,186,367,13
TURNER,51,27,0,24
TWIGGS,32,31,0,1
UNION,90,48,39,3
UPSON,117,16,93,8
WALKER,212,40,156,16
WALTON,361,99,260,2
WARE,373,59,225,89
WASHINGTON,91,21,0,70
WAYNE,115,46,0,69
WHEELER,5,0,4,1
WHITE,120,9,107,4
WHITFIELD,410,75,301,34
WILCOX,15,13,0,2
WILKES,33,4,20,9
WILKINSON,36,3,28,5
WORTH,41,2,39,0
