jail,total,convicted_or_sentenced,detained_or_awaiting_trial,other_offense
APPLING,59,14,33,12
ATKINSON,15,0,15,0
BACON,55,39,0,16
BALDWIN,238,60,53,125
BANKS,36,2,18,16
BARROW,323,53,259,11
BARTOW,649,258,371,20
BEN HILL,88,17,69,2
BERRIEN,77,34,0,43
BIBB,795,103,318,374
BLECKLEY,25,6,19,0
BRANTLEY,157,79,46,32
BROOKS,36,4,32,0
BRYAN,40,4,26,10
BULLOCH,418,110,260,48
BURKE,112,0,80,32
BUTTS,194,17,106,71
CALHOUN,26,4,22,0
CAMDEN,127,10,114,3
CANDLER,33,8,24,1
CARROLL,379,4,364,11
CATOOSA,220,30,181,9
CHATHAM,1827,69,1668,90
CHATTOOGA,51,17,13,21
CHEROKEE,518,83,434,1
CLARKE,386,95,288,3
CLAYTON,1744,1020,177,547
COBB,2035,543,1492,0
COFFEE,334,41,181,112
COLQUITT,231,35,193,3
COLUMBIA,296,51,233,12
COOK,87,35,17,35
COWETA,378,158,212,8
CRAWFORD,12,1,7,4
CRISP,235,33,131,71
DADE,73,15,37,21
DAWSON,106,52,51,3
DECATUR,100,19,76,5
DEKALB,1811,344,1395,72
DODGE,40,0,0,40
DOOLY,70,9,59,2
DOUGHERTY,561,114,446,1
DOUGLAS,646,132,494,20
EARLY,31,3,19,9
EFFINGHAM,212,24,185,3
ELBERT,110,22,49,39
EMANUEL,134,11,85,38
EVANS,19,1,16,2
FANNIN,66,6,60,0
FAYETTE,240,47,192,1
FLOYD,597,151,334,112
FORSYTH,311,73,229,9
FRANKLIN,69,36,30,3
FULTON,2624,255,2042,327
GILMER,141,4,89,48
GLYNN,432,57,234,141
GORDON,270,97,166,7
GRADY,91,23,67,1
GREENE,75,34,36,5
GWINNETT,2063,85,1442,536
HABERSHAM,168,12,152,4
HALL,747,336,384,27
HANCOCK,31,4,27,0
HARALSON,110,23,87,0
HARRIS,72,4,24,44
HART,42,3,38,1
HEARD,55,6,44,5
HENRY,777,485,292,0
HOUSTON,397,88,308,1
IRWIN,1007,1,19,987
JACKSON,157,15,128,14
JASPER,55,9,45,1
JEFFDAVIS/HAZ,39,17,16,6
JEFFERSON,82,45,0,37
JENKINS,21,5,14,2
JOHNSON,15,6,0,9
JONES,99,28,64,7
LAMAR,57,46,11,0
LAURENS,184,19,158,7
LEE,77,17,58,2
LIBERTY,224,35,147,42
LINCOLN,55,14,9,32
LOWNDES,593,115,452,26
LUMPKIN,127,35,71,21
MCDUFFIE,104,7,87,10
MCINTOSH,82,2,74,6
MACON,25,2,23,0
MADISON,100,17,38,45
MARION,17,7,7,3
MERIWETHER,84,4,66,14
MILLER,27,11,16,0
MITCHELL,63,11,48,4
MONROE,102,7,88,7
MORGAN,69,18,49,2
MURRAY,150,15,135,0
MUSCOGEE,1160,183,893,84
NEWTON,359,165,194,0
OCONEE,27,10,17,0
OGLETHORPE,106,33,56,17
PAULDING,215,46,165,4
PEACH,98,2,92,4
PICKENS,78,6,41,31
PIERCE,58,3,52,3
PIKE,24,1,21,2
POLK,184,15,43,126
PULASKI,29,4,25,0
PUTNAM,89,33,52,4
RABUN,104,25,62,17
RANDOLPH,43,17,26,0
RICHMOND,922,32,757,133
ROCKDALE,330,49,256,25
SCHLEY,7,3,3,1
SCREVEN,43,13,20,10
SEMINOLE,41,14,25,2
SPALDING,420,23,396,1
STEPHENS,135,15,109,11
SUMTER,167,4,124,39
TATTNALL,92,23,44,25
TAYLOR,29,9,12,8
TELFAIR,36,0,36,0
TERRELL,24,3,19,2
THOMAS,189,17,167,5
TIFT,209,100,45,64
TOOMBS,86,31,50,5
TOWNS,51,5,41,5
TREUTLEN,35,3,18,14
TROUP,488,171,305,12
TURNER,43,26,0,17
TWIGGS,20,19,0,1
UNION,67,36,28,3
UPSON,122,20,96,6
WALKER,212,31,181,0
WALTON,454,145,291,18
WARE,442,90,228,124
WASHINGTON,95,10,0,85
WAYNE,138,62,0,76
WHEELER,16,2,14,0
WHITE,124,16,105,3
WHITFIELD,452,78,339,35
WILCOX,19,19,0,0
WILKES,31,6,20,5
WILKINSON,39,3,33,3
WORTH,52,10,42,0
