jail,total,convicted_or_sentenced,detained_or_awaiting_trial,other_offense
APPLING,74,5,47,22
ATKINSON,15,2,13,0
BACON,56,42,0,14
BALDWIN,215,99,43,73
BANKS,45,7,29,9
BARROW,279,52,220,7
BARTOW,591,251,326,14
BEN HILL,100,15,81,4
BERRIEN,89,47,0,42
BIBB,732,99,350,283
BLECKLEY,44,3,41,0
BRANTLEY,120,37,51,32
BROOKS,45,2,41,2
BRYAN,43,4,38,1
BULLOCH,346,104,241,1
BURKE,118,0,84,34
BUTTS,221,23,89,109
CALHOUN,29,8,12,9
CAMDEN,116,14,98,4
CANDLER,29,6,21,2
CARROLL,397,3,383,11
CATOOSA,242,20,217,5
CHATHAM,1747,103,1535,109
CHATTOOGA,52,9,20,23
CHEROKEE,430,95,335,0
CLARKE,377,98,278,1
CLAYTON,2060,1221,160,679
COBB,1868,508,1360,0
COFFEE,411,36,262,113
COLQUITT,237,39,191,7
COLUMBIA,305,55,236,14
COOK,98,33,20,45
COWETA,341,120,218,3
CRAWFORD,30,0,26,4
CRISP,250,92,71,87
DADE,68,21,45,2
DAWSON,99,42,52,5
DECATUR,104,8,92,4
DEKALB,1630,310,1255,65
DODGE,129,0,106,23
DOOLY,80,19,59,2
DOUGHERTY,600,149,419,32
DOUGLAS,597,101,481,15
EARLY,25,6,14,5
EFFINGHAM,196,22,174,0
ELBERT,100,14,68,18
EMANUEL,110,10,44,56
EVANS,32,2,15,15
FANNIN,43,4,38,1
FAYETTE,51,49,0,2
FLOYD,688,255,394,39
FORSYTH,335,79,251,5
FRANKLIN,59,19,40,0
FULTON,2877,254,2305,318
GILMER,131,3,83,45
GLYNN,411,56,233,122
GORDON,262,97,158,7
GRADY,98,27,71,0
GREENE,61,27,29,5
GWINNETT,1964,90,1506,368
HABERSHAM,200,35,160,5
HALL,781,398,359,24
HANCOCK,23,5,15,3
HARALSON,132,12,120,0
HARRIS,56,5,30,21
HART,57,1,55,1
HEARD,40,11,27,2
HENRY,733,338,395,0
HOUSTON,451,101,348,2
IRWIN,900,5,19,876
JACKSON,182,30,123,29
JASPER,27,15,10,2
JEFFDAVIS/HAZ,41,9,28,4
JEFFERSON,113,55,0,58
JENKINS,36,3,10,23
JOHNSON,22,7,12,3
JONES,95,19,72,4
LAMAR,46,37,9,0
LAURENS,200,58,100,42
LEE,81,9,69,3
LIBERTY,221,63,147,11
LINCOLN,68,14,18,36
LOWNDES,669,138,500,31
LUMPKIN,162,40,80,42
MCDUFFIE,90,5,74,11
MCINTOSH,26,7,0,19
MACON,22,0,22,0
MADISON,77,15,34,28
MARION,20,4,9,7
MERIWETHER,78,2,58,18
MILLER,33,9,16,8
MITCHELL,74,14,55,5
MONROE,129,17,110,2
MORGAN,83,17,66,0
MURRAY,154,44,91,19
MUSCOGEE,981,173,745,63
NEWTON,388,180,192,16
OCONEE,37,11,25,1
OGLETHORPE,78,11,55,12
PAULDING,198,52,139,7
PEACH,105,76,27,2
PICKENS,99,12,61,26
PIERCE,72,4,68,0
PIKE,23,1,20,2
POLK,177,7,47,123
PULASKI,37,1,36,0
PUTNAM,77,28,46,3
RABUN,95,37,49,9
RANDOLPH,38,4,34,0
RICHMOND,1010,58,768,184
ROCKDALE,359,61,264,34
SCHLEY,5,0,5,0
SCREVEN,57,20,26,11
SEMINOLE,29,9,19,1
SPALDING,419,51,366,2
STEPHENS,168,15,138,15
SUMTER,172,15,124,33
TATTNALL,76,13,40,23
TAYLOR,24,1,21,2
TELFAIR,23,0,23,0
TERRELL,26,1,22,3
THOMAS,201,21,180,0
TIFT,216,88,45,83
TOOMBS,117,33,79,5
TOWNS,51,3,34,14
TREUTLEN,35,4,18,13
TROUP,526,151,367,8
TURNER,21,7,14,0
TWIGGS,33,31,0,2
UNION,46,29,16,1
UPSON,109,17,80,12
WALKER,225,43,182,0
WALTON,449,122,310,17
WARE,421,92,218,111
WASHINGTON,91,16,8,67
WAYNE,157,52,0,105
WHEELER,12,1,11,0
WHITE,109,15,89,5
WHITFIELD,463,76,342,45
WILCOX,35,31,1,3
WILKES,31,6,20,5
WILKINSON,20,3,14,3
WORTH,50,9,40,1
