jail,total,convicted_or_sentenced,detained_or_awaiting_trial,other_offense
APPLING,78,15,45,18
ATKINSON,13,0,11,2
BACON,58,47,0,11
BALDWIN,223,81,54,88
BANKS,60,5,15,40
BARROW,357,76,268,13
BARTOW,663,271,365,27
BEN HILL,97,26,62,9
BERRIEN,76,60,0,16
BIBB,912,127,403,382
BLECKLEY,37,7,30,0
BRANTLEY,101,31,39,31
BROOKS,55,3,51,1
BRYAN,37,3,34,0
BULLOCH,386,110,217,59
BURKE,115,2,89,24
BUTTS,190,20,75,95
CALHOUN,28,4,24,0
CAMDEN,115,11,101,3
CANDLER,34,4,28,2
CARROLL,527,8,500,19
CATOOSA,233,17,183,33
CHATHAM,1700,103,1521,76
CHATTOOGA,47,20,14,13
CHEROKEE,504,85,416,3
CLARKE,377,88,288,1
CLAYTON,1610,945,155,510
COBB,2104,567,1537,0
COFFEE,301,26,174,101
COLQUITT,229,44,178,7
COLUMBIA,343,57,263,23
COOK,97,42,24,31
COWETA,339,122,213,4
CRAWFORD,15,2,12,1
CRISP,205,34,80,91
DADE,70,29,29,12
DAWSON,108,66,40,2
DECATUR,111,12,94,5
DEKALB,1755,333,1352,70
DODGE,129,5,108,16
DOOLY,69,7,60,2
DOUGHERTY,663,159,481,23
DOUGLAS,698,121,565,12
EARLY,39,6,28,5
EFFINGHAM,223,59,160,4
ELBERT,93,18,57,18
EMANUEL,83,20,48,15
EVANS,14,0,14,0
FANNIN,73,8,62,3
FAYETTE,240,44,196,0
FLOYD,485,160,323,2
FORSYTH,316,30,286,0
FRANKLIN,88,41,47,0
FULTON,2414,219,1821,374
GILMER,119,6,97,16
GLYNN,378,40,202,136
GORDON,304,105,190,9
GRADY,81,20,58,3
GREENE,68,34,24,10
GWINNETT,2178,129,1482,567
HABERSHAM,197,38,156,3
HALL,842,393,407,42
HANCOCK,21,5,16,0
HARALSON,89,32,55,2
HARRIS,84,4,80,0
HART,45,1,43,1
HEARD,51,12,34,5
HENRY,773,478,0,295
HOUSTON,451,116,332,3
IRWIN,993,8,24,961
JACKSON,199,26,125,48
JASPER,36,9,25,2
JEFFDAVIS/HAZ,45,1,33,11
JEFFERSON,56,38,0,18
JENKINS,16,6,10,0
JOHNSON,19,2,10,7
JONES,120,29,84,7
LAMAR,58,47,11,0
LAURENS,160,19,134,7
LEE,76,1,73,2
LIBERTY,193,29,141,23
LINCOLN,40,11,10,19
LOWNDES,577,102,450,25
LUMPKIN,156,29,114,13
MCDUFFIE,104,12,72,20
MCINTOSH,80,7,57,16
MACON,18,0,18,0
MADISON,102,19,53,30
MARION,21,0,18,3
MERIWETHER,98,5,69,24
MILLER,23,10,8,5
MITCHELL,62,13,46,3
MONROE,91,4,82,5
MORGAN,82,27,53,2
MURRAY,154,28,0,126
MUSCOGEE,1024,101,861,62
NEWTON,364,151,202,11
OCONEE,38,17,21,0
OGLETHORPE,65,13,28,24
PAULDING,213,37,171,5
PEACH,81,5,74,2
PICKENS,90,32,40,18
PIERCE,65,5,60,0
PIKE,13,0,13,0
POLK,480,50,84,346
PULASKI,29,5,24,0
PUTNAM,76,25,47,4
RABUN,93,28,52,13
RANDOLPH,52,11,41,0
RICHMOND,883,44,681,158
ROCKDALE,338,55,249,34
SCHLEY,3,2,1,0
SCREVEN,69,28,24,17
SEMINOLE,50,3,45,2
SPALDING,440,64,364,12
STEPHENS,141,30,98,13
SUMTER,154,8,104,42
TATTNALL,84,10,48,26
TAYLOR,28,2,12,14
TELFAIR,35,0,35,0
TERRELL,20,4,16,0
THOMAS,217,27,188,2
TIFT,204,116,40,48
TOOMBS,106,26,73,7
TOWNS,49,6,30,13
TREUTLEN,48,2,20,26
TROUP,492,128,355,9
TURNER,48,0,48,0
TWIGGS,27,22,0,5
UNION,85,46,36,3
UPSON,130,10,115,5
WALKER,236,36,200,0
WALTON,421,142,261,18
WARE,407,82,236,89
WASHINGTON,82,10,0,72
WAYNE,130,48,0,82
WHEELER,6,0,6,0
WHITE,128,13,104,11
WHITFIELD,487,87,343,57
WILCOX,15,14,1,0
WILKES,31,2,24,5
WILKINSON,38,6,28,4
WORTH,45,4,41,0
