jail,total,convicted_or_sentenced,detained_or_awaiting_trial,other_offense
APPLING,90,12,57,21
ATKINSON,16,1,15,0
BACON,47,29,0,18
BALDWIN,234,108,38,88
BANKS,64,5,27,32
BARROW,326,48,270,8
BARTOW,670,307,342,21
BEN HILL,102,29,69,4
BERRIEN,84,41,0,43
BIBB,783,102,320,361
BLECKLEY,32,1,31,0
BRANTLEY,108,45,32,31
BROOKS,54,5,47,2
BRYAN,35,0,30,5
BULLOCH,347,97,248,2
BURKE,118,0,84,34
BUTTS,228,15,110,103
CALHOUN,19,6,13,0
CAMDEN,112,9,100,3
CANDLER,31,13,17,1
CARROLL,397,0,383,14
CATOOSA,234,51,178,5
CHATHAM,1864,65,1716,83
CHATTOOGA,53,12,18,23
CHEROKEE,480,91,389,0
CLARKE,421,84,333,4
CLAYTON,1802,982,168,652
COBB,2024,566,1458,0
COFFEE,430,45,268,117
COLQUITT,257,42,203,12
COLUMBIA,265,54,199,12
COOK,91,45,13,33
COWETA,379,150,224,5
CRAWFORD,23,0,19,4
CRISP,218,36,109,73
DADE,81,11,53,17
DAWSON,123,53,66,4
DECATUR,119,30,85,4
DEKALB,1668,317,1285,66
DODGE,130,0,104,26
DOOLY,69,10,55,4
DOUGHERTY,630,180,422,28
DOUGLAS,650,102,536,12
EARLY,28,4,19,5
EFFINGHAM,222,24,196,2
ELBERT,98,16,72,10
EMANUEL,132,13,66,53
EVANS,22,2,10,10
FANNIN,52,3,49,0
FAYETTE,258,69,186,3
FLOYD,682,209,414,59
FORSYTH,344,92,250,2
FRANKLIN,70,21,44,5
FULTON,3026,252,2447,327
GILMER,115,2,69,44
GLYNN,397,62,193,142
GORDON,323,118,199,6
GRADY,91,26,63,2
GREENE,55,31,18,6
GWINNETT,2068,75,1537,456
HABERSHAM,168,21,145,2
HALL,797,407,356,34
HANCOCK,17,5,12,0
HARALSON,127,22,101,4
HARRIS,51,9,19,23
HART,48,2,45,1
HEARD,35,3,32,0
HENRY,766,445,321,0
HOUSTON,508,170,335,3
IRWIN,993,1,18,974
JACKSON,188,44,115,29
JASPER,43,11,32,0
JEFFDAVIS/HAZ,40,17,19,4
JEFFERSON,108,57,0,51
JENKINS,40,11,4,25
JOHNSON,25,8,1,16
JONES,120,38,70,12
LAMAR,58,43,15,0
LAURENS,202,43,118,41
LEE,65,12,51,2
LIBERTY,274,35,167,72
LINCOLN,58,18,10,30
LOWNDES,683,123,523,37
LUMPKIN,160,39,82,39
MCDUFFIE,92,11,63,18
MCINTOSH,73,2,46,25
MACON,23,0,23,0
MADISON,93,13,40,40
MARION,18,5,9,4
MERIWETHER,80,1,61,18
MILLER,27,9,12,6
MITCHELL,73,8,63,2
MONROE,127,17,106,4
MORGAN,73,17,52,4
MURRAY,159,36,112,11
MUSCOGEE,1088,197,811,80
NEWTON,400,180,211,9
OCONEE,38,10,28,0
OGLETHORPE,70,11,53,6
PAULDING,239,57,172,10
PEACH,86,2,81,3
PICKENS,74,10,29,35
PIERCE,81,2,77,2
PIKE,21,6,15,0
POLK,213,16,46,151
PULASKI,36,5,30,1
PUTNAM,89,22,61,6
RABUN,116,42,60,14
RANDOLPH,39,7,32,0
RICHMOND,1029,53,783,193
ROCKDALE,360,29,299,32
SCHLEY,5,2,3,0
SCREVEN,52,20,22,10
SEMINOLE,40,9,29,2
SPALDING,458,60,397,1
STEPHENS,163,22,119,22
SUMTER,195,12,153,30
TATTNALL,97,18,52,27
TAYLOR,33,7,19,7
TELFAIR,30,0,30,0
TERRELL,31,3,26,2
THOMAS,224,27,194,3
TIFT,233,106,40,87
TOOMBS,110,38,63,9
TOWNS,53,8,41,4
TREUTLEN,40,4,20,16
TROUP,558,170,382,6
TURNER,75,3,11,61
TWIGGS,27,23,0,4
UNION,59,36,22,1
UPSON,213,124,84,5
WALKER,281,50,231,0
WALTON,481,147,308,26
WARE,436,112,221,103
WASHINGTON,79,5,0,74
WAYNE,144,48,0,96
WHEELER,16,1,15,0
WHITE,103,14,84,5
WHITFIELD,487,104,328,55
WILCOX,28,27,1,0
WILKES,45,6,23,16
WILKINSON,31,10,14,7
WORTH,48,11,36,1
