jail,total,convicted_or_sentenced,detained_or_awaiting_trial,other_offense
APPLING,72,8,48,16
ATKINSON,15,1,13,1
BACON,68,51,0,17
BALDWIN,259,63,61,135
BANKS,67,6,22,39
BARROW,313,68,236,9
BARTOW,623,268,335,20
BEN HILL,82,13,63,6
BERRIEN,52,37,0,15
BIBB,908,102,399,407
BLECKLEY,29,1,26,2
BRANTLEY,107,48,46,13
BROOKS,45,1,43,1
BRYAN,33,4,28,1
BULLOCH,329,94,190,45
BURKE,115,4,79,32
BUTTS,188,25,67,96
CALHOUN,70,35,33,2
CAMDEN,125,7,116,2
CANDLER,19,4,14,1
CARROLL,581,3,563,15
CATOOSA,238,16,178,44
CHATHAM,1625,60,1480,85
CHATTOOGA,45,9,19,17
CHEROKEE,526,105,419,2
CLARKE,385,77,302,6
CLAYTON,1626,936,165,525
COBB,1990,567,1423,0
COFFEE,339,31,191,117
COLQUITT,211,48,157,6
COLUMBIA,342,65,260,17
COOK,107,49,25,33
COWETA,338,124,209,5
CRAWFORD,19,2,10,7
CRISP,218,14,103,101
DADE,66,13,40,13
DAWSON,106,57,46,3
DECATUR,100,19,77,4
DEKALB,1566,297,1206,63
DODGE,122,3,101,18
DOOLY,71,12,47,12
DOUGHERTY,676,161,492,23
DOUGLAS,710,150,547,13
EARLY,43,6,25,12
EFFINGHAM,212,68,142,2
ELBERT,89,15,48,26
EMANUEL,83,18,40,25
EVANS,19,0,19,0
FANNIN,68,7,59,2
FAYETTE,227,37,190,0
FLOYD,588,164,333,91
FORSYTH,338,35,303,0
FRANKLIN,94,31,62,1
FULTON,2450,241,1804,405
GILMER,98,5,74,19
GLYNN,377,48,192,137
GORDON,305,115,180,10
GRADY,69,15,51,3
GREENE,47,26,18,3
GWINNETT,2221,114,1471,636
HABERSHAM,178,31,140,7
HALL,787,347,394,46
HANCOCK,25,7,18,0
HARALSON,96,25,71,0
HARRIS,100,7,93,0
HART,62,4,58,0
HEARD,53,18,25,10
HENRY,751,504,247,0
HOUSTON,455,104,350,1
IRWIN,915,2,22,891
JACKSON,171,33,113,25
JASPER,49,11,34,4
JEFFDAVIS/HAZ,47,11,30,6
JEFFERSON,62,42,0,20
JENKINS,12,2,9,1
JOHNSON,30,13,1,16
JONES,126,23,92,11
LAMAR,55,37,18,0
LAURENS,171,24,141,6
LEE,84,1,80,3
LIBERTY,167,32,120,15
LINCOLN,31,0,14,17
LOWNDES,566,122,444,0
LUMPKIN,153,51,83,19
MCDUFFIE,93,4,74,15
MCINTOSH,79,3,55,21
MACON,29,4,25,0
MADISON,100,20,42,38
MARION,22,4,16,2
MERIWETHER,92,9,60,23
MILLER,17,3,10,4
MITCHELL,62,18,40,4
MONROE,79,1,72,6
MORGAN,74,20,50,4
MURRAY,147,46,100,1
MUSCOGEE,1033,113,859,61
NEWTON,330,134,187,9
OCONEE,39,15,20,4
OGLETHORPE,53,4,23,26
PAULDING,237,47,137,53
PEACH,83,10,72,1
PICKENS,100,22,55,23
PIERCE,52,4,45,3
PIKE,17,0,17,0
POLK,453,34,87,332
PULASKI,23,14,9,0
PUTNAM,102,24,73,5
RABUN,78,25,47,6
RANDOLPH,51,18,33,0
RICHMOND,882,64,684,134
ROCKDALE,369,79,266,24
SCHLEY,6,0,6,0
SCREVEN,47,13,20,14
SEMINOLE,51,2,49,0
SPALDING,417,31,371,15
STEPHENS,165,40,102,23
SUMTER,137,5,100,32
TATTNALL,72,8,30,34
TAYLOR,41,9,21,11
TELFAIR,29,0,29,0
TERRELL,13,3,10,0
THOMAS,178,28,150,0
TIFT,170,103,45,22
TOOMBS,109,17,85,7
TOWNS,33,2,25,6
TREUTLEN,47,12,12,23
TROUP,549,180,349,20
TURNER,42,24,0,18
TWIGGS,21,15,0,6
UNION,71,30,35,6
UPSON,120,40,73,7
WALKER,240,43,197,0
WALTON,424,126,279,19
WARE,425,95,230,100
WASHINGTON,86,16,0,70
WAYNE,105,41,0,64
WHEELER,4,0,4,0
WHITE,134,23,104,7
WHITFIELD,471,93,339,39
WILCOX,13,11,1,1
WILKES,51,6,37,8
WILKINSON,43,8,0,35
WORTH,41,7,34,0
