jail,total,convicted_or_sentenced,detained_or_awaiting_trial,other_offense
APPLING,85,14,48,23
ATKINSON,14,0,14,0
BACON,69,49,0,20
BALDWIN,241,78,66,97
BANKS,81,20,42,19
BARROW,368,57,293,18
BARTOW,649,258,369,22
BEN HILL,102,15,83,4
BERRIEN,65,41,0,24
BIBB,926,88,427,411
BLECKLEY,46,3,43,0
BRANTLEY,128,39,46,43
BROOKS,53,4,48,1
BRYAN,39,7,32,0
BULLOCH,409,132,218,59
BURKE,144,1,100,43
BUTTS,211,14,113,84
CALHOUN,27,6,20,1
CAMDEN,105,8,93,4
CANDLER,30,4,24,2
CARROLL,499,12,467,20
CATOOSA,249,16,185,48
CHATHAM,1609,87,1464,58
CHATTOOGA,52,19,21,12
CHEROKEE,514,82,431,1
CLARKE,392,72,319,1
CLAYTON,1709,994,178,537
COBB,2239,565,1674,0
COFFEE,370,43,180,147
COLQUITT,231,59,166,6
COLUMBIA,309,45,250,14
COOK,94,46,15,33
COWETA,371,159,209,3
CRAWFORD,22,0,18,4
CRISP,212,29,96,87
DADE,82,28,49,5
DAWSON,120,73,40,7
DECATUR,111,20,81,10
DEKALB,1832,348,1411,73
DODGE,138,0,117,21
DOOLY,70,10,43,17
DOUGHERTY,650,129,499,22
DOUGLAS,700,136,547,17
EARLY,40,7,25,8
EFFINGHAM,210,52,151,7
ELBERT,112,23,65,24
EMANUEL,88,13,68,7
EVANS,18,2,16,0
FANNIN,62,4,58,0
FAYETTE,232,36,195,1
FLOYD,585,158,322,105
FORSYTH,339,97,242,0
FRANKLIN,96,36,53,7
FULTON,2570,219,1931,420
GILMER,105,4,90,11
GLYNN,429,50,240,139
GORDON,304,95,197,12
GRADY,71,19,48,4
GREENE,75,37,32,6
GWINNETT,2262,62,1526,674
HABERSHAM,175,21,150,4
HALL,873,405,380,88
HANCOCK,19,7,12,0
HARALSON,103,14,89,0
HARRIS,74,6,26,42
HART,57,4,48,5
HEARD,49,11,32,6
HENRY,830,500,330,0
HOUSTON,448,103,342,3
IRWIN,956,7,29,920
JACKSON,199,24,141,34
JASPER,61,4,53,4
JEFFDAVIS/HAZ,61,17,43,1
JEFFERSON,53,34,0,19
JENKINS,14,5,9,0
JOHNSON,14,6,3,5
JONES,120,29,84,7
LAMAR,69,52,17,0
LAURENS,174,20,142,12
LEE,94,2,91,1
LIBERTY,178,34,126,18
LINCOLN,52,16,12,24
LOWNDES,555,88,453,14
LUMPKIN,143,37,91,15
MCDUFFIE,107,6,88,13
MCINTOSH,79,2,69,8
MACON,25,4,20,1
MADISON,110,21,51,38
MARION,21,3,17,1
MERIWETHER,87,2,72,13
MILLER,22,10,11,1
MITCHELL,77,18,55,4
MONROE,101,8,90,3
MORGAN,65,11,52,2
MURRAY,166,24,141,1
MUSCOGEE,1151,173,902,76
NEWTON,314,116,189,9
OCONEE,39,23,15,1
OGLETHORPE,64,10,30,24
PAULDING,219,57,139,23
PEACH,105,2,98,5
PICKENS,86,41,32,13
PIERCE,67,4,62,1
PIKE,9,3,6,0
POLK,502,60,101,341
PULASKI,43,6,37,0
PUTNAM,89,21,64,4
RABUN,102,35,60,7
RANDOLPH,64,14,50,0
RICHMOND,934,34,748,152
ROCKDALE,349,45,265,39
SCHLEY,2,0,2,0
SCREVEN,56,12,33,11
SEMINOLE,44,6,37,1
SPALDING,399,8,391,0
STEPHENS,172,15,140,17
SUMTER,162,8,98,56
TATTNALL,91,7,46,38
TAYLOR,37,3,19,15
TELFAIR,35,0,35,0
TERRELL,13,5,8,0
THOMAS,179,39,139,1
TIFT,248,129,56,63
TOOMBS,118,42,70,6
TOWNS,47,3,23,21
TREUTLEN,29,3,10,16
TROUP,526,122,399,5
TURNER,53,29,0,24
TWIGGS,24,19,0,5
UNION,67,39,25,3
UPSON,119,17,94,8
WALKER,258,36,222,0
WALTON,390,122,239,29
WARE,314,88,135,91
WASHINGTON,94,17,0,77
WAYNE,134,54,0,80
WHEELER,12,2,10,0
WHITE,144,18,119,7
WHITFIELD,529,65,403,61
WILCOX,17,16,1,0
WILKES,35,4,27,4
WILKINSON,33,3,27,3
WORTH,45,8,37,0
