jail,total,convicted_or_sentenced,detained_or_awaiting_trial,other_offense
APPLING,81,12,47,22
ATKINSON,15,2,13,0
BACON,65,48,0,17
BALDWIN,243,78,49,116
BANKS,61,7,13,41
BARROW,319,45,261,13
BARTOW,636,272,338,26
BEN HILL,117,27,85,5
BERRIEN,69,32,0,37
BIBB,880,127,396,357
BLECKLEY,39,5,34,0
BRANTLEY,134,56,36,42
BROOKS,60,5,54,1
BRYAN,43,6,36,1
BULLOCH,418,129,221,68
BURKE,130,2,96,32
BUTTS,206,13,114,79
CALHOUN,25,5,20,0
CAMDEN,106,4,98,4
CANDLER,33,8,24,1
CARROLL,501,5,480,16
CATOOSA,245,11,195,39
CHATHAM,1630,93,1484,53
CHATTOOGA,45,10,17,18
CHEROKEE,519,75,443,1
CLARKE,378,74,303,1
CLAYTON,1729,739,816,174
COBB,2141,564,1577,0
COFFEE,363,50,173,140
COLQUITT,250,48,150,52
COLUMBIA,321,55,256,10
COOK,80,38,18,24
COWETA,394,166,224,4
CRAWFORD,22,0,20,2
CRISP,207,31,95,81
DADE,87,22,54,11
DAWSON,101,68,32,1
DECATUR,114,11,96,7
DEKALB,1883,358,1450,75
DODGE,129,4,106,19
DOOLY,72,5,52,15
DOUGHERTY,639,121,497,21
DOUGLAS,690,170,504,16
EARLY,35,7,22,6
EFFINGHAM,202,17,180,5
ELBERT,109,15,63,31
EMANUEL,100,10,48,42
EVANS,11,1,10,0
FANNIN,58,3,53,2
FAYETTE,213,57,155,1
FLOYD,606,157,373,76
FORSYTH,348,123,225,0
FRANKLIN,91,37,49,5
FULTON,2708,231,2017,460
GILMER,118,14,103,1
GLYNN,454,64,266,124
GORDON,314,124,183,7
GRADY,73,18,54,1
GREENE,80,35,39,6
GWINNETT,2150,54,1447,649
HABERSHAM,177,19,156,2
HALL,807,402,374,31
HANCOCK,19,4,15,0
HARALSON,109,26,78,5
HARRIS,81,18,26,37
HART,48,11,35,2
HEARD,53,17,32,4
HENRY,815,497,318,0
HOUSTON,433,123,310,0
IRWIN,943,6,24,913
JACKSON,188,8,152,28
JASPER,62,6,53,3
JEFFDAVIS/HAZ,58,16,41,1
JEFFERSON,75,54,0,21
JENKINS,20,9,11,0
JOHNSON,17,7,1,9
JONES,120,43,69,8
LAMAR,134,51,16,67
LAURENS,193,20,164,9
LEE,88,0,87,1
LIBERTY,69,28,24,17
LINCOLN,53,7,24,22
LOWNDES,555,84,453,18
LUMPKIN,150,45,82,23
MCDUFFIE,87,9,64,14
MCINTOSH,89,4,72,13
MACON,22,1,20,1
MADISON,106,17,51,38
MARION,18,2,16,0
MERIWETHER,91,6,71,14
MILLER,22,8,13,1
MITCHELL,78,19,58,1
MONROE,95,1,91,3
MORGAN,61,17,39,5
MURRAY,157,32,124,1
MUSCOGEE,1125,166,883,76
NEWTON,480,184,296,0
OCONEE,40,26,14,0
OGLETHORPE,59,13,30,16
PAULDING,212,51,142,19
PEACH,92,4,84,4
PICKENS,76,40,28,8
PIERCE,69,3,66,0
PIKE,15,5,10,0
POLK,497,49,98,350
PULASKI,39,11,28,0
PUTNAM,99,19,75,5
RABUN,98,31,59,8
RANDOLPH,48,4,44,0
RICHMOND,925,43,730,152
ROCKDALE,345,55,254,36
SCHLEY,4,3,1,0
SCREVEN,50,14,23,13
SEMINOLE,46,7,37,2
SPALDING,421,48,370,3
STEPHENS,172,26,133,13
SUMTER,165,8,112,45
TATTNALL,84,11,44,29
TAYLOR,30,4,10,16
TELFAIR,31,0,31,0
TERRELL,14,4,9,1
THOMAS,215,31,182,2
TIFT,243,115,60,68
TOOMBS,128,39,88,1
TOWNS,56,5,29,22
TREUTLEN,37,5,20,12
TROUP,539,172,364,3
TURNER,44,32,0,12
TWIGGS,29,26,0,3
UNION,73,33,37,3
UPSON,92,10,75,7
WALKER,216,37,179,0
WALTON,380,148,200,32
WARE,397,96,205,96
WASHINGTON,72,16,0,56
WAYNE,119,47,0,72
WHEELER,12,1,11,0
WHITE,113,15,97,1
WHITFIELD,540,97,392,51
WILCOX,23,22,1,0
WILKES,29,0,26,3
WILKINSON,28,3,22,3
WORTH,48,10,38,0
