jail,total,convicted_or_sentenced,detained_or_awaiting_trial,other_offense
APPLING,74,8,50,16
ATKINSON,15,0,15,0
BACON,53,36,0,17
BALDWIN,222,101,43,78
BANKS,56,8,38,10
BARROW,286,58,221,7
BARTOW,642,279,346,17
BEN HILL,106,27,73,6
BERRIEN,89,49,0,40
BIBB,781,124,361,296
BLECKLEY,50,2,48,0
BRANTLEY,114,45,41,28
BROOKS,65,5,57,3
BRYAN,34,1,27,6
BULLOCH,340,88,250,2
BURKE,110,1,77,32
BUTTS,222,22,107,93
CALHOUN,26,6,15,5
CAMDEN,121,9,106,6
CANDLER,27,7,18,2
CARROLL,384,2,374,8
CATOOSA,220,61,152,7
CHATHAM,1796,88,1637,71
CHATTOOGA,47,8,21,18
CHEROKEE,489,103,386,0
CLARKE,427,103,323,1
CLAYTON,1913,1057,157,699
COBB,1992,548,1444,0
COFFEE,415,32,262,121
COLQUITT,233,65,155,13
COLUMBIA,306,72,220,14
COOK,104,38,18,48
COWETA,351,129,219,3
CRAWFORD,23,0,19,4
CRISP,243,86,72,85
DADE,84,11,52,21
DAWSON,110,45,61,4
DECATUR,133,16,112,5
DEKALB,1642,311,1265,66
DODGE,125,1,96,28
DOOLY,89,20,65,4
DOUGHERTY           MODIFY,604,171,403,30
DOUGLAS,615,87,516,12
EARLY,25,4,19,2
EFFINGHAM,227,29,196,2
ELBERT,92,13,66,13
EMANUEL,131,7,73,51
EVANS,13,1,12,0
FANNIN,42,0,42,0
FAYETTE,214,46,165,3
FLOYD,659,210,389,60
FORSYTH,347,96,247,4
FRANKLIN,69,29,39,1
FULTON,2936,252,2391,293
GILMER,116,4,68,44
GLYNN,411,55,226,130
GORDON,276,123,141,12
GRADY,92,32,57,3
GREENE,53,30,20,3
GWINNETT,2080,84,1547,449
HABERSHAM,173,26,142,5
HALL,777,396,357,24
HANCOCK,22,4,17,1
HARALSON,123,17,104,2
HARRIS,50,4,23,23
HART,43,0,42,1
HEARD,38,5,29,4
HENRY,786,463,323,0
HOUSTON,480,105,375,0
IRWIN,948,3,24,921
JACKSON,167,37,112,18
JASPER,26,15,9,2
JEFFDAVIS/HAZ,37,8,28,1
JEFFERSON,111,55,0,56
JENKINS,37,6,7,24
JOHNSON,22,8,0,14
JONES,100,28,65,7
LAMAR,53,44,9,0
LAURENS,218,76,104,38
LEE,88,11,75,2
LIBERTY,258,31,167,60
LINCOLN,71,13,22,36
LOWNDES,675,136,508,31
LUMPKIN,137,37,74,26
MCDUFFIE,96,10,71,15
MCINTOSH,67,2,49,16
MACON,23,0,23,0
MADISON,91,24,40,27
MARION,21,3,10,8
MERIWETHER,74,2,59,13
MILLER,33,9,20,4
MITCHELL,83,20,60,3
MONROE,118,10,106,2
MORGAN,77,13,59,5
MURRAY,154,27,105,22
MUSCOGEE,1080,177,840,63
NEWTON,408,170,224,14
OCONEE,43,14,28,1
OGLETHORPE,76,8,61,7
PAULDING,237,71,156,10
PEACH,95,84,9,2
PICKENS,91,16,35,40
PIERCE,73,5,68,0
PIKE,19,3,16,0
POLK,202,19,54,129
PULASKI,33,6,27,0
PUTNAM,81,27,51,3
RABUN,91,29,51,11
RANDOLPH,38,4,34,0
RICHMOND,978,39,769,170
ROCKDALE,391,48,300,43
SCHLEY,6,2,4,0
SCREVEN,59,19,26,14
SEMINOLE,34,4,29,1
SPALDING,414,73,340,1
STEPHENS,178,18,138,22
SUMTER,181,19,128,34
TATTNALL,100,19,56,25
TAYLOR,26,1,22,3
TELFAIR,26,0,25,1
TERRELL,28,6,21,1
THOMAS,177,25,151,1
TIFT,224,92,50,82
TOOMBS,126,26,91,9
TOWNS,18,3,2,13
TREUTLEN,32,4,17,11
TROUP,560,167,382,11
TURNER,32,5,17,10
TWIGGS,37,31,0,6
UNION,53,28,23,2
UPSON,116,36,70,10
WALKER,275,57,218,0
WALTON,427,110,299,18
WARE,421,83,237,101
WASHINGTON,75,11,1,63
WAYNE,160,43,0,117
WHEELER,13,1,12,0
WHITE,126,23,98,5
WHITFIELD,455,86,322,47
WILCOX,30,27,1,2
WILKES,40,8,18,14
WILKINSON,27,5,18,4
WORTH,55,8,42,5
