jail,total,convicted_or_sentenced,detained_or_awaiting_trial,other_offense
APPLING,91,11,56,24
ATKINSON,15,1,14,0
BACON,45,32,0,13
BALDWIN,227,102,28,97
BANKS,57,16,39,2
BARROW,310,42,261,7
BARTOW,661,314,319,28
BEN HILL,88,8,73,7
BERRIEN,85,48,0,37
BIBB,819,105,380,334
BLECKLEY,50,0,50,0
BRANTLEY,142,22,80,40
BROOKS,50,2,48,0
BRYAN,37,1,22,14
BULLOCH,392,85,305,2
BURKE,108,1,73,34
BUTTS,241,19,123,99
CALHOUN,18,5,10,3
CAMDEN,113,12,96,5
CANDLER,32,5,23,4
CARROLL,427,1,417,9
CATOOSA,217,44,168,5
CHATHAM,1952,82,1784,86
CHATTOOGA,49,7,23,19
CHEROKEE,532,100,432,0
CLARKE,410,74,334,2
CLAYTON,1900,689,1028,183
COBB,2087,558,1529,0
COFFEE,414,27,263,124
COLQUITT,249,48,195,6
COLUMBIA,300,61,195,44
COOK,97,49,14,34
COWETA,388,156,228,4
CRAWFORD,21,0,17,4
CRISP,219,66,103,50
DADE,79,12,48,19
DAWSON,116,49,64,3
DECATUR,124,31,89,4
DEKALB,1627,308,1254,65
DODGE,129,1,106,22
DOOLY,69,8,59,2
DOUGHERTY,651,176,450,25
DOUGLAS,671,117,534,20
EARLY,37,8,16,13
EFFINGHAM,224,23,200,1
ELBERT,101,12,60,29
EMANUEL,132,4,87,41
EVANS,10,1,9,0
FANNIN,48,3,45,0
FAYETTE,250,47,202,1
FLOYD,697,213,401,83
FORSYTH,304,87,211,6
FRANKLIN,87,25,56,6
FULTON,3111,291,2483,337
GILMER,99,1,62,36
GLYNN,375,33,163,179
GORDON,334,126,206,2
GRADY,105,24,80,1
GREENE,53,26,25,2
GWINNETT,2129,94,1526,509
HABERSHAM,184,22,160,2
HALL,781,398,359,24
HANCOCK,14,3,10,1
HARALSON,120,18,98,4
HARRIS,60,6,21,33
HART,51,3,46,2
HEARD,35,2,31,2
HENRY,776,450,326,0
HOUSTON,478,96,380,2
IRWIN,982,4,19,959
JACKSON,208,41,132,35
JASPER,41,12,25,4
JEFFDAVIS/HAZ,42,15,22,5
JEFFERSON,107,54,0,53
JENKINS,35,6,8,21
JOHNSON,32,1,23,8
JONES,104,38,62,4
LAMAR,44,39,5,0
LAURENS,208,50,128,30
LEE,100,20,77,3
LIBERTY,260,20,163,77
LINCOLN,64,10,15,39
LOWNDES,714,129,533,52
LUMPKIN,138,35,77,26
MCDUFFIE,95,12,69,14
MCINTOSH,64,7,38,19
MACON,28,2,26,0
MADISON,97,17,40,40
MARION,20,4,14,2
MERIWETHER,71,1,59,11
MILLER,26,14,6,6
MITCHELL,84,15,62,7
MONROE,116,13,101,2
MORGAN,78,9,68,1
MURRAY,159,20,139,0
MUSCOGEE,1141,216,855,70
NEWTON,404,189,208,7
OCONEE,44,16,24,4
OGLETHORPE,67,16,35,16
PAULDING,330,7,181,142
PEACH,88,4,81,3
PICKENS,79,9,36,34
PIERCE,67,5,61,1
PIKE,26,2,21,3
POLK,207,14,59,134
PULASKI,42,8,34,0
PUTNAM,88,26,58,4
RABUN,108,36,65,7
RANDOLPH,39,3,36,0
RICHMOND,998,48,756,194
ROCKDALE,393,41,316,36
SCHLEY,9,3,6,0
SCREVEN,63,17,31,15
SEMINOLE,42,12,27,3
SPALDING,459,61,397,1
STEPHENS,148,19,107,22
SUMTER,186,11,145,30
TATTNALL,99,15,56,28
TAYLOR,39,5,23,11
TELFAIR,32,0,32,0
TERRELL,35,9,22,4
THOMAS,196,11,183,2
TIFT,243,101,58,84
TOOMBS,125,29,91,5
TOWNS,55,7,42,6
TREUTLEN,40,4,20,16
TROUP,568,158,394,16
TURNER,29,0,29,0
TWIGGS,21,17,0,4
UNION,64,34,25,5
UPSON,117,18,92,7
WALKER,246,54,192,0
WALTON,462,121,323,18
WARE,445,107,225,113
WASHINGTON,91,12,1,78
WAYNE,123,48,0,75
WHEELER,16,2,14,0
WHITE,113,20,82,11
WHITFIELD,489,119,317,53
WILCOX,21,19,0,2
WILKES,52,2,33,17
WILKINSON,30,7,16,7
WORTH,54,17,37,0
