jail,total,convicted_or_sentenced,detained_or_awaiting_trial,other_offense
APPLING,67,17,40,10
ATKINSON,9,1,8,0
BACON,63,45,0,18
BALDWIN,236,59,50,127
BANKS,59,2,40,17
BARROW,315,74,226,15
BARTOW,628,266,339,23
BEN HILL,87,16,64,7
BERRIEN,51,41,0,10
BIBB,844,105,363,376
BLECKLEY,35,9,26,0
BRANTLEY,129,59,29,41
BROOKS,55,6,49,0
BRYAN,29,4,25,0
BULLOCH,318,101,172,45
BURKE,119,1,84,34
BUTTS,170,22,75,73
CALHOUN,31,3,28,0
CAMDEN,146,12,132,2
CANDLER,26,8,17,1
CARROLL,519,3,503,13
CATOOSA,246,25,184,37
CHATHAM,1687,57,1537,93
CHATTOOGA,45,7,18,20
CHEROKEE,531,112,417,2
CLARKE,384,74,308,2
CLAYTON,1544,899,161,484
COBB,1972,510,1462,0
COFFEE,328,38,178,112
COLQUITT,218,49,166,3
COLUMBIA,322,57,249,16
COOK,97,36,15,46
COWETA,333,121,208,4
CRAWFORD,17,0,14,3
CRISP,193,20,88,85
DADE,89,21,40,28
DAWSON,99,58,40,1
DECATUR,88,20,67,1
DEKALB,1812,344,1396,72
DODGE,114,3,94,17
DOOLY,58,12,43,3
DOUGHERTY,673,169,485,19
DOUGLAS,697,132,546,19
EARLY,25,3,17,5
EFFINGHAM,216,53,160,3
ELBERT,95,23,47,25
EMANUEL,101,14,54,33
EVANS,18,0,18,0
FANNIN,69,6,62,1
FAYETTE,251,49,200,2
FLOYD,516,175,331,10
FORSYTH,314,53,261,0
FRANKLIN,109,40,64,5
FULTON,2489,267,1803,419
GILMER,110,5,76,29
GLYNN,419,37,238,144
GORDON,305,115,180,10
GRADY,75,15,56,4
GREENE,49,27,19,3
GWINNETT,2265,101,1450,714
HABERSHAM,176,30,140,6
HALL,785,240,497,48
HANCOCK,14,2,12,0
HARALSON,90,21,68,1
HARRIS,87,10,44,33
HART,43,1,42,0
HEARD,42,19,16,7
HENRY,736,464,272,0
HOUSTON,483,120,361,2
IRWIN,889,3,21,865
JACKSON,155,18,105,32
JASPER,43,9,28,6
JEFFDAVIS/HAZ,41,15,25,1
JEFFERSON,61,36,0,25
JENKINS,22,1,18,3
JOHNSON,26,10,2,14
JONES,127,27,89,11
LAMAR,55,41,14,0
LAURENS,165,18,140,7
LEE,76,19,52,5
LIBERTY,189,34,139,16
LINCOLN,28,14,10,4
LOWNDES,604,152,433,19
LUMPKIN,146,68,59,19
MCDUFFIE,102,17,62,23
MCINTOSH,74,5,55,14
MACON,26,5,21,0
MADISON,104,25,43,36
MARION,26,3,19,4
MERIWETHER,104,5,72,27
MILLER,16,7,5,4
MITCHELL,63,15,46,2
MONROE,94,6,83,5
MORGAN,73,19,50,4
MURRAY,152,32,117,3
MUSCOGEE,1027,113,856,58
NEWTON,359,152,196,11
OCONEE,35,13,22,0
OGLETHORPE,68,8,27,33
PAULDING,198,37,156,5
PEACH,76,6,66,4
PICKENS,103,21,55,27
PIERCE,54,3,50,1
PIKE,23,1,22,0
POLK,476,34,95,347
PULASKI,24,0,24,0
PUTNAM,71,22,46,3
RABUN,90,25,50,15
RANDOLPH,55,18,37,0
RICHMOND,867,68,673,126
ROCKDALE,344,57,266,21
SCHLEY,8,4,4,0
SCREVEN,46,10,23,13
SEMINOLE,53,6,45,2
SPALDING,382,28,347,7
STEPHENS,168,39,116,13
SUMTER,155,3,107,45
TATTNALL,74,13,32,29
TAYLOR,41,9,21,11
TELFAIR,37,0,36,1
TERRELL,7,1,6,0
THOMAS,180,26,153,1
TIFT,147,118,0,29
TOOMBS,122,47,71,4
TOWNS,39,3,22,14
TREUTLEN,49,5,18,26
TROUP,519,153,348,18
TURNER,40,19,0,21
TWIGGS,18,17,0,1
UNION,73,41,27,5
UPSON,128,17,105,6
WALKER,233,22,211,0
WALTON,399,137,244,18
WARE,404,78,224,102
WASHINGTON,80,10,0,70
WAYNE,106,37,0,69
WHEELER,2,1,1,0
WHITE,122,14,102,6
WHITFIELD,475,126,314,35
WILCOX,10,8,0,2
WILKES,42,9,25,8
WILKINSON,39,3,32,4
WORTH,39,11,28,0
