jail,total,convicted_or_sentenced,detained_or_awaiting_trial,other_offense
APPLING,71,14,33,24
ATKINSON,14,1,11,2
BACON,67,49,0,18
BALDWIN,227,75,44,108
BANKS,60,9,18,33
BARROW,307,44,254,9
BARTOW,635,263,354,18
BEN HILL,107,17,83,7
BERRIEN,85,41,0,44
BIBB,821,124,352,345
BLECKLEY,36,0,36,0
BRANTLEY,121,39,36,46
BROOKS,69,1,64,4
BRYAN,38,4,27,7
BULLOCH,423,130,221,72
BURKE,136,1,96,39
BUTTS,190,19,86,85
CALHOUN,24,5,19,0
CAMDEN,112,4,103,5
CANDLER,26,7,18,1
CARROLL,460,4,436,20
CATOOSA,236,19,144,73
CHATHAM,1600,64,1485,51
CHATTOOGA,44,14,14,16
CHEROKEE,498,85,412,1
CLARKE,358,86,271,1
CLAYTON,1657,974,183,500
COBB,2013,562,1451,0
COFFEE,340,40,184,116
COLQUITT,219,54,154,11
COLUMBIA,310,55,244,11
COOK,75,29,23,23
COWETA,364,152,207,5
CRAWFORD,20,1,18,1
CRISP,228,21,103,104
DADE,61,15,40,6
DAWSON,103,67,1,35
DECATUR,90,10,77,3
DEKALB,1865,354,1437,74
DODGE,109,8,79,22
DOOLY,96,16,51,29
DOUGHERTY,661,144,502,15
DOUGLAS,689,127,544,18
EARLY,39,4,27,8
EFFINGHAM,200,20,177,3
ELBERT,94,15,52,27
EMANUEL,108,15,72,21
EVANS,17,0,17,0
FANNIN,54,4,49,1
FAYETTE,254,65,187,2
FLOYD,607,165,341,101
FORSYTH,345,131,214,0
FRANKLIN,85,28,54,3
FULTON,2581,234,1923,424
GILMER,121,7,100,14
GLYNN,426,65,224,137
GORDON,321,118,193,10
GRADY,69,15,53,1
GREENE,72,34,31,7
GWINNETT,2126,66,1454,606
HABERSHAM,159,15,138,6
HALL,790,392,378,20
HANCOCK,17,4,13,0
HARALSON,102,11,90,1
HARRIS,71,7,29,35
HART,50,2,45,3
HEARD,54,11,40,3
HENRY,830,490,340,0
HOUSTON,437,113,322,2
IRWIN,988,10,17,961
JACKSON,172,22,130,20
JASPER,69,11,57,1
JEFFDAVIS/HAZ,58,11,45,2
JEFFERSON,69,47,0,22
JENKINS,16,5,3,8
JOHNSON,27,11,1,15
JONES,97,26,62,9
LAMAR,55,45,10,0
LAURENS,172,21,145,6
LEE,83,0,82,1
LIBERTY,172,29,119,24
LINCOLN,62,1,21,40
LOWNDES,579,103,461,15
LUMPKIN,137,43,67,27
MCDUFFIE,83,6,62,15
MCINTOSH,84,4,70,10
MACON,22,0,22,0
MADISON,84,9,39,36
MARION,19,3,14,2
MERIWETHER,80,1,67,12
MILLER,25,8,15,2
MITCHELL,52,7,43,2
MONROE,96,2,93,1
MORGAN,52,15,32,5
MURRAY,150,32,118,0
MUSCOGEE,1124,162,886,76
NEWTON,415,334,81,0
OCONEE,32,13,19,0
OGLETHORPE,60,9,35,16
PAULDING,226,54,159,13
PEACH,99,6,89,4
PICKENS,69,39,25,5
PIERCE,66,5,60,1
PIKE,23,4,19,0
POLK,214,18,51,145
PULASKI,29,5,24,0
PUTNAM,78,20,55,3
RABUN,105,29,66,10
RANDOLPH,53,1,52,0
RICHMOND,938,41,763,134
ROCKDALE,332,55,244,33
SCHLEY,2,2,0,0
SCREVEN,45,11,22,12
SEMINOLE,60,9,48,3
SPALDING,440,33,404,3
STEPHENS,175,23,140,12
SUMTER,154,9,98,47
TATTNALL,95,12,54,29
TAYLOR,33,2,18,13
TELFAIR,32,0,31,1
TERRELL,34,2,11,21
THOMAS,199,35,162,2
TIFT,294,169,60,65
TOOMBS,111,32,72,7
TOWNS,62,1,38,23
TREUTLEN,44,2,18,24
TROUP,500,155,337,8
TURNER,46,29,0,17
TWIGGS,22,20,0,2
UNION,64,28,33,3
UPSON,106,11,84,11
WALKER,245,57,188,0
WALTON,422,161,246,15
WARE,410,83,223,104
WASHINGTON,71,14,0,57
WAYNE,126,42,0,84
WHEELER,7,0,7,0
WHITE,115,19,92,4
WHITFIELD,477,109,308,60
WILCOX,13,12,1,0
WILKES,35,11,20,4
WILKINSON,36,1,31,4
WORTH,37,10,27,0
