jail,total,convicted_or_sentenced,detained_or_awaiting_trial,other_offense
APPLING,71,9,52,10
ATKINSON,14,2,12,0
BACON,54,39,0,15
BALDWIN,260,92,43,125
BANKS,72,8,29,35
BARROW,307,49,253,5
BARTOW,689,300,363,26
BEN HILL,82,15,60,7
BERRIEN,84,44,0,40
BIBB,835,59,402,374
BLECKLEY,48,7,41,0
BRANTLEY,120,54,36,30
BROOKS,61,2,59,0
BRYAN,37,4,9,24
BULLOCH,348,102,243,3
BURKE,110,0,80,30
BUTTS,215,10,119,86
CALHOUN,24,6,13,5
CAMDEN,110,8,97,5
CANDLER,25,7,15,3
CARROLL,430,2,421,7
CATOOSA,207,26,181,0
CHATHAM,1835,77,1671,87
CHATTOOGA,37,9,13,15
CHEROKEE,488,79,408,1
CLARKE,407,76,328,3
CLAYTON,1826,1002,169,655
COBB,2049,537,1512,0
COFFEE,418,31,239,148
COLQUITT,135,42,84,9
COLUMBIA,303,56,229,18
COOK,82,39,19,24
COWETA,376,155,213,8
CRAWFORD,16,2,13,1
CRISP,233,51,113,69
DADE,71,15,37,19
DAWSON,109,49,60,0
DECATUR,138,28,101,9
DEKALB,1614,306,1244,64
DODGE,138,3,110,25
DOOLY,64,4,58,2
DOUGHERTY,604,153,432,19
DOUGLAS,637,131,494,12
EARLY,40,3,23,14
EFFINGHAM,189,28,160,1
ELBERT,102,16,60,26
EMANUEL,127,10,77,40
EVANS,12,1,11,0
FANNIN,42,5,37,0
FAYETTE,243,49,191,3
FLOYD,700,181,436,83
FORSYTH,322,80,238,4
FRANKLIN,81,37,44,0
FULTON,3223,283,2565,375
GILMER,102,6,60,36
GLYNN,397,37,213,147
GORDON,342,122,218,2
GRADY,98,30,67,1
GREENE,62,28,29,5
GWINNETT,2165,115,1505,545
HABERSHAM,183,17,164,2
HALL,763,390,350,23
HANCOCK,18,4,13,1
HARALSON,119,15,104,0
HARRIS,64,12,19,33
HART,48,6,42,0
HEARD,43,10,31,2
HENRY,736,437,299,0
HOUSTON,455,107,348,0
IRWIN,990,1,21,968
JACKSON,192,37,137,18
JASPER,53,12,39,2
JEFFDAVIS/HAZ,31,14,11,6
JEFFERSON,116,53,0,63
JENKINS,27,1,23,3
JOHNSON,24,9,0,15
JONES,121,36,79,6
LAMAR,54,42,12,0
LAURENS,454,271,130,53
LEE,98,25,72,1
LIBERTY,235,17,153,65
LINCOLN,55,6,12,37
LOWNDES,656,122,495,39
LUMPKIN,159,50,67,42
MCDUFFIE,94,15,16,63
MCINTOSH,81,8,53,20
MACON,25,2,23,0
MADISON,88,24,34,30
MARION,23,4,16,3
MERIWETHER,85,3,67,15
MILLER,26,14,10,2
MITCHELL,63,7,52,4
MONROE,103,23,79,1
MORGAN,84,25,56,3
MURRAY,159,9,150,0
MUSCOGEE,1170,215,885,70
NEWTON,422,238,182,2
OCONEE,39,11,27,1
OGLETHORPE,69,18,30,21
PAULDING,249,52,194,3
PEACH,90,2,86,2
PICKENS,78,16,34,28
PIERCE,62,8,52,2
PIKE,21,0,21,0
POLK,189,12,58,119
PULASKI,43,4,39,0
PUTNAM,77,18,54,5
RABUN,175,58,94,23
RANDOLPH,44,9,35,0
RICHMOND,985,58,785,142
ROCKDALE,351,52,255,44
SCHLEY,8,4,4,0
SCREVEN,61,17,28,16
SEMINOLE,38,6,30,2
SPALDING,464,69,394,1
STEPHENS,114,13,91,10
SUMTER,185,11,144,30
TATTNALL,86,14,48,24
TAYLOR,35,3,23,9
TELFAIR,32,1,30,1
TERRELL,27,4,22,1
THOMAS,186,19,165,2
TIFT,223,101,51,71
TOOMBS,115,34,76,5
TOWNS,62,2,31,29
TREUTLEN,44,10,18,16
TROUP,501,132,365,4
TURNER,24,8,0,16
TWIGGS,31,28,0,3
UNION,70,38,30,2
UPSON,139,21,109,9
WALKER,263,66,197,0
WALTON,449,129,297,23
WARE,459,101,229,129
WASHINGTON,87,13,0,74
WAYNE,127,40,0,87
WHEELER,14,0,9,5
WHITE,123,21,96,6
WHITFIELD,515,102,367,46
WILCOX,11,11,0,0
WILKES,36,5,28,3
WILKINSON,41,21,18,2
WORTH,57,10,46,1
