jail,total,convicted_or_sentenced,detained_or_awaiting_trial,other_offense
ATKINSON,15,0,15,0
BACON,49,36,0,13
BALDWIN,171,54,55,62
BANKS,37,5,27,5
BARROW,229,46,175,8
BARTOW,609,244,359,6
BEN HILL,126,22,101,3
BERRIEN,73,53,0,20
BIBB,775,85,476,214
BLECKLEY,39,2,37,0
BRANTLEY,120,24,94,2
BROOKS,68,66,0,2
BRYAN,25,3,22,0
BULLOCH,353,53,299,1
BURKE,58,1,45,12
BUTTS,265,101,0,164
CALHOUN,12,6,6,0
CAMDEN,116,10,100,6
CANDLER,27,2,23,2
CARROLL,333,2,325,6
CATOOSA,180,19,144,17
CHATHAM,1299,7,1226,66
CHATTOOGA,39,3,20,16
CHEROKEE,348,33,314,1
CLARKE,297,30,266,1
CLAYTON,1956,782,1075,99
COBB,1209,213,996,0
COFFEE,386,20,248,118
COLQUITT,208,3,202,3
COLUMBIA,229,14,200,15
COOK,76,14,56,6
COWETA,370,171,195,4
CRAWFORD,26,6,19,1
CRISP,184,16,97,71
DADE,76,17,38,21
DAWSON,104,20,80,4
DECATUR,120,17,103,0
DEKALB,1277,246,979,52
DODGE,147,8,129,10
DOOLY,90,2,74,14
DOUGHERTY,554,118,430,6
DOUGLAS,344,24,313,7
EARLY,28,4,20,4
EFFINGHAM,133,9,124,0
ELBERT,71,5,55,11
EMANUEL,121,7,60,54
EVANS,0,0,0,0
FANNIN,50,7,43,0
FAYETTE,190,10,179,1
FLOYD,546,137,370,39
FORSYTH,288,61,225,2
FRANKLIN,74,10,64,0
FULTON,2922,58,2586,278
GILMER,81,4,52,25
GLYNN,369,21,279,69
GORDON,255,89,163,3
GRADY,84,12,70,2
GREENE,40,14,26,0
GWINNETT,1749,58,1553,138
HABERSHAM,119,7,109,3
HALL,547,279,252,16
HANCOCK,21,5,15,1
HARALSON,99,18,78,3
HARRIS,34,1,27,6
HART,28,1,24,3
HEARD,46,1,44,1
HENRY,571,245,326,0
HOUSTON,474,44,426,4
IRWIN,406,0,18,388
JACKSON,163,26,129,8
JASPER,26,14,9,3
JEFFDAVIS/HAZ,43,6,37,0
JEFFERSON,98,46,0,52
JENKINS,47,3,19,25
JOHNSON,24,7,5,12
JONES,134,21,88,25
LAMAR,68,56,12,0
LAURENS,205,69,94,42
LEE,66,1,64,1
LIBERTY,198,10,138,50
LINCOLN,39,4,18,17
LOWNDES,611,72,507,32
LUMPKIN,106,26,74,6
MCDUFFIE,76,2,58,16
MCINTOSH,63,1,46,16
MACON,20,1,19,0
MADISON,81,12,47,22
MARION,10,0,9,1
MERIWETHER,68,0,59,9
MILLER,25,8,12,5
MITCHELL,106,16,88,2
MONROE,131,9,121,1
MORGAN,64,9,55,0
MURRAY,120,19,96,5
MUSCOGEE,924,132,737,55
NEWTON,277,52,221,4
OCONEE,24,9,14,1
OGLETHORPE,57,26,19,12
PAULDING,171,27,142,2
PEACH,94,64,0,30
PICKENS,76,12,56,8
PIERCE,72,7,64,1
PIKE,27,2,12,13
POLK,120,2,25,93
PULASKI,37,1,36,0
PUTNAM,78,9,66,3
RABUN,78,16,60,2
RANDOLPH,44,6,38,0
RICHMOND,952,8,839,105
ROCKDALE,235,30,195,10
SCHLEY,8,3,5,0
SCREVEN,46,5,23,18
SEMINOLE,39,10,29,0
SPALDING,340,26,314,0
STEPHENS,186,20,151,15
SUMTER,136,4,96,36
TATTNALL,80,9,36,35
TAYLOR,17,1,16,0
TELFAIR,53,0,51,2
TERRELL,12,0,12,0
THOMAS,145,38,106,1
TIFT,246,95,39,112
TOOMBS,99,17,79,3
TOWNS,32,9,10,13
TREUTLEN,38,7,12,19
TROUP,964,489,431,44
TURNER,22,2,20,0
TWIGGS,17,17,0,0
UNION,45,17,24,4
UPSON,115,27,85,3
WALKER,233,33,200,0
WALTON,448,113,328,7
WARE,439,49,297,93
WASHINGTON,96,8,0,88
WAYNE,88,26,0,62
WHEELER,15,0,15,0
WHITE,71,11,59,1
WHITFIELD,466,141,308,17
WILCOX,19,15,2,2
WILKES,41,1,26,14
WILKINSON,41,2,0,39
WORTH,53,8,45,0
