jail,total,convicted_or_sentenced,detained_or_awaiting_trial,other_offense
ATKINSON,8,0,8,0
BACON,38,29,0,9
BALDWIN,174,34,46,94
BANKS,23,3,20,0
BARROW,192,29,157,6
BARTOW,409,182,224,3
BEN HILL,91,14,71,6
BERRIEN,50,23,0,27
BIBB,622,106,275,241
BLECKLEY,35,5,30,0
BRANTLEY,100,33,56,11
BROOKS,20,0,19,1
BRYAN,14,5,9,0
BULLOCH,245,36,207,2
BURKE,90,1,76,13
BUTTS,188,2,74,112
CALHOUN,26,3,20,3
CAMDEN,110,7,99,4
CANDLER,23,8,13,2
CARROLL,252,4,244,4
CATOOSA,115,14,101,0
CHATHAM,1192,74,1060,58
CHATTOOGA,47,11,19,17
CHEROKEE,351,54,297,0
CLARKE,225,54,171,0
CLAYTON,1867,742,951,174
COBB,1121,260,852,9
COFFEE,283,39,175,69
COLQUITT,118,28,89,1
COLUMBIA,200,58,134,8
COOK,58,29,19,10
COWETA,243,88,153,2
CRAWFORD,20,0,19,1
CRISP,229,29,115,85
DADE,43,14,23,6
DAWSON,65,23,41,1
DECATUR,97,8,87,2
DEKALB,1292,245,996,51
DODGE,121,4,96,21
DOOLY,45,5,39,1
DOUGHERTY,418,58,354,6
DOUGLAS,387,45,339,3
EARLY,17,4,8,5
EFFINGHAM,127,18,109,0
ELBERT,36,2,28,6
EMANUEL,130,8,74,48
EVANS,2,0,2,0
FANNIN,32,2,30,0
FAYETTE,115,20,93,2
FLOYD,434,143,257,34
FORSYTH,306,71,235,0
FRANKLIN,62,10,50,2
FULTON,2436,172,2021,243
GILMER,55,7,39,9
GLYNN,349,51,222,76
GORDON,193,71,120,2
GRADY,78,15,61,2
GREENE,43,26,16,1
GWINNETT,1732,159,1556,17
HABERSHAM,100,17,82,1
HALL,387,198,178,11
HANCOCK,27,1,25,1
HARALSON,108,16,90,2
HARRIS,22,1,15,6
HART,26,3,23,0
HEARD,27,2,25,0
HENRY,352,197,155,0
HOUSTON,317,46,271,0
IRWIN,691,2,11,678
JACKSON,98,18,73,7
JASPER,21,5,11,5
JEFFDAVIS/HAZ,35,14,19,2
JEFFERSON,105,51,0,54
JENKINS,45,1,11,33
JOHNSON,33,3,19,11
LAMAR,51,40,7,4
LAURENS,152,39,80,33
LEE,57,4,51,2
LIBERTY,160,10,111,39
LINCOLN,60,10,16,34
LOWNDES,515,107,385,23
LUMPKIN,81,13,53,15
MCDUFFIE,94,11,65,18
MCINTOSH,37,2,24,11
MACON,23,2,20,1
MADISON,69,4,44,21
MARION,15,2,5,8
MERIWETHER,47,0,40,7
MILLER,15,9,6,0
MITCHELL,87,12,74,1
MONROE,105,10,91,4
MORGAN,65,12,52,1
MURRAY,141,22,109,10
MUSCOGEE,872,85,753,34
NEWTON,340,154,179,7
OCONEE,17,5,12,0
OGLETHORPE,44,11,20,13
PAULDING,128,24,102,2
PEACH,52,50,0,2
PICKENS,47,6,28,13
PIERCE,38,3,34,1
PIKE,14,3,10,1
POLK,125,11,20,94
PULASKI,34,32,1,1
PUTNAM,73,22,50,1
RABUN,44,10,26,8
RANDOLPH,26,2,24,0
RICHMOND,896,36,751,109
ROCKDALE,175,31,134,10
SCHLEY,5,0,5,0
SCREVEN,35,3,19,13
SEMINOLE,19,6,13,0
STEPHENS,110,17,81,12
SUMTER,114,3,88,23
TATTNALL,38,6,19,13
TAYLOR,17,2,15,0
TELFAIR,15,0,15,0
TERRELL,15,5,9,1
THOMAS,146,20,126,0
TIFT,200,74,38,88
TOOMBS,90,38,50,2
TOWNS,25,5,18,2
TREUTLEN,23,2,10,11
TROUP,441,74,363,4
TURNER,39,24,0,15
TWIGGS,21,20,0,1
UNION,27,5,13,9
UPSON,55,20,32,3
WALKER,122,21,101,0
WALTON,388,133,243,12
WARE,322,54,200,68
WASHINGTON,76,20,0,56
WAYNE,98,31,0,67
WHEELER,6,0,6,0
WHITE,51,9,39,3
WHITFIELD,329,89,194,46
WILCOX,18,17,1,0
WILKES,34,2,26,6
WILKINSON,24,2,0,22
WORTH,40,5,35,0
