jail,total,convicted_or_sentenced,detained_or_awaiting_trial,other_offense
ATKINSON,15,2,13,0
BACON,36,24,0,12
BALDWIN,196,44,62,90
BANKS,40,0,30,10
BARROW,248,56,184,8
BARTOW,529,187,333,9
BEN HILL,110,16,91,3
BERRIEN,81,63,0,18
BIBB,599,86,270,243
BLECKLEY,36,7,29,0
BRANTLEY,111,16,93,2
BROOKS,61,2,59,0
BRYAN,26,0,22,4
BULLOCH,347,38,308,1
BURKE,111,1,89,21
BUTTS,242,83,0,159
CALHOUN,19,6,13,0
CAMDEN,128,11,113,4
CANDLER,31,6,23,2
CARROLL,286,4,278,4
CATOOSA,178,20,148,10
CHATHAM,1341,12,1274,55
CHATTOOGA,41,3,15,23
CHEROKEE,353,34,318,1
CLARKE,311,40,271,0
CLAYTON,1965,746,1116,103
COBB,1262,234,1028,0
COFFEE,361,9,252,100
COLQUITT,349,213,132,4
COLUMBIA,208,19,178,11
COOK,84,18,61,5
COWETA,322,165,154,3
CRAWFORD,29,0,25,4
CRISP,208,21,100,87
DADE,62,8,42,12
DAWSON,105,32,70,3
DECATUR,127,27,100,0
DEKALB,1219,232,939,48
DODGE,114,6,98,10
DOOLY,72,0,65,7
DOUGHERTY,582,103,466,13
DOUGLAS,378,42,335,1
EARLY,33,2,26,5
EFFINGHAM,124,10,114,0
ELBERT,66,7,58,1
EMANUEL,157,14,86,57
EVANS,15,1,14,0
FANNIN,65,6,59,0
FAYETTE,161,14,146,1
FLOYD,520,121,380,19
FORSYTH,319,77,238,4
FRANKLIN,77,17,60,0
FULTON,2774,67,2437,270
GILMER,78,6,48,24
GLYNN,394,29,328,37
GORDON,267,81,184,2
GRADY,86,18,66,2
GREENE,44,18,25,1
GWINNETT,1787,81,1691,15
HABERSHAM,128,12,113,3
HALL,555,283,255,17
HANCOCK,20,5,15,0
HARALSON,109,23,83,3
HARRIS,36,1,28,7
HART,34,6,27,1
HEARD,37,2,35,0
HENRY,520,214,306,0
HOUSTON,430,21,407,2
IRWIN,491,1,12,478
JACKSON,159,24,125,10
JASPER,13,1,11,1
JEFFDAVIS/HAZ,46,17,28,1
JEFFERSON,104,38,0,66
JENKINS,35,3,16,16
JOHNSON,19,5,6,8
JONES,110,13,66,31
LAMAR,46,35,11,0
LAURENS,191,49,95,47
LEE,66,5,58,3
LIBERTY,194,5,146,43
LINCOLN,52,13,11,28
LOWNDES,624,89,503,32
LUMPKIN,110,22,82,6
MCDUFFIE,79,0,61,18
MCINTOSH,64,1,47,16
MACON,24,1,23,0
MADISON,54,9,36,9
MARION,11,1,7,3
MERIWETHER,62,0,47,15
MILLER,25,6,15,4
MITCHELL,99,15,80,4
MONROE,147,10,136,1
MORGAN,70,11,59,0
MURRAY,122,28,86,8
MUSCOGEE,959,149,746,64
NEWTON,297,61,224,12
OCONEE,16,2,14,0
OGLETHORPE,60,26,23,11
PAULDING,150,29,120,1
PEACH,75,19,52,4
PICKENS,80,9,50,21
PIERCE,69,8,61,0
PIKE,23,1,20,2
POLK,126,6,35,85
PULASKI,41,4,36,1
PUTNAM,75,13,60,2
RABUN,117,45,63,9
RANDOLPH,52,7,45,0
RICHMOND,978,17,859,102
ROCKDALE,233,18,205,10
SCHLEY,7,1,6,0
SCREVEN,30,10,13,7
SEMINOLE,34,4,28,2
SPALDING,367,33,331,3
STEPHENS,160,13,131,16
SUMTER,150,7,111,32
TATTNALL,78,10,46,22
TAYLOR,14,1,13,0
TELFAIR,42,0,42,0
TERRELL,17,1,14,2
THOMAS,197,36,160,1
TIFT,244,98,40,106
TOOMBS,78,15,59,4
TOWNS,30,1,22,7
TREUTLEN,40,6,19,15
TROUP,471,66,402,3
TURNER,19,1,16,2
TWIGGS,16,15,0,1
UNION,46,15,26,5
UPSON,89,14,72,3
WALKER,189,14,175,0
WALTON,466,62,396,8
WARE,400,27,307,66
WASHINGTON,82,14,0,68
WAYNE,89,21,0,68
WHEELER,7,2,5,0
WHITE,68,6,58,4
WHITFIELD,415,92,304,19
WILCOX,19,16,2,1
WILKES,40,7,22,11
WILKINSON,36,7,1,28
WORTH,49,1,48,0
