jail,total,convicted_or_sentenced,detained_or_awaiting_trial,other_offense
ATKINSON,15,2,13,0
BACON,45,35,0,10
BALDWIN,224,85,43,96
BANKS,55,5,43,7
BARROW,290,39,241,10
BARTOW,607,230,363,14
BEN HILL,98,18,77,3
BERRIEN,85,50,0,35
BIBB,1271,520,430,321
BLECKLEY,38,3,35,0
BRANTLEY,114,37,43,34
BROOKS,44,2,40,2
BRYAN,32,2,28,2
BULLOCH,344,68,274,2
BURKE,124,1,82,41
BUTTS,208,19,88,101
CALHOUN,29,8,20,1
CAMDEN,92,4,84,4
CANDLER,30,2,26,2
CARROLL,386,5,375,6
CATOOSA,242,45,197,0
CHATHAM,1725,81,1566,78
CHATTOOGA,43,4,18,21
CHEROKEE,367,52,315,0
CLARKE,358,65,292,1
CLAYTON,2087,1242,151,694
COBB,1696,409,1287,0
COFFEE,440,37,280,123
COLQUITT,214,49,156,9
COLUMBIA,280,50,217,13
COOK,93,40,10,43
COWETA,350,99,247,4
CRAWFORD,27,0,22,5
CRISP,247,84,77,86
DADE,78,14,43,21
DAWSON,88,30,53,5
DECATUR,110,22,82,6
DEKALB,1565,297,1206,62
DODGE,130,1,107,22
DOOLY,65,9,54,2
DOUGHERTY,587,132,424,31
DOUGLAS,588,76,504,8
EARLY,21,4,9,8
EFFINGHAM,201,18,183,0
ELBERT,104,11,74,19
EMANUEL,112,8,71,33
EVANS,26,6,10,10
FANNIN,41,1,40,0
FAYETTE,214,53,158,3
FLOYD,627,193,375,59
FORSYTH,348,77,267,4
FRANKLIN,65,16,48,1
FULTON,2807,223,2270,314
GILMER,107,7,67,33
GLYNN,366,28,230,108
GORDON,309,97,209,3
GRADY,91,16,72,3
GREENE,66,14,51,1
GWINNETT,1882,61,1495,326
HABERSHAM,151,14,129,8
HALL,707,361,325,21
HANCOCK,32,6,26,0
HARALSON,135,25,108,2
HARRIS,52,4,24,24
HART,44,1,42,1
HEARD,37,6,28,3
HENRY,723,414,309,0
HOUSTON,453,69,382,2
IRWIN,900,5,26,869
JACKSON,170,37,109,24
JASPER,35,24,5,6
JEFFDAVIS/HAZ,41,12,29,0
JEFFERSON,109,53,0,56
JENKINS,31,21,9,1
JOHNSON,25,8,0,17
JONES,99,25,70,4
LAMAR,42,35,7,0
LAURENS,226,78,101,47
LEE,78,8,68,2
LIBERTY,196,11,141,44
LINCOLN,70,13,21,36
LOWNDES,636,115,494,27
LUMPKIN,157,33,80,44
MCDUFFIE,97,10,70,17
MCINTOSH,65,4,41,20
MACON,27,1,26,0
MADISON,80,7,47,26
MARION,20,0,10,10
MERIWETHER,75,3,53,19
MILLER,29,10,11,8
MITCHELL,84,15,62,7
MONROE,111,10,96,5
MORGAN,83,16,64,3
MURRAY,128,24,91,13
MUSCOGEE,973,134,782,57
NEWTON,374,155,210,9
OCONEE,27,10,17,0
OGLETHORPE,54,23,26,5
PAULDING,195,35,155,5
PEACH,98,75,22,1
PICKENS,81,7,54,20
PIERCE,72,7,63,2
PIKE,14,0,14,0
POLK,183,9,44,130
PULASKI,36,6,29,1
PUTNAM,74,18,54,2
RABUN,107,20,58,29
RANDOLPH,37,5,32,0
RICHMOND,991,55,765,171
ROCKDALE,341,34,270,37
SCHLEY,6,4,2,0
SCREVEN,56,13,29,14
SEMINOLE,34,6,28,0
SPALDING,389,47,339,3
STEPHENS,156,20,126,10
SUMTER,150,6,107,37
TATTNALL,89,9,54,26
TAYLOR,23,8,11,4
TELFAIR,23,0,23,0
TERRELL,27,2,23,2
THOMAS,185,18,166,1
TIFT,247,106,50,91
TOOMBS,122,29,84,9
TOWNS,50,5,29,16
TREUTLEN,35,4,13,18
TROUP,516,131,378,7
TURNER,55,31,0,24
TWIGGS,31,28,0,3
UNION,32,19,10,3
UPSON,96,18,66,12
WALKER,231,36,195,0
WALTON,443,131,291,21
WARE,380,60,225,95
WASHINGTON,70,7,0,63
WAYNE,110,38,0,72
WHEELER,9,9,0,0
WHITE,102,11,86,5
WHITFIELD,447,62,334,51
WILCOX,31,30,1,0
WILKES,29,4,16,9
WILKINSON,21,2,13,6
WORTH,51,5,45,1
