jail,total,convicted_or_sentenced,detained_or_awaiting_trial,other_offense
ATKINSON,16,0,16,0
BACON,67,49,0,18
BALDWIN,208,57,51,100
BANKS,68,0,66,2
BARROW,279,28,244,7
BARTOW,524,187,330,7
BEN HILL,109,18,90,1
BERRIEN,66,55,0,11
BIBB,821,60,738,23
BLECKLEY,34,1,33,0
BRANTLEY,98,44,51,3
BROOKS,63,1,61,1
BRYAN,28,2,26,0
BULLOCH,373,58,314,1
BURKE,109,1,83,25
BUTTS,268,119,0,149
CALHOUN,25,3,22,0
CAMDEN,92,7,82,3
CANDLER,19,4,13,2
CARROLL,391,4,377,10
CATOOSA,191,11,154,26
CHATHAM,1178,7,1123,48
CHATTOOGA,43,8,16,19
CHEROKEE,329,32,296,1
CLARKE,343,40,303,0
CLAYTON,1832,694,1036,102
COBB,1586,252,1334,0
COFFEE,368,31,217,120
COLQUITT,296,172,123,1
COLUMBIA,291,38,240,13
COOK,61,8,49,4
COWETA,426,188,234,4
CRAWFORD,25,1,22,2
CRISP,172,19,104,49
DADE,77,26,47,4
DAWSON,127,28,98,1
DECATUR,106,16,83,7
DEKALB,1498,285,1154,59
DODGE,140,5,124,11
DOOLY,64,2,61,1
DOUGHERTY,620,107,508,5
DOUGLAS,689,76,610,3
EARLY,29,11,13,5
EFFINGHAM,189,11,173,5
ELBERT,67,10,56,1
EMANUEL,128,6,66,56
FANNIN,53,7,0,46
FAYETTE,251,17,234,0
FLOYD,540,155,351,34
FORSYTH,322,73,245,4
FRANKLIN,67,15,52,0
FULTON,221,59,162,0
GILMER,84,6,57,21
GLYNN,308,14,209,85
GORDON,229,72,155,2
GRADY,78,18,57,3
GREENE,53,20,30,3
GWINNETT,2053,39,1699,315
HABERSHAM,109,7,102,0
HALL,617,314,284,19
HANCOCK,12,1,11,0
HARALSON,116,15,100,1
HARRIS,61,2,39,20
HART,48,2,41,5
HEARD,63,2,59,2
HENRY,724,275,350,99
HOUSTON,401,37,363,1
IRWIN,306,1,26,279
JACKSON,116,26,82,8
JASPER,49,7,38,4
JEFFDAVIS/HAZ,44,2,40,2
JEFFERSON,102,53,0,49
JENKINS,37,4,15,18
JOHNSON,24,1,21,2
JONES,131,20,109,2
LAMAR,66,55,11,0
LAURENS,210,79,85,46
LEE,87,11,76,0
LIBERTY,171,9,136,26
LINCOLN,39,6,21,12
LOWNDES,621,122,467,32
LUMPKIN,99,21,75,3
MCDUFFIE,174,119,5,50
MCINTOSH,59,0,37,22
MACON,34,0,34,0
MADISON,86,6,60,20
MARION,15,1,13,1
MERIWETHER,69,0,56,13
MILLER,30,3,24,3
MITCHELL,95,5,85,5
MONROE,125,11,104,10
MORGAN,81,20,59,2
MURRAY,162,30,127,5
MUSCOGEE,940,141,742,57
NEWTON,316,117,190,9
OCONEE,34,7,26,1
OGLETHORPE,40,24,12,4
PAULDING,195,26,164,5
PEACH,102,62,0,40
PICKENS,67,8,49,10
PIERCE,60,4,55,1
PIKE,22,2,18,2
POLK,259,6,44,209
PULASKI,28,1,25,2
PUTNAM,74,17,57,0
RABUN,112,52,51,9
RANDOLPH,35,0,35,0
RICHMOND,971,13,890,68
ROCKDALE,294,30,247,17
SCHLEY,1,0,1,0
SCREVEN,28,4,17,7
SEMINOLE,38,11,26,1
SPALDING,484,75,408,1
STEPHENS,168,0,130,38
SUMTER,171,4,134,33
TATTNALL,99,3,50,46
TAYLOR,16,0,16,0
TELFAIR,38,0,38,0
TERRELL,27,1,25,1
THOMAS,139,16,121,2
TIFT,265,97,49,119
TOOMBS,117,10,102,5
TOWNS,40,3,23,14
TREUTLEN,32,7,16,9
TROUP,535,44,469,22
TURNER,56,0,49,7
TWIGGS,31,30,0,1
UNION,55,19,25,11
UPSON,136,10,117,9
WALKER,202,11,191,0
WALTON,506,107,386,13
WARE,406,61,298,47
WASHINGTON,99,34,43,22
WAYNE,106,31,0,75
WHEELER,9,1,8,0
WHITE,78,12,57,9
WHITFIELD,387,60,296,31
WILCOX,60,57,1,2
WILKES,31,4,17,10
WILKINSON,24,3,15,6
WORTH,40,6,33,1
