jail,total,convicted_or_sentenced,detained_or_awaiting_trial,other_offense
ATKINSON,12,0,12,0
BACON,63,47,0,16
BALDWIN,207,66,47,94
BANKS,49,1,48,0
BARROW,258,38,216,4
BARTOW,573,208,360,5
BEN HILL,118,17,100,1
BERRIEN,71,53,0,18
BIBB,848,54,770,24
BLECKLEY,33,2,31,0
BRANTLEY,92,19,62,11
BROOKS,75,2,72,1
BRYAN,39,3,31,5
BULLOCH,368,64,304,0
BURKE,109,1,78,30
BUTTS,276,126,0,150
CALHOUN,21,0,18,3
CAMDEN,103,7,94,2
CANDLER,33,9,21,3
CARROLL,402,3,392,7
CATOOSA,211,14,173,24
CHATHAM,1218,15,1153,50
CHATTOOGA,47,8,21,18
CHEROKEE,329,32,296,1
CLARKE,345,30,312,3
CLAYTON,1848,678,1013,157
COBB,1336,260,1076,0
COFFEE,373,23,230,120
COLQUITT,204,53,88,63
COLUMBIA,282,41,228,13
COOK,81,14,63,4
COWETA,424,176,246,2
CRAWFORD,25,0,24,1
CRISP,178,16,111,51
DADE,86,23,53,10
DAWSON,106,26,77,3
DECATUR,112,28,81,3
DEKALB,1477,281,1137,59
DODGE,122,2,110,10
DOOLY,77,9,67,1
DOUGHERTY,614,102,507,5
DOUGLAS,678,58,607,13
EARLY,33,14,13,6
EFFINGHAM,207,16,186,5
ELBERT,62,11,50,1
EMANUEL,151,6,120,25
FANNIN,57,8,46,3
FAYETTE,270,26,239,5
FLOYD,519,122,368,29
FORSYTH,337,83,251,3
FRANKLIN,77,13,59,5
FULTON,3126,59,2827,240
GILMER,89,6,58,25
GLYNN,308,4,227,77
GORDON,238,69,169,0
GRADY,73,14,56,3
GREENE,52,21,29,2
GWINNETT,2027,34,1674,319
HABERSHAM,102,9,93,0
HALL,627,320,288,19
HANCOCK,17,2,15,0
HARALSON,125,20,94,11
HARRIS,59,5,36,18
HART,48,4,40,4
HEARD,60,4,54,2
HENRY,717,267,350,100
HOUSTON,422,72,349,1
IRWIN,267,2,24,241
JACKSON,138,32,100,6
JASPER,49,8,37,4
JEFFDAVIS/HAZ,46,7,39,0
JEFFERSON,112,59,0,53
JENKINS,42,3,18,21
JOHNSON,27,2,20,5
JONES,132,15,96,21
LAMAR,71,51,20,0
LAURENS,218,86,84,48
LEE,92,10,82,0
LIBERTY,167,9,121,37
LINCOLN,24,7,17,0
LOWNDES,632,116,478,38
LUMPKIN,88,19,65,4
MCDUFFIE,199,140,0,59
MCINTOSH,60,1,36,23
MACON,22,0,22,0
MADISON,77,5,53,19
MARION,17,1,15,1
MERIWETHER,72,0,59,13
MILLER,31,5,20,6
MITCHELL,97,13,80,4
MONROE,137,11,117,9
MORGAN,86,16,66,4
MURRAY,178,29,145,4
MUSCOGEE,951,145,744,62
NEWTON,323,109,206,8
OCONEE,26,5,19,2
OGLETHORPE,59,35,16,8
PAULDING,298,30,158,110
PEACH,96,65,0,31
PICKENS,79,6,57,16
PIERCE,57,2,53,2
PIKE,23,0,22,1
POLK,200,3,36,161
PULASKI,36,0,35,1
PUTNAM,71,15,56,0
RABUN,98,50,40,8
RANDOLPH,37,0,35,2
RICHMOND,983,16,884,83
ROCKDALE,253,25,205,23
SCHLEY,3,2,1,0
SCREVEN,23,6,12,5
SEMINOLE,49,13,36,0
SPALDING,510,54,455,1
STEPHENS,164,0,129,35
SUMTER,174,6,137,31
TATTNALL,92,4,38,50
TAYLOR,10,1,9,0
TELFAIR,41,0,41,0
TERRELL,25,2,21,2
THOMAS,177,22,153,2
TIFT,256,95,37,124
TOOMBS,123,15,105,3
TOWNS,43,6,31,6
TREUTLEN,40,3,21,16
TROUP,538,75,455,8
TURNER,49,12,37,0
TWIGGS,32,30,0,2
UNION,42,12,24,6
UPSON,140,10,125,5
WALKER,210,21,189,0
WALTON,535,152,373,10
WARE,410,65,291,54
WASHINGTON,102,34,55,13
WAYNE,127,46,0,81
WHEELER,9,0,8,1
WHITE,81,4,70,7
WHITFIELD,339,37,271,31
WILCOX,25,24,1,0
WILKES,38,3,23,12
WILKINSON,21,5,14,2
WORTH,38,9,29,0
