jail,total,convicted_or_sentenced,detained_or_awaiting_trial,other_offense
ATKINSON,15,0,15,0
BACON,48,35,0,13
BALDWIN,202,53,60,89
BANKS,47,4,42,1
BARROW,247,36,205,6
BARTOW,596,215,371,10
BEN HILL,117,17,97,3
BERRIEN,72,58,0,14
BIBB,831,55,750,26
BLECKLEY,38,2,36,0
BRANTLEY,89,12,71,6
BROOKS,72,2,69,1
BRYAN,39,3,31,5
BULLOCH,382,63,319,0
BURKE,116,1,83,32
BUTTS,252,112,0,140
CALHOUN,13,2,11,0
CAMDEN,118,6,108,4
CANDLER,37,6,27,4
CARROLL,406,4,393,9
CATOOSA,219,15,182,22
CHATHAM,1204,16,1140,48
CHATTOOGA,52,7,24,21
CHEROKEE,329,32,296,1
CLARKE,357,36,320,1
CLAYTON,1934,732,1091,111
COBB,1328,252,1076,0
COFFEE,405,23,257,125
COLQUITT,380,217,159,4
COLUMBIA,286,34,226,26
COOK,80,11,62,7
COWETA,421,177,239,5
CRAWFORD,25,0,23,2
CRISP,172,12,115,45
DADE,85,28,44,13
DAWSON,111,28,78,5
DECATUR,118,27,90,1
DEKALB,1441,274,1109,58
DODGE,131,1,116,14
DOOLY,70,5,64,1
DOUGHERTY,597,100,492,5
DOUGLAS,584,40,533,11
EARLY,30,10,16,4
EFFINGHAM,191,11,174,6
ELBERT,68,3,65,0
EMANUEL,130,4,78,48
FANNIN,65,4,61,0
FAYETTE,234,11,218,5
FLOYD,548,127,389,32
FORSYTH,332,74,254,4
FRANKLIN,76,13,63,0
FULTON,3066,49,2740,277
GILMER,87,5,62,20
GLYNN,340,11,238,91
GORDON,242,77,164,1
GRADY,94,28,64,2
GREENE,51,19,30,2
GWINNETT,1944,34,1660,250
HABERSHAM,119,23,93,3
HALL,589,300,271,18
HANCOCK,16,2,14,0
HARALSON,110,12,96,2
HARRIS,61,1,39,21
HART,39,2,35,2
HEARD,53,2,49,2
HENRY,695,195,400,100
HOUSTON,456,64,391,1
IRWIN,293,1,31,261
JACKSON,136,29,102,5
JASPER,43,10,29,4
JEFFDAVIS/HAZ,50,11,38,1
JEFFERSON,121,66,0,55
JENKINS,46,2,14,30
JOHNSON,29,7,20,2
JONES,120,15,87,18
LAMAR,67,51,10,6
LAURENS,194,53,92,49
LEE,82,5,77,0
LIBERTY,172,10,133,29
LINCOLN,39,8,21,10
LOWNDES,631,90,507,34
LUMPKIN,78,17,60,1
MCDUFFIE,102,10,81,11
MCINTOSH,75,2,52,21
MACON,20,0,20,0
MADISON,69,4,49,16
MARION,13,0,12,1
MERIWETHER,66,0,56,10
MILLER,32,4,16,12
MITCHELL,97,7,85,5
MONROE,139,13,122,4
MORGAN,87,18,65,4
MURRAY,162,28,132,2
MUSCOGEE,960,151,746,63
NEWTON,333,108,216,9
OCONEE,34,8,23,3
OGLETHORPE,41,23,14,4
PAULDING,197,34,145,18
PEACH,107,103,0,4
PICKENS,79,7,61,11
PIERCE,50,4,44,2
PIKE,22,1,20,1
POLK,168,3,34,131
PULASKI,39,4,35,0
PUTNAM,68,10,56,2
RABUN,101,47,43,11
RANDOLPH,44,4,40,0
RICHMOND,1010,14,890,106
ROCKDALE,243,32,196,15
SCHLEY,5,4,1,0
SCREVEN,32,14,14,4
SEMINOLE,44,7,37,0
SPALDING,502,60,370,72
STEPHENS,168,1,134,33
SUMTER,156,5,118,33
TATTNALL,84,5,41,38
TAYLOR,16,0,16,0
TELFAIR,43,0,43,0
TERRELL,29,1,27,1
THOMAS,183,24,157,2
TIFT,241,93,34,114
TOOMBS,114,21,92,1
TOWNS,41,3,29,9
TREUTLEN,41,9,20,12
TROUP,534,64,460,10
TURNER,56,13,0,43
TWIGGS,38,32,0,6
UNION,43,14,23,6
UPSON,131,3,117,11
WALKER,227,16,211,0
WALTON,532,145,370,17
WARE,401,53,281,67
WASHINGTON,111,24,0,87
WAYNE,94,36,0,58
WHEELER,17,0,17,0
WHITE,79,4,72,3
WHITFIELD,336,45,264,27
WILCOX,26,24,2,0
WILKES,54,6,33,15
WILKINSON,70,38,30,2
WORTH,47,7,40,0
