jail,total,convicted_or_sentenced,detained_or_awaiting_trial,other_offense
ATKINSON,14,1,13,0
BACON,50,39,0,11
BALDWIN,173,42,47,84
BANKS,39,4,30,5
BARROW,197,31,159,7
BARTOW,530,207,318,5
BEN HILL,95,14,74,7
BERRIEN,56,25,0,31
BIBB,737,88,393,256
BLECKLEY,30,1,28,1
BRANTLEY,113,50,52,11
BROOKS,30,1,28,1
BRYAN,9,1,8,0
BULLOCH,253,36,216,1
BURKE,97,0,82,15
BUTTS,213,3,96,114
CALHOUN,16,5,10,1
CAMDEN,111,4,101,6
CANDLER,25,4,19,2
CARROLL,255,3,248,4
CATOOSA,114,22,91,1
CHATHAM,1189,23,1109,57
CHATTOOGA,37,5,16,16
CHEROKEE,355,42,313,0
CLARKE,217,42,173,2
CLAYTON,1847,1045,127,675
COBB,1107,187,920,0
COFFEE,304,22,197,85
COLQUITT,137,33,103,1
COLUMBIA,193,46,132,15
COOK,73,32,17,24
COWETA,264,100,162,2
CRAWFORD,21,0,20,1
CRISP,242,24,129,89
DADE,43,15,25,3
DAWSON,86,20,65,1
DECATUR,85,13,70,2
DEKALB,399,247,100,52
DODGE,111,0,94,17
DOOLY,53,3,48,2
DOUGHERTY,411,44,362,5
DOUGLAS,346,21,323,2
EARLY,28,5,17,6
EFFINGHAM,122,20,102,0
ELBERT,55,4,39,12
EMANUEL,144,9,86,49
EVANS,3,0,3,0
FANNIN,31,1,30,0
FAYETTE,203,41,157,5
FLOYD,557,158,327,72
FORSYTH,299,63,236,0
FRANKLIN,63,7,56,0
FULTON,2559,131,2195,233
GILMER,77,3,53,21
GLYNN,352,40,236,76
GORDON,226,66,159,1
GRADY,83,37,43,3
GREENE,49,24,23,2
GWINNETT,1683,101,1575,7
HABERSHAM,99,14,84,1
HALL,418,214,192,12
HANCOCK,16,0,15,1
HARALSON,94,17,75,2
HARRIS,32,0,23,9
HART,38,0,38,0
HEARD,29,1,28,0
HENRY,345,187,158,0
HOUSTON,313,50,262,1
IRWIN,592,2,15,575
JACKSON,105,16,82,7
JASPER,15,4,9,2
JEFFDAVIS/HAZ,38,11,26,1
JEFFERSON,114,56,0,58
JENKINS,31,1,7,23
JOHNSON,24,3,19,2
JONES,108,13,82,13
LAMAR,44,36,8,0
LAURENS,154,35,83,36
LEE,56,3,52,1
LIBERTY,159,6,114,39
LINCOLN,61,9,18,34
LOWNDES,499,99,376,24
LUMPKIN,74,13,57,4
MCDUFFIE,92,12,64,16
MCINTOSH,41,1,30,10
MACON,24,1,22,1
MADISON,72,5,45,22
MARION,16,1,6,9
MERIWETHER,49,0,39,10
MILLER,19,8,6,5
MITCHELL,83,23,58,2
MONROE,102,5,95,2
MORGAN,98,22,73,3
MURRAY,148,18,120,10
MUSCOGEE,891,93,757,41
NEWTON,268,80,178,10
OCONEE,20,7,13,0
OGLETHORPE,42,8,25,9
PAULDING,127,9,114,4
PEACH,58,55,0,3
PICKENS,55,4,35,16
PIERCE,46,2,44,0
PIKE,17,2,15,0
POLK,153,4,35,114
PULASKI,33,0,33,0
PUTNAM,83,13,67,3
RABUN,49,8,32,9
RANDOLPH,25,6,19,0
RICHMOND,867,17,745,105
ROCKDALE,156,15,130,11
SCHLEY,6,0,6,0
SCREVEN,42,6,23,13
SEMINOLE,26,7,18,1
SPALDING,243,20,221,2
STEPHENS,112,12,89,11
SUMTER,109,3,81,25
TATTNALL,35,2,19,14
TAYLOR,15,1,14,0
TELFAIR,16,0,16,0
TERRELL,19,5,13,1
THOMAS,149,23,126,0
TIFT,207,97,25,85
TOOMBS,83,27,54,2
TOWNS,30,4,24,2
TREUTLEN,27,1,13,13
TROUP,426,81,340,5
TURNER,48,2,23,23
TWIGGS,28,27,0,1
UNION,25,2,14,9
UPSON,51,11,38,2
WALKER,135,20,115,0
WALTON,363,92,259,12
WARE,333,49,215,69
WASHINGTON,82,13,0,69
WAYNE,121,48,0,73
WHEELER,8,0,8,0
WHITE,100,12,87,1
WHITFIELD,309,56,208,45
WILCOX,19,18,1,0
WILKES,30,3,22,5
WILKINSON,24,0,21,3
WORTH,43,0,43,0
