jail,total,convicted_or_sentenced,detained_or_awaiting_trial,other_offense
ATKINSON,16,0,16,0
BACON,59,42,0,17
BALDWIN,208,53,54,101
BANKS,61,2,57,2
BARROW,266,45,211,10
BARTOW,577,184,383,10
BEN HILL,132,20,109,3
BERRIEN,87,71,0,16
BIBB,812,63,724,25
BLECKLEY,52,5,21,26
BRANTLEY,104,50,42,12
BROOKS,74,1,73,0
BRYAN,36,3,26,7
BULLOCH,357,59,298,0
BURKE,93,0,76,17
BUTTS,258,102,0,156
CALHOUN,14,3,11,0
CAMDEN,140,11,122,7
CANDLER,25,7,15,3
CARROLL,488,2,482,4
CATOOSA,225,12,181,32
CHATHAM,1265,8,1190,67
CHATTOOGA,56,11,21,24
CHEROKEE,329,32,296,1
CLARKE,308,88,218,2
CLAYTON,1835,686,1024,125
COBB,1358,269,1089,0
COFFEE,414,20,256,138
COLQUITT,381,208,171,2
COLUMBIA,272,31,206,35
COOK,78,15,59,4
COWETA,589,174,245,170
CRAWFORD,24,2,20,2
CRISP,181,14,101,66
DADE,90,18,49,23
DAWSON,122,23,94,5
DECATUR,112,19,91,2
DEKALB,1423,271,1096,56
DODGE,130,5,115,10
DOOLY,59,8,50,1
DOUGHERTY,581,102,471,8
DOUGLAS,691,84,598,9
EARLY,41,8,28,5
EFFINGHAM,180,12,157,11
ELBERT,74,12,61,1
EMANUEL,130,16,71,43
FANNIN,65,12,51,2
FAYETTE,263,40,219,4
FLOYD,608,160,399,49
FORSYTH,304,74,226,4
FRANKLIN,87,17,69,1
FULTON,2903,51,2582,270
GILMER,92,8,55,29
GLYNN,374,14,256,104
GORDON,234,83,149,2
GRADY,90,20,68,2
GREENE,51,19,27,5
GWINNETT,1882,39,1636,207
HABERSHAM,107,11,92,4
HALL,659,336,303,20
HANCOCK,19,5,14,0
HARALSON,133,13,116,4
HARRIS,52,2,41,9
HART,53,1,46,6
HEARD,51,1,47,3
HENRY,691,107,578,6
HOUSTON,453,54,396,3
IRWIN,411,1,29,381
JACKSON,164,29,128,7
JASPER,33,5,25,3
JEFFDAVIS/HAZ,46,10,36,0
JEFFERSON,98,53,0,45
JENKINS,42,3,16,23
JOHNSON,29,5,0,24
JONES,132,20,95,17
LAMAR,69,51,18,0
LAURENS,207,64,94,49
LEE,64,2,57,5
LIBERTY,208,20,149,39
LINCOLN,56,7,23,26
LOWNDES,629,108,507,14
LUMPKIN,87,16,69,2
MCDUFFIE,71,5,56,10
MCINTOSH,62,2,39,21
MACON,27,0,27,0
MADISON,76,14,48,14
MARION,11,1,9,1
MERIWETHER,73,0,66,7
MILLER,30,3,20,7
MITCHELL,90,13,75,2
MONROE,135,6,117,12
MORGAN,92,9,76,7
MURRAY,183,22,159,2
MUSCOGEE,922,132,737,53
NEWTON,287,91,190,6
OCONEE,37,11,21,5
OGLETHORPE,55,24,18,13
PAULDING,205,53,140,12
PEACH,103,100,0,3
PICKENS,88,4,68,16
PIERCE,63,3,58,2
PIKE,33,7,23,3
POLK,192,6,42,144
PULASKI,33,6,27,0
PUTNAM,92,18,74,0
RABUN,163,70,65,28
RANDOLPH,52,2,50,0
RICHMOND,985,31,844,110
ROCKDALE,278,26,234,18
SCHLEY,7,3,4,0
SCREVEN,34,14,12,8
SEMINOLE,48,10,37,1
SPALDING,412,44,366,2
STEPHENS,169,5,125,39
SUMTER,170,6,117,47
TATTNALL,85,4,47,34
TAYLOR,14,5,8,1
TELFAIR,57,6,51,0
TERRELL,15,1,14,0
THOMAS,213,41,170,2
TIFT,265,98,39,128
TOOMBS,127,20,102,5
TOWNS,33,3,25,5
TREUTLEN,33,1,17,15
TROUP,561,83,468,10
TURNER,65,3,41,21
TWIGGS,34,33,0,1
UNION,48,12,34,2
UPSON,123,12,101,10
WALKER,210,15,195,0
WALTON,479,111,357,11
WARE,414,36,299,79
WASHINGTON,90,17,61,12
WAYNE,105,35,0,70
WHEELER,12,1,11,0
WHITE,71,8,62,1
WHITFIELD,438,76,341,21
WILCOX,24,22,1,1
WILKES,39,2,21,16
WILKINSON,28,1,0,27
WORTH,62,5,57,0
