jail,total,convicted_or_sentenced,detained_or_awaiting_trial,other_offense
ATKINSON,19,1,18,0
BACON,44,29,0,15
BALDWIN,184,59,60,65
BANKS,64,13,45,6
BARROW,279,58,216,5
BARTOW,588,193,387,8
BEN HILL,126,31,92,3
BERRIEN,86,61,0,25
BIBB,795,67,474,254
BLECKLEY,44,7,37,0
BRANTLEY,118,9,106,3
BROOKS,61,1,59,1
BRYAN,34,6,28,0
BULLOCH,356,70,283,3
BURKE,70,0,53,17
BUTTS,264,99,0,165
CALHOUN,11,4,7,0
CAMDEN,39,10,22,7
CANDLER,31,8,20,3
CARROLL,373,3,363,7
CATOOSA,199,45,147,7
CHATHAM,1313,31,1219,63
CHATTOOGA,40,4,20,16
CHEROKEE,344,33,310,1
CLARKE,339,74,263,2
CLAYTON,1966,742,1109,115
COBB,1249,243,1006,0
COFFEE,411,27,246,138
COLQUITT,384,208,173,3
COLUMBIA,239,27,190,22
COOK,80,26,51,3
COWETA,389,180,203,6
CRAWFORD,27,5,20,2
CRISP,191,19,110,62
DADE,87,17,51,19
DAWSON,107,24,80,3
DECATUR,133,9,124,0
DEKALB,1264,240,974,50
DODGE,142,3,125,14
DOOLY,90,4,72,14
DOUGHERTY,560,102,453,5
DOUGLAS,558,86,462,10
EARLY,33,6,22,5
EFFINGHAM,140,8,131,1
ELBERT,68,8,58,2
EMANUEL,123,9,56,58
FANNIN,68,12,55,1
FAYETTE,209,20,187,2
FLOYD,558,155,369,34
FORSYTH,310,75,232,3
FRANKLIN,77,8,68,1
FULTON,2950,73,2571,306
GILMER,86,3,54,29
GLYNN,394,23,290,81
GORDON,273,98,174,1
GRADY,94,18,74,2
GREENE,49,25,19,5
GWINNETT,1825,76,1611,138
HABERSHAM,113,15,98,0
HALL,593,302,273,18
HANCOCK,16,3,13,0
HARALSON,108,15,93,0
HARRIS,44,5,33,6
HART,33,2,29,2
HEARD,45,0,44,1
HENRY,575,264,311,0
HOUSTON,453,66,383,4
IRWIN,320,1,18,301
JACKSON,158,34,113,11
JASPER,33,7,23,3
JEFFDAVIS/HAZ,38,16,22,0
JEFFERSON,93,42,0,51
JENKINS,40,2,16,22
JOHNSON,16,5,3,8
JONES,133,19,88,26
LAMAR,77,64,13,0
LAURENS,233,88,99,46
LEE,68,4,63,1
LIBERTY,189,5,140,44
LINCOLN,43,15,7,21
LOWNDES,606,95,479,32
LUMPKIN,100,32,63,5
MCDUFFIE,85,6,63,16
MCINTOSH,65,3,49,13
MACON,23,1,17,5
MADISON,76,9,54,13
MARION,11,0,10,1
MERIWETHER,78,0,70,8
MILLER,21,5,11,5
MITCHELL,101,13,86,2
MONROE,129,9,119,1
MORGAN,64,9,55,0
MURRAY,148,25,120,3
MUSCOGEE,911,125,734,52
NEWTON,290,88,190,12
OCONEE,38,8,30,0
OGLETHORPE,62,21,23,18
PAULDING,149,39,108,2
PEACH,75,70,2,3
PICKENS,82,5,65,12
PIERCE,59,4,53,2
PIKE,21,3,18,0
POLK,143,2,37,104
PULASKI,35,0,35,0
PUTNAM,84,9,73,2
RABUN,86,17,63,6
RANDOLPH,43,5,38,0
RICHMOND,967,12,841,114
ROCKDALE,215,15,191,9
SCHLEY,12,11,1,0
SCREVEN,42,6,21,15
SEMINOLE,36,5,31,0
SPALDING,373,34,336,3
STEPHENS,176,20,145,11
SUMTER,146,8,102,36
TATTNALL,77,11,29,37
TAYLOR,15,1,14,0
TELFAIR,60,0,58,2
TERRELL,18,6,12,0
THOMAS,153,40,112,1
TIFT,255,100,38,117
TOOMBS,87,12,72,3
TOWNS,30,22,3,5
TREUTLEN,32,2,20,10
TROUP,488,86,397,5
TURNER,19,4,15,0
TWIGGS,18,18,0,0
UNION,49,23,24,2
UPSON,101,18,80,3
WALKER,200,22,178,0
WALTON,485,126,346,13
WARE,435,62,289,84
WASHINGTON,122,24,0,98
WAYNE,86,20,0,66
WHEELER,13,0,13,0
WHITE,76,8,64,4
WHITFIELD,418,92,305,21
WILCOX,25,22,2,1
WILKES,52,7,26,19
WILKINSON,32,7,0,25
WORTH,58,9,49,0
