jail,total,convicted_or_sentenced,detained_or_awaiting_trial,other_offense
ATKINSON,0,0,0,0
BACON,56,34,0,22
BALDWIN,191,44,50,97
BANKS,29,4,24,1
BARROW,250,41,198,11
BARTOW,642,256,379,7
BEN HILL,96,16,79,1
BERRIEN,85,54,0,31
BIBB,721,112,299,310
BLECKLEY,41,2,39,0
BRANTLEY,142,65,52,25
BROOKS,54,2,51,1
BRYAN,20,0,17,3
BULLOCH,288,18,269,1
BURKE,89,0,73,16
BUTTS,248,10,99,139
CALHOUN,30,6,20,4
CAMDEN,132,7,122,3
CANDLER,30,6,20,4
CARROLL,288,4,279,5
CATOOSA,203,26,160,17
CHATHAM,1299,40,1211,48
CHATTOOGA,35,5,16,14
CHEROKEE,378,39,338,1
CLARKE,313,44,268,1
CLAYTON,1811,670,108,1033
COBB,1241,266,975,0
COFFEE,384,33,249,102
COLQUITT,377,198,175,4
COLUMBIA,186,40,128,18
COOK,60,16,40,4
COWETA,320,133,185,2
CRAWFORD,35,0,31,4
CRISP,205,34,90,81
DADE,73,19,43,11
DAWSON,115,33,76,6
DECATUR,132,16,114,2
DEKALB,1244,237,958,49
DODGE,131,4,113,14
DOOLY,73,11,59,3
DOUGHERTY,532,69,451,12
DOUGLAS,564,82,474,8
EARLY,31,3,24,4
EFFINGHAM,121,7,114,0
ELBERT,66,8,57,1
EMANUEL,103,15,60,28
EVANS,9,0,9,0
FANNIN,66,1,65,0
FAYETTE,167,9,157,1
FLOYD,556,158,377,21
FORSYTH,319,74,245,0
FRANKLIN,75,24,48,3
FULTON,2598,68,2290,240
GILMER,90,3,55,32
GLYNN,367,33,237,97
GORDON,249,87,161,1
GRADY,89,18,69,2
GREENE,44,16,27,1
GWINNETT,1716,51,1630,35
HABERSHAM,118,7,108,3
HALL,618,315,284,19
HANCOCK,27,4,23,0
HARALSON,94,26,67,1
HARRIS,33,0,22,11
HART,48,1,45,2
HEARD,40,40,0,0
HENRY,447,192,255,0
HOUSTON,429,192,237,0
IRWIN,0,0,0,0
JACKSON,133,21,101,11
JASPER,20,1,16,3
JEFFDAVIS/HAZ,44,16,25,3
JEFFERSON,120,44,0,76
JENKINS,41,3,17,21
JOHNSON,24,4,0,20
JONES,111,13,79,19
LAMAR,48,41,7,0
LAURENS,153,62,61,30
LEE,57,7,46,4
LIBERTY,201,10,142,49
LINCOLN,50,9,15,26
LOWNDES,569,88,453,28
LUMPKIN,92,23,63,6
MCDUFFIE,83,5,62,16
MCINTOSH,59,0,50,9
MACON,0,0,0,0
MADISON,73,5,52,16
MARION,16,1,10,5
MERIWETHER,59,0,47,12
MILLER,24,16,4,4
MITCHELL,87,14,70,3
MONROE,117,6,110,1
MORGAN,72,19,52,1
MURRAY,138,29,104,5
MUSCOGEE,916,124,734,58
NEWTON,291,87,192,12
OCONEE,27,10,17,0
OGLETHORPE,48,19,16,13
PAULDING,152,23,127,2
PEACH,66,62,0,4
PICKENS,69,7,50,12
PIERCE,67,2,64,1
PIKE,24,5,0,19
POLK,171,8,36,127
PULASKI,33,4,29,0
PUTNAM,84,14,69,1
RABUN,76,26,42,8
RANDOLPH,49,13,36,0
RICHMOND,951,20,805,126
ROCKDALE,191,24,152,15
SCHLEY,0,0,0,0
SCREVEN,37,10,19,8
SEMINOLE,30,8,21,1
SPALDING,323,30,274,19
STEPHENS,145,19,113,13
SUMTER,153,3,105,45
TATTNALL,47,6,29,12
TAYLOR,0,0,0,0
TELFAIR,33,0,33,0
TERRELL,20,2,17,1
THOMAS,196,27,168,1
TIFT,238,79,50,109
TOOMBS,83,22,59,2
TOWNS,45,6,29,10
TREUTLEN,29,4,10,15
TROUP,394,57,331,6
TURNER,0,0,0,0
TWIGGS,19,18,0,1
UNION,44,22,15,7
UPSON,80,8,68,4
WALKER,0,0,0,0
WALTON,0,0,0,0
WARE,401,50,266,85
WASHINGTON,89,14,0,75
WAYNE,99,22,0,77
WHEELER,0,0,0,0
WHITE,80,10,68,2
WHITFIELD,374,72,285,17
WILCOX,20,18,2,0
WILKES,49,7,34,8
WILKINSON,35,2,0,33
WORTH,51,9,42,0
