jail,total,convicted_or_sentenced,detained_or_awaiting_trial,other_offense
ATKINSON,11,0,11,0
BACON,59,43,0,16
BALDWIN,162,41,48,73
BANKS,25,5,20,0
BARROW,194,31,155,8
BARTOW,570,208,359,3
BEN HILL,96,20,72,4
BERRIEN,66,33,0,33
BIBB,1229,747,252,230
BLECKLEY,35,2,33,0
BRANTLEY,130,47,64,19
BROOKS,26,0,26,0
BRYAN,11,0,11,0
BULLOCH,258,34,223,1
BURKE,93,0,82,11
BUTTS,223,9,95,119
CALHOUN,17,6,10,1
CAMDEN,27,5,16,6
CANDLER,26,4,20,2
CARROLL,251,3,241,7
CATOOSA,117,6,99,12
CHATHAM,1190,17,1125,48
CHATTOOGA,43,1,19,23
CHEROKEE,351,40,310,1
CLARKE,224,36,188,0
CLAYTON,1824,679,1019,126
COBB,1149,200,949,0
COFFEE,312,21,207,84
COLQUITT,150,42,102,6
COLUMBIA,177,46,121,10
COOK,79,22,21,36
COWETA,274,105,165,4
CRAWFORD,22,0,20,2
CRISP,236,139,6,91
DADE,42,11,28,3
DAWSON,100,35,63,2
DECATUR,94,14,80,0
DEKALB,1215,230,937,48
DODGE,122,0,105,17
DOOLY,57,3,52,2
DOUGHERTY,421,46,369,6
DOUGLAS,344,12,329,3
EARLY,25,5,14,6
EFFINGHAM,115,13,102,0
ELBERT,58,7,35,16
EMANUEL,138,8,58,72
EVANS,8,0,8,0
FANNIN,50,2,48,0
FAYETTE,121,13,107,1
FLOYD,471,114,322,35
FORSYTH,280,53,227,0
FRANKLIN,66,10,55,1
FULTON,2493,92,2173,228
GILMER,107,21,58,28
GLYNN,336,22,229,85
GORDON,239,72,166,1
GRADY,74,13,60,1
GREENE,40,22,16,2
GWINNETT,1540,35,1501,4
HABERSHAM,106,13,91,2
HALL,454,231,209,14
HANCOCK,23,1,22,0
HARALSON,92,18,74,0
HARRIS,33,0,23,10
HART,51,0,51,0
HEARD,26,0,26,0
HENRY,323,171,152,0
HOUSTON,322,31,290,1
IRWIN,617,1,16,600
JACKSON,97,13,76,8
JASPER,26,9,15,2
JEFFDAVIS/HAZ,41,9,31,1
JEFFERSON,115,55,0,60
JENKINS,20,0,11,9
JOHNSON,33,2,17,14
JONES,104,13,77,14
LAMAR,40,29,11,0
LAURENS,154,44,82,28
LEE,55,8,42,5
LIBERTY,139,10,125,4
LINCOLN,65,25,13,27
LOWNDES,485,87,375,23
LUMPKIN,83,25,51,7
MCDUFFIE,88,12,62,14
MCINTOSH,39,2,26,11
MACON,14,1,12,1
MADISON,66,5,34,27
MARION,17,1,8,8
MERIWETHER,61,19,42,0
MILLER,25,9,16,0
MITCHELL,84,8,73,3
MONROE,105,4,99,2
MORGAN,75,11,64,0
MURRAY,159,23,132,4
MUSCOGEE,819,77,713,29
NEWTON,234,59,162,13
OCONEE,20,9,10,1
OGLETHORPE,37,11,22,4
PAULDING,121,12,106,3
PEACH,60,60,0,0
PICKENS,77,6,57,14
PIERCE,68,9,58,1
PIKE,25,2,22,1
POLK,155,11,39,105
PULASKI,34,5,28,1
PUTNAM,70,18,49,3
RABUN,62,9,38,15
RANDOLPH,41,6,35,0
RICHMOND,893,12,772,109
ROCKDALE,160,14,135,11
SCHLEY,7,3,4,0
SCREVEN,41,8,24,9
SEMINOLE,31,7,23,1
SPALDING,278,18,258,2
STEPHENS,118,7,102,9
SUMTER,133,2,96,35
TATTNALL,37,1,25,11
TAYLOR,16,1,15,0
TELFAIR,20,0,20,0
TERRELL,16,3,13,0
THOMAS,171,24,147,0
TIFT,218,99,30,89
TOOMBS,71,17,52,2
TOWNS,41,1,31,9
TREUTLEN,31,2,16,13
TROUP,335,32,299,4
TURNER,54,4,21,29
TWIGGS,24,23,0,1
UNION,32,11,18,3
UPSON,60,12,45,3
WALKER,172,21,151,0
WALTON,333,60,265,8
WARE,330,53,204,73
WASHINGTON,74,13,0,61
WAYNE,113,47,0,66
WHEELER,14,0,14,0
WHITE,70,5,62,3
WHITFIELD,353,59,266,28
WILCOX,18,17,1,0
WILKES,40,3,29,8
WILKINSON,28,3,15,10
WORTH,44,4,40,0
