jail,total,convicted_or_sentenced,detained_or_awaiting_trial,other_offense
ATKINSON,15,0,15,0
BACON,66,52,0,14
BALDWIN,228,77,62,89
BANKS,82,7,53,22
BARROW,284,54,224,6
BARTOW,552,184,364,4
BEN HILL,137,42,94,1
BERRIEN,81,63,0,18
BIBB,797,83,477,237
BLECKLEY,35,9,26,0
BRANTLEY,118,45,70,3
BROOKS,76,4,72,0
BRYAN,35,2,33,0
BULLOCH,357,73,281,3
BURKE,101,1,81,19
BUTTS,270,109,0,161
CALHOUN,21,4,16,1
CAMDEN,132,14,113,5
CANDLER,37,13,18,6
CARROLL,442,2,432,8
CATOOSA,207,27,175,5
CHATHAM,1288,26,1199,63
CHATTOOGA,44,1,19,24
CHEROKEE,344,33,310,1
CLARKE,329,61,268,0
CLAYTON,1895,715,1063,117
COBB,1376,302,1074,0
COFFEE,430,52,238,140
COLQUITT,401,211,187,3
COLUMBIA,265,38,197,30
COOK,77,18,53,6
COWETA,380,176,201,3
CRAWFORD,28,5,21,2
CRISP,190,21,105,64
DADE,90,23,53,14
DAWSON,135,40,85,10
DECATUR,132,25,104,3
DEKALB,400,248,100,52
DODGE,124,9,115,0
DOOLY,69,13,53,3
DOUGHERTY,572,116,450,6
DOUGLAS,623,94,524,5
EARLY,36,8,22,6
EFFINGHAM,148,12,135,1
ELBERT,75,13,62,0
EMANUEL,133,12,63,58
FANNIN,66,14,51,1
FAYETTE,231,32,196,3
FLOYD,582,190,349,43
FORSYTH,374,95,275,4
FRANKLIN,75,14,59,2
FULTON,2953,86,2593,274
GILMER,84,6,53,25
GLYNN,441,28,316,97
GORDON,271,99,171,1
GRADY,82,8,71,3
GREENE,51,31,18,2
GWINNETT,1894,114,1618,162
HABERSHAM,125,21,103,1
HALL,642,328,295,19
HANCOCK,15,5,10,0
HARALSON,121,29,89,3
HARRIS,55,9,35,11
HART,46,3,40,3
HEARD,39,2,35,2
HENRY,647,294,353,0
HOUSTON,482,91,388,3
IRWIN,252,4,17,231
JACKSON,211,45,128,38
JASPER,34,6,25,3
JEFFDAVIS/HAZ,34,11,23,0
JEFFERSON,105,55,0,50
JENKINS,36,3,14,19
JOHNSON,17,7,1,9
JONES,151,39,85,27
LAMAR,83,54,21,8
LAURENS,218,76,100,42
LEE,63,7,55,1
LIBERTY,209,17,153,39
LINCOLN,47,11,13,23
LOWNDES,596,96,472,28
LUMPKIN,97,24,72,1
MCDUFFIE,83,14,51,18
MCINTOSH,66,2,48,16
MACON,29,0,29,0
MADISON,76,16,51,9
MARION,11,0,10,1
MERIWETHER,74,0,67,7
MILLER,22,3,15,4
MITCHELL,102,22,75,5
MONROE,137,15,121,1
MORGAN,81,14,64,3
MURRAY,173,25,145,3
MUSCOGEE,957,149,745,63
NEWTON,304,113,181,10
OCONEE,23,7,15,1
OGLETHORPE,55,24,14,17
PAULDING,209,60,132,17
PEACH,115,76,0,39
PICKENS,80,7,57,16
PIERCE,59,1,57,1
PIKE,28,8,19,1
POLK,161,4,46,111
PULASKI,26,2,23,1
PUTNAM,91,13,76,2
RABUN,154,55,76,23
RANDOLPH,45,5,40,0
RICHMOND,968,37,800,131
ROCKDALE,236,29,193,14
SCHLEY,5,5,0,0
SCREVEN,36,18,16,2
SEMINOLE,49,9,40,0
SPALDING,395,48,343,4
STEPHENS,176,10,123,43
SUMTER,156,9,111,36
TATTNALL,90,15,39,36
TAYLOR,18,1,17,0
TELFAIR,59,6,52,1
TERRELL,15,2,13,0
THOMAS,175,42,132,1
TIFT,257,100,37,120
TOOMBS,117,15,99,3
TOWNS,35,11,21,3
TREUTLEN,31,4,17,10
TROUP,499,17,428,54
TURNER,47,3,7,37
TWIGGS,28,24,0,4
UNION,58,27,28,3
UPSON,110,22,84,4
WALKER,249,28,221,0
WALTON,502,153,339,10
WARE,410,60,271,79
WASHINGTON,123,22,1,100
WAYNE,99,24,0,75
WHEELER,14,0,14,0
WHITE,84,8,74,2
WHITFIELD,466,133,300,33
WILCOX,25,23,1,1
WILKES,48,13,26,9
WILKINSON,24,4,19,1
WORTH,46,6,40,0
