jail,total,convicted_or_sentenced,detained_or_awaiting_trial,other_offense
ATKINSON,14,0,14,0
BACON,72,64,0,8
BALDWIN,216,62,61,93
BANKS,65,11,53,1
BARROW,244,47,187,10
BARTOW,532,195,327,10
BEN HILL,92,15,75,2
BERRIEN,71,51,0,20
BIBB,794,55,710,29
BLECKLEY,40,0,40,0
BRANTLEY,113,68,44,1
BROOKS,79,2,76,1
BRYAN,43,2,38,3
BULLOCH,356,59,290,7
BURKE,103,2,78,23
BUTTS,265,126,0,139
CALHOUN,27,5,20,2
CAMDEN,124,6,114,4
CANDLER,29,7,17,5
CARROLL,436,2,430,4
CATOOSA,233,17,188,28
CHATHAM,1165,11,1117,37
CHATTOOGA,43,4,18,21
CHEROKEE,587,72,515,0
CLARKE,355,33,318,4
CLAYTON,1764,669,995,100
COBB,1724,274,1348,102
COFFEE,395,33,215,147
COLQUITT,297,177,116,4
COLUMBIA,245,21,215,9
COOK,78,20,53,5
COWETA,467,170,294,3
CRAWFORD,27,0,25,2
CRISP,195,10,133,52
DADE,70,26,40,4
DAWSON,108,20,86,2
DECATUR,126,26,97,3
DEKALB,1468,279,1130,59
DODGE,135,2,121,12
DOOLY,73,18,54,1
DOUGHERTY,644,110,532,2
DOUGLAS,639,55,575,9
EARLY,28,9,17,2
EFFINGHAM,174,9,161,4
ELBERT,76,6,70,0
EMANUEL,133,6,78,49
FANNIN,43,3,40,0
FAYETTE,246,20,223,3
FLOYD,607,148,390,69
FORSYTH,360,87,269,4
FRANKLIN,67,21,44,2
FULTON,3148,46,2858,244
GILMER,73,5,46,22
GLYNN,328,16,231,81
GORDON,230,63,164,3
GRADY,94,23,67,4
GREENE,45,20,24,1
GWINNETT,2092,41,1700,351
HABERSHAM,132,16,111,5
HALL,646,330,297,19
HANCOCK,19,5,14,0
HARALSON,135,8,124,3
HARRIS,49,1,34,14
HART,45,1,38,6
HEARD,48,0,45,3
HENRY,666,622,14,30
HOUSTON,425,54,370,1
IRWIN,356,3,28,325
JACKSON,133,37,86,10
JASPER,35,4,26,5
JEFFDAVIS/HAZ,51,12,39,0
JEFFERSON,97,57,0,40
JENKINS,37,5,12,20
JOHNSON,22,0,22,0
JONES,128,14,98,16
LAMAR,46,36,0,10
LAURENS,211,112,66,33
LEE,72,6,65,1
LIBERTY,159,10,119,30
LINCOLN,36,9,7,20
LOWNDES,577,102,456,19
LUMPKIN,111,21,72,18
MCDUFFIE,152,116,4,32
MCINTOSH,69,2,48,19
MACON,20,2,18,0
MADISON,79,1,67,11
MARION,20,1,16,3
MERIWETHER,68,0,48,20
MILLER,29,7,21,1
MITCHELL,197,17,78,102
MONROE,129,11,113,5
MORGAN,80,19,57,4
MURRAY,145,29,112,4
MUSCOGEE,953,147,745,61
NEWTON,261,72,182,7
OCONEE,65,6,33,26
OGLETHORPE,7,2,5,0
PAULDING,227,25,196,6
PEACH,93,85,0,8
PICKENS,57,7,37,13
PIERCE,68,3,63,2
PIKE,25,5,19,1
POLK,220,4,30,186
PULASKI,24,0,22,2
PUTNAM,72,12,59,1
RABUN,151,39,102,10
RANDOLPH,35,2,33,0
RICHMOND,968,10,892,66
ROCKDALE,244,29,202,13
SCHLEY,3,0,3,0
SCREVEN,42,9,21,12
SEMINOLE,54,9,44,1
SPALDING,547,68,479,0
STEPHENS,180,4,140,36
SUMTER,155,3,127,25
TATTNALL,98,13,42,43
TAYLOR,21,0,21,0
TELFAIR,53,0,53,0
TERRELL,27,2,24,1
THOMAS,193,24,167,2
TIFT,265,111,45,109
TOOMBS,96,11,79,6
TOWNS,55,5,31,19
TREUTLEN,29,3,13,13
TROUP,552,99,444,9
TURNER,44,5,0,39
TWIGGS,22,18,0,4
UNION,54,25,18,11
UPSON,160,13,143,4
WALKER,257,19,238,0
WALTON,539,192,333,14
WARE,366,64,245,57
WASHINGTON,121,46,75,0
WAYNE,123,43,0,80
WHEELER,10,1,9,0
WHITE,87,9,69,9
WHITFIELD,359,62,262,35
WILCOX,55,45,0,10
WILKES,39,1,28,10
WILKINSON,28,2,22,4
WORTH,42,2,40,0
