jail,total,convicted_or_sentenced,detained_or_awaiting_trial,other_offense
ATKINSON,16,3,13,0
BACON,53,40,0,13
BALDWIN,202,44,64,94
BANKS,76,5,67,4
BARROW,278,42,229,7
BARTOW,555,176,372,7
BEN HILL,124,27,96,1
BERRIEN,71,55,0,16
BIBB,837,63,745,29
BLECKLEY,27,5,22,0
BRANTLEY,104,18,77,9
BROOKS,77,2,75,0
BRYAN,30,4,26,0
BULLOCH,365,81,282,2
BURKE,117,0,85,32
BUTTS,262,107,0,155
CALHOUN,20,2,18,0
CAMDEN,127,12,109,6
CANDLER,28,9,15,4
CARROLL,495,3,478,14
CATOOSA,207,8,168,31
CHATHAM,1296,17,1209,70
CHATTOOGA,46,8,18,20
CHEROKEE,329,32,296,1
CLARKE,313,75,237,1
CLAYTON,1895,712,1068,115
COBB,1399,302,1097,0
COFFEE,402,49,232,121
COLQUITT,396,211,182,3
COLUMBIA,254,29,200,25
COOK,73,30,23,20
COWETA,418,183,230,5
CRAWFORD,25,3,20,2
CRISP,187,21,101,65
DADE,71,26,35,10
DAWSON,130,41,79,10
DECATUR,129,38,89,2
DEKALB,1379,262,1062,55
DODGE,131,7,114,10
DOOLY,64,15,48,1
DOUGHERTY,578,110,462,6
DOUGLAS,692,89,591,12
EARLY,39,10,25,4
EFFINGHAM,172,14,156,2
ELBERT,71,9,60,2
EMANUEL,132,8,63,61
FANNIN,60,8,52,0
FAYETTE,235,21,212,2
FLOYD,596,144,399,53
FORSYTH,338,73,261,4
FRANKLIN,83,14,68,1
FULTON,2979,59,2627,293
GILMER,80,8,53,19
GLYNN,407,16,291,100
GORDON,250,88,161,1
GRADY,88,15,70,3
GREENE,50,24,25,1
GWINNETT,1878,70,1601,207
HABERSHAM,111,19,88,4
HALL,702,358,323,21
HANCOCK,21,5,15,1
HARALSON,129,28,99,2
HARRIS,44,3,31,10
HART,51,1,47,3
HEARD,43,2,38,3
HENRY,638,301,337,0
HOUSTON,462,35,421,6
IRWIN,581,2,26,553
JACKSON,172,36,133,3
JASPER,36,6,26,4
JEFFDAVIS/HAZ,34,5,29,0
JEFFERSON,97,54,0,43
JENKINS,40,1,19,20
JOHNSON,24,6,0,18
JONES,141,33,81,27
LAMAR,75,70,0,5
LAURENS,221,74,101,46
LEE,57,4,51,2
LIBERTY,207,17,144,46
LINCOLN,49,10,16,23
LOWNDES,593,141,426,26
LUMPKIN,93,24,67,2
MCDUFFIE,80,1,61,18
MCINTOSH,74,4,53,17
MACON,13,0,13,0
MADISON,83,12,59,12
MARION,9,0,8,1
MERIWETHER,73,1,64,8
MILLER,29,4,20,5
MITCHELL,96,13,76,7
MONROE,141,12,125,4
MORGAN,93,10,80,3
MURRAY,176,24,146,6
MUSCOGEE,964,153,748,63
NEWTON,295,84,205,6
OCONEE,19,7,11,1
OGLETHORPE,48,16,14,18
PAULDING,209,60,135,14
PEACH,116,107,0,9
PICKENS,73,4,56,13
PIERCE,69,1,66,2
PIKE,34,6,28,0
POLK,184,4,40,140
PULASKI,54,27,26,1
PUTNAM,91,10,81,0
RABUN,194,82,84,28
RANDOLPH,46,7,39,0
RICHMOND,972,21,837,114
ROCKDALE,247,16,220,11
SCHLEY,7,5,2,0
SCREVEN,42,13,22,7
SEMINOLE,45,5,40,0
SPALDING,389,45,341,3
STEPHENS,162,6,125,31
SUMTER,171,2,116,53
TATTNALL,107,10,51,46
TAYLOR,17,0,15,2
TELFAIR,51,0,50,1
TERRELL,16,0,14,2
THOMAS,213,35,176,2
TIFT,256,91,38,127
TOOMBS,124,20,100,4
TOWNS,30,4,22,4
TREUTLEN,35,5,17,13
TROUP,540,36,417,87
TURNER,52,4,16,32
TWIGGS,24,18,0,6
UNION,58,13,42,3
UPSON,132,23,105,4
WALKER,251,38,213,0
WALTON,467,85,373,9
WARE,418,54,278,86
WASHINGTON,107,17,0,90
WAYNE,109,27,0,82
WHEELER,20,3,17,0
WHITE,81,7,73,1
WHITFIELD,422,84,316,22
WILCOX,26,25,1,0
WILKES,40,8,23,9
WILKINSON,24,2,22,0
WORTH,55,2,52,1
