jail,total,convicted_or_sentenced,detained_or_awaiting_trial,other_offense
ATKINSON,0,0,0,0
BACON,63,39,0,24
BALDWIN,199,57,51,91
BANKS,28,2,26,0
BARROW,248,41,198,9
BARTOW,471,234,235,2
BEN HILL,104,25,77,2
BERRIEN,90,56,0,34
BIBB,840,345,252,243
BLECKLEY,38,5,33,0
BRANTLEY,145,80,33,32
BROOKS,42,0,42,0
BRYAN,19,2,16,1
BULLOCH,264,28,233,3
BURKE,95,0,74,21
BUTTS,242,3,116,123
CALHOUN,18,5,13,0
CAMDEN,127,3,118,6
CANDLER,27,4,19,4
CARROLL,276,3,267,6
CATOOSA,179,12,146,21
CHATHAM,1274,39,1184,51
CHATTOOGA,27,1,14,12
CHEROKEE,364,45,318,1
CLARKE,297,48,248,1
CLAYTON,1813,1024,121,668
COBB,1223,244,979,0
COFFEE,381,30,237,114
COLQUITT,201,66,134,1
COLUMBIA,176,54,108,14
COOK,59,23,32,4
COWETA,318,139,176,3
CRAWFORD,31,3,23,5
CRISP,234,27,123,84
DADE,71,12,47,12
DAWSON,109,33,75,1
DECATUR,102,13,85,4
DEKALB,1223,238,936,49
DODGE,130,2,113,15
DOOLY,61,9,50,2
DOUGHERTY,484,43,432,9
DOUGLAS,511,75,423,13
EARLY,39,4,30,5
EFFINGHAM,110,11,99,0
ELBERT,55,7,43,5
EMANUEL,135,6,34,95
EVANS,7,2,5,0
FANNIN,54,2,52,0
FAYETTE,150,19,130,1
FLOYD,572,162,382,28
FORSYTH,307,67,237,3
FRANKLIN,82,18,63,1
FULTON,2586,86,2256,244
GILMER,89,8,67,14
GLYNN,353,26,238,89
GORDON,236,77,158,1
GRADY,99,21,76,2
GREENE,40,14,25,1
GWINNETT,1731,80,1626,25
HABERSHAM,128,8,118,2
HALL,581,296,267,18
HANCOCK,18,1,16,1
HARALSON,114,24,89,1
HARRIS,24,0,17,7
HART,48,4,43,1
HEARD,36,3,33,0
HENRY,400,169,231,0
HOUSTON,390,170,218,2
IRWIN,837,2,16,819
JACKSON,125,26,86,13
JASPER,14,2,10,2
JEFFDAVIS/HAZ,43,11,31,1
JEFFERSON,130,48,0,82
JENKINS,31,3,10,18
JOHNSON,0,0,0,0
JONES,111,24,78,9
LAMAR,40,31,9,0
LAURENS,162,60,71,31
LEE,57,9,43,5
LIBERTY,204,12,143,49
LINCOLN,59,18,14,27
LOWNDES,620,93,496,31
LUMPKIN,112,48,57,7
MCDUFFIE,91,4,71,16
MCINTOSH,48,3,33,12
MACON,0,0,0,0
MADISON,68,11,36,21
MARION,16,1,10,5
MERIWETHER,56,0,46,10
MILLER,27,7,14,6
MITCHELL,89,15,72,2
MONROE,110,8,101,1
MORGAN,75,11,64,0
MURRAY,136,30,99,7
MUSCOGEE,862,97,721,44
NEWTON,265,88,166,11
OCONEE,19,6,12,1
OGLETHORPE,49,17,16,16
PAULDING,161,16,113,32
PEACH,68,61,0,7
PICKENS,66,8,39,19
PIERCE,72,4,66,2
PIKE,22,3,16,3
POLK,146,11,32,103
PULASKI,35,4,31,0
PUTNAM,87,17,68,2
RABUN,64,2,59,3
RANDOLPH,42,8,34,0
RICHMOND,946,21,814,111
ROCKDALE,182,22,147,13
SCHLEY,6,0,6,0
SCREVEN,44,13,23,8
SEMINOLE,38,5,31,2
SPALDING,315,27,285,3
STEPHENS,155,10,130,15
SUMTER,149,3,108,38
TATTNALL,51,6,35,10
TAYLOR,11,1,10,0
TELFAIR,24,0,24,0
TERRELL,20,4,15,1
THOMAS,185,16,168,1
TIFT,227,80,41,106
TOOMBS,83,15,65,3
TOWNS,47,7,40,0
TREUTLEN,26,2,9,15
TROUP,376,53,319,4
TURNER,41,15,0,26
TWIGGS,37,34,0,3
UNION,39,19,17,3
UPSON,80,22,55,3
WALKER,205,34,171,0
WALTON,374,87,280,7
WARE,399,57,264,78
WASHINGTON,85,12,0,73
WAYNE,102,26,0,76
WHEELER,13,0,13,0
WHITE,92,6,84,2
WHITFIELD,395,68,302,25
WILCOX,23,22,1,0
WILKES,52,5,34,13
WILKINSON,0,0,0,0
WORTH,57,6,51,0
