name,city,state,website
276 MINNETONKA HS IS,MINNETONKA,MN,
800 W BROADWAY EXTENDED,MINNEAPOLIS,MN,
ABC / TORRINGFORD,TORRINGTON,CT,
ABELARDO DIAZ ALFARO (INT. PINAS),TOA ALTA,PR,
ACADEMY FOR CAREER EXPLORATION,PROVIDENCE,RI,
ACHIEVE BLENDED LEARNING ACADEMY,DELTA,CO,
ADAMSVILLE PRIMARY SCHOOL,ATLANTA,GA,
ADOLFINA IRIZARRY DE PUIG,TOA BAJA,PR,
AGAPITO ROSARIO ROSARIO,VEGA BAJA,PR,
AGUSTIN CABRERA,CAROLINA,PR,
AGUSTIN FERNANDEZ COLON,CAYEY,PR,
ALEJANDRO JR CRUZ (GALATEO PARCELAS),TOA ALTA,PR,
ALEXANDER HENDERSON ELEMENTARY SCHOOL,SAINT CROIX,VI,
ALFARETTA HOUSE,LAKEWOOD,WA,
ALMIRANTE SUR 2,VEGA BAJA,PR,
ALTERNATIVE SPECIAL EDUCATION PROGRAM (ASEP),BRISTOL,CT,
ALTERNATIVES ACADEMY/JOURNEYS,OMAHA,NE,
ALZADA SCHOOL,ALZADA,MT,
AMALIA EXPOSITO,CAROLINA,PR,
AMALIA H. MANGUAL,CAGUAS,PR,
AMINA TIO DE MALARET,SAN GERMAN,PR,
ANA DELIA FLORES SANTANA VOC,FAJARDO,PR,
ANA VALLDEJULY (JAUCA),SANTA ISABEL,PR,
ANDALUCIA MIDDLE SCHOOL,PHOENIX,AZ,
ANGEL A. MALDONADO BULA,ADJUNTAS,PR,
ANGEL GUERRERO LUGO (AIBONITO GUERRERO),SAN SEBASTIAN,PR,
ANGEL MILLAN HUERTAS,BAYAMON,PR,
ANGELA CALVANI ALVARADO,JAYUYA,PR,
ANGELES EL CORCHO,UTUADO,PR,
ANGELICA GOMEZ DE BETANCOURT,ARECIBO,PR,
ANSELMO VILLARUBIA,AGUADA,PR,
ANSONIA PRE-SCHOOL AT ANSONIA METHODIST,ANSONIA,OH,
ANTONIA SAEZ,HUMACAO,PR,
ANTONIO DOMINGUEZ NIEVES,CAGUAS,PR,
ANTONIO GEIGEL PAREDES,ISABELA,PR,
ANTONIO S PAOLI (MUSICA),CAGUAS,PR,
ANTONIO S PEDREIRA (PRE-TEC),CAGUAS,PR,
ANTONIO TULLA TORRES,UTUADO,PR,
AOC-COCHISE COUNTY JUVENILE DENTENTION CENTRE,SIERRA VISTA,AZ,
AOC-SANTA CRUZ COUNTY JUVENILE DETENTION CENTER,NOGALES,AZ,
AOC-YAVAPAI COUNTY JUVENILE DETENTION CENTER,PRESCOTT,AZ,
APOLONIA VALENTIN (FELICIA),SANTA ISABEL,PR,
APPEX COLLEGIATE ACADEMY CHARTER SCHOOL,BATON ROUGE,LA,
AQUILINO CABAN,AGUADA,PR,
ARCANUM EARLY LEARNING CENTER,ARCANUM,OH,
AROMAS,AROMAS,CA,
ASP - MARANA O.C.T.F./A.C.I.,MARANA,AZ,
ASP - PHOENIX WEST/A.C.I.,PHOENIX,AZ,
ASTUMBO MIDDLE SCHOOL,DEDEDO,GU,
ATLANTIS ELEMENTARY SCHOOL,JOINT BASE MDL,NJ,
AUREA FUENTES MENDEZ (CALABAZAS INFANTES),SAN SEBASTIAN,PR,
AURORA MENDEZ CHARNECO,SAN SEBASTIAN,PR,
AURORA PRESCHOOL,AURORA,NE,
AUTISM PROGRAM - HOOKER SCHOOL,HARTFORD,CT,
AUTISM PROGRAM - RAWSON SCHOOL,HARTFORD,CT,
BAKKER ELEMENTARY SCHOOL,HAGUE,ND,
BARELY BEARS,COOLIDGE,AZ,
BASILIO MILAN HERNANDEZ,TOA BAJA,PR,
BATON ROUGE BRIDGE ACADEMY INC.,BATON ROUGE,LA,
BEARD EARLY CHILDHOOD,DETROIT,MI,
BENIGNA INES CARATINI ESPARRA,COAMO,PR,
BENJAMIN BANNEKER ACHIEVEMENT CTR,GARY,IN,
BENJAMIN FRANKLIN,COAMO,PR,
BERRIEN COUNTY TRUANCY ACADEMY,BERRIEN SPRINGS,MI,
BIG STONE SCHOOL,SAND COULEE,MT,
BLACKSHEAR HEAD START,SAN ANGELO,TX,
BLAINE RE-ENGAGEMENT,BELLINGHAM,WA,
BLANCHE KELSO BRUCE ACADEMY WEST SELDEN SITE,DETROIT,MI,
BOYS TOWN INTERVENTION/ASSESSMENT INTERIM PROGRAM,BOYS TOWN,NE,
BRADLEY ACADEMY OF EXCELLENCE,AVONDALE,AZ,
BRIGHTER DAY PRESCHOOL,PIMA,AZ,
BROADMOOR MIDDLE SCHOOL,BATON ROUGE,LA,
BROOKSIDE,STOCKTON,CA,
BROOKSIDE EARLY CHILDHOOD SP ED,ALBERT LEA,MN,
BUTTERNUT ELEMENTARY SCHOOL,NORTH OLMSTED,OH,
CADET LEADERSHIP EDUCATION PROGRAM,JACKSON,KY,
CAMDEN COMMUNITY CHARTER SCHOOL,CAMDEN,NJ,
CAMELOT SAFE ACAD - GARFIELD PARK,CHICAGO,IL,
CANABON ABAJO,BARRANQUITAS,PR,
CANNON FALLS HS CREDIT RECOVERY,CANNON FALLS,MN,
CAREER ACADEMIC PLACEMENT PROGRAM,JACKSON,MS,
CAREER ACADEMY MIDDLE SCHOOL,SOUTH BEND,IN,
CAREER AND LIFE TRANS PRG TIN LAKE,ROSEVILLE,MN,
CARINOS DE LOS NINOS,ESPANOLA,NM,
CARL J POLK ELEMENTARY SCHOOL,LAKE STATION,IN,
CARLIN ELEMENTARY SCHOOL,RAVENNA,OH,
CARLOS ESCOBAR LOPEZ,LOIZA,PR,
CARLOS ORAMA PADILLA,BAYAMON,PR,
CARMEN BELEN VEIGA,JUANA DIAZ,PR,
CARMEN CASASUS MARTI (ELEM URBANA),ANASCO,PR,
CARPE DIEM - MERIDIAN CAMPUS,INDIANAPOLIS,IN,
CARROLLTON EARLY CHILDHOOD CENTER,CARROLLTON,OH,
CARTHAGE ELEMENTARY,CINCINNATI,OH,
CASE STREET EARLY LEARNING CENTER AT DTZ,NORWICH,CT,
CATE CENTER PRE K,FARMINGTON,NM,
CENTER FOR ALTERNATIVE EDUCATION,PICAYUNE,MS,
CENTERVILLE 7-8,SAND COULEE,MT,
CENTRAL COMMUNITY ELEMENTARY SCHOOL,READING,OH,
CENTRAL EL,DUNCANVILLE,TX,
CENTRAL VA. TRAINING CTR.,MADISON HEIGHTS,VA,
CENTRO ADIEST. VOC. GABRIEL BIBILONI,CAYEY,PR,
CENTRO DE ADIESTRAMIENTO Y BELLAS ARTES,AGUADILLA,PR,
CERRO GORDO MEDINA,MOCA,PR,
CHAP CENTER,BELLEVUE,NE,
CHAUNCEY DAVIS ELEMENTARY,SOUTH BEND,WA,
CHEESEQUAKE ELEMENTARY SCHOOL,MATAWAN,NJ,
CHERRY HILL TRANSPORTATION EDUCATION PROGRAM(TEP),CHERRY HILL,NJ,
CHICAGO VIRTUAL CHARTER SCHOOL,CHICAGO,IL,
CL HOME SCHOOL PARTNERSHIP,WARREN,MI,
CLARK CENTER,SPRINGFIELD,OH,
CLINT ISD JJAEP,EL PASO,TX,
CLINTON VOC COMPLEX,CLINTON,MS,
CLNTON/MRN/WSHNGTN PRE-KIND PROG,MOUNT VERNON,IL,
CLOUTIERVILLE ELEMENTARY SCHOOL,CLOUTIERVILLE,LA,
CM WEST,BETHALTO,IL,
COAL CANYON HS,LOVELOCK,NV,
COLEEN VAZQUEZ URRUTIA,NARANJITO,PR,
COLUMBIA STEP UP,CLARKLAKE,MI,
CONCEPCION PEREZ HERNANDEZ,CIALES,PR,
CONSUELO LOPEZ BENET,CAYEY,PR,
COOP HS 1,BISMARCK,IL,
COOP HS 7,ROSSVILLE,IL,
COQUI INTERMEDIA,SALINAS,PR,
CORNVILLE EARLY CHILDHOOD CAMPUS,SKOWHEGAN,ME,
CRAB ORCHARD ELEMENTARY,CRAB ORCHARD,WV,
CRADOCK TECHNICAL & CAREER CENTER,PORTSMOUTH,VA,
CRESTWOOD JR HIGH SCHOOL,PARIS,IL,
CRISTINA (AMADA) MARTINEZ MARTINEZ,VILLALBA,PR,
CRISTOBAL SANTANA MELECIO (NUEVA),DORADO,PR,
CRISTOBAL VICENS,CIALES,PR,
CROCKETT CAREER AND TECHNICAL CENTER,DETROIT,MI,
CRUZ ROSA RIVAS,MANATI,PR,
CRUZ SALGUERO TORRES,CANOVANAS,PR,
CVA - ONALASKA,ONALASKA,WA,
CVIT - HAYDEN HIGH SCHOOL,WINKELMAN,AZ,
DANIEL SERRANO RIVERA,VILLALBA,PR,
DAVID BACON SCHOOL,TALLMADGE,OH,
DAVID STARR JORDAN MIDDLE,BURBANK,CA,
DAVID STARR JORDAN MIDDLE,PALO ALTO,CA,
DAVIDSON ES,DAVIDSON,OK,
DAYBROOK EARLY HEADSTART CENTER(CLSD 97),FAIRVIEW,WV,
DEARBORN ACADEMIC CENTER OF EXCELLENCE,DEARBORN HEIGHTS,MI,
DEFIANCE GR SCH,DEFIANCE,PA,
DENHAMTOWN PRE-K CENTER,BOGALUSA,LA,
DERRY EL,PORT ISABEL,TX,
DESIDERIO MENDEZ RODRIGUEZ (MAIZALES),NAGUABO,PR,
DEVELOPMENTAL LEARNING PGM DLP,MIDLOTHIAN,IL,
DIRECTIONS PROGRAM,NAPERVILLE,IL,
DISTRICT PROGRAM SES,RIDGEFIELD,CT,
DOBBINS ELEMENTARY SCHOOL,POLAND,OH,
DOLORES GOMEZ DE ROMAN,ARECIBO,PR,
DOLORES GONZALEZ,ARROYO,PR,
DOMINGO MASSOL,ADJUNTAS,PR,
DOMINGO NIEVES ORTIZ (PALMA SOLA),CANOVANAS,PR,
DON AGUSTIN ACEVEDO HERNANDEZ,SAN SEBASTIAN,PR,
DR RAFAEL LOPEZ LANDRON,GUAYAMA,PR,
DR. CLEMENTE FERNANDEZ,CAROLINA,PR,
DR. FRANCISCO M. SUSONI,ARECIBO,PR,
DR. HIRAM GONZALEZ,BAYAMON,PR,
DR. MAXIMO DONOSO SANCHEZ,JUANA DIAZ,PR,
DR. RAMON MELLADO PARSONS,CAROLINA,PR,
DR. SANTIAGO VEVE CALZADA,FAJARDO,PR,
DR. VICTOR RINCON,HUMACAO,PR,
DRA. ANTONIA SAEZ,SAN JUAN,PR,
DRA. CONCHITA CUEVAS,GURABO,PR,
EARLY CHILDHOOD CAMPUS - CHOLLA,SCOTTSDALE,AZ,
EARLY CHILDHOOD CENTER 2,LANCASTER,OH,
EARLY LEARNING CENTER (0-3) AT SKINNER,OMAHA,NE,
EAST CENTRAL DEV CTR,SAN ANTONIO,TX,
EAST HOUMA ELEMENTARY SCHOOL,HOUMA,LA,
EASTERN HIGHLANDS REGION (EHR),HOLBROOK,AZ,
EASTERN SKY COMMUNITY CHARTER SCHOOL,HOLBROOK,AZ,
EASTSIDE EL,CLEVELAND,TX,
ECOLOGICA DE CULEBRA,CULEBRA,PR,
EDMUNDO DEL VALLE CRUZ,RIO GRANDE,PR,
EDP - HPHS ENGINEERING AND GREEN TECHNOLOGY ACADEMY,HARTFORD,CT,
EDP - M.D. FOX SCHOOL,HARTFORD,CT,
EDUCACION BILINGUE LUIS MUNOZ IGLESIAS,CIDRA,PR,
EDUCARE CENTER TPS PRE-SCHOOL,TOLEDO,OH,
EDUCATION COMPLEX,CELINA,OH,
EDUCATIONAL DAYCARE,JACKSONVILLE,IL,
EL FARALLON,BARRANQUITAS,PR,
ELADIA CORREA MORALES (CERRO GORDO),VILLALBA,PR,
ELADIO J. VEGA,AGUADILLA,PR,
ELBA LUGO CARRION (ESPECIALIZADA),ARECIBO,PR,
ELEMENTAL ALFONSO LOPEZ GARCIA,DORADO,PR,
ELEMENTAL BO HIGUILLAR (ECOLOGICA),DORADO,PR,
ELEMENTAL JOSE D. ZAYAS,LAS PIEDRAS,PR,
ELEMENTAL NUEVA,HORMIGUEROS,PR,
ELEMENTAL RAFAEL CORDERO,TRUJILLO ALTO,PR,
ELEMENTAL URBANA,MOROVIS,PR,
ELEMENTAL URBANA,VEGA ALTA,PR,
ELENA L. CHRISTIAN JUNIOR HIGH SCCHOOL,SAINT CROIX,VI,
ELI RAMOS ROSARIO,BARCELONETA,PR,
ELIAS BOUDINOT ELEMENTARY SCHOOL,BURLINGTON,NJ,
ELIAS MICHAEL ELEM.,ST LOUIS,MO,
ELISA DAVILA VAZQUEZ (ESPINOSA ADENTRO),VEGA ALTA,PR,
EMILIO CASAS (PENUELAS),SANTA ISABEL,PR,
ENGAGE ONLINE ACADEMY,GREELEY,CO,
ESCUELA LIBRE DE MUSICA (ESPECIALIZADA),ARECIBO,PR,
ESPINO,ANASCO,PR,
ESTEBAN ROSADO BAEZ,MAYAGUEZ,PR,
EUGENIO BRAC,NAGUABO,PR,
EVELETH GILBERT HOPE PROGRAM,EVELETH,MN,
EVIT - BRIMHALL JR. HIGH SCHOOL,MESA,AZ,
EVIT - CARSON JR. HIGH SCHOOL,MESA,AZ,
EVOLUTIONS HIGH SCHOOL,PROVIDENCE,RI,
EXCELLENCE ACADEMY CHARTER SCHOOL,MONROE,LA,
EXTENSION BORINQUEN,AGUADILLA,PR,
EZEQUIEL RAMOS LASANTA,AGUAS BUENAS,PR,
FABENS JJAEP,EL PASO,TX,
FAIR VIEW,TRUJILLO ALTO,PR,
FAIRVIEW VT,SAN ANGELO,TX,
FAUSTINO SANTIAGO MONTALVO,BAYAMON,PR,
FEDERICO ASENJO (PRE-TECNICA),SAN JUAN,PR,
FEDERICO DEGETAU (SU PALO HINCADO),BARRANQUITAS,PR,
FELISA RINCON DE GAUTIER (SU LIMON),MAYAGUEZ,PR,
FELIX SANCHEZ CRUZ,RIO GRANDE,PR,
FELIX SEIJO,UTUADO,PR,
FERNANDO CALLEJO,MANATI,PR,
FERNANDO ROSARIO VAZQUEZ,VEGA BAJA,PR,
FIRST STEP PRESCHOOL AND DAYCARE,PARMA,OH,
FIRST STREET EL SCH,CANONSBURG,PA,
FLEX PROGRAM,PLANO,IL,
FLORENCE L. WALTHER SCHOOL,LUMBERTON,NJ,
FOCUS SAFE SCH PROGRAM,VANDALIA,IL,
FORT JOHNSON MIDDLE,CHARLESTON,SC,
FOUNDATION FOR EARLY LEARNERS RUTHERFORD CHARTER,DETROIT,MI,
FRANCISCO (PRISCO) FUENTES,CANOVANAS,PR,
FRANCISCO GARCIA BOYRIE,GUAYAMA,PR,
FRANCISCO LUGO ROSA (CULEBRINAS),SAN SEBASTIAN,PR,
FRANCISCO RIVERA CLAUDIO,MOROVIS,PR,
FRANKFORT CAREER DEVELOPMENT CENTER,FRANKFORT,KY,
FRATERNIDAD,GUANICA,PR,
FREEDOM HOME,MADERA,CA,
FROST ELEMENTARY SCHOOL,CHANDLER,AZ,
GABINO SOTO,FAJARDO,PR,
GARRET SCHENCK SCHOOL,ANSON,ME,
GARRETT ACADEMY OF TECHNOLOGY,NORTH CHARLESTON,SC,
GCCLR INSTITUTE OF TECHNOLOGY,CORPUS CHRISTI,TX,
GEORGE W HERLICH JUV DET CTR,ELIZABETH,NJ,
GILMORE LANE ELEMENTARY,LOUISVILLE,KY,
GLEN PARK ACAD FOR EXCEL IN LRN,GARY,IN,
GOSHEN SECURE CENTER,GOSHEN,NY,
GRAND RIVER HEAD START,LANSING,MI,
GREATER GRACE CHARTER ACADEMY INC.,VACHERIE,LA,
GREEN'S FARMS SEGREGATED,WESTPORT,CT,
GREENE INTERMEDIATE CENTER,SOUTH BEND,IN,
GREGORIO RODRIGUEZ ORAMA,AGUADA,PR,
GRENADA VOC COMPLEX,GRENADA,MS,
GULFPORT VOCATIONAL ANNEX,GULFPORT,MS,
H.B. PRICE ELEMENTARY SCHOOL,MANGILAO,GU,
HADNOT-HAYES S.T.E.M. ELEMENTARY SCHOOL,ALEXANDRIA,LA,
HAINES MIDDLE SCHOOL,ST CHARLES,IL,
HAMILTON COUNTY PRESCHOOL CENTER,MC LEANSBORO,IL,
HANCOCK ELEMENTARY SCHOOL,SANDUSKY,OH,
HAPPY VALLEY LEARNING CENTER,GLASGOW,KY,
HARLEM HS - 9TH GRADE CAMPUS,MACHESNEY PARK,IL,
HATO NUEVO,GURABO,PR,
HAYDEE REXACH,SAN JUAN,PR,
HAZEL PARK ESL 9 MILE,HAZEL PARK,MI,
HEADSTART EASTLAND,NEWARK,OH,
HEARTLAND R-V SCH.,NEVADA,MO,
HELA HIGH SCHOOL,VANCOUVER,WA,
HENDERSON,LODI,CA,
HERACLIO H. RIVERA COLON,TOA ALTA,PR,
HERNANDEZ LEARNING CENTER,SAN ANTONIO,TX,
HEROES ACADEMY PREK-5,PUEBLO,CO,
HIGHLANDS,BRAINTREE,MA,
HILLCREST COLONY ELEMENTARY,POWER,MT,
HILLCREST SPECIAL SERVICES CENTER,RENTON,WA,
HILLSIDE COLONY SCHOOL,SUNBURST,MT,
HILLTOP ELEMENTARY SCHOOL,CARIBOU,ME,
HINCKLEY-FINLAYSON ALTERNATIVE PROG,HINCKLEY,MN,
HIPOLITO GARCIA BORRERO,GUAYANILLA,PR,
HOLLYWOOD HEIGHTS,CASEYVILLE,IL,
HOME ASSIGNMENTS-ELEMENTARY,TOWSON,MD,
HOMEBOUND ELEMENTARY SCHOOL,BIRMINGHAM,AL,
HOSFORD PARK NEW TECH ELEMENTARY,GARY,IN,
HOUSTON ELEMENTARY,SPARTANBURG,SC,
HOWARD A YEAGER ELEM SCH,NORTH CHICAGO,IL,
HUGHES JONES HARRODSBURG AREA TECH CTR,HARRODSBURG,KY,
HURON AI CENTER ELEM BOBCEAN PROGRAM,FLAT ROCK,MI,
I CAN DO ANYTHING CHARTER HIGH SCHOOL,RENO,NV,
ICM - SPENCER,MIDDLETOWN,CT,
ICM - WESLEY,MIDDLETOWN,CT,
ICM- WOODROW WILSON MIDDLE SCHOOL,MIDDLETOWN,CT,
IMBERY,BARCELONETA,PR,
INARAJAN ELEMENTARY SCHOOL,INARAJAN,GU,
INARAJAN MIDDLE SCHOOL,INARAJAN,GU,
INDEPENDENT HILL,MANASSAS,VA,
INDIAN HILL,PALOS HEIGHTS,IL,
INDIAN PEAKS CHARTER SCHOOL,GRANBY,CO,
INDIANAPOLIS LIGHTHOUSE EAST,INDIANAPOLIS,IN,
INDIVIDUALIZED LEARNING CENTER,LE MARS,IA,
INES M MENDOZA VDA DE MUNOZ MARIN,SAN JUAN,PR,
INTERMEDIA BERWIND,SAN JUAN,PR,
INTERMEDIA RAMON PEREZ PURCEL,PENUELAS,PR,
INTERMEDIA SALVADOR BUSQUETS,JUANA DIAZ,PR,
INVEST TRANSITION,PLYMOUTH,MN,
IPP CLASSROOM - JOHNSON,STRATFORD,CT,
IRS PROGRAM AT MORIARTY,NORWICH,CT,
ISAAC DEL ROSARIO,CATANO,PR,
ISABEL ALVARADO ALVARADO,VILLALBA,PR,
ISLES COMMUNITY CAR,TRENTON,NJ,
IVY DRIVE GOAL,BRISTOL,CT,
IVY DRIVE MEDICALLY FRAGILE,BRISTOL,CT,
J.P. TORRES SUCCESS ACADEMY,SANTA RITA,GU,
JACKSON/PERRY MS TAOEP,DU QUOIN,IL,
JACQUES MARQUETTE ELEM SCHOOL,GARY,IN,
JAIME A. COLLAZO DEL RIO,MOROVIS,PR,
JAMES J HILFIKER ELEMENTARY SCHOOL,GIBSONBURG,OH,
JARDINES DE PONCE,PONCE,PR,
JEFFERSON DAVIS MIDDLE,HAMPTON,VA,
JEFFERSON INTERNATIONAL ACADEMY INTERMEDIATE,PONTIAC,MI,
JESUS RIVERA BULTRON,CAROLINA,PR,
JHW INSPIRE ACADEMY - CROCKETT,CROCKETT,TX,
JHW INSPIRE ACADEMY - GRANBURY,GRANBURY,TX,
JOAQUIN RODRIGUEZ RUIZ,HATILLO,PR,
JOHN F. KENNEDY HIGH SCHOOL,TAMUNING,GU,
JOHN H. WOODSON JUNIOR HIGH SCHOOL,SAINT CROIX,VI,
JOHN NELSON ELEM SCHOOL,ROCKFORD,IL,
JOHN W. HARRIS,ARECIBO,PR,
JOHNNY E. LABOY TORRES,VILLALBA,PR,
JOSE A. LOPEZ CASTRO,JUNCOS,PR,
JOSE ANDINO Y AMEZQUITA,BAYAMON,PR,
JOSE COLLAZO COLON,JUNCOS,PR,
JOSE FELIPE ZAYAS,COAMO,PR,
JOSE FERNANDEZ RUBIAL,COROZAL,PR,
JOSE M. RIVERA SOLIS,SAN JUAN,PR,
JOSE MARIA DEL VALLE,TOA ALTA,PR,
JOSE PAGAN DE JESUS (ELEMENTAL BO SABANA HOYOS),VEGA ALTA,PR,
JOSE RAMON RODRIGUEZ,COAMO,PR,
JOSE SEVERO QUINONES,CAROLINA,PR,
JOSEPH A. CRAIG CHARTER SCHOOL,NEW ORLEANS,LA,
JOSEPH E FISHER SCHOOL,JOLIET,IL,
JOSIAH HARRIS ELEMENTARY SCHOOL,AMHERST,OH,
JUAN A. SANCHEZ DAVILA,MANATI,PR,
JUAN JOSE OSUNA (ESPSECIALIZADA),SAN JUAN,PR,
JUAN MORELL CAMPOS ELEMENTAL,PONCE,PR,
JUAN ROMAN OCASIO,GUAYNABO,PR,
JUDSON STEAM ACADEMY,LONGVIEW,TX,
JULIO SEIJO,ARECIBO,PR,
K C J D C,KERRVILLE,TX,
K M SMITH EL SCH,NANTICOKE,PA,
KANE PRESCHOOL,KANAB,UT,
KING'S HIGHWAY SEGREGATED,WESTPORT,CT,
KLEIN EDUCATION PLACEMENT PROGRAM,KLEIN,TX,
KNOWLEDGE ADVANCED SKILLS,NORTH BERGEN,NJ,
KRESS EL,KRESS,TX,
LA VILLA J J A E P H S,LA VILLA,TX,
LAKESHORE MIDDLE SCHOOL,SHREVEPORT,LA,
LARK ELEMENTARY SCHOOL,NORTHWOOD,OH,
LAUREL OAKS CHARTER SCHOOL,BATON ROUGE,LA,
LAUREL REGIONAL SPECIAL ED CTR,LYNCHBURG,VA,
LAURENTINO NIEVES VELEZ,SAN SEBASTIAN,PR,
LAWRENCE EARLY LEARNING CENTER,LAWRENCE,NE,
LEAR NORTH ELEMENTARY,NORTH RIDGEVILLE,OH,
LEONARD DOBER ELEMENTARY SCHOOL,SAINT THOMAS,VI,
LIMA HS - PRESCHOOL,LIMA,OH,
LINCOLN CO ALTERNATIVE,CALIENTE,NV,
LINCOLN EARLY CHLD CTR,ALLENTOWN,PA,
LIVE OAK MANOR ELEMENTARY SCHOOL,WESTWEGO,LA,
LLANOS DEL SUR,PONCE,PR,
LONG TERM CASE,DECATUR,AL,
LONGFELLOW ELEMENTARY SCHOOL,PENNSAUKEN,NJ,
LOST CREEK ELEMENTARY SCHOOL,LOST CREEK,WV,
LUCY GRILLASCA,PONCE,PR,
LUIS FELIPE RODRIGUEZ GARCIA,ARECIBO,PR,
LUIS HERNAIZ VERONNE,CANOVANAS,PR,
LUIS MUNOZ GRILLO,CAGUAS,PR,
LUIS RODRIGUEZ CABRERO,SAN JUAN,PR,
LUTGARDA RIVERA REYES (FLORIDA),NAGUABO,PR,
LYDIA M LOPEZ (PENA POBRE PARCELAS),NAGUABO,PR,
MAGNOLIA GROVE SCHOOL,MERIDIAN,MS,
MAHALIA JACKSON ELEMENTARY SCHOOL,NEW ORLEANS,LA,
MAHONING VALLEY OPPORTUNITY CENTER,YOUNGSTOWN,OH,
MALTA 6-7-8,MALTA,MT,
MANUEL AGOSTO LEBRON,CANOVANAS,PR,
MANUEL ALONSO DIAZ TORRES,MOROVIS,PR,
MANUEL BOADA,SAN JUAN,PR,
MANUEL CANDANEDO,COAMO,PR,
MANUEL FEBRES GONZALEZ,CAROLINA,PR,
MANUEL NEGRON COLLAZO I,VEGA BAJA,PR,
MANUEL PADILLA DAVILA,VEGA BAJA,PR,
MANUEL RAMOS HERNANDEZ,QUEBRADILLAS,PR,
MARCELA GARCIA CORA,GUAYAMA,PR,
MARGARITA JANER PALACIOS,GUAYNABO,PR,
MARIA C. HUERTAS (LA PRIETA),COMERIO,PR,
MARIA E. BAS DE VAZQUEZ,BAYAMON,PR,
MARIA J. CORREDOR RIVERA,TOA BAJA,PR,
MARIA M SIMMONS DE RIVERA,VIEQUES,PR,
MARIA MONTANEZ GOMEZ,CAGUAS,PR,
MARIA TERESA PINEIRO,TOA BAJA,PR,
MARIANO FELIU BALSEIRO,BAYAMON,PR,
MARLIN DAEP,MARLIN,TX,
MARSHALL ACADEMY,HARRISBURG,PA,
MARTIN GARCIA GIUSTI,TOA BAJA,PR,
MARTIN GONZALEZ,CAROLINA,PR,
MARTIN P MCKAY EDUCATION CENTER,NEW LENOX,IL,
MCCRAY ELEMENTARY SCHOOL,COOLIDGE,AZ,
MCKINLEY ELEMENTARY SCHOOL,PARKERSBURG,WV,
MCKINNEY ELEMENTARY SCHOOL,HUSTONVILLE,KY,
MDP - BATCHELDER SCHOOL,HARTFORD,CT,
MDP - BULKELEY HIGH SCHOOL,HARTFORD,CT,
MEDIANIA ALTA ELEMENTAL,LOIZA,PR,
MEMORIAL ELEMENTARY SCHOOL,BLUEFIELD,WV,
MERCEDES GARCIA DE COLORADO,CATANO,PR,
MERCY COMMUNITY ACADEMY,NOFOUNDCITY,MN,
METZ EL,AUSTIN,TX,
MICAELA ESCUDERO,MANATI,PR,
MIDDLE SCHOOL STEPS 7-8,STRATFORD,CT,
MIGUEL A SASTRE OLIVER,JAYUYA,PR,
MIGUEL DE CERVANTES SAAVEDRA,BAYAMON,PR,
MIGUEL F. CHIQUES,CAGUAS,PR,
MILLER WALL ELEMENTARY SCHOOL,MARRERO,LA,
MIRADERO 2,MAYAGUEZ,PR,
MMCAA SCHOOL READINESSFARWELL,FARWELL,MI,
MONROE TECHNOLOGY CENTER,LEESBURG,VA,
MONTEFIORE SPECIAL ELEM SCHOOL,CHICAGO,IL,
MORGAN CENTER SCHOOL,BREMERTON,WA,
MT VERNON HEAD START,LANSING,MI,
MT. VIEW GOAL,BRISTOL,CT,
MULTI-VOCATIONAL LIFE SKILLS PROGRAM,WALLINGFORD,CT,
NACHUSA CAMPUS RSSP,NACHUSA,IL,
NAVARRO COUNTY DAEP/ABC,CORSICANA,TX,
NEW DIRECTIONS - GENEVA,GENEVA,IL,
NEW LAKELINE AREA EL,ROUND ROCK,TX,
NEW OAK RIDGE PK-6 242,CONROE,TX,
NLC DAY TREATMENT,VIRGINIA,MN,
NOBLE ST CHTR-DRW TRADING COL,CHICAGO,IL,
NORRIS CITY ANNEX,NORRIS CITY,IL,
NORTHEAST MS/EXTENDED RESOURCE,BRISTOL,CT,
NORTHEAST MS/GOAL,BRISTOL,CT,
NORTHERN KY TECH - HIGHLAND HTS,HIGHLAND HEIGHTS,KY,
NORTHLAKE YOUTH ACADEMY,MANDEVILLE,LA,
NORTHSIDE ELEM,LARNED,KS,
NORWALK PATHWAYS ACADEMY AT BRIGGS,NORWALK,CT,
NORWOOD CONVERSION COMMUNITY SCHOOL,NORWOOD,OH,
OLGA EVANGELINA COLON TORRES (LA LUNA),GUANICA,PR,
OSBORN EVERGREEN ACADEMY OF DESIGN AND ALTERNATIVE ENERGY,DETROIT,MI,
OSBORNE ELEMENTARY SCHOOL,SANDUSKY,OH,
OSCAR L BUNKER,CAGUAS,PR,
OVEJAS,ANASCO,PR,
PABLO SUAREZ ORTIZ,LUQUILLO,PR,
PACE ELEMENTARY,RIVERDALE,IL,
PACES-W NE JUVENILE SERVICES,GERING,NE,
PARCELAS AGUAS CLARAS,CEIBA,PR,
PARCELAS MAGUEYES,PONCE,PR,
PARCELAS MARIA,ANASCO,PR,
PARKERS LAKE HIGH SCHOOL,PLYMOUTH,MN,
PASSAGE CHARTER SCHOOL,MONTROSE,CO,
PATHWAY ACADEMY HIGH SCHOOL,MARION,KY,
PATHWAYS GLOBAL LEADERSHIP ACADEMY,DETROIT,MI,
PAULA MOJICA,CAGUAS,PR,
PAWS ACADEMY,BATAVIA,IL,
PAYETTE ALTERNATIVE CENTER,PAYETTE,ID,
PEDRO J. RODRIGUEZ OQUENDO,CAROLINA,PR,
PEDRO LOPEZ CANINO,DORADO,PR,
PENFIELD EL SCH,PENFIELD,PA,
PENINSULA MARINE INSTITUTE,NEWPORT NEWS,VA,
PENNVILLE ELEMENTARY SCHOOL,PENNVILLE,IN,
PERCHAS DIAZ,MOROVIS,PR,
PESA PARCELAS,CIALES,PR,
PETERSBURG REGIONAL ALTERNATIVE,PETERSBURG,VA,
PINK SCHOOL,MARSLAND,NE,
PLATTE COLONY ELEMENTARY - 10,ACADEMY,SD,
POLAND NORTH PRESCHOOL,POLAND,OH,
PORFIRIO CRUZ GARCIA,COROZAL,PR,
PRAIRIE ELK COLONY SCHOOL,WOLF POINT,MT,
PRESCOTT SPECIAL ED PRE-SCHOOL,PRESCOTT,WA,
PRESTIGE PREPARATORY ACADEMY,NORTH CHARLESTON,SC,
PRIMARY DCD - SNW,MONTICELLO,MN,
PROGRAM FOR ACADEMIC AND CAREER ENHANCEMENT (PACE),GLEN ALLEN,VA,
PROJECT BRIDGE/RUSSELL CO,LEBANON,VA,
PROJECT RENEW/NORTHAMPTON CO,MACHIPONGO,VA,
PROJECT RETURN/FLUVANNA CO,PALMYRA,VA,
PROVE HIGH SCHOOL,LAKE STEVENS,WA,
PURIFICACION RODRIGUEZ,COAMO,PR,
R D BROWN VOC CENTER,BILOXI,MS,
R E SIMPSON SCHOOL,PHOENIX,AZ,
R.P. PABLO GUTIERREZ FLORES,AGUADA,PR,
RABANAL,AIBONITO,PR,
RAES EAST ALT ED,GALESBURG,IL,
RAES WEST,MONMOUTH,IL,
RAFAEL COLON SALGADO,BAYAMON,PR,
RAMON B. LOPEZ,CATANO,PR,
RAMON E. RODRIGUEZ DIAZ,HORMIGUEROS,PR,
RAMON MARIA TORRES,SAN SEBASTIAN,PR,
RAMON T. RIVERA (SU LAJITA),BARRANQUITAS,PR,
RAVENNA CHILD CARE PRESCHOOL,RAVENNA,OH,
REACHING INDIVIDUAL STUDENT EXCELLENCE,PORT READING,NJ,
READ-TURRENTINE EL,SILSBEE,TX,
REAL SPECIAL ED CTR,RICHMOND,VA,
RED RIVER ALC - BARNESVILLE 146,MOORHEAD,MN,
RED ROCK RIDGE MID-LEVEL ALC,WINDOM,MN,
REDIRECTION ALTERNATIVE EDUCATION,ORANGE,VA,
REDWOOD VALLEY ALTERNATIVE,REDWOOD FALLS,MN,
REGIONAL ALTERNATIVE EDUCATION CENTER/BUENA VISTA,BUENA VISTA,VA,
REGIONAL ALTERNATIVE/WYTHE CO,WYTHEVILLE,VA,
RESIDENTIAL CONSORTIUM,SEATTLE,WA,
RICARDO ARROYO LARACUENTE,DORADO,PR,
RICH HILL YOUTH DEV. CTR.,RICH HILL,MO,
RICHMOND HOSPITAL EP.,RICHMOND,VA,
RIRIE JR/SR HIGH SCHOOL,RIRIE,ID,
RISING STARS ACADEMY ON GLENMORE,CINCINNATI,OH,
RISING STARS ACADEMY ON HARRISON,CINCINNATI,OH,
RIVERSIDE YOUTH CORR FACIL EL,BOULDER,MT,
ROMAN COLON CORREA (RIO JUEYES),COAMO,PR,
ROOSEVELT-PERRY ELEMENTARY,LOUISVILLE,KY,
ROSA BERNARD,RIO GRANDE,PR,
ROY 7-8,ROY,MT,
RTC 1,BOYS TOWN,NE,
RTR ALC,TYLER,MN,
RUBEN RODRIGUEZ FIGUEROA,NARANJITO,PR,
RUFINO HUERTAS,COAMO,PR,
SABINA ELEMENTARY SCHOOL,SABINA,OH,
SAI CAMP CASSIDY LAKE,CHELSEA,MI,
SAINT THOMAS ELEMENTARY SCHOOL,SAINT THOMAS,ND,
SAINT THOMAS HIGH SCHOOL,SAINT THOMAS,ND,
SANTA MARIA JJAEP,SANTA MARIA,TX,
SANTA ROSA JJAEP,SAN BENITO,TX,
SANTIAGO R. PALMER SUPERIOR,CAMUY,PR,
SATELLITE HIGH SCHOOL,SEATTLE,WA,
SAVANNAH EL,AUBREY,TX,
SCOBEY 7-8,SCOBEY,MT,
SCOTT CHILD DEVELOPMENT CENTER,OXFORD,MS,
SECOND CHANCE ACADEMY,ROSCOMMON,MI,
SEN./TATE CO. OPTIONAL LEARNING CEN,SENATOBIA,MS,
SERV BY APPT,AMERICAN FORK,UT,
SEVIER CONNECTION ONLINE,RICHFIELD,UT,
SHAWMUT SCHOOL,SHAWMUT,MT,
SHENANDOAH VALLEY REG ALTERNATIVE ED/GENESIS,STAUNTON,VA,
SHERWOOD,WILLITS,CA,
SMOUSE OPPORTUNITY SCHOOL,DES MOINES,IA,
SMYLIE WILSON MIDDLE,LUBBOCK,TX,
SOUTH BRANDYWINE MS,EAST FALLOWFIELD,PA,
SOUTH REGION DEAF,OREM,UT,
SOUTH SIDE EXTENDED RESOURCE,BRISTOL,CT,
SOUTHERN HIGH SCHOOL,AGAT,GU,
SOUTHERN RGC,EGG HARBOR,NJ,
SOUTHSIDE L.I.N.K. PROJECT/BRUNSWICK CO,LAWRENCEVILLE,VA,
SOUTHWEST BEHAVIOR J/SHS,LAS VEGAS,NV,
SPENCER COUNTY HEADSTART,TAYLORSVILLE,KY,
ST. CLOUD HOSPITAL PROGRAMS NON-RES,SAINT CLOUD,MN,
ST. JOHN CHILD DEVELOPMENT CENTER,GARYVILLE,LA,
STEP TD PROGRAM,HOWARD LAKE,MN,
STEPS K-2 NICHOLS,STRATFORD,CT,
STIEGEL EL SCH,MANHEIM,PA,
STILES FAMILY CENTER,COLUMBUS,OH,
STINESVILLE ELEMENTARY SCHOOL,STINESVILLE,IN,
STORER ELEMENTARY SCHOOL,MUNCIE,IN,
STRUTHERS PRESCHOOL,STRUTHERS,OH,
SU ADELAIDA VEGA,VEGA ALTA,PR,
SU ALFREDO DORRINGTON,HORMIGUEROS,PR,
SU ANTONIA SERRANO GONZALEZ,JAYUYA,PR,
SU BOTIJAS 1,OROCOVIS,PR,
SU CARLOS CONDE MARIN,CAROLINA,PR,
SU CARMELO SERRANO CUBANO,SAN SEBASTIAN,PR,
SU CARMEN ZENAIDA VEGA (LA PLATA),AIBONITO,PR,
SU DAVID ANTONGIORGI CORDOVA,SABANA GRANDE,PR,
SU DAVID COLON VEGA,MOROVIS,PR,
SU DR ARTURO MORALES CARRION,SAN JUAN,PR,
SU FRANCISCO MARIA QUINONES,SAN GERMAN,PR,
SU FRANCISCO VAZQUEZ PUEYO,SABANA GRANDE,PR,
SU FRANCISCO VINCENTY,MARICAO,PR,
SU HELECHAL,BARRANQUITAS,PR,
SU HIGINIO FIGUEROA VILLEGAS,MAUNABO,PR,
SU JAGUAL ADENTRO,SAN LORENZO,PR,
SU JESUS T SANABRIA CRUZ,YABUCOA,PR,
SU JOAQUIN PARRILLA,PATILLAS,PR,
SU JOAQUIN VAZQUEZ CRUZ,CAMUY,PR,
SU JOSE C. BARBOSA,AIBONITO,PR,
SU JOSE R. BARRERAS,MOROVIS,PR,
SU JOSE TORO RIOS,HUMACAO,PR,
SU JOSEFINA SITIRICHE,GURABO,PR,
SU JUAN CARDONA RODRIGUEZ,SAN SEBASTIAN,PR,
SU PEDRO DIAZ FONSECA,CAYEY,PR,
SU PEDRO FERNANDEZ,NARANJITO,PR,
SU RAFAEL HERNANDEZ,GUAYNABO,PR,
SU RAMON ALEJANDRO AYALA,COMERIO,PR,
SU RAMON E. BETANCES,ARECIBO,PR,
SU SILVERIO GARCIA,NAGUABO,PR,
SU TOMAS CARRION MADURO,JUANA DIAZ,PR,
SUCCESS ACADEMY LEWIS,BUCKEYE,AZ,
SUMMIT SCHOOL,LAS VEGAS,NV,
SUMMITT EL,AUSTIN,TX,
SUPERIOR CATALINA MORALES FLORES,MOCA,PR,
SURPRISE CREEK SCHOOL,STANFORD,MT,
SVI 1418 RE-ENGAGEMENT PROGRAM,SEATTLE,WA,
TALLABOA ALTA INTERMEDIA,PENUELAS,PR,
TCS ALTERNATIVE SCHOOL,TUNICA,MS,
TEAGUE PARK SCHOOL,CARIBOU,ME,
TECHNOLOGY - ENGINEERING & COMMUNICATIONS,SEATTLE,WA,
TELFAIR ALTERNATIVE PREPARATION SCHOOL (TAPS),MCRAE,GA,
TERESA C HAMLIN ELEM SCHOOL,RANDOLPH,ME,
THE REGIONAL COMMUNITY ALTERNATIVE ED CONTINUUM,MIDLAND,VA,
THIRD STREET ELEMENTARY SCHOOL,BELVIDERE,NJ,
THOMAS ARMSTRONG TORO,PONCE,PR,
THUNDERBOLT ELEMENTARY SCHOOL,THUNDERBOLT,GA,
TIYAN HIGH SCHOOL,BARRIGADA,GU,
TOMAS CARRION MADURO,PONCE,PR,
TOMAS CARRION MADURO,SAN JUAN,PR,
TONI WOFFORD MORRISON ES,LORAIN,OH,
TYNDALL CENTER,OAK PARK,MI,
U OF L PACT PROGRAM,LOUISVILLE,KY,
VALLEY MILLS DAEP,VALLEY MILLS,TX,
VAN BUREN EL,GROVES,TX,
VAN HORNE ELEMENTARY SCHOOL - CLOSED,TUCSON,AZ,
VECTOR BASIC,PLYMOUTH,MN,
VENICE HEIGHTS ELEMENTARY SCHOOL,SANDUSKY,OH,
VENUS GARDENS,TRUJILLO ALTO,PR,
VICENTE ACEVEDO BALLESTER,BARCELONETA,PR,
VICENTE BENAVENTE MIDDLE SCHOOL,DEDEDO,GU,
VICTOR ROJAS 2,ARECIBO,PR,
VILLA GRANADA,SAN JUAN,PR,
VISION ACADEMY,MONROE,LA,
WAIT PRIMARY ELEMENTARY SCHOOL,STREETSBORO,OH,
WALNUT SPRINGS DAEP,WALNUT SPRINGS,TX,
WALTER G. CADY SCHOOL,MIDDLETOWN,CT,
WCOC - DAY TREATMENT,WASECA,MN,
WEBSTER CO EARLY LRN-BLUE HILL,BLUE HILL,NE,
WEST CAMPUS FACILITY,MASON CITY,IL,
WEST SHORE MIDDLE SCHOOL,MILFORD,CT,
WESTPHALIA,WESTPHALIA,KS,
WHITE CONE - INACTIVE,INDIAN WELLS,AZ,
WHITEHALL PRE-K CENTER,JACKSON,TN,
WHITEHOUSE A E P,WHITEHOUSE,TX,
WHITESVILLE ROAD ELEMENTARY SCHOOL,LAGRANGE,GA,
WM S LOTT JUVENILE CTR,GRANGER,TX,
WORLD OF WONDER PREK-6 SCHOOL,DAYTON,OH,
WORTHINGTON ELEMENTARY SCHOOL,PARKERSBURG,WV,
WYVETTER YOUNGE ALTRNTV CNTR,EAST SAINT LOUIS,IL,
ZOILO CAJIGAS SOTOMAYOR,AGUADA,PR,
