﻿X,Y,OBJECTID,NCESID,name,address,city,state,ZIP,ZIP4,TELEPHONE,TYPE,STATUS,POPULATION,COUNTY,COUNTYFIPS,COUNTRY,lat,lon,NAICS_CODE,NAICS_DESC,SOURCE,SOURCEDATE,VAL_METHOD,VAL_DATE,website,LEVEL_,ENROLLMENT,ST_GRADE,END_GRADE,DISTRICTID,FT_TEACHER,SHELTER_ID
-9611345.6586,5179521.661,102179,260014201700,COUNTRYSIDE ACADEMY ELEMENTARY,4821 NORTH STREET,BENTON HARBOR,MI,49022,,(269) 944-5565,1,1,377,BERRIEN,26021,USA,42.123663413,-86.3401870609999,611110,ELEMENTARY AND SECONDARY SCHOOLS,http://nces.ed.gov/GLOBALLOCATOR/sch_info_popup.asp?Type=Public&ID=260014201700,2010/01/29 00:00:00,IMAGERY/OTHER,2020/03/06 00:00:00,http://www.countrysideacademy.org,ELEMENTARY,361,KG,05,2600142,16,10809185
-10381870.9584,5612507.3333,102180,271104002555,EARLY CHILDHOOD SPECIAL EDUCATION,215 N 1ST AVE E,DULUTH,MN,55802,2058,(218) 336-8744,2,1,140,ST. LOUIS,27137,USA,44.9427130550001,-93.2619335969999,611110,ELEMENTARY AND SECONDARY SCHOOLS,http://nces.ed.gov/GLOBALLOCATOR/sch_info_popup.asp?Type=Public&ID=271104002555,2009/10/13 00:00:00,IMAGERY/OTHER,2020/03/23 00:00:00,,PREKINDERGARTEN,140,PK,PK,2711040,-999,
-9681141.8148,3996828.0045,102181,010192000698,CORNER HIGH SCHOOL,4301 WARRIOR JASPER ROAD,DORA,AL,35062,,(205) 379-3200,1,1,567,JEFFERSON,01073,USA,33.7615442060001,-86.9671766,611110,ELEMENTARY AND SECONDARY SCHOOLS,http://nces.ed.gov/GLOBALLOCATOR/sch_info_popup.asp?Type=Public&ID=010192000698,2009/12/10 00:00:00,IMAGERY/OTHER,2020/03/06 00:00:00,http://cornerhigh.jefcoed.com/,HIGH,537,09,12,101920,30,
-9473858.6553,5018124.9176,102182,180001301774,TIMOTHY L JOHNSON ACADEMY,4625 WERLING DR,FORT WAYNE,IN,46806,,(260) 441-8727,1,1,326,ALLEN,18003,USA,41.0391968980001,-85.1051202959999,611110,ELEMENTARY AND SECONDARY SCHOOLS,http://nces.ed.gov/GLOBALLOCATOR/sch_info_popup.asp?Type=Public&ID=180001301774,2010/01/29 00:00:00,IMAGERY/OTHER,2020/04/02 00:00:00,,ELEMENTARY,312,KG,06,1800013,14,
-9211027.9001,4982893.9588,102183,391000802184,CRESTLINE ELEMENTARY SCHOOL,435 OLDFIELD RD,CRESTLINE,OH,44827,9404,(419) 683-3647,1,1,291,CRAWFORD,39033,USA,40.800051969,-82.744071451,611110,ELEMENTARY AND SECONDARY SCHOOLS,http://nces.ed.gov/GLOBALLOCATOR/sch_info_popup.asp?Type=Public&ID=391000802184,2010/01/29 00:00:00,IMAGERY/OTHER,2020/04/13 00:00:00,,ELEMENTARY,271,KG,05,3910008,20,11531209
-12240919.576,3900135.5097,102184,040034902254,GIFT - FT. THOMAS HIGH SCHOOL,HIGHWAY 70,FORT THOMAS,AZ,85536,,(928) 348-3393,3,1,-999,GRAHAM,04009,USA,33.0363929050001,-109.962051468,611110,ELEMENTARY AND SECONDARY SCHOOLS,http://nces.ed.gov/GLOBALLOCATOR/sch_info_popup.asp?Type=Public&ID=040034902254,2010/01/29 00:00:00,IMAGERY/OTHER,2019/01/02 00:00:00,,HIGH,0,09,12,400349,-999,
-10932357.2696,5553195.6786,102185,463548000312,HURON COLONY ELEMENTARY - 13,40068 HURON COLONY LN,HURON,SD,57350,,(605) 353-7885,1,1,22,BEADLE,46005,USA,44.5643474190001,-98.207036267,611110,ELEMENTARY AND SECONDARY SCHOOLS,http://nces.ed.gov/GLOBALLOCATOR/sch_info_popup.asp?Type=Public&ID=463548000312,2010/01/29 00:00:00,IMAGERY/OTHER,2019/01/10 00:00:00,http://www.huron.k12.sd.us,ELEMENTARY,20,KG,08,4635480,2,
-8414225.4316,4820446.1949,102186,100004900341,DELAWARE ACADEMY OF PUBLIC SAFETY AND SECURITY,801 NORTH DUPONT HIGHWAY,NEW CASTLE,DE,19720,,(302) 322-6050,1,1,243,NEW CASTLE,10003,USA,39.6862016690001,-75.5862730919999,611110,ELEMENTARY AND SECONDARY SCHOOLS,http://nces.ed.gov/GLOBALLOCATOR/sch_info_popup.asp?Type=Public&ID=100004900341,2011/09/30 00:00:00,IMAGERY/OTHER,2020/01/06 00:00:00,http://www.dapsscharterschool.org,HIGH,228,09,12,1000049,15,
-13615427.2399,6042749.5198,102187,530771001311,SEATTLE WORLD SCHOOL,1700 EAST UNION ST.,SEATTLE,WA,98122,,(206) 252-2200,4,1,256,KING,53033,USA,47.6132294880001,-122.309463894,611110,ELEMENTARY AND SECONDARY SCHOOLS,http://nces.ed.gov/GLOBALLOCATOR/sch_info_popup.asp?Type=Public&ID=530771001311,2009/10/13 00:00:00,IMAGERY/OTHER,2020/03/24 00:00:00,,HIGH,236,06,12,5307710,20,
-10856714.2499,3007766.9311,102188,482829011393,LOS FRESNOS UNITED,33790 FM 803,SAN BENITO,TX,78586,,(956) 254-5250,1,1,1761,CAMERON,48061,USA,26.070109754,-97.5275234599999,611110,ELEMENTARY AND SECONDARY SCHOOLS,http://nces.ed.gov/GLOBALLOCATOR/sch_info_popup.asp?Type=Public&ID=482829011393,2010/01/29 00:00:00,IMAGERY/OTHER,2020/01/13 00:00:00,http://lfu.lfcisd.net,SECONDARY,1657,09,10,4828290,104,
-9383264.987,4547574.1589,102189,210372002217,B. MICHAEL CAUDILL MIDDLE SCHOOL,1428 ROBERT R. MARTIN BYPASS,RICHMOND,KY,40475,,(859) 625-6172,1,1,681,MADISON,21151,USA,37.774181459,-84.291303528,611110,ELEMENTARY AND SECONDARY SCHOOLS,http://nces.ed.gov/GLOBALLOCATOR/sch_info_popup.asp?Type=Public&ID=210372002217,2011/09/30 00:00:00,IMAGERY/OTHER,2020/04/08 00:00:00,,MIDDLE,641,06,08,2103720,40,
-11020531.206,3050533.2047,102190,483774011414,ROEL A & CELIA R SAENZ EL,310 S GATE RD,ROMA,TX,78584,,(956) 849-7230,1,1,619,STARR,48427,USA,26.4146884780001,-98.999116215,611110,ELEMENTARY AND SECONDARY SCHOOLS,http://nces.ed.gov/GLOBALLOCATOR/sch_info_popup.asp?Type=Public&ID=483774011414,2010/01/29 00:00:00,IMAGERY/OTHER,2020/04/17 00:00:00,http://rcs.romaisd.com,ELEMENTARY,580,PK,05,4837740,39,
-9682997.0924,3944263.4698,102191,010033001267,BESSEMER CENTER FOR TECHNOLOGY,4940 PREMIERE PARKWAY,BESSEMER,AL,35022,,(205) 432-3805,3,1,9,JEFFERSON,01073,USA,33.368083809,-86.9838428419999,611110,ELEMENTARY AND SECONDARY SCHOOLS,http://nces.ed.gov/GLOBALLOCATOR/sch_info_popup.asp?Type=Public&ID=010033001267,2010/01/29 00:00:00,IMAGERY,2017/10/31 00:00:00,http://bessemer.bcst.schoolinsites.com,HIGH,-999,09,12,100330,9,
-10856735.2608,4533315.6785,102192,200654001732,DWIGHT D. EISENHOWER MIDDLE SCHOOL,16152 W EXPLORER ST,GODDARD,KS,67052,,(316) 794-4150,1,1,512,SEDGWICK,20173,USA,37.672868914,-97.527712204,611110,ELEMENTARY AND SECONDARY SCHOOLS,http://nces.ed.gov/GLOBALLOCATOR/sch_info_popup.asp?Type=Public&ID=200654001732,2010/01/29 00:00:00,IMAGERY/OTHER,2020/03/11 00:00:00,http://www.goddardusd.com,MIDDLE,486,07,08,2006540,26,
-9856558.005,4736594.578,102193,170016504627,TRISTAR ACAD SAFE SCH PROGRAM,900 W EDGAR AVE,EFFINGHAM,IL,62401,1933,(217) 342-2865,4,1,5,EFFINGHAM,17049,USA,39.1041040790001,-88.542967047,611110,ELEMENTARY AND SECONDARY SCHOOLS,http://nces.ed.gov/GLOBALLOCATOR/sch_info_popup.asp?Type=Public&ID=170016504627,2010/01/29 00:00:00,GEOCODE,2017/10/31 00:00:00,,MIDDLE,4,08,08,1700165,1,
-9631866.7151,5759325.2287,102194,260569004202,BIG BAY DE NOC SCHOOL,8928 OO 25 RD,COOKS,MI,49817,,(906) 644-2773,1,1,180,DELTA,26041,USA,45.868650071,-86.524530848,611110,ELEMENTARY AND SECONDARY SCHOOLS,http://nces.ed.gov/GLOBALLOCATOR/sch_info_popup.asp?Type=Public&ID=260569004202,2010/01/29 00:00:00,IMAGERY,2017/10/31 00:00:00,http://www.bigbayschool.com,OTHER,166,PK,12,2605690,14,
-9130409.2515,4299220.3692,102195,370030000089,RIVERSIDE ELEMENTARY,8020 US 19E HWY SOUTH,NEWLAND,NC,28657,9452,(828) 737-5600,1,1,126,AVERY,37011,USA,35.9898175220001,-82.019861809,611110,ELEMENTARY AND SECONDARY SCHOOLS,http://nces.ed.gov/GLOBALLOCATOR/sch_info_popup.asp?Type=Public&ID=370030000089,2010/01/29 00:00:00,IMAGERY,2017/10/31 00:00:00,http://www.averyschools.net/schools,ELEMENTARY,117,PK,05,3700300,9,
-11407621.3621,5480231.7239,102196,466993000740,ELM SPRINGS ELEMENTARY - 13,21309 ELM SPRINGS RD,WASTA,SD,57791,,(605) 269-2264,1,1,15,MEADE,46093,USA,44.0954921420001,-102.47640625,611110,ELEMENTARY AND SECONDARY SCHOOLS,http://nces.ed.gov/GLOBALLOCATOR/sch_info_popup.asp?Type=Public&ID=466993000740,2010/01/29 00:00:00,UNVERIFIED,2020/03/02 00:00:00,http://www.meade.k12.sd.us,ELEMENTARY,13,KG,08,4669930,2,
-10409758.2299,5480453.0207,102197,274188001746,WASECA INTERMEDIATE SCHOOL,400 19TH AVE NW,WASECA,MN,56093,2276,(507) 835-3000,1,1,511,WASECA,27161,USA,44.0969198280001,-93.512449219,611110,ELEMENTARY AND SECONDARY SCHOOLS,http://nces.ed.gov/GLOBALLOCATOR/sch_info_popup.asp?Type=Public&ID=274188001746,2009/10/13 00:00:00,IMAGERY/OTHER,2020/04/17 00:00:00,,MIDDLE,474,04,06,2741880,37,10809676
-13328828.2418,4786054.9165,102198,320048000678,KENDYL DEPOALI MIDDLE SCHOOL,9300 WILBUR MAY PARKWAY,RENO,NV,89521,,(775) 852-6700,1,1,1284,WASHOE,32031,USA,39.448045129,-119.73490129,611110,ELEMENTARY AND SECONDARY SCHOOLS,http://nces.ed.gov/GLOBALLOCATOR/sch_info_popup.asp?Type=Public&ID=320048000678,2010/01/29 00:00:00,IMAGERY/OTHER,2020/04/01 00:00:00,,MIDDLE,1228,06,08,3200480,56,10820230
-13645454.9828,5680537.7598,102199,410933001725,ALLIANCE CHARTER ACADEMY,16075 S FRONT AVE,OREGON CITY,OR,97045,1237,(503) 785-8556,1,1,406,CLACKAMAS,41005,USA,45.3736478760001,-122.579207698,611110,ELEMENTARY AND SECONDARY SCHOOLS,http://nces.ed.gov/GLOBALLOCATOR/sch_info_popup.asp?Type=Public&ID=410933001725,2010/01/29 00:00:00,IMAGERY/OTHER,2020/04/08 00:00:00,http://alliancecharteracademy.com,OTHER,381,KG,12,4109330,25,
-7993016.7171,5251632.378,102200,250007301750,SIZER SCHOOL: A NORTH CENTRAL CHARTER ESSENTIAL SCHOOL,500 RINDGE ROAD,FITCHBURG,MA,01420,,(978) 345-2701,1,1,394,WORCESTER,25027,USA,42.6022995970001,-71.8024908319999,611110,ELEMENTARY AND SECONDARY SCHOOLS,http://nces.ed.gov/GLOBALLOCATOR/sch_info_popup.asp?Type=Public&ID=250007301750,2010/01/29 00:00:00,IMAGERY/OTHER,2020/04/08 00:00:00,http://www.sizerschool.org,HIGH,359,07,12,2500073,35,
-11901082.9297,4888521.3827,102201,080591001910,SOROCO PRESCHOOL AT YAMPA,26 W 5TH STREET,YAMPA,CO,80483,,(970) 870-2659,1,1,34,ROUTT,08107,USA,40.1552011320001,-106.909246933,611110,ELEMENTARY AND SECONDARY SCHOOLS,http://nces.ed.gov/GLOBALLOCATOR/sch_info_popup.asp?Type=Public&ID=080591001910,2010/01/29 00:00:00,IMAGERY/OTHER,2019/02/22 00:00:00,,PREKINDERGARTEN,32,PK,PK,805910,2,
-8246605.1148,4905302.7761,102202,340006900719,DEVELOPMENTAL LEARNING CENTER,100 TORNILLO WAY,TINTON FALLS,NJ,07712,,(732) 440-1122,2,1,70,MONMOUTH,34025,USA,40.270321525,-74.0805141669999,611110,ELEMENTARY AND SECONDARY SCHOOLS,http://nces.ed.gov/GLOBALLOCATOR/sch_info_popup.asp?Type=Public&ID=340006900719,2010/01/29 00:00:00,IMAGERY/OTHER,2017/10/31 00:00:00,,OTHER,55,PK,12,3400069,15,
-8933644.2893,2998848.3028,102203,120018004057,BROWARD GIRLS ACADEMY,8301 S PALM DR,PEMBROKE PINES,FL,33025,4535,(754) 321-7650,4,2,-999,BROWARD,12011,USA,25.998121643,-80.25229208,611110,ELEMENTARY AND SECONDARY SCHOOLS,http://nces.ed.gov/GLOBALLOCATOR/sch_info_popup.asp?Type=Public&ID=120018004057,2010/01/29 00:00:00,IMAGERY/OTHER,2020/01/10 00:00:00,http://www.browardschools.com,HIGH,-999,07,12,1200180,-999,
-9714045.4405,5102755.2869,102204,180387002199,WM A WIRT/EMERSON VPA,210 N GRAND BLVD,GARY,IN,46403,,(219) 321-8555,1,1,548,LAKE,18089,USA,41.6101215900001,-87.262754898,611110,ELEMENTARY AND SECONDARY SCHOOLS,http://nces.ed.gov/GLOBALLOCATOR/sch_info_popup.asp?Type=Public&ID=180387002199,2010/01/29 00:00:00,IMAGERY/OTHER,2020/01/17 00:00:00,,HIGH,526,06,12,1803870,22,
-11809542.7487,4296585.9944,102205,590006900095,KHA'P'O COMMUNITY SCHOOL,625 KEE STREET,ESPANOLA,NM,87532,,(505) 753-4406,1,1,109,RIO ARRIBA,35039,USA,35.970667346,-106.086927496,611110,ELEMENTARY AND SECONDARY SCHOOLS,http://nces.ed.gov/GLOBALLOCATOR/sch_info_popup.asp?Type=Public&ID=590006900095,2011/09/30 00:00:00,IMAGERY/OTHER,2020/01/22 00:00:00,http://www.khapoeducation.org,ELEMENTARY,109,KG,06,5900069,-999,
-10376343.386,5638265.1584,102206,272295001038,MOUNDS VIEW ADULT EDUCATION,2574 COUNTY RD 10,MOUNDS VIEW,MN,55112,8888,(651) 621-6250,4,1,18,RAMSEY,27123,USA,45.106257901,-93.212278569,611110,ELEMENTARY AND SECONDARY SCHOOLS,http://nces.ed.gov/GLOBALLOCATOR/sch_info_popup.asp?Type=Public&ID=272295001038,2010/01/29 00:00:00,IMAGERY/OTHER,2020/03/25 00:00:00,,HIGH,11,12,12,2722950,7,
-12498211.4026,3961232.9295,102207,040030302181,ARIZONA PREPARATORY ACADEMY,10720 W INDIAN SCHOOL RD.,PHOENIX,AZ,85037,,(623) 907-2661,1,1,348,MARICOPA,04013,USA,33.4953009060001,-112.273343271,611110,ELEMENTARY AND SECONDARY SCHOOLS,http://nces.ed.gov/GLOBALLOCATOR/sch_info_popup.asp?Type=Public&ID=040030302181,2009/10/13 00:00:00,IMAGERY/OTHER,2020/04/13 00:00:00,,HIGH,348,09,12,400303,-999,
-13335517.9624,4792754.9972,102208,320048000544,BAILEY CHARTER SCHOOL,210 GENTRY WAY,RENO,NV,89502,,(775) 323-6767,1,1,269,WASHOE,32031,USA,39.4945067370001,-119.794996073,611110,ELEMENTARY AND SECONDARY SCHOOLS,http://nces.ed.gov/GLOBALLOCATOR/sch_info_popup.asp?Type=Public&ID=320048000544,2010/01/29 00:00:00,IMAGERY/OTHER,2020/04/20 00:00:00,,ELEMENTARY,269,KG,06,3200480,-999,
-10763954.726,3861972.6078,102209,480020408759,INSPIRED VISION ACADEMY EL,8421 BOHANNON DR,DALLAS,TX,75217,,(214) 391-7964,1,1,779,DALLAS,48113,USA,32.7485278070001,-96.6942504789999,611110,ELEMENTARY AND SECONDARY SCHOOLS,http://nces.ed.gov/GLOBALLOCATOR/sch_info_popup.asp?Type=Public&ID=480020408759,2010/01/29 00:00:00,IMAGERY,2017/10/31 00:00:00,,ELEMENTARY,742,PK,06,4800204,37,
-11821279.0382,3723132.55,102210,481443010634,HORIZON MIDDLE,400 KENAZO AVE,EL PASO,TX,79928,,(915) 926-4700,1,1,739,EL PASO,48141,USA,31.693407575,-106.192356379,611110,ELEMENTARY AND SECONDARY SCHOOLS,http://nces.ed.gov/GLOBALLOCATOR/sch_info_popup.asp?Type=Public&ID=481443010634,2010/01/29 00:00:00,IMAGERY,2017/10/31 00:00:00,,MIDDLE,697,06,08,4814430,42,
-10627982.4412,3672526.5103,102211,481572001139,CROCKETT J H,1500 W LOOP 304,CROCKETT,TX,75835,2189,(936) 544-2125,1,1,303,HOUSTON,48225,USA,31.305795473,-95.472790663,611110,ELEMENTARY AND SECONDARY SCHOOLS,http://nces.ed.gov/GLOBALLOCATOR/sch_info_popup.asp?Type=Public&ID=481572001139,2010/01/29 00:00:00,IMAGERY,2017/10/31 00:00:00,,MIDDLE,281,06,08,4815720,22,
-8938632.0684,4778533.4658,102212,540051001238,LINCOLN HIGH SCHOOL,100 JERRY TOTH DR,SHINNSTON,WV,26431,,(304) 326-7400,1,1,597,HARRISON,54033,USA,39.3958507850001,-80.297098062,611110,ELEMENTARY AND SECONDARY SCHOOLS,http://nces.ed.gov/GLOBALLOCATOR/sch_info_popup.asp?Type=Public&ID=540051001238,2010/01/29 00:00:00,IMAGERY,2017/10/31 00:00:00,,HIGH,559,09,12,5400510,38,
-10981377.679,3450429.4968,102213,483312012195,GARCIA MIDDLE,14900 KYLE SEALE PKWY,SAN ANTONIO,TX,78255,,(210) 397-8400,1,1,1556,BEXAR,48029,USA,29.5858848550001,-98.647394097,611110,ELEMENTARY AND SECONDARY SCHOOLS,http://nces.ed.gov/GLOBALLOCATOR/sch_info_popup.asp?Type=Public&ID=483312012195,2011/08/04 00:00:00,GEOCODE,2017/10/31 00:00:00,http://www.nisd.net,MIDDLE,1474,06,08,4833120,82,
-9778537.0491,5247807.2782,102214,550732002779,KENOSHA 4 YEAR OLD KINDERGARTEN,6300 27TH AVE,KENOSHA,WI,53143,4653,(262) 359-7760,1,1,132,KENOSHA,55059,USA,42.577002029,-87.8420928749999,611110,ELEMENTARY AND SECONDARY SCHOOLS,http://nces.ed.gov/GLOBALLOCATOR/sch_info_popup.asp?Type=Public&ID=550732002779,2011/09/30 00:00:00,GEOCODE,2017/10/31 00:00:00,http://www.kusd.edu,PREKINDERGARTEN,123,PK,PK,5507320,9,
-9345715.6877,4591231.8782,102215,210425002326,MONTGOMERY COUNTY INTERMEDIATE SCHOOL,29 NORTH MAYSVILLE,MOUNT STERLING,KY,40353,,(859) 497-8703,1,1,783,MONTGOMERY,21173,USA,38.0835253920001,-83.9539924329999,611110,ELEMENTARY AND SECONDARY SCHOOLS,http://nces.ed.gov/GLOBALLOCATOR/sch_info_popup.asp?Type=Public&ID=210425002326,2015/05/08 00:00:00,IMAGERY/OTHER,2017/10/31 00:00:00,,MIDDLE,737,05,06,2104250,46,
-12340394.2252,3792121.4281,102216,040075202809,PCJTED - PALO VERDE HIGH SCHOOL,6420 E. BROADWAY BLVD. SUITE A,TUCSON,AZ,85710,,(520) 745-4588,3,1,-999,PIMA,04019,USA,32.2192218610001,-110.855647446,611110,ELEMENTARY AND SECONDARY SCHOOLS,http://nces.ed.gov/GLOBALLOCATOR/sch_info_popup.asp?Type=Public&ID=040075202809,2010/01/29 00:00:00,IMAGERY,2017/10/31 00:00:00,http://www.pimajted.org,HIGH,0,09,12,400752,-999,
-10919213.2988,3465680.1693,102217,481473012276,KINDER RANCH AREA H S,1404 IH 35 N,NEW BRAUNFELS,TX,78130,,(830) 221-2000,1,6,-999,COMAL,48091,USA,29.704951183,-98.088961969,611110,ELEMENTARY AND SECONDARY SCHOOLS,http://nces.ed.gov/GLOBALLOCATOR/sch_info_popup.asp?Type=Public&ID=481473012276,2011/09/30 00:00:00,IMAGERY/OTHER,2020/03/25 00:00:00,,,-999,M,M,4814730,-999,
-12511932.1474,3977757.5747,102218,040044102658,IMAGINE SURPRISE MIDDLE,14850 N. 156TH AVE.,SURPRISE,AZ,85379,,(623) 344-4300,1,1,372,MARICOPA,04013,USA,33.6190039310001,-112.396598819,611110,ELEMENTARY AND SECONDARY SCHOOLS,http://nces.ed.gov/GLOBALLOCATOR/sch_info_popup.asp?Type=Public&ID=040044102658,2010/01/29 00:00:00,IMAGERY/OTHER,2020/03/31 00:00:00,,MIDDLE,372,06,08,400441,-999,
-8573445.6015,4710243.9602,102219,110003000397,WASHINGTON METROPOLITAN HS,300 BRYANT ST NW,WASHINGTON,DC,20001,,(202) 939-3610,4,1,212,DISTRICT OF COLUMBIA,11001,USA,38.9201763450001,-77.016572214,611110,ELEMENTARY AND SECONDARY SCHOOLS,http://nces.ed.gov/GLOBALLOCATOR/sch_info_popup.asp?Type=Public&ID=110003000397,2011/09/30 00:00:00,IMAGERY/OTHER,2020/03/13 00:00:00,http://www.dcps.dc.gov,HIGH,195,08,12,1100030,17,
-10957933.5777,3463128.5235,102220,481473012350,INDIAN SPRINGS EL,25751 WILDERNESS OAK,SAN ANTONIO,TX,78261,,(830) 221-2000,1,1,852,BEXAR,48029,USA,29.6850395720001,-98.436792152,611110,ELEMENTARY AND SECONDARY SCHOOLS,http://nces.ed.gov/GLOBALLOCATOR/sch_info_popup.asp?Type=Public&ID=481473012350,2011/09/30 00:00:00,IMAGERY/OTHER,2018/12/19 00:00:00,,ELEMENTARY,810,PK,05,4814730,42,
-10614108.1506,3459641.1831,102221,482364012609,ENERGIZED FOR STEM ACADEMY SOUTHEAST MIDDLE,7055 BEECHNUT,HOUSTON,TX,77074,6003,(713) 773-3600,1,1,368,HARRIS,48201,USA,29.6578199460001,-95.34815579,611110,ELEMENTARY AND SECONDARY SCHOOLS,http://nces.ed.gov/GLOBALLOCATOR/sch_info_popup.asp?Type=Public&ID=482364012609,2012/11/02 00:00:00,IMAGERY/OTHER,2020/03/03 00:00:00,http://www.houstonisd.org,MIDDLE,368,06,08,4823640,-999,
-12359213.0895,3792462.7545,102222,040037302311,TUCSON INTERNATIONAL ACADEMY,2700 W. BROADWAY BLVD.,TUCSON,AZ,85745,,(520) 792-3255,1,1,103,PIMA,04019,USA,32.2218158630001,-111.02470018,611110,ELEMENTARY AND SECONDARY SCHOOLS,http://nces.ed.gov/GLOBALLOCATOR/sch_info_popup.asp?Type=Public&ID=040037302311,2010/01/29 00:00:00,IMAGERY/OTHER,2020/01/08 00:00:00,,OTHER,103,KG,12,400373,-999,
-10385675.2947,5629148.4003,102223,270031604319,BRIGHT WATER ELEMENTARY,5140 FREMONT AVE N,MINNEAPOLIS,MN,55430,3419,(612) 302-3410,1,1,191,HENNEPIN,27053,USA,45.048426045,-93.296108531,611110,ELEMENTARY AND SECONDARY SCHOOLS,http://nces.ed.gov/GLOBALLOCATOR/sch_info_popup.asp?Type=Public&ID=270031604319,2011/09/30 00:00:00,IMAGERY/OTHER,2020/03/10 00:00:00,http://www.brightwatermontessori.org,ELEMENTARY,179,KG,06,2700316,12,
-9160450.6933,4550900.0265,102224,540090001063,LENORE PRE K-8 SCHOOL,100 RANGER AVE,WILLIAMSON,WV,25661,,(304) 475-5231,1,1,579,MINGO,54059,USA,37.7977932210001,-82.289728672,611110,ELEMENTARY AND SECONDARY SCHOOLS,http://nces.ed.gov/GLOBALLOCATOR/sch_info_popup.asp?Type=Public&ID=540090001063,2010/01/29 00:00:00,IMAGERY/OTHER,2020/04/06 00:00:00,,ELEMENTARY,541,PK,08,5400900,38,
-10581216.9646,3434908.8336,102225,481707012520,DICKINSON CONTINUATION CENTER,2805 OAK PARK,DICKINSON,TX,77539,,(281) 229-6350,4,1,76,GALVESTON,48167,USA,29.464566232,-95.052689239,611110,ELEMENTARY AND SECONDARY SCHOOLS,http://nces.ed.gov/GLOBALLOCATOR/sch_info_popup.asp?Type=Public&ID=481707012520,2012/11/02 00:00:00,IMAGERY,2017/10/31 00:00:00,,HIGH,71,08,12,4817070,5,
-13152335.6284,4002707.0862,102226,062250002753,REID HIGH,2153 W. HILL ST.,LONG BEACH,CA,90810,3400,(562) 989-2098,4,1,227,LOS ANGELES,06037,USA,33.8054391920001,-118.149441169,611110,ELEMENTARY AND SECONDARY SCHOOLS,http://nces.ed.gov/GLOBALLOCATOR/sch_info_popup.asp?Type=Public&ID=062250002753,2010/01/29 00:00:00,IMAGERY,2017/10/31 00:00:00,http://www.lbschools.net,HIGH,220,11,12,622500,7,10789965
-8570737.0758,4725634.8645,102227,240048090453,FRANCIS SCOTT KEY MIDDLE,910 SCHINDLER DRIVE,SILVER SPRING,MD,20903,,(301) 422-5600,1,1,1061,MONTGOMERY,24031,USA,39.0276632060001,-76.992241114,611110,ELEMENTARY AND SECONDARY SCHOOLS,http://nces.ed.gov/GLOBALLOCATOR/sch_info_popup.asp?Type=Public&ID=240048090453,2009/12/10 00:00:00,IMAGERY/OTHER,2019/01/24 00:00:00,http://www.montgomeryschoolsmd.org/schools/fskms/,MIDDLE,996,06,08,2400480,65,
-13039390.533,3862278.7636,102228,063432007682,ALBA,4041 OREGON ST,SAN DIEGO,CA,92104,1706,(619) 344-3900,4,1,42,SAN DIEGO,06073,USA,32.7508408780001,-117.134838114,611110,ELEMENTARY AND SECONDARY SCHOOLS,http://nces.ed.gov/GLOBALLOCATOR/sch_info_popup.asp?Type=Public&ID=063432007682,2010/01/29 00:00:00,IMAGERY/OTHER,2020/01/23 00:00:00,,OTHER,33,01,12,634320,9,
-13030421.002,3862821.7142,102229,063432011385,IFTIN CHARTER,5465 EL CAJON BLVD.,SAN DIEGO,CA,92115,3620,(619) 265-2411,1,1,349,SAN DIEGO,06073,USA,32.7549428350001,-117.054263446,611110,ELEMENTARY AND SECONDARY SCHOOLS,http://nces.ed.gov/GLOBALLOCATOR/sch_info_popup.asp?Type=Public&ID=063432011385,2010/01/29 00:00:00,IMAGERY,2017/10/31 00:00:00,http://www.iftincharter.org,ELEMENTARY,332,KG,08,634320,17,
-11683913.8335,4845509.5372,102230,080555001997,WELBY COMMUNITY SCHOOL,1200 E 78TH AVE,DENVER,CO,80229,5930,(303) 853-1700,1,1,269,ADAMS,08001,USA,39.859247472,-104.95838375,611110,ELEMENTARY AND SECONDARY SCHOOLS,http://nces.ed.gov/GLOBALLOCATOR/sch_info_popup.asp?Type=Public&ID=080555001997,2010/01/29 00:00:00,IMAGERY,2017/10/31 00:00:00,,ELEMENTARY,253,PK,06,805550,16,
-10331684.8923,5630314.6321,102231,270036204106,ST. CROIX PREPARATORY ACADEMY LOWER,4620 STAGECOACH TR N,STILLWATER,MN,55082,1197,(651) 395-5920,1,1,472,WASHINGTON,27163,USA,45.055827263,-92.8111044949999,611110,ELEMENTARY AND SECONDARY SCHOOLS,http://nces.ed.gov/GLOBALLOCATOR/sch_info_popup.asp?Type=Public&ID=270036204106,2010/01/29 00:00:00,IMAGERY,2017/10/31 00:00:00,http://www.stcroixprep.org,ELEMENTARY,449,KG,04,2700362,23,
-9112487.4706,4905609.4945,102232,390438204152,COSHOCTON ELEMENTARY,1203 CAMBRIDGE RD,COSHOCTON,OH,43812,2741,(740) 622-5514,1,1,948,COSHOCTON,39031,USA,40.2724237940001,-81.8588677119999,611110,ELEMENTARY AND SECONDARY SCHOOLS,http://nces.ed.gov/GLOBALLOCATOR/sch_info_popup.asp?Type=Public&ID=390438204152,2009/10/13 00:00:00,IMAGERY/OTHER,2017/10/31 00:00:00,,ELEMENTARY,889,PK,06,3904382,59,
-10379471.3971,5614649.5176,102233,270029903733,LINCOLN INTERNATIONAL SCHOOL,2520 MINNEHAHA AVE,MINNEAPOLIS,MN,55404,8888,(612) 872-8690,1,1,146,HENNEPIN,27053,USA,44.956332296,-93.240377971,611110,ELEMENTARY AND SECONDARY SCHOOLS,http://nces.ed.gov/GLOBALLOCATOR/sch_info_popup.asp?Type=Public&ID=270029903733,2010/01/29 00:00:00,IMAGERY/OTHER,2020/03/27 00:00:00,http://www.lincolnihs.org,HIGH,132,09,12,2700299,14,
-10351607.27,5623584.5348,102234,272385003375,TRANSITIONS PROGRAM,2586 E 7TH AVE,NORTH SAINT PAUL,MN,55109,8888,(651) 621-1900,2,1,97,RAMSEY,27123,USA,45.0131030860001,-92.9900702579999,611110,ELEMENTARY AND SECONDARY SCHOOLS,http://nces.ed.gov/GLOBALLOCATOR/sch_info_popup.asp?Type=Public&ID=272385003375,2010/01/29 00:00:00,IMAGERY/OTHER,2020/03/17 00:00:00,,HIGH,87,11,12,2723850,10,
-9663787.1304,3996347.5733,102235,010192001680,WILLIAM E BURKETT MULTIHANDICAPPED CENTER,8601 OLD HIGHWAY 31,MORRIS,AL,35116,,(205) 379-2800,2,1,104,JEFFERSON,01073,USA,33.7579561690001,-86.811276817,611110,ELEMENTARY AND SECONDARY SCHOOLS,http://nces.ed.gov/GLOBALLOCATOR/sch_info_popup.asp?Type=Public&ID=010192001680,2010/01/29 00:00:00,IMAGERY/OTHER,2019/09/23 00:00:00,http://burkett.jefcoed.com/,OTHER,92,KG,12,101920,12,
-12336741.4163,3786469.6455,102236,040075202834,PCJTED - SANTA RITA HIGH SCHOOL,6420 E. BROADWAY BLVD. SUITE A,TUCSON,AZ,85710,,(520) 745-4588,3,1,-999,PIMA,04019,USA,32.176258869,-110.822833705,611110,ELEMENTARY AND SECONDARY SCHOOLS,http://nces.ed.gov/GLOBALLOCATOR/sch_info_popup.asp?Type=Public&ID=040075202834,2010/01/29 00:00:00,IMAGERY/OTHER,2020/03/05 00:00:00,http://www.pimajted.org,HIGH,0,09,12,400752,-999,
-12458911.7117,3944048.8381,102237,040973102464,EVIT - MARCOS DE NIZA HIGH SCHOOL,6000 S. LAKESHORE DR,TEMPE,AZ,85283,,(480) 461-4000,3,1,-999,MARICOPA,04013,USA,33.3664735580001,-111.920308141,611110,ELEMENTARY AND SECONDARY SCHOOLS,http://nces.ed.gov/GLOBALLOCATOR/sch_info_popup.asp?Type=Public&ID=040973102464,2010/01/29 00:00:00,IMAGERY/OTHER,2020/01/03 00:00:00,,HIGH,0,09,12,409731,-999,
-9111983.2137,3074013.8015,102238,120108004933,CITY OF PALMS CHARTER HIGH SCHOOL,2830 WINKLER AVE STE 201,FORT MYERS,FL,33916,9301,(239) 561-6611,4,1,182,LEE,12071,USA,26.603441774,-81.854337895,611110,ELEMENTARY AND SECONDARY SCHOOLS,http://nces.ed.gov/GLOBALLOCATOR/sch_info_popup.asp?Type=Public&ID=120108004933,2010/01/29 00:00:00,IMAGERY/OTHER,2020/03/12 00:00:00,http://copchs.com/,HIGH,176,09,12,1201080,6,
-10960030.5246,3468324.2393,102239,481473011820,KINDER RANCH EL,2035 KINDER PKWY,SAN ANTONIO,TX,78260,,(830) 885-8900,1,1,655,BEXAR,48029,USA,29.725579856,-98.455629347,611110,ELEMENTARY AND SECONDARY SCHOOLS,http://nces.ed.gov/GLOBALLOCATOR/sch_info_popup.asp?Type=Public&ID=481473011820,2010/01/29 00:00:00,IMAGERY/OTHER,2018/12/20 00:00:00,,ELEMENTARY,616,PK,05,4814730,39,
-9133965.4614,3388858.0064,102240,120126007489,FRANCIS MARION MILITARY ACADEMY,5895 SE 83RD ST,OCALA,FL,34472,9296,(352) 245-6600,1,1,171,MARION,12083,USA,29.1037522170001,-82.051807786,611110,ELEMENTARY AND SECONDARY SCHOOLS,http://nces.ed.gov/GLOBALLOCATOR/sch_info_popup.asp?Type=Public&ID=120126007489,2010/01/29 00:00:00,IMAGERY/OTHER,2019/09/26 00:00:00,http://www.marion.k12.fl.us/,HIGH,150,09,12,1201260,21,
-10374328.5061,5631863.1193,102241,272295001042,BIRTH TO TWO ECSE,500 - 10TH ST NW,NEW BRIGHTON,MN,55112,2734,(651) 621-6150,2,1,78,RAMSEY,27123,USA,45.065652895,-93.194178595,611110,ELEMENTARY AND SECONDARY SCHOOLS,http://nces.ed.gov/GLOBALLOCATOR/sch_info_popup.asp?Type=Public&ID=272295001042,2010/01/29 00:00:00,IMAGERY/OTHER,2020/01/10 00:00:00,,PREKINDERGARTEN,78,PK,PK,2722950,-999,
-9857393.0619,3554857.7128,102242,280300000558,MOSS POINT ALTERNATIVE SCHOOL,3524 PRENTISS AVE.,MOSS POINT,MS,39563,,(228) 475-3543,4,1,-999,JACKSON,28059,USA,30.3983518040001,-88.5504684909999,611110,ELEMENTARY AND SECONDARY SCHOOLS,http://nces.ed.gov/GLOBALLOCATOR/sch_info_popup.asp?Type=Public&ID=280300000558,2009/10/13 00:00:00,IMAGERY/OTHER,2020/01/24 00:00:00,http://www.mosspointschools.org,NOT APPLICABLE,-999,N,N,2803000,0,
-9165643.9289,3244077.093,102243,120087003716,FALKENBURG ROAD JAIL,520 N FALKENBURG RD,TAMPA,FL,33619,7884,(813) 840-7472,4,1,27,HILLSBOROUGH,12057,USA,27.9611541030001,-82.336380301,611110,ELEMENTARY AND SECONDARY SCHOOLS,http://nces.ed.gov/GLOBALLOCATOR/sch_info_popup.asp?Type=Public&ID=120087003716,2010/01/29 00:00:00,IMAGERY/OTHER,2020/03/30 00:00:00,http://www.sdhc.k12.fl.us/,HIGH,23,06,12,1200870,4,
-12454263.5491,4978838.364,102244,490087000522,WASHINGTON SCHOOL,420 N 200 W,SALT LAKE CITY,UT,84103,,(801) 578-8140,1,1,349,SALT LAKE,49035,USA,40.772467396,-111.878552986,611110,ELEMENTARY AND SECONDARY SCHOOLS,http://nces.ed.gov/GLOBALLOCATOR/sch_info_popup.asp?Type=Public&ID=490087000522,2009/10/13 00:00:00,IMAGERY/OTHER,2017/10/31 00:00:00,http://washington.slcschools.org/,ELEMENTARY,349,PK,06,4900870,-999,
-12462200.2815,4199550.9837,102245,040453000361,MAINE CONSOLIDATED SCHOOL,10 SPRING VALLEY RD.,PARKS,AZ,86018,,(928) 635-2115,1,1,127,COCONINO,04005,USA,35.2620574950001,-111.949849866,611110,ELEMENTARY AND SECONDARY SCHOOLS,http://nces.ed.gov/GLOBALLOCATOR/sch_info_popup.asp?Type=Public&ID=040453000361,2010/01/29 00:00:00,IMAGERY/OTHER,2019/06/04 00:00:00,http://www.maine.apscc.k12.az.us,ELEMENTARY,114,PK,08,404530,13,
-9901042.475,4856386.8932,102246,172475004725,MAROA-FORSYTH GRADE SCHOOL,PO BOX 738,MAROA,IL,61756,738,(217) 877-2023,1,1,549,MACON,17115,USA,39.934213007,-88.94257784,611110,ELEMENTARY AND SECONDARY SCHOOLS,http://nces.ed.gov/GLOBALLOCATOR/sch_info_popup.asp?Type=Public&ID=172475004725,2009/10/13 00:00:00,IMAGERY/OTHER,2017/10/31 00:00:00,,ELEMENTARY,519,PK,05,1724750,30,
-9275591.7104,4222334.5541,102247,370234002067,SMOKEY MOUNTAIN ELEMENTARY,884 US HWY 441N,WHITTIER,NC,28789,9790,(828) 497-5535,1,1,376,JACKSON,37099,USA,35.429000832,-83.324058027,611110,ELEMENTARY AND SECONDARY SCHOOLS,http://nces.ed.gov/GLOBALLOCATOR/sch_info_popup.asp?Type=Public&ID=370234002067,2009/10/13 00:00:00,IMAGERY/OTHER,2017/10/31 00:00:00,http://www.jcps.k12.nc.us/Schools/sme/Pages/default.aspx,ELEMENTARY,350,KG,08,3702340,26,
-9830693.1544,5228088.9774,102248,173351003463,RICHMOND-BURTON HIGH SCHOOL,8311 IL ROUTE 31,RICHMOND,IL,60071,9733,(815) 678-4525,1,1,710,MCHENRY,17111,USA,42.446430794,-88.310619141,611110,ELEMENTARY AND SECONDARY SCHOOLS,http://nces.ed.gov/GLOBALLOCATOR/sch_info_popup.asp?Type=Public&ID=173351003463,2010/01/29 00:00:00,IMAGERY/OTHER,2010/08/27 00:00:00,,HIGH,663,09,12,1733510,47,
-16975797.2972,7914411.1482,102249,020048000190,PETERSON ELEMENTARY,AVENUE G BLDG 550,KODIAK,AK,99615,,(907) 481-6400,1,1,264,KODIAK ISLAND,02150,USA,57.7472602120001,-152.496181722,611110,ELEMENTARY AND SECONDARY SCHOOLS,http://nces.ed.gov/GLOBALLOCATOR/sch_info_popup.asp?Type=Public&ID=020048000190,2009/10/13 00:00:00,IMAGERY/OTHER,2017/10/31 00:00:00,http://www.kibsd.org,ELEMENTARY,246,PK,05,200480,18,
-8410393.4157,4200068.9832,102250,370111000454,CAPE HATTERAS SECONDARY SCHOOL,48576 HIGHWAY 12,BUXTON,NC,27920,,(252) 995-5730,1,1,383,DARE,37055,USA,35.265856893,-75.551849508,611110,ELEMENTARY AND SECONDARY SCHOOLS,http://nces.ed.gov/GLOBALLOCATOR/sch_info_popup.asp?Type=Public&ID=370111000454,2010/01/29 00:00:00,IMAGERY/OTHER,2017/10/31 00:00:00,http://chs.daretolearn.org,HIGH,350,06,12,3701110,33,
-8638086.488,5336364.5365,102251,362475003424,SCHOOL 58-WORLD OF INQUIRY SCHOOL,200 UNIVERSITY AVE,ROCHESTER,NY,14605,,(585) 325-6170,1,1,968,MONROE,36055,USA,43.160047585,-77.597251177,611110,ELEMENTARY AND SECONDARY SCHOOLS,http://nces.ed.gov/GLOBALLOCATOR/sch_info_popup.asp?Type=Public&ID=362475003424,2009/10/13 00:00:00,IMAGERY/OTHER,2017/10/31 00:00:00,http://www.rcsdk12.org,OTHER,892,KG,12,3624750,76,10818155
-10626081.8351,5720441.8876,102252,270001904237,MINNEWASKA AREA JUNIOR HIGH,25122 STATE HWY 28,GLENWOOD,MN,56334,8888,(320) 239-4800,1,1,190,POPE,27121,USA,45.624901848,-95.455717228,611110,ELEMENTARY AND SECONDARY SCHOOLS,http://nces.ed.gov/GLOBALLOCATOR/sch_info_popup.asp?Type=Public&ID=270001904237,2010/01/29 00:00:00,IMAGERY/OTHER,2017/10/31 00:00:00,http://www.minnewaska.k12.mn.us,MIDDLE,178,07,08,2700019,12,10823572
-9249251.4009,5228829.5829,102253,261803000962,ADVANTAGE ALTERNATIVE PROGRAM,1620 EAST ELZA AVE,HAZEL PARK,MI,48030,2358,(248) 658-5280,4,1,178,OAKLAND,26125,USA,42.4513398870001,-83.087439001,611110,ELEMENTARY AND SECONDARY SCHOOLS,http://nces.ed.gov/GLOBALLOCATOR/sch_info_popup.asp?Type=Public&ID=261803000962,2010/01/29 00:00:00,IMAGERY,2010/02/26 00:00:00,http://www.hazelparkschools.org,OTHER,170,KG,12,2618030,8,
-12813604.0668,4317625.4606,102254,320006000797,EARLY CHILDHOOD PROGRAM,2625 E ST LOUIS AVE,LAS VEGAS,NV,89104,,(702) 799-7479,2,1,79,CLARK,32003,USA,36.12348074,-115.106563779,611110,ELEMENTARY AND SECONDARY SCHOOLS,http://nces.ed.gov/GLOBALLOCATOR/sch_info_popup.asp?Type=Public&ID=320006000797,2011/09/30 00:00:00,UNVERIFIED,2020/04/07 00:00:00,,ELEMENTARY,76,PK,KG,3200060,3,
-8257444.2276,4974374.02,102255,341134002192,CENTRAL HIGH SCHOOL,250 18TH AVENUE,NEWARK,NJ,07103,,(973) 733-6378,1,1,933,ESSEX,34013,USA,40.742089424,-74.177883574,611110,ELEMENTARY AND SECONDARY SCHOOLS,http://nces.ed.gov/GLOBALLOCATOR/sch_info_popup.asp?Type=Public&ID=341134002192,2010/01/29 00:00:00,IMAGERY/OTHER,2017/10/31 00:00:00,,HIGH,853,09,12,3411340,80,
-8226275.9053,4985480.6671,102256,360008505876,HOLCOMBE L RUCKER SCHOOL OF COMMUNITY RESEARCH,965 LONGWOOD AVE,BRONX,NY,10459,,(718) 860-1053,1,1,164,BRONX,36005,USA,40.817639764,-73.897893771,611110,ELEMENTARY AND SECONDARY SCHOOLS,http://nces.ed.gov/GLOBALLOCATOR/sch_info_popup.asp?Type=Public&ID=360008505876,2010/01/29 00:00:00,IMAGERY/OTHER,2012/12/17 00:00:00,,HIGH,150,09,12,3600085,14,
-9086117.404,4064609.7502,102257,450303001281,GALLMAN ELEMENTARY,255 HAWKINS ROAD,NEWBERRY,SC,29108,,(803) 321-2655,1,1,485,NEWBERRY,45071,USA,34.266254297,-81.621981373,611110,ELEMENTARY AND SECONDARY SCHOOLS,http://nces.ed.gov/GLOBALLOCATOR/sch_info_popup.asp?Type=Public&ID=450303001281,2009/10/13 00:00:00,IMAGERY/OTHER,2017/10/31 00:00:00,,ELEMENTARY,448,PK,05,4503030,37,
-11876283.0793,4137664.7432,102258,350168000866,LOS LUNAS FAMILY SCHOOL,17 SUN VALLEY RD,LOS LUNAS,NM,87031,,(505) 866-8231,1,1,45,VALENCIA,35061,USA,34.8068576090001,-106.686466087,611110,ELEMENTARY AND SECONDARY SCHOOLS,http://nces.ed.gov/GLOBALLOCATOR/sch_info_popup.asp?Type=Public&ID=350168000866,2010/01/29 00:00:00,IMAGERY/OTHER,2020/03/30 00:00:00,,ELEMENTARY,43,01,08,3501680,2,
-10477653.3371,4346280.4343,102259,050005501508,ARKANSAS ARTS ACADEMY HIGH SCHOOL,506 POPULAR ST,ROGERS,AR,72756,,(479) 631-2787,1,1,253,BENTON,05007,USA,36.3311293040001,-94.122361344,611110,ELEMENTARY AND SECONDARY SCHOOLS,http://nces.ed.gov/GLOBALLOCATOR/sch_info_popup.asp?Type=Public&ID=050005501508,2011/09/30 00:00:00,IMAGERY/OTHER,2020/04/09 00:00:00,http://www.artsk12.org,HIGH,230,09,12,500055,23,
-8219942.3531,5091852.7579,102260,362988005598,ORCHARD VIEW ALTERNATIVE HIGH SCHOOL,25 CORPORATE DR,HOPEWELL JUNCTION,NY,12533,,(845) 298-5000,4,1,77,DUTCHESS,36027,USA,41.5368528610001,-73.840998504,611110,ELEMENTARY AND SECONDARY SCHOOLS,http://nces.ed.gov/GLOBALLOCATOR/sch_info_popup.asp?Type=Public&ID=362988005598,2010/01/29 00:00:00,IMAGERY/OTHER,2019/12/31 00:00:00,http://www.wappingersschools.org,HIGH,72,09,12,3629880,5,
-9084154.8186,4267092.036,102261,370048001005,HALLYBURTON ACADEMY,205 SOUTH MAIN STREET,DREXEL,NC,28619,,(828) 437-4184,4,1,119,BURKE,37023,USA,35.755948647,-81.604351169,611110,ELEMENTARY AND SECONDARY SCHOOLS,http://nces.ed.gov/GLOBALLOCATOR/sch_info_popup.asp?Type=Public&ID=370048001005,2010/01/29 00:00:00,IMAGERY/OTHER,2020/01/02 00:00:00,http://www.burke.k12.nc.us,HIGH,105,06,12,3700480,14,
-12637004.0862,4459575.7816,102262,490016901452,DIXIE MONTESSORI ACADEMY,1160 N. 645 W.,WASHINGTON,UT,84780,,(435) 251-8539,1,1,409,WASHINGTON,49053,USA,37.1467081070001,-113.520139161,611110,ELEMENTARY AND SECONDARY SCHOOLS,http://nces.ed.gov/GLOBALLOCATOR/sch_info_popup.asp?Type=Public&ID=490016901452,2016/01/05 00:00:00,IMAGERY/OTHER,2020/01/08 00:00:00,http://www.dixiemontessoriacademy.org,ELEMENTARY,409,KG,07,4900169,-999,
-9919013.3801,4652998.7783,102263,170007405111,KASKASKIA EDUCATION CENTER,2100 E CALUMET ST,CENTRALIA,IL,62801,6511,(618) 532-4721,2,1,11,MARION,17121,USA,38.518957782,-89.1040132269999,611110,ELEMENTARY AND SECONDARY SCHOOLS,http://nces.ed.gov/GLOBALLOCATOR/sch_info_popup.asp?Type=Public&ID=170007405111,2010/01/29 00:00:00,IMAGERY/OTHER,2020/01/22 00:00:00,,HIGH,9,09,12,1700074,2,
-13049187.2557,5677201.194,102264,410687001145,JOSEPH CHARTER SCHOOL,400 WM E WILLIAMS AVE,JOSEPH,OR,97846,,(541) 432-7311,1,1,249,WALLOWA,41063,USA,45.3525885930001,-117.222843571,611110,ELEMENTARY AND SECONDARY SCHOOLS,http://nces.ed.gov/GLOBALLOCATOR/sch_info_popup.asp?Type=Public&ID=410687001145,2010/01/29 00:00:00,IMAGERY/OTHER,2010/07/27 00:00:00,http://www.staff.josephcharter.org,OTHER,230,KG,12,4106870,19,
-8578144.3626,5056977.7816,102265,422646006367,HEPBURN-LYCOMING PRIMARY SCH,355 ROUTE 973 EAST,COGAN STATION,PA,17728,9803,(570) 601-1112,1,1,340,LYCOMING,42081,USA,41.3019231740001,-77.058781903,611110,ELEMENTARY AND SECONDARY SCHOOLS,http://nces.ed.gov/GLOBALLOCATOR/sch_info_popup.asp?Type=Public&ID=422646006367,2010/01/29 00:00:00,GEOCODE,2017/10/31 00:00:00,http://www.wasd.org,ELEMENTARY,317,KG,03,4226460,23,
-9547084.9869,4610291.3561,102266,210299001935,U OF L PACT PROGRAM,DAVIDSON HALL ROOM 102,LOUISVILLE,KY,40292,,(502) 485-3280,4,1,11,JEFFERSON,21111,USA,38.21816597,-85.762923625,611110,ELEMENTARY AND SECONDARY SCHOOLS,http://nces.ed.gov/GLOBALLOCATOR/sch_info_popup.asp?Type=Public&ID=210299001935,2010/01/29 00:00:00,IMAGERY,2017/10/31 00:00:00,,HIGH,10,10,12,2102990,1,
-8566387.7714,4705053.4423,102267,110003000019,SOUSA MS,3650 ELY PL SE,WASHINGTON,DC,20019,,(202) 729-3260,1,1,251,DISTRICT OF COLUMBIA,11001,USA,38.8838900740001,-76.953170647,611110,ELEMENTARY AND SECONDARY SCHOOLS,http://nces.ed.gov/GLOBALLOCATOR/sch_info_popup.asp?Type=Public&ID=110003000019,2010/01/29 00:00:00,IMAGERY/OTHER,2010/02/22 00:00:00,http://www.dcps.dc.gov,MIDDLE,228,06,08,1100030,23,
-13595650.0557,4503832.4929,102268,063639011431,EAST PALO ALTO ACADEMY,1050 MYRTLE ST.,EAST PALO ALTO,CA,94303,,(650) 893-8900,1,1,341,SAN MATEO,06081,USA,37.462939212,-122.131802426,611110,ELEMENTARY AND SECONDARY SCHOOLS,http://nces.ed.gov/GLOBALLOCATOR/sch_info_popup.asp?Type=Public&ID=063639011431,2015/05/08 00:00:00,IMAGERY/OTHER,2020/04/20 00:00:00,http://www.epaahs.org,HIGH,320,09,12,636390,21,
-10712135.3986,3820735.4727,102269,482532006572,KEMP INT,101 OLD US 40,KEMP,TX,75143,,(903) 498-1362,1,1,402,KAUFMAN,48257,USA,32.4364246690001,-96.228749541,611110,ELEMENTARY AND SECONDARY SCHOOLS,http://nces.ed.gov/GLOBALLOCATOR/sch_info_popup.asp?Type=Public&ID=482532006572,2010/01/29 00:00:00,GEOCODE,2017/10/31 00:00:00,http://www.kempisd.org,ELEMENTARY,374,03,05,4825320,28,
-10559613.3958,3632284.0071,102270,481530001099,CORRIGAN-CAMDEN EL,5000 W SECOND,CORRIGAN,TX,75939,2501,(936) 398-2341,1,1,462,POLK,48373,USA,30.996418353,-94.8586210779999,611110,ELEMENTARY AND SECONDARY SCHOOLS,http://nces.ed.gov/GLOBALLOCATOR/sch_info_popup.asp?Type=Public&ID=481530001099,2010/01/29 00:00:00,IMAGERY,2017/10/31 00:00:00,,ELEMENTARY,429,PK,05,4815300,33,
-12941427.677,5407189.3305,102271,160036000060,KOELSCH ELEMENTARY SCHOOL,2015 NORTH CURTIS ROAD,BOISE,ID,83706,1096,(208) 854-5300,1,1,420,ADA,16001,USA,43.622379686,-116.254822806,611110,ELEMENTARY AND SECONDARY SCHOOLS,http://nces.ed.gov/GLOBALLOCATOR/sch_info_popup.asp?Type=Public&ID=160036000060,2009/12/10 00:00:00,IMAGERY,2010/07/14 00:00:00,,ELEMENTARY,398,PK,06,1600360,22,
-9360319.1509,4765619.0673,102272,390504405750,HARLAN-BUTLERVILLE ELEMENTARY SCHOOL,8276 STATE ROUTE 132,BLANCHESTER,OH,45107,9354,(513) 899-5200,1,1,265,WARREN,39165,USA,39.3061414800001,-84.085177575,611110,ELEMENTARY AND SECONDARY SCHOOLS,http://nces.ed.gov/GLOBALLOCATOR/sch_info_popup.asp?Type=Public&ID=390504405750,2015/05/08 00:00:00,IMAGERY/OTHER,2017/10/31 00:00:00,http://www.littlemiamischools.com,ELEMENTARY,253,KG,02,3905044,12,
-8511584.5026,4447286.1109,102273,510264001074,SEDGEFIELD ELEMENTARY,804 MAIN STREET,NEWPORT NEWS,VA,23605,,(757) 591-4788,1,1,503,NEWPORT NEWS,51700,USA,37.0586579860001,-76.460864508,611110,ELEMENTARY AND SECONDARY SCHOOLS,http://nces.ed.gov/GLOBALLOCATOR/sch_info_popup.asp?Type=Public&ID=510264001074,2010/01/29 00:00:00,IMAGERY,2017/10/31 00:00:00,http://sedgefield.nn.k12.va.us/,ELEMENTARY,473,PK,05,5102640,30,10800028
-11701442.213,4944589.5501,102274,080002006596,GLOBAL VILLAGE ACADEMY - FORT COLLINS,2130 HORSETOOTH ROAD,FORT COLLINS,CO,80526,6436,(303) 446-7100,1,1,267,LARIMER,08069,USA,40.539063598,-105.115843862,611110,ELEMENTARY AND SECONDARY SCHOOLS,http://nces.ed.gov/GLOBALLOCATOR/sch_info_popup.asp?Type=Public&ID=080002006596,2016/01/05 00:00:00,IMAGERY/OTHER,2019/02/07 00:00:00,,ELEMENTARY,251,KG,08,800020,16,
-10777209.1774,3830797.3766,102275,483666004107,RED OAK MIDDLE,152 LOUISE RITTER BLVD,RED OAK,TX,75154,,(972) 617-0066,1,1,1458,ELLIS,48139,USA,32.512678368,-96.813317242,611110,ELEMENTARY AND SECONDARY SCHOOLS,http://nces.ed.gov/GLOBALLOCATOR/sch_info_popup.asp?Type=Public&ID=483666004107,2009/12/10 00:00:00,IMAGERY/OTHER,2017/10/31 00:00:00,http://www.redoakisd.org,MIDDLE,1378,06,08,4836660,80,10793070
-10253457.6488,3548121.3389,102276,220156001174,CANKTON ELEMENTARY SCHOOL,602 MAIN STREET,CANKTON,LA,70584,,(337) 668-4465,1,1,599,ST. LANDRY,22097,USA,30.346142935,-92.10837721,611110,ELEMENTARY AND SECONDARY SCHOOLS,http://nces.ed.gov/GLOBALLOCATOR/sch_info_popup.asp?Type=Public&ID=220156001174,2009/10/13 00:00:00,IMAGERY/OTHER,2017/10/31 00:00:00,,ELEMENTARY,569,PK,04,2201560,30,10802347
-7890386.3167,5106638.5478,102277,250480000645,LEROY WOOD,60 SCONTICUT NECK ROAD,FAIRHAVEN,MA,02719,,(508) 979-4073,1,1,542,BRISTOL,25005,USA,41.636198359,-70.880546259,611110,ELEMENTARY AND SECONDARY SCHOOLS,http://nces.ed.gov/GLOBALLOCATOR/sch_info_popup.asp?Type=Public&ID=250480000645,2009/10/13 00:00:00,IMAGERY/OTHER,2016/04/19 00:00:00,http://www.fairhavenps.org,ELEMENTARY,511,PK,05,2504800,31,
-13164211.9019,4025240.4111,102278,062271012780,WISDOM ELEMENTARY,1125 E. 74TH ST.,LOS ANGELES,CA,90001,2405,(323) 586-5760,1,1,923,LOS ANGELES,06037,USA,33.9734711900001,-118.256127549,611110,ELEMENTARY AND SECONDARY SCHOOLS,http://nces.ed.gov/GLOBALLOCATOR/sch_info_popup.asp?Type=Public&ID=062271012780,2014/02/04 00:00:00,IMAGERY/OTHER,2020/01/10 00:00:00,,ELEMENTARY,885,KG,06,622710,38,
-10561405.1555,6024824.2995,102279,270034604167,VOYAGEURS EXPEDITIONARY SCHOOL,3724 BEMIDJI AVE N,BEMIDJI,MN,56601,4335,(218) 444-3130,1,1,71,BELTRAMI,27007,USA,47.50456473,-94.87471673,611110,ELEMENTARY AND SECONDARY SCHOOLS,http://nces.ed.gov/GLOBALLOCATOR/sch_info_popup.asp?Type=Public&ID=270034604167,2010/01/29 00:00:00,IMAGERY/OTHER,2020/03/23 00:00:00,http://www.vehs.org,HIGH,59,09,12,2700346,12,
-9101845.3162,5079205.8867,102280,390029704834,CONSTELLATION SCHOOLS: OUTREACH ACADEMY FOR STUDENTS WITH DI,3727 BOSWORTH RD,CLEVELAND,OH,44111,6037,(216) 688-1900,2,2,-999,PORTAGE,39133,USA,41.4517574560001,-81.7632676119999,611110,ELEMENTARY AND SECONDARY SCHOOLS,http://nces.ed.gov/GLOBALLOCATOR/sch_info_popup.asp?Type=Public&ID=390029704834,2010/01/29 00:00:00,IMAGERY/OTHER,2020/03/02 00:00:00,http://outreachacademy.constellationschools.com/,,-999,M,M,3900297,-999,
-9123721.1626,3967417.4683,102281,450072001007,MOSSY CREEK ELEMENTARY,421 WEST FIVE NOTCH ROAD,NORTH AUGUSTA,SC,29841,,(803) 442-6090,1,1,710,AIKEN,45003,USA,33.5416189310001,-81.9597816839999,611110,ELEMENTARY AND SECONDARY SCHOOLS,http://nces.ed.gov/GLOBALLOCATOR/sch_info_popup.asp?Type=Public&ID=450072001007,2010/01/29 00:00:00,IMAGERY/OTHER,2020/03/11 00:00:00,,ELEMENTARY,667,PK,05,4500720,43,10781849
-10930138.3899,3021945.322,102282,483486011569,KENNEDY MIDDLE,600 W HALL ACRES RD,PHARR,TX,78577,,(956) 354-2650,1,1,720,HIDALGO,48215,USA,26.1844617950001,-98.187103732,611110,ELEMENTARY AND SECONDARY SCHOOLS,http://nces.ed.gov/GLOBALLOCATOR/sch_info_popup.asp?Type=Public&ID=483486011569,2010/01/29 00:00:00,GEOCODE,2017/10/31 00:00:00,http://psja.k12.tx.us,MIDDLE,669,06,08,4834860,51,
-9236920.6689,4860809.352,102283,390143305688,THE ACADEMY FOR URBAN SCHOLARS,1808 E BROAD ST,COLUMBUS,OH,43203,2003,(614) 545-9890,1,1,298,FRANKLIN,39049,USA,39.964668653,-82.976670151,611110,ELEMENTARY AND SECONDARY SCHOOLS,http://nces.ed.gov/GLOBALLOCATOR/sch_info_popup.asp?Type=Public&ID=390143305688,2014/02/04 00:00:00,GEOCODE,2017/10/31 00:00:00,http://www.ausohio.com,HIGH,291,09,12,3901433,7,
-18091269.5693,8601540.835,102284,020000100391,AKULA ELITNAURVIK SCHOOL,100 AKULA HEIGHTS,KASIGLUK,AK,99609,,(907) 477-6615,1,1,145,BETHEL,02050,USA,60.89407121,-162.516639632,611110,ELEMENTARY AND SECONDARY SCHOOLS,http://nces.ed.gov/GLOBALLOCATOR/sch_info_popup.asp?Type=Public&ID=020000100391,2010/01/29 00:00:00,UNVERIFIED,2020/04/17 00:00:00,http://www.lksd.org/lksd/,OTHER,137,PK,12,200001,8,
-12340394.4945,3792123.8389,102285,040075202776,PCJTED - AZTEC MIDDLE COLLEGE,6420 E. BROADWAY BLVD. SUITE A,TUCSON,AZ,85710,,(520) 745-4588,3,1,-999,PIMA,04019,USA,32.2192401830001,-110.855649865,611110,ELEMENTARY AND SECONDARY SCHOOLS,http://nces.ed.gov/GLOBALLOCATOR/sch_info_popup.asp?Type=Public&ID=040075202776,2010/01/29 00:00:00,IMAGERY/OTHER,2020/03/03 00:00:00,http://www.pimajted.org,HIGH,0,09,12,400752,-999,
-13415459.8882,4988601.4152,102286,063183004912,JUNIPER RIDGE ELEMENTARY,709-855 TERMO-GRASSHOPPER RD.,TERMO,CA,96132,7126,(530) 251-8938,1,1,8,LASSEN,06035,USA,40.8388524490001,-120.513126611,611110,ELEMENTARY AND SECONDARY SCHOOLS,http://nces.ed.gov/GLOBALLOCATOR/sch_info_popup.asp?Type=Public&ID=063183004912,2010/01/29 00:00:00,GEOCODE,2017/10/31 00:00:00,http://www.juniperridge.org,ELEMENTARY,7,KG,08,631830,1,
-13164618.1108,4028813.3527,102287,062271011635,ANIMO RALPH BUNCHE CHARTER HIGH,1655 E. 27TH ST. STE. B,LOS ANGELES,CA,90011,2202,(323) 232-9436,1,1,646,LOS ANGELES,06037,USA,34.000084353,-118.259776585,611110,ELEMENTARY AND SECONDARY SCHOOLS,http://nces.ed.gov/GLOBALLOCATOR/sch_info_popup.asp?Type=Public&ID=062271011635,2010/01/29 00:00:00,IMAGERY,2017/10/31 00:00:00,http://greendot.org/ralphbunche,HIGH,618,09,12,622710,28,
-13017196.6962,3993601.2975,102288,061692010349,JACOB WIENS ELEMENTARY,935 E. CAMPUS WAY,HEMET,CA,92543,3121,(951) 929-3734,1,1,761,RIVERSIDE,06065,USA,33.7374430840001,-116.935467486,611110,ELEMENTARY AND SECONDARY SCHOOLS,http://nces.ed.gov/GLOBALLOCATOR/sch_info_popup.asp?Type=Public&ID=061692010349,2010/01/29 00:00:00,IMAGERY,2017/10/31 00:00:00,,ELEMENTARY,731,KG,05,616920,30,
-8912421.9416,3072235.8362,102289,120150004127,PALM BEACH SCHOOL FOR AUTISM,8480 LANTANA RD,LAKE WORTH FL,FL,33467,6201,(561) 533-9917,2,1,330,PALM BEACH,12099,USA,26.589160119,-80.061648487,611110,ELEMENTARY AND SECONDARY SCHOOLS,http://nces.ed.gov/GLOBALLOCATOR/sch_info_popup.asp?Type=Public&ID=120150004127,2010/01/29 00:00:00,IMAGERY,2017/10/31 00:00:00,http://julietb@pbsfa.org,OTHER,325,PK,12,1201500,5,
-12725663.6174,5391565.302,102290,160030000197,SILVER CREEK HIGH SCHOOL,1060 FOX ACRES ROAD,HAILEY,ID,83333,8473,(208) 578-5060,4,1,49,BLAINE,16013,USA,43.520691932,-114.316581281,611110,ELEMENTARY AND SECONDARY SCHOOLS,http://nces.ed.gov/GLOBALLOCATOR/sch_info_popup.asp?Type=Public&ID=160030000197,2009/10/13 00:00:00,GEOCODE,2017/10/31 00:00:00,,HIGH,44,09,12,1600300,5,
-9782956.5858,3567411.1798,102291,010027000059,FAIRHOPE MIDDLE SCHOOL,TWO PIRATE DRIVE,FAIRHOPE,AL,36532,,(251) 928-2573,1,1,912,BALDWIN,01003,USA,30.495570398,-87.8817942489999,611110,ELEMENTARY AND SECONDARY SCHOOLS,http://nces.ed.gov/GLOBALLOCATOR/sch_info_popup.asp?Type=Public&ID=010027000059,2009/10/13 00:00:00,IMAGERY/OTHER,2020/03/18 00:00:00,http://www.fairhopems.com,MIDDLE,871,07,08,100270,41,
-8928072.0859,2981345.2673,102292,120039002812,ACADEMY FOR COMMUNITY EDUCATION (ACE),8950 NW 2ND AVE,EL PORTAL,FL,33150,2406,(305) 756-2100,4,1,79,MIAMI-DADE,12086,USA,25.856714911,-80.202236125,611110,ELEMENTARY AND SECONDARY SCHOOLS,http://nces.ed.gov/GLOBALLOCATOR/sch_info_popup.asp?Type=Public&ID=120039002812,2010/01/29 00:00:00,IMAGERY/OTHER,2019/09/30 00:00:00,http://ace.dadeschools.net,HIGH,70,09,12,1200390,9,
-9104289.9483,3071691.8327,102293,120108007321,TREELINE ELEMENTARY SCHOOL,10900 TREELINE AVE,FORT MYERS,FL,33913,8534,(239) 768-5208,1,1,1139,LEE,12071,USA,26.5847900090001,-81.785228116,611110,ELEMENTARY AND SECONDARY SCHOOLS,http://nces.ed.gov/GLOBALLOCATOR/sch_info_popup.asp?Type=Public&ID=120108007321,2010/01/29 00:00:00,IMAGERY,2019/02/18 00:00:00,http://tre.leeschools.net/,ELEMENTARY,1066,PK,05,1201080,73,
-13441046.962,4209414.5045,102294,069103210655,SAN LUIS OBISPO COUNTY COMMUNITY,3350 ED DR.,SAN LUIS OBISPO,CA,93405,7816,(805) 782-7350,4,1,104,SAN LUIS OBISPO,06079,USA,35.334373371,-120.742979205,611110,ELEMENTARY AND SECONDARY SCHOOLS,http://nces.ed.gov/GLOBALLOCATOR/sch_info_popup.asp?Type=Public&ID=069103210655,2010/01/29 00:00:00,IMAGERY/OTHER,2020/01/28 00:00:00,http://www.slocoe.org,HIGH,98,06,12,691032,6,
-9332648.1807,5229736.326,102295,260009900612,KENSINGTON WOODS SCHOOLS,9501 PETTYS ROAD,LAKELAND,MI,48143,,(517) 545-0828,1,1,163,LIVINGSTON,26093,USA,42.457349698,-83.83660502,611110,ELEMENTARY AND SECONDARY SCHOOLS,http://nces.ed.gov/GLOBALLOCATOR/sch_info_popup.asp?Type=Public&ID=260009900612,2010/01/29 00:00:00,IMAGERY/OTHER,2018/12/27 00:00:00,http://www.kwoods.org,HIGH,151,06,12,2600099,12,
-10804204.703,3838554.8551,102296,482892011441,MANSFIELD LAKE RIDGE H S,101 N DAY MIAR RD,MANSFIELD,TX,76063,,(682) 314-0400,1,1,2553,TARRANT,48439,USA,32.571423962,-97.0558221749999,611110,ELEMENTARY AND SECONDARY SCHOOLS,http://nces.ed.gov/GLOBALLOCATOR/sch_info_popup.asp?Type=Public&ID=482892011441,2010/01/29 00:00:00,IMAGERY/OTHER,2020/01/02 00:00:00,http://lakeridge.mansfieldisd.org/,HIGH,2413,09,12,4828920,140,
-9264198.5692,5230977.8687,102297,260021501164,DR JOSEPH F POLLACK ACADEMIC CENTER OF EXCELLENCE,23777 SOUTHFIELD RD,SOUTHFIELD,MI,48075,3458,(248) 569-1060,1,1,880,OAKLAND,26125,USA,42.4655775940001,-83.221711698,611110,ELEMENTARY AND SECONDARY SCHOOLS,http://nces.ed.gov/GLOBALLOCATOR/sch_info_popup.asp?Type=Public&ID=260021501164,2010/01/29 00:00:00,IMAGERY/OTHER,2020/01/03 00:00:00,,ELEMENTARY,833,KG,08,2600215,47,
-10630806.0459,3465912.9101,102298,480020911822,YES PREP - GULFTON,6565 DE MOSS DR,HOUSTON,TX,77074,,(713) 967-9800,1,1,1142,HARRIS,48201,USA,29.706767165,-95.498155535,611110,ELEMENTARY AND SECONDARY SCHOOLS,http://nces.ed.gov/GLOBALLOCATOR/sch_info_popup.asp?Type=Public&ID=480020911822,2010/01/29 00:00:00,IMAGERY/OTHER,2020/04/14 00:00:00,http://www.yesprep.org,HIGH,1080,06,12,4800209,62,
-8982701.0533,5035224.9501,102299,390440604533,GIRARD JUNIOR HIGH SCHOOL,1244 SHANNON RD,GIRARD,OH,44420,1410,(330) 545-5431,1,1,280,TRUMBULL,39155,USA,41.1549585330001,-80.692976489,611110,ELEMENTARY AND SECONDARY SCHOOLS,http://nces.ed.gov/GLOBALLOCATOR/sch_info_popup.asp?Type=Public&ID=390440604533,2010/01/29 00:00:00,IMAGERY,2017/10/31 00:00:00,,MIDDLE,267,07,08,3904406,13,
-12448890.0355,4969443.4234,102300,490006901140,BLIND REGION 2,1655 EAST 3300,SALT LAKE CITY,UT,84106,,(801) 464-0840,2,1,17,SALT LAKE,49035,USA,40.70852267,-111.830281892,611110,ELEMENTARY AND SECONDARY SCHOOLS,http://nces.ed.gov/GLOBALLOCATOR/sch_info_popup.asp?Type=Public&ID=490006901140,2010/01/29 00:00:00,IMAGERY,2017/10/31 00:00:00,,OTHER,17,PK,12,4900069,-999,
-12250547.9911,4063530.0518,102301,040770000674,SHOW LOW JUNIOR HIGH SCHOOL,761 E. MCNEIL,SHOW LOW,AZ,85901,,(928) 537-6100,1,1,615,NAVAJO,04017,USA,34.2582382910001,-110.048544992,611110,ELEMENTARY AND SECONDARY SCHOOLS,http://nces.ed.gov/GLOBALLOCATOR/sch_info_popup.asp?Type=Public&ID=040770000674,2009/10/13 00:00:00,IMAGERY/OTHER,2017/10/31 00:00:00,http://www.show-low.k12.az.us,MIDDLE,586,06,08,407700,29,
-13624150.3679,4958016.3664,102302,061495012116,GREAT PARTNERSHIP SPECIAL EDUCATION CONSORTIUM,3450 TAMARACK DR.,REDDING,CA,96003,1765,(530) 225-0411,2,1,82,SHASTA,06089,USA,40.630663924,-122.387825086,611110,ELEMENTARY AND SECONDARY SCHOOLS,http://nces.ed.gov/GLOBALLOCATOR/sch_info_popup.asp?Type=Public&ID=061495012116,2010/01/29 00:00:00,GEOCODE,2017/10/31 00:00:00,http://www.gateway-schools.org,ELEMENTARY,75,KG,08,614950,7,
-9070554.9625,3321351.1661,102303,120144004006,JUVENILE OFFENDERS PROGRAM,3741 VISION BLVD,ORLANDO,FL,32839,,(407) 836-3326,4,1,19,ORANGE,12095,USA,28.5725362520001,-81.4821815829999,611110,ELEMENTARY AND SECONDARY SCHOOLS,http://nces.ed.gov/GLOBALLOCATOR/sch_info_popup.asp?Type=Public&ID=120144004006,2010/01/29 00:00:00,IMAGERY,2017/10/31 00:00:00,http://www.ocps.net,HIGH,14,07,12,1201440,5,
-9411174.1528,3771494.3047,102304,130558003575,WEBSTER COUNTY HIGH SCHOOL,7168 WASHINGTON ST,PRESTON,GA,31824,,(229) 828-3365,1,1,99,WEBSTER,13307,USA,32.0623232450001,-84.54201583,611110,ELEMENTARY AND SECONDARY SCHOOLS,http://nces.ed.gov/GLOBALLOCATOR/sch_info_popup.asp?Type=Public&ID=130558003575,2010/01/29 00:00:00,GEOCODE,2017/10/31 00:00:00,http://www.websterbobcats.org,HIGH,91,09,12,1305580,8,
-10381761.3166,5602000.7787,102305,273175000744,CENTRAL EDUCATION CENTER,7145 HARRIET AVE S,RICHFIELD,MN,55423,3354,(612) 798-6041,2,1,94,HENNEPIN,27053,USA,44.8758693500001,-93.260948668,611110,ELEMENTARY AND SECONDARY SCHOOLS,http://nces.ed.gov/GLOBALLOCATOR/sch_info_popup.asp?Type=Public&ID=273175000744,2010/01/29 00:00:00,IMAGERY,2017/10/31 00:00:00,http://www.richfield.k12.mn.us,PREKINDERGARTEN,85,PK,PK,2731750,9,
-9850107.2865,5163677.094,102306,170783000397,CENTRAL HIGH SCHOOL,PO BOX 68,BURLINGTON,IL,60109,68,(847) 464-6030,1,1,1143,KANE,17089,USA,42.018006379,-88.485019257,611110,ELEMENTARY AND SECONDARY SCHOOLS,http://nces.ed.gov/GLOBALLOCATOR/sch_info_popup.asp?Type=Public&ID=170783000397,2009/10/13 00:00:00,IMAGERY/OTHER,2011/10/31 00:00:00,,HIGH,1078,09,12,1707830,65,10777271
-11891412.9632,5630052.8287,102307,300366000053,SPRING CREEK SCHOOL,LAKESHORE DRIVE,DECKER,MT,59025,,(406) 757-2515,1,1,8,BIG HORN,30003,USA,45.0541658720001,-106.822380146,611110,ELEMENTARY AND SECONDARY SCHOOLS,http://nces.ed.gov/GLOBALLOCATOR/sch_info_popup.asp?Type=Public&ID=300366000053,2009/10/13 00:00:00,UNVERIFIED,2020/03/05 00:00:00,,ELEMENTARY,7,PK,08,3003660,1,
-9610550.1949,4328988.1482,102308,470455001819,LEBANON HIGH SCHOOL,500 BLUE DEVIL BLVD,LEBANON,TN,37087,,(615) 444-9610,1,1,2028,WILSON,47189,USA,36.2058865340001,-86.3330412889999,611110,ELEMENTARY AND SECONDARY SCHOOLS,http://nces.ed.gov/GLOBALLOCATOR/sch_info_popup.asp?Type=Public&ID=470455001819,2009/12/10 00:00:00,IMAGERY/OTHER,2020/03/19 00:00:00,,HIGH,1908,09,12,4704550,120,
-9922755.1596,4950978.6128,102309,172862002995,CARLOCK ELEM SCHOOL,301 W WASHINGTON ST,CARLOCK,IL,61725,9425,(309) 557-4412,1,1,119,MCLEAN,17113,USA,40.582666659,-89.137626204,611110,ELEMENTARY AND SECONDARY SCHOOLS,http://nces.ed.gov/GLOBALLOCATOR/sch_info_popup.asp?Type=Public&ID=172862002995,2009/10/13 00:00:00,IMAGERY/OTHER,2010/09/07 00:00:00,,ELEMENTARY,111,KG,05,1728620,8,
-11905251.6363,3796087.1925,102310,350001200982,SOUTHERN NM CORRECTION,1983 JOE R SILVA BLVD,LAS CRUCES,NM,88004,,(575) 523-3200,4,1,-999,DOÑA ANA,35013,USA,32.249356183,-106.946695062,611110,ELEMENTARY AND SECONDARY SCHOOLS,http://nces.ed.gov/GLOBALLOCATOR/sch_info_popup.asp?Type=Public&ID=350001200982,2010/01/29 00:00:00,IMAGERY/OTHER,2017/10/31 00:00:00,http://corrections.state.nm.us/apd/ed.html,,-999,M,M,3500012,-999,
-8560343.4879,4147239.5473,102311,370331003127,EARLY COLLEGE EAST HIGH,104 MIDDLE SCHOOL LANE,HAVELOCK,NC,28532,,(252) 444-5194,1,1,202,CRAVEN,37049,USA,34.877450093,-76.898873925,611110,ELEMENTARY AND SECONDARY SCHOOLS,http://nces.ed.gov/GLOBALLOCATOR/sch_info_popup.asp?Type=Public&ID=370331003127,2011/09/30 00:00:00,IMAGERY/OTHER,2017/10/31 00:00:00,http://www.craven.k12.nc.us/ECE/,HIGH,192,09,13,3703310,10,
-10427204.3041,3825681.3286,102312,220027000125,ELM GROVE MIDDLE SCHOOL,4301 PANTHER DRIVE,BOSSIER CITY,LA,71112,,(318) 759-2400,1,1,1083,BOSSIER,22015,USA,32.473914693,-93.66916997,611110,ELEMENTARY AND SECONDARY SCHOOLS,http://nces.ed.gov/GLOBALLOCATOR/sch_info_popup.asp?Type=Public&ID=220027000125,2010/01/29 00:00:00,IMAGERY/OTHER,2019/09/24 00:00:00,,MIDDLE,1032,06,08,2200270,51,
-12257319.6856,3911194.0878,102313,040034903218,GIFT-MT. TURNBULL ACADEMY,HWY 70,BYLAS,AZ,85530,,(928) 348-3393,3,1,-999,GRAHAM,04009,USA,33.1196334320001,-110.109376159,611110,ELEMENTARY AND SECONDARY SCHOOLS,http://nces.ed.gov/GLOBALLOCATOR/sch_info_popup.asp?Type=Public&ID=040034903218,2014/02/04 00:00:00,IMAGERY/OTHER,2019/09/25 00:00:00,http://www.gift-tech.org/,HIGH,0,09,12,400349,-999,10792601
-10838772.1982,3894028.7027,102314,483318012710,J C THOMPSON EL,440 WISHBONE LN,HASLET,TX,76052,,(817) 698-3800,1,1,732,DENTON,48121,USA,32.9903917830001,-97.366347267,611110,ELEMENTARY AND SECONDARY SCHOOLS,http://nces.ed.gov/GLOBALLOCATOR/sch_info_popup.asp?Type=Public&ID=483318012710,2014/02/04 00:00:00,IMAGERY/OTHER,2020/01/13 00:00:00,http://www.nisdtx.org/thompson,ELEMENTARY,691,PK,05,4833180,41,
-7996102.24,5280216.3225,102315,330248000075,TEMPLE ELEMENTARY SCHOOL,830 NH ROUTE 45,TEMPLE,NH,03084,203,(603) 878-1955,1,1,48,HILLSBOROUGH,33011,USA,42.7910164410001,-71.8302085559999,611110,ELEMENTARY AND SECONDARY SCHOOLS,http://nces.ed.gov/GLOBALLOCATOR/sch_info_popup.asp?Type=Public&ID=330248000075,2009/10/13 00:00:00,IMAGERY/OTHER,2020/03/31 00:00:00,http://conval.edu/schools/tes,ELEMENTARY,44,KG,04,3302480,4,
-9314046.1759,4505389.6674,102316,210462001142,OWSLEY COUNTY ELEMENTARY SCHOOL,372 KENTUCKY 28,BOONEVILLE,KY,41314,660,(606) 593-5186,1,1,572,OWSLEY,21189,USA,37.474041587,-83.6695003679999,611110,ELEMENTARY AND SECONDARY SCHOOLS,http://nces.ed.gov/GLOBALLOCATOR/sch_info_popup.asp?Type=Public&ID=210462001142,2010/01/29 00:00:00,IMAGERY/OTHER,2017/10/31 00:00:00,,ELEMENTARY,527,PK,06,2104620,45,
-10385319.3274,4446281.0021,102317,292253002998,HIGH POINTE ELEM.,900 NORTH CHEYENNE ROAD,NIXA,MO,65714,8663,(417) 225-1600,1,1,502,CHRISTIAN,29043,USA,37.0514522940001,-93.2929108229999,611110,ELEMENTARY AND SECONDARY SCHOOLS,http://nces.ed.gov/GLOBALLOCATOR/sch_info_popup.asp?Type=Public&ID=292253002998,2010/01/29 00:00:00,IMAGERY,2017/10/31 00:00:00,http://www.highpointeelementary.net,ELEMENTARY,463,KG,04,2922530,39,
-8244224.1121,5006330.3922,102318,340147000264,BERGEN COUNTY TECHNICAL HIGH SCHOOL - PARAMUS,E.285 PASCACK ROAD,PARAMUS,NJ,07652,4237,(201) 343-6000,3,1,27,BERGEN,34003,USA,40.9592329540001,-74.059125256,611110,ELEMENTARY AND SECONDARY SCHOOLS,http://nces.ed.gov/GLOBALLOCATOR/sch_info_popup.asp?Type=Public&ID=340147000264,2010/01/29 00:00:00,GEOCODE,2010/06/11 00:00:00,,HIGH,14,09,12,3401470,13,
-10554736.1566,4844363.5771,102319,292757001690,JOHN GLENN ELEM.,12401 COUNTY RD 438,ST JOSEPH,MO,64505,3719,(816) 279-4533,1,1,314,ANDREW,29003,USA,39.8513448670001,-94.814808093,611110,ELEMENTARY AND SECONDARY SCHOOLS,http://nces.ed.gov/GLOBALLOCATOR/sch_info_popup.asp?Type=Public&ID=292757001690,2010/01/29 00:00:00,GEOCODE,2017/10/31 00:00:00,http://www.savannahr3.com,ELEMENTARY,296,KG,05,2927570,18,
-9562808.9547,4089333.417,102320,010114000415,FYFFE HIGH SCHOOL,153 CHURCH ST,FYFFE,AL,35971,3310,(256) 623-2116,1,1,995,DEKALB,01049,USA,34.449601036,-85.9041744309999,611110,ELEMENTARY AND SECONDARY SCHOOLS,http://nces.ed.gov/GLOBALLOCATOR/sch_info_popup.asp?Type=Public&ID=010114000415,2010/01/29 00:00:00,IMAGERY/OTHER,2017/10/31 00:00:00,http://www.dekalbk12.org,OTHER,936,PK,12,101140,59,
-9002813.3115,4601531.6251,102321,540102000838,MT LOOKOUT ELEMENTARY SCHOOL,1945 MOUNT LOOKOUT ROAD,MOUNT LOOKOUT,WV,26678,,(304) 872-2731,1,1,156,NICHOLAS,54067,USA,38.156316061,-80.873647978,611110,ELEMENTARY AND SECONDARY SCHOOLS,http://nces.ed.gov/GLOBALLOCATOR/sch_info_popup.asp?Type=Public&ID=540102000838,2010/01/29 00:00:00,IMAGERY,2017/10/31 00:00:00,,ELEMENTARY,146,PK,05,5401020,10,
-11879498.8627,4204538.5125,102322,350001000750,COLINAS DEL NORTE ELEMENTARY,1001 NIGHT SKY AVE NE,RIO RANCHO,NM,87144,,(505) 896-0667,1,1,822,SANDOVAL,35043,USA,35.298632384,-106.71535396,611110,ELEMENTARY AND SECONDARY SCHOOLS,http://nces.ed.gov/GLOBALLOCATOR/sch_info_popup.asp?Type=Public&ID=350001000750,2009/10/13 00:00:00,IMAGERY/OTHER,2017/10/31 00:00:00,http://colinas.rrps.net/,ELEMENTARY,774,KG,05,3500010,48,
-9232170.174,4865618.4095,102323,390153405787,INSIGHT SCHOOL OF OHIO,2760 AIRPORT DR STE 125,COLUMBUS,OH,43219,2284,(614) 300-2766,1,1,1379,FRANKLIN,39049,USA,39.997771254,-82.9339957289999,611110,ELEMENTARY AND SECONDARY SCHOOLS,http://nces.ed.gov/GLOBALLOCATOR/sch_info_popup.asp?Type=Public&ID=390153405787,2016/01/05 00:00:00,IMAGERY/OTHER,2017/10/31 00:00:00,http://oh.insightschools.net/,HIGH,1333,06,12,3901534,46,
-11343748.9679,4421337.4605,102324,403339029762,YARBROUGH HS,8 MI S ON HWY 95,GOODWELL,OK,73939,3939,(580) 545-3327,1,1,23,TEXAS,40139,USA,36.872411319,-101.902630771,611110,ELEMENTARY AND SECONDARY SCHOOLS,http://nces.ed.gov/GLOBALLOCATOR/sch_info_popup.asp?Type=Public&ID=403339029762,2009/10/13 00:00:00,IMAGERY/OTHER,2017/10/31 00:00:00,http://www.yarbrough.k12.ok.us,HIGH,20,09,12,4033390,3,
-8643787.7203,5333242.4872,102325,362475003390,SCHOOL 16-JOHN WALTON SPENCER,625 SCIO ST,ROCHESTER,NY,14605,,(585) 235-1272,1,1,539,MONROE,36055,USA,43.1395862360001,-77.648466218,611110,ELEMENTARY AND SECONDARY SCHOOLS,http://nces.ed.gov/GLOBALLOCATOR/sch_info_popup.asp?Type=Public&ID=362475003390,2009/10/13 00:00:00,IMAGERY/OTHER,2020/03/05 00:00:00,http://www.rcsdk12.org,ELEMENTARY,501,PK,08,3624750,38,10818175
-10838618.5393,4518219.8113,102326,200705000366,REX ELEM,1100 W. GRAND,HAYSVILLE,KS,67060,1221,(316) 554-2281,1,1,574,SEDGWICK,20173,USA,37.56545543,-97.364966926,611110,ELEMENTARY AND SECONDARY SCHOOLS,http://nces.ed.gov/GLOBALLOCATOR/sch_info_popup.asp?Type=Public&ID=200705000366,2009/10/13 00:00:00,IMAGERY/OTHER,2017/10/31 00:00:00,,ELEMENTARY,542,PK,05,2007050,32,
-9558473.2587,5291176.5111,102327,261884005566,SOUTH ELEMENTARY SCHOOL,4900 40TH,HUDSONVILLE,MI,49426,1699,(616) 669-9362,1,1,418,OTTAWA,26139,USA,42.8632256320001,-85.8652262109999,611110,ELEMENTARY AND SECONDARY SCHOOLS,http://nces.ed.gov/GLOBALLOCATOR/sch_info_popup.asp?Type=Public&ID=261884005566,2009/10/13 00:00:00,IMAGERY,2017/10/31 00:00:00,,ELEMENTARY,395,PK,05,2618840,23,
-9141666.7047,4704477.2884,102328,540078000625,POINT PLEASANT JUNIOR/SENIOR HIGH SCHOOL,280 SCENIC ROAD,POINT PLEASANT,WV,25550,,(304) 675-1350,1,1,1170,MASON,54053,USA,38.87986111,-82.1209892319999,611110,ELEMENTARY AND SECONDARY SCHOOLS,http://nces.ed.gov/GLOBALLOCATOR/sch_info_popup.asp?Type=Public&ID=540078000625,2009/10/13 00:00:00,IMAGERY/OTHER,2017/10/31 00:00:00,,HIGH,1108,07,12,5400780,62,
-10288881.2709,3673479.3757,102329,220129000115,RAPIDES TRAINING ACADEMY,901 CREPE MYRTLE STREET,PINEVILLE,LA,71360,,(318) 443-6694,2,1,72,RAPIDES,22079,USA,31.3131086810001,-92.426593021,611110,ELEMENTARY AND SECONDARY SCHOOLS,http://nces.ed.gov/GLOBALLOCATOR/sch_info_popup.asp?Type=Public&ID=220129000115,2010/01/29 00:00:00,IMAGERY/OTHER,2020/03/31 00:00:00,,OTHER,72,KG,12,2201290,0,
-10751515.8386,5688107.5703,102330,270015003019,LISMORE COLONY SCHOOL,80391 COUNTY RD 60,CLINTON,MN,56225,361,(320) 325-5583,1,1,38,BIG STONE,27011,USA,45.4213969100001,-96.582510053,611110,ELEMENTARY AND SECONDARY SCHOOLS,http://nces.ed.gov/GLOBALLOCATOR/sch_info_popup.asp?Type=Public&ID=270015003019,2010/01/29 00:00:00,IMAGERY/OTHER,2019/10/01 00:00:00,http://clintongraceville.mn.schoolwebpages.com,OTHER,36,KG,12,2700150,2,
-10317192.2934,4598065.5046,102331,290699000174,OSAGE BEACH ELEM.,1241 NICHOLS ROAD,OSAGE BEACH,MO,65065,2172,(573) 348-2461,1,1,329,CAMDEN,29029,USA,38.131828295,-92.680915264,611110,ELEMENTARY AND SECONDARY SCHOOLS,http://nces.ed.gov/GLOBALLOCATOR/sch_info_popup.asp?Type=Public&ID=290699000174,2009/10/13 00:00:00,IMAGERY/OTHER,2019/12/31 00:00:00,http://www.camdentonschools.org,ELEMENTARY,307,PK,04,2906990,22,
-8512030.4158,4450964.2506,102332,510264001238,POINT OPTION ALTERNATIVE SCHOOL,813 DILIGENCE DR.,NEWPORT NEWS,VA,23606,,(757) 591-7408,4,1,-999,NEWPORT NEWS,51700,USA,37.0850209810001,-76.464870214,611110,ELEMENTARY AND SECONDARY SCHOOLS,http://nces.ed.gov/GLOBALLOCATOR/sch_info_popup.asp?Type=Public&ID=510264001238,2009/10/13 00:00:00,IMAGERY/OTHER,2020/01/23 00:00:00,http://sbo.nn.k12.va.us/schools/pointoption.shtml,NOT APPLICABLE,-999,N,N,5102640,-999,
-9024168.757,4580375.7488,102333,540030000182,GATEWOOD ELEMENTARY,5094 GATEWOOD ROAD,FAYETTEVILLE,WV,25840,,(304) 574-2025,1,1,92,FAYETTE,54019,USA,38.0067241180001,-81.065487209,611110,ELEMENTARY AND SECONDARY SCHOOLS,http://nces.ed.gov/GLOBALLOCATOR/sch_info_popup.asp?Type=Public&ID=540030000182,2010/01/29 00:00:00,IMAGERY/OTHER,2020/03/23 00:00:00,,ELEMENTARY,85,PK,04,5400300,7,
-13459806.1399,4856353.5479,102334,069110211706,PLUMAS COUNTY OPPORTUNITY,1446 E. MAIN ST.,QUINCY,CA,95971,9402,(530) 283-6500,4,1,11,PLUMAS,06063,USA,39.93398332,-120.911495768,611110,ELEMENTARY AND SECONDARY SCHOOLS,http://nces.ed.gov/GLOBALLOCATOR/sch_info_popup.asp?Type=Public&ID=069110211706,2010/01/29 00:00:00,IMAGERY/OTHER,2020/04/08 00:00:00,http://www.pcoe.k12.ca.us,MIDDLE,8,07,09,691102,3,
