Location,30-Apr-16,total
Mississippi State Penitentiary,3371,3358.0
Central Mississippi Correctional Facility,2840,2825.0
Youthful Offender Unit,28,31.0
CMCF TVC,2,3.0
South Mississippi Correctional Institution,2998,2969.0
Alcorn Satellite Facility,0,0.0
Bolivar Satellite Facility,26,30.0
Forrest Satellite Facility,79,78.0
George Satellite Facility,88,86.0
Harrison Satellite Facility,74,79.0
Jackson Satellite Facility,0,25.0
Jefferson Satellite Facility,0,0.0
Lefore TVC Support,17,21.0
Lefore TVC,71,64.0
Madison Satellite Facility,88,91.0
Noxubee Satellite Facility,81,87.0
Pike Satellite Facility,80,85.0
Quitman Satellite Facility,87,89.0
Rankin Satellite Facility,171,173.0
Flowood TVC,26,30.0
Simpson TVC support,17,45.0
Simpson TVC,87,45.0
Washington Satellite Facility,96,95.0
Wilkinson Satellite Facility,65,69.0
Yazoo Satellite Facility,0,0.0
Alcorn County,237,239.0
Bolivar County,290,291.0
Carroll County,238,239.0
Chickasaw County,240,240.0
George County,200,200.0
Holmes County,199,199.0
Issaquena County,239,239.0
Jefferson County,237,239.0
Kemper County,260,259.0
Leake County,200,198.0
Marion County,203,201.0
Stone County,201,199.0
Washington County,223,231.0
Winston County,196,195.0
Yazoo County,241,238.0
Delta,0,0.0
East Mississippi,1102,1113.0
Marshall County,1001,995.0
Walnut Grove,933,925.0
Wilkinson County,895,895.0
