Location,31-Aug-18,total
Mississippi State Penitentiary,3261,3281.0
Central Mississippi Correctional Facility,3837,3775.0
Youthful Offender Unit,36,36.0
CMCF TVC,0,0.0
South Mississippi Correctional Institution,3045,3051.0
Alcorn Satellite Facility,0,0.0
Bolivar Satellite Facility,0,0.0
Delta Satellite Facility,75,75.0
Delta TVC,271,246.0
Forrest Satellite Facility,62,64.0
George Satellite Facility,67,68.0
Harrison Satellite Facility,53,58.0
Jackson Satellite Facility,0,0.0
Jefferson Satellite Facility,0,0.0
Leflore TVC,0,0.0
Leflore TVC Support,0,0.0
Madison Satellite Facility,67,67.0
Noxubee Satellite Facility,48,47.0
Pike Satellite Facility,71,70.0
Quitman Satellite Facility,53,55.0
Rankin Satellite Facility,140,141.0
Rankin RID,20,21.0
Flowood TVC,43,35.0
Simpson TVC,0,0.0
Simpson TVC Support,0,0.0
Washington Satellite Facility,0,0.0
Wilkinson Satellite Facility,52,51.0
Yazoo Satellite Facility,0,0.0
Alcorn County,235,238.0
Bolivar County,294,290.0
Carroll County,262,278.0
Chickasaw County,241,243.0
George County,199,199.0
Holmes County,198,200.0
Issaquena County,267,268.0
Jefferson County,270,267.0
Kemper County,256,254.0
Leake County,266,266.0
Marion County,266,268.0
Stone County,199,202.0
Washington County,194,197.0
Winston County,261,260.0
Yazoo County,238,241.0
Delta,0,0.0
East Mississippi,1304,1308.0
Marshall County,988,995.0
Walnut Grove,0,0.0
Wilkinson County,925,932.0
Greenwood,0,0.0
Hinds,3,4.0
Pascagoula,2,3.0
TRANSITIONAL HOUSING,22,32.0
Madison,1,1.0
Noxubee,13,26.0
Rankin/Flowood,7,5.0
Washington,0,0.0
Wilkinson,1,0.0
