Location,31-Aug-14,total
Mississippi State Penitentiary,3289,3314.0
Central Mississippi Correctional Facility,2348,2465.0
Youthful Offender Unit,39,40.0
CMCF TVC,124,98.0
South Mississippi Correctional Institution,3142,3193.0
Alcorn Satellite Facility,86,89.0
Bolivar Satellite Facility,55,52.0
Forrest Satellite Facility,58,55.0
George Satellite Facility,62,63.0
Harrison Satellite Facility,51,52.0
Jackson Satellite Facility,52,53.0
Jefferson Satellite Facility,51,45.0
Leflore Satellite Facility,53,50.0
Madison Satellite Facility,55,60.0
Noxubee Satellite Facility,68,74.0
Pike Satellite Facility,88,85.0
Quitman Satellite Facility,58,68.0
Rankin Satellite Facility,190,188.0
Simpson Satellite Facility,102,99.0
Washington Satellite Facility,49,52.0
Wilkinson Satellite Facility,51,49.0
Yazoo Satellite Facility,52,48.0
Alcorn County,296,298.0
Bolivar County,366,368.0
Carroll County,277,278.0
Chickasaw County,299,299.0
George County,278,278.0
Holmes County,280,279.0
Issaquena County,274,274.0
Jefferson County,274,277.0
Kemper County,351,352.0
Leake County,279,277.0
Marion County,280,280.0
Stone County,279,279.0
Washington County,282,286.0
Winston County,279,278.0
Yazoo County,295,299.0
East Mississippi,1195,1198.0
Marshall County,1000,997.0
Walnut Grove,1087,1145.0
Wilkinson County,825,824.0
Greenwood,4,4.0
Hinds,1,1.0
