Location,31-Dec-03,total
MS STATE PENITENTIARY,5639,5454.0
CENTRAL MS CORRECTIONAL FACILITY,3139,3010.0
SOUTH MS CORRECTIONAL INSTITUTION,2117,2051.0
COUNTY JAILS,1997,1931.0
Alcorn Satellite Facility,92,92.0
Bolivar Satellite Facility,77,76.0
Forrest Satellite Facility,93,94.0
George Satellite Facility,65,67.0
Harrison Satellite Facility,66,65.0
Jackson Satellite Facility,67,70.0
Jefferson Satellite Facility,67,72.0
Leflore Satellite Facility,102,98.0
Madison Satellite Facility,101,101.0
Noxubee Satellite Facility,90,89.0
Pike Satellite Facility,45,42.0
Quitman Satellite Facility,77,77.0
Rankin Satellite Facility,214,210.0
Simpson Satellite Facility,102,97.0
Washington Satellite Facility,83,85.0
Wilkinson Satellite Facility,73,72.0
Yazoo Satellite Facility,101,99.0
Bolivar County,249,241.0
Carroll County,250,242.0
George County (opened on May 10th),249,241.0
Holmes County,249,242.0
Issaquena County,250,242.0
Jefferson County,249,241.0
Kemper County,249,242.0
Leake County,249,241.0
Marion County,249,242.0
Stone County,250,242.0
Winston County,250,242.0
East MS,728,707.0
Marshall County,994,959.0
Walnut Grove,730,704.0
Wilkinson County,992,961.0
RESITITUTION CENTERS,15,16.0
Greenwood,6,6.0
Hinds,5,6.0
Pascagoula,4,4.0
