Location,28-Feb-21,total
Mississippi State Penitentiary,2006,2003.0
Central Mississippi Correctional Facility,2936,2998.0
Youthful Offender Unit,14,16.0
CMCF TVC,0,0.0
South Mississippi Correctional Institution,2499,2464.0
Alcorn Satellite Facility,0,0.0
Bolivar Satellite Facility,0,0.0
Delta Satellite Facility,80,87.0
Delta TVC,76,90.0
Forrest Satellite Facility,18,18.0
George Satellite Facility,0,0.0
Harrison Satellite Facility,0,0.0
Jackson Satellite Facility,0,0.0
Jefferson Satellite Facility,0,0.0
Madison Satellite Facility,55,59.0
Noxubee Satellite Facility,43,45.0
Pike Satellite Facility,33,35.0
Quitman Satellite Facility,33,34.0
Rankin Satellite Facility,96,98.0
Rankin SF (RRP),9,10.0
Flowood TVC,2,2.0
Washington Satellite Facility,0,0.0
Wilkinson Satellite Facility,0,0.0
Yazoo Satellite Facility,0,0.0
Alcorn County,286,282.0
Bolivar County,292,282.0
Carroll County,248,242.0
Chickasaw County,306,308.0
George County,338,339.0
Holmes County,276,278.0
Issaquena County,264,267.0
Jefferson County,270,267.0
Kemper County,347,346.0
Leake County,268,268.0
Marion County,397,397.0
Stone County,278,275.0
Washington County,115,126.0
Winston County,268,268.0
Yazoo County,296,294.0
Tallahatchie County,0,0.0
East Mississippi,1297,1278.0
Marshall County,982,980.0
Walnut Grove,0,0.0
Wilkinson County,866,851.0
Greenwood,0,0.0
Hinds,0,0.0
Pascagoula,0,0.0
TRANSITIONAL HOUSING,5,8.0
Madison,0,0.0
Noxubee,5,5.0
Rankin/Flowood,0,4.0
Washington,0,0.0
Wilkinson,0,0.0
