Location,28-Feb-22,total
Mississippi State Penitentiary,1972,1924.0
Central Mississippi Correctional Facility,2820,2989.0
Youthful Offender Unit,16,16.0
Marshall County,689,683.0
CMCF TVC,0,0.0
South Mississippi Correctional Institution,2260,2275.0
Alcorn Satellite Facility,0,0.0
Bolivar Satellite Facility,0,0.0
Delta Satellite Facility,72,75.0
Delta TVC,45,51.0
Forrest Satellite Facility,63,60.0
George Satellite Facility,0,0.0
Harrison Satellite Facility,0,0.0
Jackson Satellite Facility,0,0.0
Jefferson Satellite Facility,0,0.0
Madison Satellite Facility,71,72.0
Noxubee Satellite Facility,45,51.0
Pike Satellite Facility,49,44.0
Quitman Satellite Facility,49,54.0
Rankin Satellite Facility,98,102.0
Rankin Satellite Facility (RRP),1,1.0
Flowood TVC,0,1.0
Washington Satellite Facility,0,0.0
Wilkinson Satellite Facility,0,0.0
Yazoo Satellite Facility,0,0.0
Alcorn County,270,271.0
Bolivar County,253,253.0
Carroll County,272,247.0
Chickasaw County,266,265.0
George County,350,339.0
Holmes County,245,245.0
Issaquena County,257,261.0
Jefferson County,267,266.0
Kemper County,323,317.0
Leake County,293,292.0
Marion County,396,393.0
Stone County,276,278.0
Washington County,98,100.0
Winston County,263,250.0
Yazoo County,222,217.0
East Mississippi,1313,1308.0
Walnut Grove,74,74.0
Wilkinson County,899,901.0
Greenwood,0,0.0
Hinds,0,0.0
Flowood Rest. Ctr,0,0.0
Delta Rest Ctr,15,14.0
Pascagoula,0,0.0
TRANSITIONAL HOUSING,12,4.0
Madison,0,0.0
Noxubee,8,0.0
Rankin/Flowood,4,4.0
Washington,0,0.0
Wilkinson,0,0.0
