Location,31-Jan-16,total
Mississippi State Penitentiary,3275,3259.0
MSP TVC,19,18.0
Central Mississippi Correctional Facility,2562,2716.0
Youthful Offender Unit,29,29.0
CMCF TVC,0,14.0
South Mississippi Correctional Institution,2703,2692.0
SMCI TVC,0,10.0
Alcorn Satellite Facility,0,0.0
Bolivar Satellite Facility,33,41.0
Forrest Satellite Facility,70,69.0
George Satellite Facility,61,58.0
Harrison Satellite Facility,59,61.0
Jackson Satellite Facility,40,44.0
Jefferson Satellite Facility,0,0.0
Leflore Satellite Facility,20,36.0
Madison Satellite Facility,80,74.0
Noxubee Satellite Facility,82,81.0
Pike Satellite Facility,77,74.0
Quitman Satellite Facility,80,74.0
Rankin Satellite Facility,145,154.0
Flowood TVC,11,2.0
Simpson TVC and Simpson TVC support,50,51.0
Washington Satellite Facility,78,84.0
Wilkinson Satellite Facility,53,56.0
Yazoo Satellite Facility,52,52.0
Alcorn County,0,0.0
Bolivar County,360,351.0
Carroll County,272,266.0
Chickasaw County,263,259.0
George County,271,271.0
Holmes County,271,274.0
Issaquena County,267,252.0
Jefferson County,278,273.0
Kemper County,351,336.0
Leake County,274,267.0
Marion County,279,279.0
Stone County,275,276.0
Washington County,231,231.0
Winston County,265,267.0
Yazoo County,297,284.0
Delta,0,0.0
East Mississippi,1147,1139.0
Marshall County,1000,999.0
Walnut Grove,939,925.0
Wilkinson County,851,858.0
Greenwood,2,3.0
Hinds,5,5.0
Pascagoula,2,2.0
