Location,31-Jan-05,total
Mississippi State Penitentiary,4516,4584.0
Central Mississippi Correctional Facility,3075,2987.0
South Mississippi Correctional Institution,2109,2137.0
Alcorn Satellite Facility,90,88.0
Bolivar Satellite Facility,102,97.0
Forrest Satellite Facility,95,91.0
George Satellite Facility,101,99.0
Harrison Satellite Facility,101,97.0
Jackson Satellite Facility,100,99.0
Jefferson Satellite Facility,100,96.0
Leflore Satellite Facility,99,98.0
Madison Satellite Facility,101,99.0
Noxubee Satellite Facility,90,88.0
Pike Satellite Facility,65,63.0
Quitman Satellite Facility,71,68.0
Rankin Satellite Facility,195,196.0
Simpson Satellite Facility,98,99.0
Washington Satellite Facility,102,99.0
Wilkinson Satellite Facility,99,95.0
Yazoo Satellite Facility,100,96.0
Bolivar County,244,247.0
Carroll County,250,249.0
George County,248,248.0
Holmes County,249,248.0
Issaquena County,249,248.0
Jefferson County,250,247.0
Kemper County,250,248.0
Leake County,250,249.0
Marion County,249,250.0
Stone County,250,249.0
Winston County,249,249.0
Delta,947,951.0
East Mississippi,867,867.0
Marshall County,993,990.0
Tallahatchie County,127,128.0
Walnut Grove,819,821.0
Wilkinson County,983,981.0
RESITITUTION CENTERS,14,14.0
Greenwood,5,5.0
Hinds,5,5.0
Pascagoula,4,4.0
