Location,31-Jul-01,total
"MS STATE PENITENTIARY(capacity decreased by 80 7/27)",5304.0,5278.0
CENTRAL MS CORRECTIONAL FACILITY,2991.0,3007.0
SOUTH MS CORRECTIONAL INSTITUTION,1979.0,1949.0
COUNTY JAILS,1522.0,1469.0
Alcorn Satellite Facility,72.0,72.0
Bolivar Satellite Facility,74.0,73.0
Forrest Satellite Facility,71.0,73.0
George Satellite Facility,72.0,71.0
Harrison Satellite Facility,73.0,73.0
Jackson Satellite Facility,74.0,73.0
Jefferson Satellite Facility,74.0,74.0
Leflore Satellite Facility,73.0,72.0
Madison Satellite Facility,74.0,74.0
Noxubee Satellite Facility,71.0,73.0
Pike Satellite Facility,62.0,66.0
Quitman Satellite Facility,51.0,58.0
Rankin Satellite Facility,113.0,113.0
Simpson Satellite Facility,74.0,73.0
Washington Satellite Facility,75.0,72.0
Wilikinson Satellite Facility,73.0,73.0
Yazoo Satellite Facility,73.0,73.0
Bolivar County,211.0,209.0
Carroll County,195.0,201.0
Holmes County,196.0,201.0
Issaquena County,183.0,194.0
Jefferson County,209.0,212.0
Kemper County,220.0,224.0
Leake County,198.0,200.0
Marion County,196.0,198.0
Stone County,195.0,199.0
Winston County,,200.0
Delta,838.0,845.0
East MS,492.0,496.0
Marshall County,864.0,871.0
Walnut Grove,403.0,394.0
Wilkinson County,873.0,868.0
RESITITUTION CENTERS,17.0,18.0
Greenwood,6.0,6.0
Hinds,10.0,11.0
Pascagoula,1.0,1.0
