Location,31-May-04,total
MS STATE PENITENTIARY (See note at bottom),5038,5036.0
CENTRAL MS CORRECTIONAL FACILITY,3159,3052.0
SOUTH MS CORRECTIONAL INSTITUTION,2165,2110.0
COUNTY JAILS,2173,2073.0
Alcorn Satellite Facility,92,89.0
Bolivar Satellite Facility,101,96.0
Forrest Satellite Facility,95,93.0
George Satellite Facility,101,94.0
Harrison Satellite Facility,101,95.0
Jackson Satellite Facility,102,93.0
Jefferson Satellite Facility,97,94.0
Leflore Satellite Facility,102,96.0
Madison Satellite Facility,101,97.0
Noxubee Satellite Facility,91,91.0
Pike Satellite Facility,68,69.0
Quitman Satellite Facility,87,80.0
Rankin Satellite Facility,216,207.0
Simpson Satellite Facility,101,97.0
Washington Satellite Facility,102,96.0
Wilkinson Satellite Facility,100,93.0
Yazoo Satellite Facility,100,97.0
Bolivar County,249,242.0
Carroll County,250,241.0
George County,249,241.0
Holmes County,250,242.0
Issaquena County,247,241.0
Jefferson County,249,242.0
Kemper County,249,241.0
Leake County,250,242.0
Marion County,249,241.0
Stone County,249,242.0
Winston County,250,241.0
Delta       (Reopened 04-01-04),738,556.0
East MS,725,703.0
Marshall County,993,961.0
Walnut Grove,726,688.0
Wilkinson County,992,961.0
RESITITUTION CENTERS,16,15.0
Greenwood,6,6.0
Hinds,6,6.0
Pascagoula,4,3.0
