Location,30-Nov-10,total
Mississippi State Penitentiary,3201,3217.0
Central Mississippi Correctional Facility,3186,3157.0
South Mississippi Correctional Institutio,3179,3168.0
Alcorn Satellite Facility,75,77.0
Bolivar Satellite Facility,90,82.0
Forrest Satellite Facility,72,72.0
George Satellite Facility,84,86.0
Harrison Satellite Facility,74,75.0
Jackson Satellite Facility,79,76.0
Jefferson Satellite Facility,89,92.0
Leflore Satellite Facility,82,81.0
Madison Satellite Facility,97,98.0
Noxubee Satellite Facility,84,86.0
Pike Satellite Facility,91,89.0
Quitman Satellite Facility,63,78.0
Rankin Satellite Facility,215,215.0
Simpson Satellite Facility,97,97.0
Washington Satellite Facility,88,81.0
Wilkinson Satellite Facility,79,80.0
Yazoo Satellite Facility,98,97.0
Bolivar County,234,234.0
Carroll County,223,223.0
Chickasaw County,237,239.0
George County,223,223.0
Holmes County,224,224.0
Issaquena County,219,220.0
Jefferson County,223,223.0
Kemper County,284,283.0
Leake County,224,225.0
Marion County,224,224.0
Stone County,225,223.0
Winston County,223,224.0
Yazoo County,241,241.0
Delta,902,902.0
East Mississippi,1359,1360.0
Marshall County,929,935.0
Walnut Grove,1195,1199.0
Wilkinson County,884,870.0
Greenwood,4,5.0
Hinds,2,2.0
Pascagoula,2,2.0
