cms_certification_num,internal_revenue_code,description,code,price,inpatient_outpatient,payer,units
050740,96,LOSARTAN  50 MG PO TABS,68084034701,846.00,OUTPATIENT,CASH PRICE,100 Each
050740,123,QUETIAPINE  25 MG PO TABS,68084053001,540.00,OUTPATIENT,CASH PRICE,100 Each
050740,123,QUETIAPINE  25 MG PO TABS,16714045201,152.00,OUTPATIENT,CASH PRICE,100 Each
050740,157,PENICILLIN V POTASSIUM 250 MG PO TABS,16714023401,152.00,OUTPATIENT,CASH PRICE,100 Each
050740,181,KETOROLAC 15 MG/ML IJ SOLN,J1885,152.00,OUTPATIENT,CASH PRICE,1 mL
050740,188,CEFUROXIME SODIUM 750 MG IJ SOLR,J0697,152.00,OUTPATIENT,CASH PRICE,1 Each
050740,198,NAFCILLIN   1 GRAM IJ SOLR,55150012215,152.00,OUTPATIENT,CASH PRICE,1 Each
050740,311,OCTREOTIDE ACETATE  100 MCG/ML IJ SOLN,J2354,152.00,OUTPATIENT,CASH PRICE,1 mL
050740,405,CEFAZOLIN   1 GRAM IJ SOLR,J0690,152.00,OUTPATIENT,CASH PRICE,1 Each
050740,415,OCTREOTIDE ACETATE  500 MCG/ML IJ SOLN,J2354,164.25,OUTPATIENT,CASH PRICE,1 mL
050740,450,LATANOPROST 0.005 % OP DROP,17478062512,152.00,OUTPATIENT,CASH PRICE,2.5 mL
050740,482,PHENOBARBITAL SODIUM  65 MG/ML IJ SOLN,J2560,276.15,OUTPATIENT,CASH PRICE,1 mL
050740,486,CLINDAMYCIN PHOSPHATE 150 MG/ML IJ SOLN,J3490,152.00,OUTPATIENT,CASH PRICE,6 mL
050740,486,CLINDAMYCIN PHOSPHATE 150 MG/ML IJ SOLN,J3490,152.00,OUTPATIENT,CASH PRICE,6 mL
050740,561,MANNITOL 25 % 25 % IV SOLN,J2150,152.00,OUTPATIENT,CASH PRICE,50 mL
050740,614,PIOGLITAZONE 15 MG PO TABS,68084087811,152.00,OUTPATIENT,CASH PRICE,1 Each
050740,614,PIOGLITAZONE 15 MG PO TABS,00781542031,153.45,OUTPATIENT,CASH PRICE,30 Each
050740,615,FUROSEMIDE 10 MG/ML IJ SOLN,J1940,152.00,OUTPATIENT,CASH PRICE,4 mL
050740,615,FUROSEMIDE 10 MG/ML IJ SOLN,J1940,152.00,OUTPATIENT,CASH PRICE,10 mL
050740,615,FUROSEMIDE 10 MG/ML IJ SOLN,J1940,152.00,OUTPATIENT,CASH PRICE,2 mL
050740,615,FUROSEMIDE 10 MG/ML IJ SOLN,J1940,152.00,OUTPATIENT,CASH PRICE,2 mL
050740,631,FLUCONAZOLE 100 MG PO TABS,16714069101,283.95,OUTPATIENT,CASH PRICE,30 Each
050740,656,METHOCARBAMOL 500 MG PO TABS,63739016610,169.50,OUTPATIENT,CASH PRICE,100 Each
050740,697,CLOTRIMAZOLE  10 MG MM TROC,00574010777,895.65,OUTPATIENT,CASH PRICE,70 Each
050740,728,SILVER SULFADIAZINE 1 % TP CREA,43598021040,480.00,OUTPATIENT,CASH PRICE,400 gram
050740,728,SILVER SULFADIAZINE 1 % TP CREA,43598021055,152.00,OUTPATIENT,CASH PRICE,50 gram
050740,926,DILTIAZEM HCL 5 MG/ML IV SOLN,J3490,152.00,OUTPATIENT,CASH PRICE,10 mL
050740,926,DILTIAZEM HCL 5 MG/ML IV SOLN,J3490,152.00,OUTPATIENT,CASH PRICE,5 mL
050740,939,ACETYLCYSTEINE 200 MG/ML (20 %) MISC SOLN,J7608,152.00,OUTPATIENT,CASH PRICE,4 mL
050740,959,TUBERCULIN PPD 5 TUB. UNIT /0.1 ML ID SOLN,49281075221,1054.05,OUTPATIENT,CASH PRICE,1 mL
050740,967,ANASTROZOLE 1 MG PO TABS,16729003510,152.00,OUTPATIENT,CASH PRICE,30 Each
050740,993,MORPHINE  2 MG/ML IJ SOLN,63323045200,152.00,OUTPATIENT,CASH PRICE,1 mL
050740,1007,HYDROXYUREA  500 MG PO CAPS,68084028401,1200.00,OUTPATIENT,CASH PRICE,100 Each
050740,1010,"NEOMYCIN-POLYMYXIN-HC 3.5-10,000-1 MG/ML-UNIT/ML-% OT SOLN",24208063110,1092.30,OUTPATIENT,CASH PRICE,10 mL
050740,1036,BICALUTAMIDE 50 MG PO TABS,16714081602,285.00,OUTPATIENT,CASH PRICE,100 Each
050740,1069,ASPIRIN-DIPYRIDAMOLE 25-200 MG PO CM12,00093304006,900.00,OUTPATIENT,CASH PRICE,60 Each
050740,1069,ASPIRIN-DIPYRIDAMOLE 25-200 MG PO CM12,00597000160,7884.00,OUTPATIENT,CASH PRICE,60 Each
050740,1172,NYSTATIN 100000 UNITS/ML PO SUSP,66689003750,152.00,OUTPATIENT,CASH PRICE,5 mL
050740,1202,VENLAFAXINE  37.5 MG PO CP24,68084069801,684.00,OUTPATIENT,CASH PRICE,100 Each
050740,1221,RIFAMPIN 600 MG IV SOLR,J3490,1034.70,OUTPATIENT,CASH PRICE,1 Each
050740,1226,EPINEPHRINE HCL 1 MG/ML NA SOLN,42023010301,2980.35,OUTPATIENT,CASH PRICE,30 mL
050740,1296,DESMOPRESSIN  4 MCG/ML IJ SOLN,J2597,555.00,OUTPATIENT,CASH PRICE,1 mL
050740,1387,COLISTIN (COLISTIMETHATE NA) 150 MG IJ SOLR,J0770,391.35,OUTPATIENT,CASH PRICE,1 Each
050740,1405,"LIDOCAINE-EPINEPHRINE (PF) 1 %-1:200,000 IJ SOLN",63323048737,152.00,OUTPATIENT,CASH PRICE,30 mL
050740,1405,"LIDOCAINE-EPINEPHRINE (PF) 1 %-1:200,000 IJ SOLN",63323048731,152.00,OUTPATIENT,CASH PRICE,30 mL
050740,1460,NITROFURANTOIN MACROCRYSTAL  50 MG PO CAPS,51079058420,1405.50,OUTPATIENT,CASH PRICE,100 Each
050740,1539,IODINE STRONG (LUGOLS) 5 % PO SOLN,00395277516,1135.20,OUTPATIENT,CASH PRICE,473 mL
050740,1558,"NEOMYCIN-BACITRACNZN-POLYMYXNB 3.5MG-400 UNIT- 5,000 UNIT/GRAM T",OINT,152.00,OUTPATIENT,CASH PRICE,28.4 gram
050740,1606,CEFUROXIME AXETIL 250 MG PO TABS,16714040002,812.70,OUTPATIENT,CASH PRICE,60 Each
050740,1614,ATORVASTATIN 20 MG PO TABS,00904629161,340.50,OUTPATIENT,CASH PRICE,100 Each
050740,1665,ARGATROBAN 100 MG/ML IV SOLN,J0883,2887.35,OUTPATIENT,CASH PRICE,2.5 mL
050740,1677,METOCLOPRAMIDE HCL  5 MG/ML IJ SOLN,J2765,152.00,OUTPATIENT,CASH PRICE,2 mL
050740,1733,POTASSIUM PHOSPHATE M-/D-BASIC 3 MMOL/ML IV SOLN,00409729501,152.00,OUTPATIENT,CASH PRICE,15 mL
050740,1749,IPRATROPIUM-ALBUTEROL 0.5 MG-3 MG(2.5 MG BASE)/3 ML IN NEBU,J7620,152.00,OUTPATIENT,CASH PRICE,3 mL
050740,1834,INSULIN GLARGINE 100 UNITS/ML SC SOLN,J1815,263.42,OUTPATIENT,CASH PRICE,10 mL
050740,1861,PILOCARPINE HCL  1 % OP DROP,61314020315,1057.50,OUTPATIENT,CASH PRICE,15 mL
050740,1893,HEPARIN (PORCINE)  1000 UNITS/ML IJ SOLN,J1644,152.00,OUTPATIENT,CASH PRICE,1 mL
050740,1961,CEFEPIME   1 GRAM IJ SOLR,J0692,152.00,OUTPATIENT,CASH PRICE,1 Each
050740,1966,SULFASALAZINE 500 MG PO TABS,59762500001,241.50,OUTPATIENT,CASH PRICE,100 Each
050740,1977,CLONIDINE 0.1 MG/24 HR TD PTWK,00378087199,884.28,OUTPATIENT,CASH PRICE,4 Each
050740,2072,FAT EMULSION 20 % IV EMUL,00338051913,202.50,OUTPATIENT,CASH PRICE,500 mL
050740,2164,ALBUTEROL SULFATE 2.5 MG /3 ML (0.083 %) IN NEBU,J7613,152.00,OUTPATIENT,CASH PRICE,3 mL
050740,2180,PROTAMINE 10 MG/ML IV SOLN,J2720,152.00,OUTPATIENT,CASH PRICE,5 mL
050740,2338,POTASSIUM CHLORID-D5-0.45%NACL 40 MEQ/L IV SOLP,J3480,152.00,OUTPATIENT,CASH PRICE,1000 mL
050740,2348,DIVALPROEX 250 MG PO TBEC,68084077601,307.50,OUTPATIENT,CASH PRICE,100 Each
050740,2444,PHYTONADIONE (VITAMIN K1) 10 MG/ML IJ SOLN,J3430,519.20,OUTPATIENT,CASH PRICE,1 mL
050740,2523,GLYCOPYRROLATE 0.2 MG/ML IJ SOLN,J7643,152.00,OUTPATIENT,CASH PRICE,1 mL
050740,2579,ATORVASTATIN 10 MG PO TABS,51079020820,393.00,OUTPATIENT,CASH PRICE,100 Each
050740,2629,INDOMETHACIN 50 MG PR SUPP,42211010243,78363.00,OUTPATIENT,CASH PRICE,30 Each
050740,2721,IOHEXOL 180 MG IODINE/ML IT SOLN,Q9965,234.00,OUTPATIENT,CASH PRICE,20 mL
050740,2767,DANTROLENE  20 MG IV SOLR,J3490,975.00,OUTPATIENT,CASH PRICE,1 Each
050740,2793,AZITHROMYCIN 250 MG PO TABS,59762306003,708.75,OUTPATIENT,CASH PRICE,50 Each
050740,2939,MICONAZOLE NITRATE 2 % TP CREA,00472073556,919.80,OUTPATIENT,CASH PRICE,28 gram
050740,2956,DILTIAZEM HCL 180 MG PO CP24,63739028410,1440.00,OUTPATIENT,CASH PRICE,100 Each
050740,3082,PRAMOXINE-CAMPHOR-ZINC ACETATE TP LOTN,10939014633,1513.35,OUTPATIENT,CASH PRICE,177 mL
050740,3103,CYCLOSPORINE MODIFIED  25 MG PO CAPS,J7515,190.80,OUTPATIENT,CASH PRICE,30 Each
050740,3250,DIATRIZOATE MEG-DIATRIZOAT SOD 66-10 % PO SOLN,Q9963,183.60,OUTPATIENT,CASH PRICE,30 mL
050740,3297,FLUCONAZOLE IN DEXTROSE(ISO-O) 200 MG/100 ML IV PGBK,J1450,152.00,OUTPATIENT,CASH PRICE,100 mL
050740,3304,POTASSIUM ACETATE 2 MEQ/ML IV SOLN,51754200104,152.00,OUTPATIENT,CASH PRICE,20 mL
050740,3321,SODIUM ACETATE 2 MEQ/ML IV SOLN,00409329925,152.00,OUTPATIENT,CASH PRICE,100 mL
050740,3321,SODIUM ACETATE 2 MEQ/ML IV SOLN,00409729925,152.00,OUTPATIENT,CASH PRICE,20 mL
050740,3443,ETHACRYNATE SODIUM 50 MG IV SOLR,25010021027,70112.40,OUTPATIENT,CASH PRICE,1 Each
050740,3470,CEPHALEXIN 250 MG PO CAPS,50268015115,231.00,OUTPATIENT,CASH PRICE,50 Each
050740,3493,HYDROCODONE-ACETAMINOPHEN 5-325 MG PO TABS,00406012362,498.00,OUTPATIENT,CASH PRICE,100 Each
050740,3571,MYCOPHENOLATE MOFETIL 250 MG PO CAPS,J7517,220.50,OUTPATIENT,CASH PRICE,100 Each
050740,3571,MYCOPHENOLATE MOFETIL 250 MG PO CAPS,J7517,1395.00,OUTPATIENT,CASH PRICE,100 Each
050740,3596,DEFEROXAMINE 500 MG IJ SOLR,J0895,152.00,OUTPATIENT,CASH PRICE,1 Each
050740,3600,FLUCONAZOLE IN NACL (ISO-OSM) 400 MG/200 ML IV PGBK,J1450,152.00,OUTPATIENT,CASH PRICE,200 mL
050740,3697,NALOXONE 0.4 MG/ML IJ SOLN,J2310,217.95,OUTPATIENT,CASH PRICE,1 mL
050740,3708,BACITRACIN 50000 UNITS IM SOLR,00009023402,152.00,OUTPATIENT,CASH PRICE,1 Each
050740,3783,ACYCLOVIR SODIUM 50 MG/ML IV SOLN,J0133,152.00,OUTPATIENT,CASH PRICE,20 mL
050740,3783,ACYCLOVIR SODIUM 50 MG/ML IV SOLN,J0133,152.00,OUTPATIENT,CASH PRICE,20 mL
050740,3783,ACYCLOVIR SODIUM 50 MG/ML IV SOLN,J0133,152.00,OUTPATIENT,CASH PRICE,10 mL
050740,3798,PROMETHAZINE 25 MG PR SUPP,J8498,633.78,OUTPATIENT,CASH PRICE,12 Each
050740,3821,MAGNESIUM SULFATE 4 MEQ/ML (50 %) IJ SOLN,J3475,152.00,OUTPATIENT,CASH PRICE,10 mL
050740,3821,MAGNESIUM SULFATE 4 MEQ/ML (50 %) IJ SOLN,J3475,152.00,OUTPATIENT,CASH PRICE,2 mL
050740,3901,METHADONE 10 MG PO TABS,00406577162,354.00,OUTPATIENT,CASH PRICE,100 Each
050740,3926,LORAZEPAM 2 MG/ML IJ SOLN,J2060,152.00,OUTPATIENT,CASH PRICE,1 mL
050740,4085,CEFEPIME   2 GRAM IJ SOLR,J0692,152.00,OUTPATIENT,CASH PRICE,1 Each
050740,4092,IODIXANOL 320 MG IODINE/ML IV SOLN,Q9967,711.00,OUTPATIENT,CASH PRICE,150 mL
050740,4100,ATOVAQUONE-PROGUANIL 250-100 MG PO TABS,68462040467,1431.36,OUTPATIENT,CASH PRICE,24 Each
050740,4121,SULFANILAMIDE 15 % VA CREA,00037663104,3160.80,OUTPATIENT,CASH PRICE,120 gram
050740,4225,DEMECLOCYCLINE 150 MG PO TABS,62584015901,5959.50,OUTPATIENT,CASH PRICE,100 Each
050740,4270,IOTHALAMATE MEGLUMINE 17.2 % UR SOLN,Q9958,367.50,OUTPATIENT,CASH PRICE,250 mL
050740,4315,CEFTRIAXONE 250 MG IJ SOLR,J0696,152.00,OUTPATIENT,CASH PRICE,1 Each
050740,4351,PROCAINAMIDE 500 MG/ML IJ SOLN,J2690,699.09,OUTPATIENT,CASH PRICE,2 mL
050740,4351,PROCAINAMIDE 500 MG/ML IJ SOLN,J2690,1974.60,OUTPATIENT,CASH PRICE,2 mL
050740,4472,"ESMOLOL IN NACL (ISO-OSM) 2,500 MG/250 ML (10 MG/ML) IV SOLP",10019005561,2767.50,OUTPATIENT,CASH PRICE,250 mL
050740,4482,POTASSIUM CHLORIDE-D5-0.9%NACL 20 MEQ/L IV SOLP,J3480,152.00,OUTPATIENT,CASH PRICE,1000 mL
050740,4544,CIPROFLOXACIN IN 5 % DEXTROSE 400 MG/200 ML IV PGBK,J0744,152.00,OUTPATIENT,CASH PRICE,200 mL
050740,4599,CEFOXITIN   1 GRAM IV SOLR,J0694,152.00,OUTPATIENT,CASH PRICE,1 Each
050740,4648,ETHACRYNIC ACID 25 MG PO TABS,25010021515,34170.00,OUTPATIENT,CASH PRICE,100 Each
050740,4737,OCTREOTIDE ACETATE   50 MCG/ML IJ SOLN,J2354,152.00,OUTPATIENT,CASH PRICE,1 mL
050740,4737,OCTREOTIDE ACETATE   50 MCG/ML IJ SOLN,J2354,152.00,OUTPATIENT,CASH PRICE,1 mL
050740,4758,SULFAMETHOXAZOLE-TRIMETHOPRIM 400-80 MG/5 ML IV SOLN,J3490,152.00,OUTPATIENT,CASH PRICE,10 mL
050740,4765,QUETIAPINE 200 MG PO TABS,00904628061,1320.00,OUTPATIENT,CASH PRICE,100 Each
050740,4796,SODIUM CHLORIDE 1 GRAM PO TABS,00223176001,152.00,OUTPATIENT,CASH PRICE,100 Each
050740,4886,EDROPHONIUM CHLORIDE 10 MG/ML IJ SOLN,67457019015,152.00,OUTPATIENT,CASH PRICE,15 mL
050740,4901,NIMODIPINE 30 MG PO CAPS,23155010830,715.50,OUTPATIENT,CASH PRICE,30 Each
050740,4939,CLONAZEPAM 1 MG PO TABS,63739026410,152.00,OUTPATIENT,CASH PRICE,100 Each
050740,4970,AMINO ACID 4.25%-DEXTROSE 10 % 4.25 % IV SOLP,00338113403,152.00,OUTPATIENT,CASH PRICE,1000 mL
050740,5312,PANTOPRAZOLE 40 MG IV SOLR,C9113,152.00,OUTPATIENT,CASH PRICE,1 Each
050740,5318,PERMETHRIN 5 % TP CREA,45802026937,1377.00,OUTPATIENT,CASH PRICE,60 gram
050740,5332,ACETAZOLAMIDE 250 MG PO TABS,00527105001,3225.00,OUTPATIENT,CASH PRICE,100 Each
050740,5368,CLINDAMYCIN HCL 150 MG PO CAPS,63739005910,307.50,OUTPATIENT,CASH PRICE,100 Each
050740,5573,PROMETHAZINE-CODEINE 6.25-10 MG/5 ML PO SYRP,00603158558,152.00,OUTPATIENT,CASH PRICE,473 mL
050740,5573,PROMETHAZINE-CODEINE 6.25-10 MG/5 ML PO SYRP,99999900466,152.00,OUTPATIENT,CASH PRICE,5 mL
050740,5578,BACITRACIN 500 UNIT/GRAM TP OINT,00713028031,152.00,OUTPATIENT,CASH PRICE,28.4 gram
050740,5614,METRONIDAZOLE IN NACL (ISO-OS) 500 MG/100 ML IV PGBK,00409781110,152.00,OUTPATIENT,CASH PRICE,100 mL
050740,5628,DIPHENOXYLATE-ATROPINE 2.5-0.025 MG PO TABS,59762106101,573.00,OUTPATIENT,CASH PRICE,100 Each
050740,5668,PARICALCITOL 5 MCG/ML IV SOLN,J2501,152.00,OUTPATIENT,CASH PRICE,1 mL
050740,5755,TOBRAMYCIN-DEXAMETHASONE 0.3-0.1 % OP OINT,00065064835,3175.52,OUTPATIENT,CASH PRICE,3.5 gram
050740,5798,CLOTRIMAZOLE 1 % VA CREA,51672200306,152.00,OUTPATIENT,CASH PRICE,45 gram
050740,5888,TOPIRAMATE  25 MG PO TABS,68084034201,342.00,OUTPATIENT,CASH PRICE,100 Each
050740,5934,COSYNTROPIN 0.25 MG IJ SOLR,J0834,560.55,OUTPATIENT,CASH PRICE,1 Each
050740,5952,ROCURONIUM 10 MG/ML IV SOLN,00409955805,152.00,OUTPATIENT,CASH PRICE,5 mL
050740,6010,VANCOMYCIN   5 GRAM IV SOLR,J3370,250.20,OUTPATIENT,CASH PRICE,1 Each
050740,6042,NAFCILLIN   2 GRAM IJ SOLR,63323032820,152.00,OUTPATIENT,CASH PRICE,1 Each
050740,6042,NAFCILLIN   2 GRAM IJ SOLR,55150012316,152.00,OUTPATIENT,CASH PRICE,1 Each
050740,6066,ERYTHROMYCIN 250 MG PO TBEC,24338012213,7477.50,OUTPATIENT,CASH PRICE,100 Each
050740,6120,METRONIDAZOLE 500 MG PO TABS,68084096601,930.00,OUTPATIENT,CASH PRICE,100 Each
050740,6128,LIDOCAINE HCL  2 % MM JELL,17478071110,152.00,OUTPATIENT,CASH PRICE,5 mL
050740,6143,TROPICAMIDE 1 % OP DROP,24208058559,152.00,OUTPATIENT,CASH PRICE,2 mL
050740,6162,AZATHIOPRINE  50 MG PO TABS,J7500,360.00,OUTPATIENT,CASH PRICE,50 Each
050740,6198,HETASTARCH 6 % IN 0.9 % NACL 6 % IV SOLN,00264196510,255.00,OUTPATIENT,CASH PRICE,500 mL
050740,6230,SUCCINYLCHOLINE CHLORIDE  20 MG/ML IJ SOLN,J0330,268.05,OUTPATIENT,CASH PRICE,10 mL
050740,6262,ACETAMINOPHEN-CODEINE 300-30 MG PO TABS,00406048462,183.00,OUTPATIENT,CASH PRICE,100 Each
050740,6279,CLOPIDOGREL  75 MG PO TABS,00904629461,246.00,OUTPATIENT,CASH PRICE,100 Each
050740,6285,"GELATIN SPONGE,ABSORB-PORCINE 100 TP SPGE",00009034201,1598.40,OUTPATIENT,CASH PRICE,6 Each
050740,6329,CIPROFLOXACIN HCL 250 MG PO TABS,68084006901,403.50,OUTPATIENT,CASH PRICE,100 Each
050740,6389,DEXTROMETHORPHAN-GUAIFENESIN 10-100 MG/5 ML PO SYRP,00121063810,152.00,OUTPATIENT,CASH PRICE,10 mL
050740,6446,LEVOFLOXACIN 250 MG PO TABS,68084048101,570.00,OUTPATIENT,CASH PRICE,100 Each
050740,6512,BACITRACIN ZINC 500 UNIT/GRAM TP OINT,10939056433,152.00,OUTPATIENT,CASH PRICE,28.4 gram
050740,6571,"ALBUMIN, HUMAN 5 % 5 % IV SOLP",P9041,562.50,OUTPATIENT,CASH PRICE,250 mL
050740,6604,ACYCLOVIR 400 MG PO TABS,J8499,537.00,OUTPATIENT,CASH PRICE,100 Each
050740,6661,DIVALPROEX 500 MG PO TBEC,00832712401,405.00,OUTPATIENT,CASH PRICE,100 Each
050740,6695,NICARDIPINE 25 MG/10 ML IV SOLN,00143968910,223.50,OUTPATIENT,CASH PRICE,10 mL
050740,6713,ENALAPRILAT 1.25 MG/ML IV SOLN,00143978710,152.00,OUTPATIENT,CASH PRICE,1 mL
050740,6714,VALACYCLOVIR 500 MG PO TABS,16714069803,457.65,OUTPATIENT,CASH PRICE,90 Each
050740,6747,CIPROFLOXACIN HCL 500 MG PO TABS,63739055910,195.00,OUTPATIENT,CASH PRICE,100 Each
050740,6785,SULFAMETHOXAZOLE-TRIMETHOPRIM 800-160 MG PO TABS,63739022810,360.00,OUTPATIENT,CASH PRICE,100 Each
050740,6799,HYDROCODONE-ACETAMINOPHEN 10-325 MG PO TABS,00904642161,585.00,OUTPATIENT,CASH PRICE,100 Each
050740,6824,PROCAINAMIDE 100 MG/ML IJ SOLN,J2690,838.95,OUTPATIENT,CASH PRICE,10 mL
050740,6848,IOHEXOL 300 MG IODINE/ML IV SOLN,Q9967,152.00,OUTPATIENT,CASH PRICE,30 mL
050740,6848,IOHEXOL 300 MG IODINE/ML IV SOLN,Q9967,152.00,OUTPATIENT,CASH PRICE,100 mL
050740,6969,VANCOMYCIN 1000 MG IV SOLR,J3370,152.00,OUTPATIENT,CASH PRICE,1 Each
050740,6969,VANCOMYCIN 1000 MG IV SOLR,J3370,152.00,OUTPATIENT,CASH PRICE,1 Each
050740,6990,DIGOXIN 250 MCG/ML (0.25 MG/ML) IJ SOLN,J1160,152.00,OUTPATIENT,CASH PRICE,2 mL
050740,7002,METHOCARBAMOL 100 MG/ML IJ SOLN,J2800,152.00,OUTPATIENT,CASH PRICE,10 mL
050740,7029,AMANTADINE HCL 100 MG PO CAPS,62332024631,975.00,OUTPATIENT,CASH PRICE,100 Each
050740,7048,MORPHINE (PF)  1 MG/ML IJ SOLN,J2274,403.50,OUTPATIENT,CASH PRICE,10 mL
050740,7122,TRIAMCINOLONE ACETONIDE 0.1 % TP CREA,00603786278,152.00,OUTPATIENT,CASH PRICE,30 gram
050740,7236,KETOROLAC 30 MG/ML (1 ML) IJ SOLN,J1885,152.00,OUTPATIENT,CASH PRICE,1 mL
050740,7266,HYDRALAZINE 20 MG/ML IJ SOLN,J0360,152.00,OUTPATIENT,CASH PRICE,1 mL
050740,7276,BUTALBITAL-ACETAMINOPHEN-CAFF 50-325-40 MG PO TABS,00603254421,837.00,OUTPATIENT,CASH PRICE,100 Each
050740,7427,LIDOCAINE-PRILOCAINE 2.5-2.5 % TP CREA,00115146860,152.00,OUTPATIENT,CASH PRICE,5 gram
050740,7452,HYDROMORPHONE (PF)  1 MG/ML IJ SOLN,J1170,152.00,OUTPATIENT,CASH PRICE,1 mL
050740,7594,LAMOTRIGINE  25 MG PO TABS,51079049820,152.00,OUTPATIENT,CASH PRICE,100 Each
050740,7633,ROPIVACAINE (PF) 2 MG/ML (0.2 %) IJ SOLN,J2795,529.50,OUTPATIENT,CASH PRICE,100 mL
050740,7713,ERYTHROMYCIN LACTOBIONATE  500 MG IV SOLR,J1364,1084.26,OUTPATIENT,CASH PRICE,1 Each
050740,7734,HYDROCORTISONE ACETATE 25 MG PR SUPP,00713050312,1929.24,OUTPATIENT,CASH PRICE,12 Each
050740,7743,POTASSIUM CHLORIDE 20 MEQ/15 ML PO LIQD,66689004750,181.80,OUTPATIENT,CASH PRICE,15 mL
050740,7786,ROPIVACAINE (PF) 10 MG/ML (1 %) IJ SOLN,J2795,152.00,OUTPATIENT,CASH PRICE,20 mL
050740,7806,KETOROLAC 10 MG PO TABS,00378113401,2533.50,OUTPATIENT,CASH PRICE,100 Each
050740,7854,SODIUM BICARBONATE 8.4 % IV SOLN,00409662502,152.00,OUTPATIENT,CASH PRICE,50 mL
050740,7941,CEFOTAXIME  1 GRAM IJ SOLR,J0698,152.00,OUTPATIENT,CASH PRICE,1 Each
050740,7965,PREDNISONE 10 MG PO DSPK,00603533815,296.10,OUTPATIENT,CASH PRICE,21 Each
050740,8028,CYCLOPENTOLATE 1 % OP DROP,24208073501,152.00,OUTPATIENT,CASH PRICE,2 mL
050740,8070,PRAMIPEXOLE 0.5 MG PO TABS,68382019816,152.00,OUTPATIENT,CASH PRICE,90 Each
050740,8117,AMINOCAPROIC ACID 250 MG/ML IV SOLN,J3490,152.00,OUTPATIENT,CASH PRICE,20 mL
050740,8121,METHYLPREDNISOLONE ACETATE 80 MG/ML IJ SUSP,J1040,200.07,OUTPATIENT,CASH PRICE,1 mL
050740,8181,FLUCONAZOLE IN NACL (ISO-OSM) 200 MG/100 ML IV PGBK,J1450,152.00,OUTPATIENT,CASH PRICE,100 mL
050740,8250,NITROGLYCERIN IN D5W 50 MG/250 ML (0.2 MG/ML) IV SOLN,00338104902,152.00,OUTPATIENT,CASH PRICE,250 mL
050740,8360,FOLIC ACID  5 MG/ML IJ SOLN,J3490,321.00,OUTPATIENT,CASH PRICE,10 mL
050740,8387,METHYLERGONOVINE 0.2 MG/ML (1 ML) IJ SOLN,J2210,315.00,OUTPATIENT,CASH PRICE,1 mL
050740,8449,"BETAMETHASONE ACET,SOD PHOS 6 MG/ML IJ SUSP",J0702,486.90,OUTPATIENT,CASH PRICE,5 mL
050740,8500,OXYCODONE-ACETAMINOPHEN 5-325 MG PO TABS,00406051262,310.50,OUTPATIENT,CASH PRICE,100 Each
050740,8529,HYDROCORTISONE  2.5 % TP CRPE,10631040701,978.93,OUTPATIENT,CASH PRICE,28.35 gram
050740,8575,"LIDOCAINE-EPINEPHRINE 1 %-1:100,000 IJ SOLN",63323048227,152.00,OUTPATIENT,CASH PRICE,20 mL
050740,8622,"ALBUMIN, HUMAN 25 % 25 % IV SOLP",P9047,453.00,OUTPATIENT,CASH PRICE,50 mL
050740,8622,"ALBUMIN, HUMAN 25 % 25 % IV SOLP",P9047,906.00,OUTPATIENT,CASH PRICE,100 mL
050740,8639,TERBINAFINE HCL 250 MG PO TABS,16714050101,152.00,OUTPATIENT,CASH PRICE,30 Each
050740,8669,RIFAMPIN 300 MG PO CAPS,63739041510,1395.00,OUTPATIENT,CASH PRICE,100 Each
050740,8725,ENTACAPONE 200 MG PO TABS,51079027303,2352.15,OUTPATIENT,CASH PRICE,30 Each
050740,8740,CEFTRIAXONE   1 GRAM IJ SOLR,J0696,152.00,OUTPATIENT,CASH PRICE,1 Each
050740,8740,CEFTRIAXONE   1 GRAM IJ SOLR,J0696,152.00,OUTPATIENT,CASH PRICE,1 Each
050740,8791,THIAMINE HCL (VITAMIN B1) 100 MG/ML IJ SOLN,J3411,152.00,OUTPATIENT,CASH PRICE,2 mL
050740,8857,SUMATRIPTAN SUCCINATE 6 MG/0.5 ML SC SOLN,J3030,152.00,OUTPATIENT,CASH PRICE,.5 mL
050740,8925,HYDROMORPHONE  2 MG PO TABS,42858030125,231.00,OUTPATIENT,CASH PRICE,100 Each
050740,8929,ALPRAZOLAM 0.25 MG PO TABS,63739064410,152.00,OUTPATIENT,CASH PRICE,100 Each
050740,8991,ALTEPLASE 100 MG IV SOLR,J2997,123065.25,OUTPATIENT,CASH PRICE,1 Each
050740,8993,POTASSIUM CHLORIDE IN WATER 10 MEQ/100 ML IV PGBK,J3480,152.00,OUTPATIENT,CASH PRICE,100 mL
050740,9067,ESMOLOL 100 MG/10 ML (10 MG/ML) IV SOLN,63323065210,152.00,OUTPATIENT,CASH PRICE,10 mL
050740,9137,PREDNISOLONE ACETATE 1 % OP DRPS,61314063705,618.75,OUTPATIENT,CASH PRICE,5 mL
050740,9146,DIPHENHYDRAMINE HCL 50 MG/ML IJ SOLN,J1200,152.00,OUTPATIENT,CASH PRICE,1 mL
050740,9301,CALCIUM CHLORIDE 100 MG/ML (10 %) IV SOLN,00517271025,152.00,OUTPATIENT,CASH PRICE,10 mL
050740,9325,TEMAZEPAM 15 MG PO CAPS,63739023110,152.00,OUTPATIENT,CASH PRICE,100 Each
050740,9359,CEFAZOLIN IN DEXTROSE (ISO-OS) 1 GRAM/50 ML IV PGBK,J0690,158.55,OUTPATIENT,CASH PRICE,1 Each
050740,9360,ETOMIDATE 2 MG/ML IV SOLN,00409669510,152.00,OUTPATIENT,CASH PRICE,10 mL
050740,9392,POTASSIUM CHLORIDE  8 MEQ PO TBSR,66758011013,495.00,OUTPATIENT,CASH PRICE,100 Each
050740,9516,CALCIUM GLUCONATE 100 MG/ML (10%) IV SOLN,J0610,152.00,OUTPATIENT,CASH PRICE,10 mL
050740,9554,HYDROMORPHONE  2 MG/ML IJ SOLN,J1170,152.00,OUTPATIENT,CASH PRICE,1 mL
050740,9555,CHLORDIAZEPOXIDE HCL  25 MG PO CAPS,51079014120,738.00,OUTPATIENT,CASH PRICE,100 Each
050740,9555,CHLORDIAZEPOXIDE HCL  25 MG PO CAPS,00555015902,152.00,OUTPATIENT,CASH PRICE,100 Each
050740,9583,METHOTREXATE SODIUM  2.5 MG PO TABS,J8610,705.30,OUTPATIENT,CASH PRICE,20 Each
050740,9620,LIDOCAINE HCL 4 % (40 MG/ML) MM SOLN,00054350547,405.00,OUTPATIENT,CASH PRICE,50 mL
050740,9707,POTASSIUM CHLORIDE IN WATER 20 MEQ/100 ML IV PGBK,J3480,152.00,OUTPATIENT,CASH PRICE,100 mL
050740,9728,GENTAMICIN 0.3 % OP DROP,60758018805,152.00,OUTPATIENT,CASH PRICE,5 mL
050740,9794,TAMSULOSIN 0.4 MG PO CAPS,63739056710,387.00,OUTPATIENT,CASH PRICE,100 Each
050740,9811,LINEZOLID 600 MG PO TABS,00904655304,1662.75,OUTPATIENT,CASH PRICE,30 Each
050740,9811,LINEZOLID 600 MG PO TABS,00009513503,1485.45,OUTPATIENT,CASH PRICE,30 Each
050740,9977,DOXYCYCLINE HYCLATE 100 MG IV SOLR,J3490,282.00,OUTPATIENT,CASH PRICE,1 Each
050740,9978,AMPICILLIN-SULBACTAM  3 GRAM IJ SOLR,J0295,152.00,OUTPATIENT,CASH PRICE,1 Each
050740,9978,AMPICILLIN-SULBACTAM  3 GRAM IJ SOLR,J0295,152.00,OUTPATIENT,CASH PRICE,1 Each
050740,10046,AMOXICILLIN 250 MG/5 ML PO SUSR,00093415579,152.00,OUTPATIENT,CASH PRICE,80 mL
050740,10155,CIPROFLOXACIN HCL 0.3 % OP DROP,16571012025,152.00,OUTPATIENT,CASH PRICE,2.5 mL
050740,10156,CALCITONIN (SALMON) 200 UNIT/ACTUATION NA SPRY,00245000835,442.22,OUTPATIENT,CASH PRICE,3.7 mL
050740,10278,MICONAZOLE NITRATE 2 % TP OINT,11701006723,152.00,OUTPATIENT,CASH PRICE,57 gram
050740,10292,PIPERACILLIN-TAZOBACTAM  3.375 GRAM IV SOLR,J2543,152.00,OUTPATIENT,CASH PRICE,1 Each
050740,10304,SODIUM BICARBONATE 650 MG PO TABS,64980018210,152.00,OUTPATIENT,CASH PRICE,1000 Each
050740,10355,PHENYTOIN SODIUM 50 MG/ML IV SOLN,J1165,152.00,OUTPATIENT,CASH PRICE,2 mL
050740,10355,PHENYTOIN SODIUM 50 MG/ML IV SOLN,J1165,152.00,OUTPATIENT,CASH PRICE,5 mL
050740,10372,SULFACETAMIDE SODIUM 10 % OP DROP,61314070101,525.83,OUTPATIENT,CASH PRICE,15 mL
050740,10417,CLINDAMYCIN IN 5 % DEXTROSE 900 MG/50 ML IV PGBK,J3490,152.00,OUTPATIENT,CASH PRICE,50 mL
050740,10420,ETHAMBUTOL 400 MG PO TABS,68850001202,1090.50,OUTPATIENT,CASH PRICE,100 Each
050740,10585,HYDROCORTISONE  1 % TP CREA,45802043803,152.00,OUTPATIENT,CASH PRICE,28 gram
050740,10606,BELLADONNA ALKALOIDS-OPIUM 16.2-30 MG PR SUPP,00574704512,3686.40,OUTPATIENT,CASH PRICE,12 Each
050740,10685,TRIAMCINOLONE ACETONIDE 40 MG/ML IJ SUSP,J3301,152.00,OUTPATIENT,CASH PRICE,1 mL
050740,10699,INSULIN ASPART U-100 100 UNITS/ML SC SOLN,J1815,606.00,OUTPATIENT,CASH PRICE,10 mL
050740,10699,INSULIN ASPART U-100 100 UNITS/ML SC SOLN,J1815,606.45,OUTPATIENT,CASH PRICE,10 mL
050740,10714,PHENYLEPHRINE HCL  1 % NA SPRY,69536010015,152.00,OUTPATIENT,CASH PRICE,15 mL
050740,10814,CEPHALEXIN 500 MG PO CAPS,65862001901,255.00,OUTPATIENT,CASH PRICE,100 Each
050740,10825,PIPERACILLIN-TAZOBACTAM  4.5 GRAM IV SOLR,J2543,152.00,OUTPATIENT,CASH PRICE,1 Each
050740,10851,COCAINE  4 % TP SOLN,C9046,3390.00,OUTPATIENT,CASH PRICE,4 mL
050740,10876,PANTOPRAZOLE 40 MG PO TBEC,63739056410,345.00,OUTPATIENT,CASH PRICE,100 Each
050740,10877,METHYLPREDNISOLONE SODIUM SUCC 1000 MG IV SOLR,J2930,585.75,OUTPATIENT,CASH PRICE,1 Each
050740,10885,ERYTHROMYCIN 5 MG/GRAM (0.5 %) OP OINT,17478007035,206.85,OUTPATIENT,CASH PRICE,3.5 gram
050740,10891,VENLAFAXINE  37.5 MG PO TABS,68084084401,774.00,OUTPATIENT,CASH PRICE,100 Each
050740,10901,OXYTOCIN 10 UNITS/ML IJ SOLN,J2590,152.00,OUTPATIENT,CASH PRICE,1 mL
050740,10923,ACETAZOLAMIDE SODIUM 500 MG IJ SOLR,J1120,216.75,OUTPATIENT,CASH PRICE,1 Each
050740,10938,METHYLPREDNISOLONE ACETATE 40 MG/ML IJ SUSP,J1030,152.00,OUTPATIENT,CASH PRICE,1 mL
050740,10947,CYANOCOBALAMIN (VITAMIN B-12) 1000 MCG/ML IJ SOLN,J3420,152.00,OUTPATIENT,CASH PRICE,1 mL
050740,11009,OSELTAMIVIR 75 MG PO CAPS,00004080085,2122.50,OUTPATIENT,CASH PRICE,10 Each
050740,11016,PYRIDOXINE (VITAMIN B6) 100 MG/ML IJ SOLN,J3415,152.00,OUTPATIENT,CASH PRICE,1 mL
050740,11238,FLUTICASONE PROPIONATE 100 MCG/ACTUATION IN DSDV,J3535,1331.40,OUTPATIENT,CASH PRICE,28 Each
050740,11304,"NEOMYCIN-POLYMYXIN B-DEXAMETH 3.5MG/ML-10,000 UNIT/ML-0.1 % OP DR",S,206.40,OUTPATIENT,CASH PRICE,5 mL
050740,11331,AZTREONAM 2 GRAM IJ SOLR,63323040230,756.15,OUTPATIENT,CASH PRICE,1 Each
050740,11346,TOBRAMYCIN 0.3 % OP DROP,24208029005,216.75,OUTPATIENT,CASH PRICE,5 mL
050740,11354,CISATRACURIUM 2 MG/ML IV SOLN,00781903795,152.00,OUTPATIENT,CASH PRICE,5 mL
050740,11374,DEXTROSE 25 % IN WATER (D25W) IV SYRG,00409177510,152.00,OUTPATIENT,CASH PRICE,10 mL
050740,11390,NYSTATIN 100000 UNIT/GRAM TP CREA,00168005430,292.50,OUTPATIENT,CASH PRICE,30 gram
050740,11489,CLOTRIMAZOLE-BETAMETHASONE 1-0.05 % TP CREA,51672404801,152.00,OUTPATIENT,CASH PRICE,15 gram
050740,11536,ADENOSINE 3 MG/ML IV SOLN,J0153,152.00,OUTPATIENT,CASH PRICE,2 mL
050740,11677,ATROPINE 0.1 MG/ML IJ SYRG,J0461,152.00,OUTPATIENT,CASH PRICE,10 mL
050740,11691,MEROPENEM 1 GRAM IV SOLR,J2185,152.00,OUTPATIENT,CASH PRICE,1 Each
050740,11704,INSULIN REGULAR HUMAN 100 UNITS/ML IJ SOLN,J1815,197.40,OUTPATIENT,CASH PRICE,10 mL
050740,11704,INSULIN REGULAR HUMAN 100 UNITS/ML IJ SOLN,J1815,196.50,OUTPATIENT,CASH PRICE,10 mL
050740,11807,CEFAZOLIN 500 MG IJ SOLR,J0690,152.00,OUTPATIENT,CASH PRICE,1 Each
050740,11807,CEFAZOLIN 500 MG IJ SOLR,J0690,152.00,OUTPATIENT,CASH PRICE,1 Each
050740,11842,LIDOCAINE 5 % TP PTMD,00603188016,1630.80,OUTPATIENT,CASH PRICE,30 Each
050740,12044,CANDESARTAN 16 MG PO TABS,49884066009,2311.20,OUTPATIENT,CASH PRICE,90 Each
050740,12053,AMPICILLIN SODIUM 500 MG IJ SOLR,J0290,152.00,OUTPATIENT,CASH PRICE,1 Each
050740,12100,IRON SUCROSE 100 MG IRON/5 ML IV SOLN,J1756,461.25,OUTPATIENT,CASH PRICE,5 mL
050740,12118,METHYLENE BLUE (ANTIDOTE) 1 % (10 MG/ML) IV SOLN,Q9968,288.00,OUTPATIENT,CASH PRICE,1 mL
050740,12239,BRIMONIDINE 0.2 % OP DROP,61314014305,152.00,OUTPATIENT,CASH PRICE,5 mL
050740,12255,DIGOXIN IMMUNE FAB 40 MG IV SOLR,J1162,53434.80,OUTPATIENT,CASH PRICE,1 Each
050740,12273,DIVALPROEX 125 MG PO TBEC,00832712211,152.00,OUTPATIENT,CASH PRICE,100 Each
050740,12301,EPINEPHRINE 0.1 MG/ML IJ SYRG,J0171,152.00,OUTPATIENT,CASH PRICE,10 mL
050740,12325,VALPROATE SODIUM 500 MG/5 ML (100 MG/ML) IV SOLN,63323049405,152.00,OUTPATIENT,CASH PRICE,5 mL
050740,12368,CALCIUM POLYCARBOPHIL 625 MG PO TABS,00536430608,152.00,OUTPATIENT,CASH PRICE,60 Each
050740,12477,HYDROCORTISONE 20 MG PO TABS,59762007501,682.50,OUTPATIENT,CASH PRICE,100 Each
050740,12578,CHLORPROMAZINE  25 MG/ML IJ SOLN,J3230,381.39,OUTPATIENT,CASH PRICE,2 mL
050740,12678,POTASSIUM CHLORIDE IN 0.9%NACL 20 MEQ/L IV SOLP,J3480,152.00,OUTPATIENT,CASH PRICE,1000 mL
050740,12729,"NYSTATIN-TRIAMCINOLONE 100,000-0.1 UNIT/G-% TP CREA",00168008115,939.60,OUTPATIENT,CASH PRICE,15 gram
050740,12772,AZITHROMYCIN 500 MG IV SOLR,J0456,152.00,OUTPATIENT,CASH PRICE,1 Each
050740,12831,AMPICILLIN-SULBACTAM  1.5 GRAM IJ SOLR,J0295,152.00,OUTPATIENT,CASH PRICE,1 Each
050740,12876,FENTANYL CITRATE (PF) 50 MCG/ML IJ SOLN,J3010,152.00,OUTPATIENT,CASH PRICE,2 mL
050740,13011,BUTALBITAL-ASPIRIN-CAFFEINE 50-325-40 MG PO CAPS,00527155201,1531.50,OUTPATIENT,CASH PRICE,100 Each
050740,13136,AMPICILLIN SODIUM  2 GRAM IJ SOLR,J0290,152.00,OUTPATIENT,CASH PRICE,1 Each
050740,13147,IOHEXOL 350 MG IODINE/ML IV SOLN,Q9967,152.00,OUTPATIENT,CASH PRICE,100 mL
050740,13181,MUPIROCIN CALCIUM 2 % TP CREA,68462056417,2128.50,OUTPATIENT,CASH PRICE,15 gram
050740,13212,SULFAMETHOXAZOLE-TRIMETHOPRIM 200-40 MG/5 ML PO SUSP,99999001501,152.00,OUTPATIENT,CASH PRICE,5 mL
050740,13212,SULFAMETHOXAZOLE-TRIMETHOPRIM 200-40 MG/5 ML PO SUSP,65862049647,152.00,OUTPATIENT,CASH PRICE,473 mL
050740,13240,AMPHOTERICIN B 50 MG IJ SOLR,J0285,530.55,OUTPATIENT,CASH PRICE,1 Each
050740,13324,OXYBUTYNIN CHLORIDE  5 MG PO TR24,51079072220,1035.00,OUTPATIENT,CASH PRICE,100 Each
050740,13351,MERCAPTOPURINE 50 MG PO TABS,00054458111,551.25,OUTPATIENT,CASH PRICE,25 Each
050740,13466,LIDOCAINE HCL  2 % MM SOLN,50383077517,152.00,OUTPATIENT,CASH PRICE,15 mL
050740,13582,BUDESONIDE 0.5 MG IN NBSP,J7626,152.00,OUTPATIENT,CASH PRICE,2 mL
050740,13700,VANCOMYCIN  500 MG IV SOLR,J3370,152.00,OUTPATIENT,CASH PRICE,1 Each
050740,13700,VANCOMYCIN  500 MG IV SOLR,J3370,152.00,OUTPATIENT,CASH PRICE,500 mg
050740,13709,TOBRAMYCIN SULFATE 40 MG/ML IJ SOLN,J3260,152.00,OUTPATIENT,CASH PRICE,80 mg
050740,13741,RALOXIFENE 60 MG PO TABS,00093729056,708.30,OUTPATIENT,CASH PRICE,30 Each
050740,13807,CHLORDIAZEPOXIDE HCL  10 MG PO CAPS,51079037520,676.50,OUTPATIENT,CASH PRICE,100 Each
050740,13932,VERAPAMIL 2.5 MG/ML IV SOLN,00409114405,178.20,OUTPATIENT,CASH PRICE,2 mL
050740,14028,DILTIAZEM HCL 120 MG PO CP24,63739028310,450.00,OUTPATIENT,CASH PRICE,100 Each
050740,14162,DORZOLAMIDE-TIMOLOL 22.3-6.8 MG/ML OP DROP,50383023310,209.55,OUTPATIENT,CASH PRICE,10 mL
050740,14172,HYDROCORTISONE  2.5 % TP CREA,00472033730,152.00,OUTPATIENT,CASH PRICE,30 gram
050740,14183,AMOXICILLIN 250 MG PO CAPS,16714029801,152.00,OUTPATIENT,CASH PRICE,100 Each
050740,14243,MONTELUKAST 10 MG PO TABS,00904652961,450.00,OUTPATIENT,CASH PRICE,100 Each
050740,14281,MORPHINE  15 MG PO TBSR,00406831562,729.00,OUTPATIENT,CASH PRICE,100 Each
050740,14315,CODEINE-GUAIFENESIN 10-100 MG/5 ML PO LIQD,50383008707,152.00,OUTPATIENT,CASH PRICE,5 mL
050740,14338,HALOPERIDOL LACTATE 5 MG/ML IJ SOLN,J1630,152.00,OUTPATIENT,CASH PRICE,1 mL
050740,14447,AMPICILLIN SODIUM  1 GRAM IJ SOLR,J0290,152.00,OUTPATIENT,CASH PRICE,1 Each
050740,14447,AMPICILLIN SODIUM  1 GRAM IJ SOLR,J0290,152.00,OUTPATIENT,CASH PRICE,1 Each
050740,14447,AMPICILLIN SODIUM  1 GRAM IJ SOLR,J0290,152.00,OUTPATIENT,CASH PRICE,1 Each
050740,14449,CEFTRIAXONE 500 MG IJ SOLR,J0696,152.00,OUTPATIENT,CASH PRICE,1 Each
050740,14460,KETAMINE  50 MG/ML IJ SOLN,00143950810,152.00,OUTPATIENT,CASH PRICE,10 mL
050740,14460,KETAMINE  50 MG/ML IJ SOLN,00143950801,152.00,OUTPATIENT,CASH PRICE,10 mL
050740,14478,SODIUM BICARBONATE 4 % IV SOLN,00409660925,152.00,OUTPATIENT,CASH PRICE,5 mL
050740,14595,CLONIDINE 0.3 MG/24 HR TD PTWK,00378087399,1214.40,OUTPATIENT,CASH PRICE,4 Each
050740,14713,MUPIROCIN 2 % TP OINT,68462018022,152.00,OUTPATIENT,CASH PRICE,22 gram
050740,14718,SODIUM NITROPRUSSIDE 25 MG/ML IV SOLN,00187430202,1162.50,OUTPATIENT,CASH PRICE,50 mg
050740,14718,SODIUM NITROPRUSSIDE 25 MG/ML IV SOLN,25021031002,272.70,OUTPATIENT,CASH PRICE,2 mL
050740,14785,ZOLPIDEM  5 MG PO TABS,51079072420,152.00,OUTPATIENT,CASH PRICE,100 Each
050740,14785,ZOLPIDEM  5 MG PO TABS,16714062101,152.00,OUTPATIENT,CASH PRICE,100 Each
050740,14823,SODIUM CHLORIDE 10 % IN NEBU,00378699889,152.00,OUTPATIENT,CASH PRICE,15 mL
050740,14835,BUMETANIDE 0.25 MG/ML IJ SOLN,J3490,152.00,OUTPATIENT,CASH PRICE,4 mL
050740,14838,METHYLPREDNISOLONE SODIUM SUCC  500 MG IV SOLR,J2930,322.50,OUTPATIENT,CASH PRICE,500 mg
050740,14862,PHENYLEPHRINE HCL 10 MG/ML IJ SOLN,J2370,217.50,OUTPATIENT,CASH PRICE,5 mL
050740,14862,PHENYLEPHRINE HCL 10 MG/ML IJ SOLN,J2370,152.00,OUTPATIENT,CASH PRICE,1 mL
050740,14888,PERMETHRIN 1 % TP LIQD,63736012002,152.00,OUTPATIENT,CASH PRICE,59 mL
050740,15037,"GELATIN SPONGE,ABSORB-PORCINE 12-7 MM TP SPGE",00009031508,699.84,OUTPATIENT,CASH PRICE,12 Each
050740,15106,CEFUROXIME SODIUM   1.5 GRAM IV SOLR,J0697,152.00,OUTPATIENT,CASH PRICE,1 Each
050740,15143,NYSTATIN 100000 UNIT/GRAM TP POWD,00574200815,152.00,OUTPATIENT,CASH PRICE,15 gram
050740,15156,COLLAGENASE CLOSTRIDIUM HISTO. 250 UNIT/GRAM TP OINT,50484001030,3072.15,OUTPATIENT,CASH PRICE,30 gram
050740,15202,DEXAMETHASONE SODIUM PHOSPHATE  4 MG/ML IJ SOLN,J1100,152.00,OUTPATIENT,CASH PRICE,5 mL
050740,15202,DEXAMETHASONE SODIUM PHOSPHATE  4 MG/ML IJ SOLN,J1100,152.00,OUTPATIENT,CASH PRICE,1 mL
050740,15232,LORAZEPAM 1 MG PO TABS,00591024101,152.00,OUTPATIENT,CASH PRICE,100 Each
050740,15272,AZTREONAM 1 GRAM IJ SOLR,63323040120,152.00,OUTPATIENT,CASH PRICE,1 Each
050740,15412,PHENYLEPHRINE HCL  2.5 % OP DROP,17478020102,431.40,OUTPATIENT,CASH PRICE,2 mL
050740,15455,MANNITOL 20 % 20 % IV SOLP,00409771503,240.00,OUTPATIENT,CASH PRICE,500 mL
050740,15481,CEFTAZIDIME   1 GRAM IJ SOLR,J0713,152.00,OUTPATIENT,CASH PRICE,1 Each
050740,15572,PROPOFOL 10 MG/ML IV EMUL,J2704,152.00,OUTPATIENT,CASH PRICE,20 mL
050740,15572,PROPOFOL 10 MG/ML IV EMUL,J2704,152.00,OUTPATIENT,CASH PRICE,100 mL
050740,15671,LEVOFLOXACIN 500 MG PO TABS,00904635261,295.50,OUTPATIENT,CASH PRICE,100 Each
050740,15702,PENICILLIN G POTASSIUM 20 MILLION UNIT IJ SOLR,J2540,495.00,OUTPATIENT,CASH PRICE,1 Each
050740,15743,POLYMYXIN B SULFATE 500000 UNITS IJ SOLR,39822017107,152.00,OUTPATIENT,CASH PRICE,1 Each
050740,15757,AMIODARONE 50 MG/ML IV SOLN,J0282,152.00,OUTPATIENT,CASH PRICE,3 mL
050740,15777,GENTAMICIN 40 MG/ML IJ SOLN,J1580,152.00,OUTPATIENT,CASH PRICE,2 mL
050740,15813,SCOPOLAMINE BASE 1 MG OVER 3 DAYS TD PT3D,00067434504,962.40,OUTPATIENT,CASH PRICE,4 Each
050740,15813,SCOPOLAMINE BASE 1 MG OVER 3 DAYS TD PT3D,10019055302,5770.80,OUTPATIENT,CASH PRICE,24 Each
050740,15813,SCOPOLAMINE BASE 1 MG OVER 3 DAYS TD PT3D,10019055304,5770.80,OUTPATIENT,CASH PRICE,24 Each
050740,15833,SODIUM PHOSPHATE 3 MMOL/ML IV SOLN,00409739172,203.63,OUTPATIENT,CASH PRICE,15 mL
050740,15860,NEOMYCIN 500 MG PO TABS,39822031005,1117.50,OUTPATIENT,CASH PRICE,100 Each
050740,15892,GENTAMICIN 0.3 % (3 MG/GRAM) OP OINT,17478028435,152.00,OUTPATIENT,CASH PRICE,3.5 gram
050740,15893,ALBUTEROL SULFATE 90 MCG/ACTUATION IN HFAA,J3535,293.16,OUTPATIENT,CASH PRICE,8 gram
050740,15969,TIMOLOL MALEATE 0.5 % OP DROP,17478028810,152.00,OUTPATIENT,CASH PRICE,5 mL
050740,15972,HEPARIN (PORCINE) 10000 UNITS/ML IJ SOLN,J1644,152.00,OUTPATIENT,CASH PRICE,1 mL
050740,15991,LOSARTAN-HYDROCHLOROTHIAZIDE 50-12.5 MG PO TABS,16714022601,152.00,OUTPATIENT,CASH PRICE,30 Each
050740,15994,COLCHICINE 0.6 MG PO TABS,66993016502,6690.00,OUTPATIENT,CASH PRICE,100 Each
050740,16239,KETOCONAZOLE 2 % TP CREA,00168009915,185.18,OUTPATIENT,CASH PRICE,15 gram
050740,16303,LABETALOL 5 MG/ML IV SOLN,00409226754,152.00,OUTPATIENT,CASH PRICE,40 mL
050740,16303,LABETALOL 5 MG/ML IV SOLN,00409226725,152.00,OUTPATIENT,CASH PRICE,20 mL
050740,16424,PIPERACILLIN-TAZOBACTAM  2.25 GRAM IV SOLR,J2543,152.00,OUTPATIENT,CASH PRICE,1 Each
050740,16430,AMPHOTERICIN B LIPOSOME 50 MG IV SUSR,J0289,3449.10,OUTPATIENT,CASH PRICE,1 Each
050740,16461,PROPARACAINE 0.5 % OP DROP,61314001601,403.65,OUTPATIENT,CASH PRICE,15 mL
050740,16461,PROPARACAINE 0.5 % OP DROP,17478026312,490.50,OUTPATIENT,CASH PRICE,15 mL
050740,16510,"LIDOCAINE-EPINEPHRINE 2 %-1:100,000 IJ SOLN",63323048327,152.00,OUTPATIENT,CASH PRICE,20 mL
050740,16573,ONDANSETRON 4 MG PO TBDL,S0119,152.00,OUTPATIENT,CASH PRICE,30 Each
050740,16609,SODIUM CHLORIDE  0.9 % IN NEBU,00378698789,152.00,OUTPATIENT,CASH PRICE,15 mL
050740,16609,SODIUM CHLORIDE  0.9 % IN NEBU,00487930103,152.00,OUTPATIENT,CASH PRICE,3 mL
050740,16653,DEXAMETHASONE SODIUM PHOSPHATE 10 MG/ML IJ SOLN,J1100,152.00,OUTPATIENT,CASH PRICE,1 mL
050740,16653,DEXAMETHASONE SODIUM PHOSPHATE 10 MG/ML IJ SOLN,J1100,152.00,OUTPATIENT,CASH PRICE,1 mL
050740,16710,AMINO ACID 5 % IN 15% DEXTROSE 5 % IV SOLP,00338113703,152.00,OUTPATIENT,CASH PRICE,1000 mL
050740,16824,FLUTICASONE PROPIONATE  50 MCG/ACTUATION NA SPSN,49348018229,152.00,OUTPATIENT,CASH PRICE,15.8 mL
050740,16869,CLOTRIMAZOLE 1 % TP CREA,00904782231,152.00,OUTPATIENT,CASH PRICE,28.35 gram
050740,16919,HEPARIN (PORCINE)  5000 UNITS/ML IJ SOLN,J1644,152.00,OUTPATIENT,CASH PRICE,1 mL
050740,16952,RISPERIDONE   1 MG PO TABS,00904635961,183.00,OUTPATIENT,CASH PRICE,100 Each
050740,16971,INDOCYANINE GREEN 25 MG IJ SOLR,17238042406,1013.55,OUTPATIENT,CASH PRICE,1 Each
050740,16979,ALTEPLASE   2 MG CATH SOLR,J2997,2140.50,OUTPATIENT,CASH PRICE,1 Each
050740,17023,TACROLIMUS 1 MG PO CAPS,J7507,2595.00,OUTPATIENT,CASH PRICE,100 Each
050740,17023,TACROLIMUS 1 MG PO CAPS,J7507,1602.00,OUTPATIENT,CASH PRICE,100 Each
050740,17048,EPHEDRINE SULFATE 50 MG/ML IJ SOLN,17478051500,153.80,OUTPATIENT,CASH PRICE,1 mL
050740,17144,HYDROXYZINE HCL 50 MG/ML IM SOLN,J3410,202.20,OUTPATIENT,CASH PRICE,1 mL
050740,17185,DOXYCYCLINE HYCLATE 100 MG PO TABS,00904043004,1332.90,OUTPATIENT,CASH PRICE,30 Each
050740,17294,LAMOTRIGINE 100 MG PO TABS,63739051610,268.50,OUTPATIENT,CASH PRICE,100 Each
050740,17399,BRIMONIDINE 0.15 % OP DROP,61314014405,1959.60,OUTPATIENT,CASH PRICE,5 mL
050740,17435,NOREPINEPHRINE BITARTRATE 1 MG/ML IV SOLN,00409337525,278.64,OUTPATIENT,CASH PRICE,4 mL
050740,17527,PNEUMOCOCCAL 23-VAL PS VACCINE 25 MCG/0.5 ML IJ SOLN,90732,713.33,OUTPATIENT,CASH PRICE,.5 mL
050740,17582,IPRATROPIUM BROMIDE 0.02 % IN SOLN,J7644,152.00,OUTPATIENT,CASH PRICE,2.5 mL
050740,17881,DIAZEPAM  5 MG PO TABS,63739007310,152.00,OUTPATIENT,CASH PRICE,100 Each
050740,17891,SODIUM CHLORIDE 3 % 3 % IV SOLP,J7131,152.00,OUTPATIENT,CASH PRICE,500 mL
050740,17972,REPAGLINIDE 1 MG PO TABS,00574024101,258.00,OUTPATIENT,CASH PRICE,100 Each
050740,17976,AMOXICILLIN-POT CLAVULANATE 875-125 MG PO TABS,16714047801,173.40,OUTPATIENT,CASH PRICE,20 Each
050740,18021,PHENOBARBITAL  32.4 MG PO TABS,63739020110,834.00,OUTPATIENT,CASH PRICE,100 Each
050740,18063,DORZOLAMIDE 2 % OP DROP,50383023210,489.30,OUTPATIENT,CASH PRICE,10 mL
050740,18087,SODIUM CHLORIDE 4 MEQ/ML IV SOLP,63323018730,152.00,OUTPATIENT,CASH PRICE,30 mL
050740,18108,CEFTRIAXONE   2 GRAM IJ SOLR,J0696,152.00,OUTPATIENT,CASH PRICE,1 Each
050740,18113,AMOXICILLIN-POT CLAVULANATE 500-125 MG PO TABS,16714029601,152.00,OUTPATIENT,CASH PRICE,20 Each
050740,18113,AMOXICILLIN-POT CLAVULANATE 500-125 MG PO TABS,16714049401,152.00,OUTPATIENT,CASH PRICE,20 Each
050740,18156,"BACITRACIN-POLYMYXIN B 500-10,000 UNIT/GRAM OP OINT",24208055555,152.00,OUTPATIENT,CASH PRICE,3.5 gram
050740,18188,METOPROLOL TARTRATE 5 MG/5 ML IV SOLN,36000003310,152.00,OUTPATIENT,CASH PRICE,5 mL
050740,18245,CLINDAMYCIN IN 5 % DEXTROSE 600 MG/50 ML IV PGBK,J3490,152.00,OUTPATIENT,CASH PRICE,50 mL
050740,18297,TOBRAMYCIN-DEXAMETHASONE 0.3-0.1 % OP DRPS,24208029505,1417.50,OUTPATIENT,CASH PRICE,5 mL
050740,18305,OXYCODONE   5 MG PO TABS,63739036510,210.00,OUTPATIENT,CASH PRICE,100 Each
050740,18356,FLUMAZENIL 0.1 MG/ML IV SOLN,J3490,152.00,OUTPATIENT,CASH PRICE,5 mL
050740,18415,"NEOMYCIN-POLYMYXIN B-DEXAMETH 3.5 MG/G-10,000 UNIT/G-0.1 % OP OINT",61314063136,223.13,OUTPATIENT,CASH PRICE,3.5 gram
050740,18429,"NEOMYCIN-POLYMYXIN-HC 3.5-10,000-1 MG/ML-UNIT/ML-% OT DRPS",24208063562,1062.00,OUTPATIENT,CASH PRICE,10 mL
050740,18492,CIPROFLOXACIN IN 5 % DEXTROSE 200 MG/100 ML IV PGBK,J0744,152.00,OUTPATIENT,CASH PRICE,100 mL
050740,18500,ERTAPENEM 1 GRAM IJ SOLR,J1335,1798.80,OUTPATIENT,CASH PRICE,1 Each
050740,19009,SODIUM HYPOCHLORITE 0.5 % MISC SOLN,00436094616,152.00,OUTPATIENT,CASH PRICE,473 mL
050740,19048,PAMIDRONATE 30 MG/10 ML (3 MG/ML) IV SOLN,J2430,377.55,OUTPATIENT,CASH PRICE,10 mL
050740,21308,ENOXAPARIN 30 MG/0.3 ML SC SYRG,J1650,152.00,OUTPATIENT,CASH PRICE,.3 mL
050740,21309,ENOXAPARIN 60 MG/0.6 ML SC SYRG,J1650,152.00,OUTPATIENT,CASH PRICE,.6 mL
050740,21310,ENOXAPARIN  80 MG/0.8 ML SC SYRG,J1650,152.00,OUTPATIENT,CASH PRICE,.8 mL
050740,21311,ENOXAPARIN 100 MG/ML SC SYRG,J1650,152.00,OUTPATIENT,CASH PRICE,1 mL
050740,21312,ENOXAPARIN 40 MG/0.4 ML SC SYRG,J1650,152.00,OUTPATIENT,CASH PRICE,.4 mL
050740,21561,VORICONAZOLE 200 MG PO TABS,00093529056,7798.50,OUTPATIENT,CASH PRICE,30 Each
050740,21562,VORICONAZOLE 200 MG IV SOLR,J3465,418.50,OUTPATIENT,CASH PRICE,1 Each
050740,21562,VORICONAZOLE 200 MG IV SOLR,J3465,419.40,OUTPATIENT,CASH PRICE,1 Each
050740,22090,CALCIUM CHLORIDE 100 MG/ML (10 %) IV SYRG,76329330401,152.00,OUTPATIENT,CASH PRICE,10 mL
050740,22609,PNEUMOCOCCAL 23-VAL PS VACCINE 25 MCG/0.5 ML IJ SYRG,90732,712.50,OUTPATIENT,CASH PRICE,.5 mL
050740,22680,DEXTROSE 50 % IN WATER (D50W) IV SYRG,00409751716,152.00,OUTPATIENT,CASH PRICE,50 mL
050740,22717,LINEZOLID IN DEXTROSE 5% 600 MG/300 ML IV PGBK,J2020,306.00,OUTPATIENT,CASH PRICE,300 mL
050740,22821,DIAZEPAM 5 MG/ML IJ SYRG,J3360,332.76,OUTPATIENT,CASH PRICE,2 mL
050740,22905,SODIUM BICARBONATE 4.2 % (0.5 MEQ/ML) IV SYRG,00409553434,152.00,OUTPATIENT,CASH PRICE,10 mL
050740,22906,SODIUM BICARBONATE 8.4 % (1 MEQ/ML) IV SYRG,76329335201,163.50,OUTPATIENT,CASH PRICE,50 mL
050740,22977,HYDROMORPHONE  1 MG/ML IJ SYRG,J1170,152.00,OUTPATIENT,CASH PRICE,1 mL
050740,22990,PENICILLIN G BENZATHINE 1200000 UNIT/2 ML IM SYRG,J0561,2400.00,OUTPATIENT,CASH PRICE,2 mL
050740,23026,NALOXONE 1 MG/ML IJ SYRG,J2310,415.50,OUTPATIENT,CASH PRICE,2 mL
050740,23664,EZETIMIBE 10 MG PO TABS,66582041431,4819.50,OUTPATIENT,CASH PRICE,30 Each
050740,23797,ARIPIPRAZOLE  10 MG PO TABS,60505267403,623.70,OUTPATIENT,CASH PRICE,30 Each
050740,24590,INSULIN ASP PRT-INSULIN ASPART 100 UNIT/ML (70-30) SC SOLN,00169368512,606.45,OUTPATIENT,CASH PRICE,10 mL
050740,25307,LEVOFLOXACIN IN D5W 500 MG/100 ML IV PGBK,J1956,152.00,OUTPATIENT,CASH PRICE,100 mL
050740,25308,LEVOFLOXACIN IN D5W 750 MG/150 ML IV PGBK,J1956,152.00,OUTPATIENT,CASH PRICE,150 mL
050740,25309,LEVOFLOXACIN IN D5W 250 MG/50 ML IV PGBK,J1956,152.00,OUTPATIENT,CASH PRICE,50 mL
050740,25321,"BUPIVACAINE-EPINEPHRINE (PF) 0.5 %-1:200,000 IJ SOLN",63323046237,152.00,OUTPATIENT,CASH PRICE,30 mL
050740,25323,"BUPIVACAINE-EPINEPHRINE (PF) 0.25 %-1:200,000 IJ SOLN",63323046837,152.00,OUTPATIENT,CASH PRICE,30 mL
050740,25324,BUPIVACAINE (PF) 0.25 % IJ SOLN,J3490,152.00,OUTPATIENT,CASH PRICE,30 mL
050740,25325,BUPIVACAINE (PF) 0.5 % IJ SOLN,J3490,152.00,OUTPATIENT,CASH PRICE,30 mL
050740,25390,POTASSIUM CHLORIDE-0.45 % NACL 20 MEQ/L IV SOLP,J3480,152.00,OUTPATIENT,CASH PRICE,1000 mL
050740,25468,PHENYLEPHRINE HCL  0.5 % NA SPRY,69536005015,152.00,OUTPATIENT,CASH PRICE,15 mL
050740,25540,SODIUM CHLORIDE  0.65 % NA SPRA,00603038046,152.00,OUTPATIENT,CASH PRICE,45 mL
050740,25847,"BACITRACIN-POLYMYXIN B 500-10,000 UNIT/GRAM TP PACK",00168002109,399.60,OUTPATIENT,CASH PRICE,144 Each
050740,26051,POTASSIUM CHLORIDE 2 MEQ/ML IV SOLN,J3480,152.00,OUTPATIENT,CASH PRICE,20 mL
050740,26184,CIPROFLOXACIN-DEXAMETHASONE 0.3-0.1 % OT DRPS,00065853302,3465.00,OUTPATIENT,CASH PRICE,7.5 mL
050740,26317,AMINOPHYLLINE 250 MG/10 ML IV SOLN,J0280,165.75,OUTPATIENT,CASH PRICE,10 mL
050740,26318,AMINOPHYLLINE 500 MG/20 ML IV SOLN,J0280,152.00,OUTPATIENT,CASH PRICE,20 mL
050740,26486,BUPROPION HCL 150 MG PO TB24,51079004720,2587.50,OUTPATIENT,CASH PRICE,100 Each
050740,27590,DAPTOMYCIN 500 MG IV SOLR,J0878,1080.00,OUTPATIENT,CASH PRICE,1 Each
050740,27852,MEMANTINE 10 MG PO TABS,00904650661,568.50,OUTPATIENT,CASH PRICE,100 Each
050740,28300,"BACITRACIN ZINC-POLYMYXIN B 500-10,000 UNIT/GRAM TP OINT",10939056833,152.00,OUTPATIENT,CASH PRICE,28.4 gram
050740,30717,CINACALCET 30 MG PO TABS,55513007330,11281.50,OUTPATIENT,CASH PRICE,30 Each
050740,30817,OLANZAPINE 10 MG IM SOLR,J3490,314.70,OUTPATIENT,CASH PRICE,1 Each
050740,31084,TERBUTALINE 1 MG/ML SC SOLN,J3105,152.00,OUTPATIENT,CASH PRICE,1 mL
050740,31177,ACETYLCYSTEINE 200 MG/ML (20 %) IV SOLN,J0132,2623.50,OUTPATIENT,CASH PRICE,30 mL
050740,31606,RACEPINEPHRINE 2.25 % IN NEBU,00487590199,152.00,OUTPATIENT,CASH PRICE,1 Each
050740,31855,RIFAXIMIN 200 MG PO TABS,65649030103,8210.70,OUTPATIENT,CASH PRICE,30 Each
050740,31954,NITROFURANTOIN 100 MG PO CAPS,51079034820,5202.00,OUTPATIENT,CASH PRICE,100 Each
050740,32091,LEVALBUTEROL HCL 1.25 MG IN NEBU,J7612,152.00,OUTPATIENT,CASH PRICE,1 Each
050740,32112,EMTRICITABINE-TENOFOVIR (TDF) 200-300 MG PO TABS,61958070101,24583.50,OUTPATIENT,CASH PRICE,30 Each
050740,32121,DULOXETINE 30 MG PO CPDR,00904645361,1758.00,OUTPATIENT,CASH PRICE,100 Each
050740,32634,"MVI, ADULT NO.1 WITH VIT K 3,300 UNIT- 150 MCG/10 ML IV SOLN",61703042282,152.00,OUTPATIENT,CASH PRICE,10 mL
050740,33147,MAGNESIUM SULFATE IN D5W 1 GRAM/50 ML IV PGBK,61553041041,152.00,OUTPATIENT,CASH PRICE,50 mL
050740,33148,MAGNESIUM SULFATE IN D5W 2 GRAM/50 ML IV PGBK,J3475,152.00,OUTPATIENT,CASH PRICE,50 mL
050740,33391,BENZOCAINE 20 % MM SPRY,00283061026,152.00,OUTPATIENT,CASH PRICE,1 Each
050740,33700,LEVALBUTEROL TARTRATE 45 MCG/ACTUATION IN HFAA,J3535,817.65,OUTPATIENT,CASH PRICE,15 gram
050740,34005,IPRATROPIUM BROMIDE 17 MCG/ACTUATION IN HFAA,J3535,5751.98,OUTPATIENT,CASH PRICE,12.9 gram
050740,34214,SILDENAFIL (PULM.HYPERTENSION) 20 MG PO TABS,00093551798,184.95,OUTPATIENT,CASH PRICE,90 Each
050740,34244,TIGECYCLINE 50 MG IV SOLR,J3243,2188.05,OUTPATIENT,CASH PRICE,1 Each
050740,34439,"CEFTRIAXONE IN DEXTROSE,ISO-OS 2 GRAM/50 ML IV PGBK",J0696,340.20,OUTPATIENT,CASH PRICE,1 Each
050740,34572,PREGABALIN  25 MG PO CAPS,00071101268,10300.50,OUTPATIENT,CASH PRICE,90 Each
050740,34574,PREGABALIN  75 MG PO CAPS,00071101441,12003.00,OUTPATIENT,CASH PRICE,100 Each
050740,34940,MEPERIDINE (PF)  25 MG/ML IJ SOLN,J2175,152.00,OUTPATIENT,CASH PRICE,1 mL
050740,34943,MEPERIDINE (PF)  25 MG/ML IJ SYRG,J2175,152.00,OUTPATIENT,CASH PRICE,1 mL
050740,34947,MEPERIDINE (PF) 100 MG/ML IJ SOLN,J2175,152.00,OUTPATIENT,CASH PRICE,1 mL
050740,35153,LOPINAVIR-RITONAVIR 200-50 MG PO TABS,00074679922,14310.00,OUTPATIENT,CASH PRICE,120 Each
050740,35720,"HEPARIN (PORCINE) IN 5 % DEX 25,000 UNIT/250 ML(100 UNIT/ML) IV SOLP",J1644,152.00,OUTPATIENT,CASH PRICE,250 mL
050740,35721,"HEPARIN, PORCINE (PF)  100 UNITS/ML IV SYRG",J1642,152.00,OUTPATIENT,CASH PRICE,3 mL
050740,35749,RANOLAZINE  500 MG PO TB12,61958100301,5481.00,OUTPATIENT,CASH PRICE,60 Each
050740,35873,HEPARIN(PORCINE) IN 0.45% NACL 25000 UNIT/250 ML IV SOLP,J1644,152.00,OUTPATIENT,CASH PRICE,250 mL
050740,36299,LIDOCAINE (PF) 10 MG/ML (1 %) IJ SOLN,J3490,152.00,OUTPATIENT,CASH PRICE,5 mL
050740,36299,LIDOCAINE (PF) 10 MG/ML (1 %) IJ SOLN,J3490,152.00,OUTPATIENT,CASH PRICE,5 mL
050740,36300,LIDOCAINE (PF) 20 MG/ML (2 %) IJ SOLN,J2001,152.00,OUTPATIENT,CASH PRICE,5 mL
050740,36300,LIDOCAINE (PF) 20 MG/ML (2 %) IJ SOLN,J2001,152.00,OUTPATIENT,CASH PRICE,5 mL
050740,36303,LIDOCAINE (PF) 20 MG/ML (2 %) IV SOLN,J2001,152.00,OUTPATIENT,CASH PRICE,5 mL
050740,36304,LIDOCAINE (PF) 100 MG/5 ML (2 %) IV SYRG,J2001,152.00,OUTPATIENT,CASH PRICE,5 mL
050740,36305,LIDOCAINE (PF) 50 MG/5 ML (1 %) IV SYRG,J2001,152.00,OUTPATIENT,CASH PRICE,5 mL
050740,36311,LIDOCAINE IN 5 % DEXTROSE (PF) 4 MG/ML (0.4 %) IV SOLP,J2001,152.00,OUTPATIENT,CASH PRICE,500 mL
050740,36556,GADOBENATE DIMEGLUMINE 529 MG/ML (0.1MMOL/0.2ML) IV SOLN,A9577,351.00,OUTPATIENT,CASH PRICE,15 mL
050740,36556,GADOBENATE DIMEGLUMINE 529 MG/ML (0.1MMOL/0.2ML) IV SOLN,A9577,238.50,OUTPATIENT,CASH PRICE,10 mL
050740,36862,FENOFIBRATE NANOCRYSTALLIZED 145 MG PO TABS,45802013275,1170.45,OUTPATIENT,CASH PRICE,90 Each
050740,36862,FENOFIBRATE NANOCRYSTALLIZED 145 MG PO TABS,51079060820,3709.50,OUTPATIENT,CASH PRICE,100 Each
050740,37078,LEVETIRACETAM 500 MG/5 ML IV SOLN,J1953,152.00,OUTPATIENT,CASH PRICE,5 mL
050740,37078,LEVETIRACETAM 500 MG/5 ML IV SOLN,J1953,152.00,OUTPATIENT,CASH PRICE,5 mL
050740,37239,"NEOMYCIN-BACITRACNZN-POLYMYXNB 3.5-400-5,000 MG-UNIT-UNIT TP OIPK",45802014370,293.76,OUTPATIENT,CASH PRICE,144 Each
050740,37424,SITAGLIPTIN  50 MG PO TABS,00006011228,18930.00,OUTPATIENT,CASH PRICE,100 Each
050740,37480,PERIT.DIALYSIS 6-1.5 % DEXTROS CA 2.5 MEQ/L- MG 0.5 MEQ/L IP SOLN,00941040901,152.00,OUTPATIENT,CASH PRICE,6000 mL
050740,37480,PERIT.DIALYSIS 6-1.5 % DEXTROS CA 2.5 MEQ/L- MG 0.5 MEQ/L IP SOLN,00941040906,152.00,OUTPATIENT,CASH PRICE,2000 mL
050740,37499,MICAFUNGIN 100 MG IV SOLR,J2248,915.30,OUTPATIENT,CASH PRICE,1 Each
050740,37523,ONDANSETRON HCL (PF) 4 MG/2 ML IJ SOLN,J2405,152.00,OUTPATIENT,CASH PRICE,2 mL
050740,37523,ONDANSETRON HCL (PF) 4 MG/2 ML IJ SOLN,J2405,152.00,OUTPATIENT,CASH PRICE,2 mL
050740,37831,DEXAMETHASONE SODIUM PHOS (PF) 10 MG/ML IJ SOLN,J1100,152.00,OUTPATIENT,CASH PRICE,1 mL
050740,38060,HEPATITIS B IMMUNE GLOBULIN GREATR THAN 312 UNIT/ML IM SOLN,90371,2054.55,OUTPATIENT,CASH PRICE,1 mL
050740,38089,ALISKIREN 150 MG PO TABS,00078048515,2902.50,OUTPATIENT,CASH PRICE,30 Each
050740,38370,HEPATITIS B VIRUS VACC.REC(PF) 20 MCG/ML IM SYRG,90632,713.85,OUTPATIENT,CASH PRICE,1 mL
050740,38591,ETHYL CHLORIDE 100 % TP SPRA,00386000103,414.52,OUTPATIENT,CASH PRICE,103.5 mL
050740,38595,PEG 3350-ELECTROLYTES 236-22.74-6.74 -5.86 GRAM PO SOLR,43386009019,180.00,OUTPATIENT,CASH PRICE,4000 mL
050740,38693,"NEOMYCIN-POLYMYXIN-GRAMICIDIN 1.75 MG-10,000 UNIT-0.025MG/ML OP D",OP,713.85,OUTPATIENT,CASH PRICE,10 mL
050740,40314,THROMBIN (BOVINE)  5000 UNITS TP SOLR,60793021505,665.55,OUTPATIENT,CASH PRICE,1 Each
050740,40480,OSELTAMIVIR 30 MG PO CAPS,00004080285,1947.00,OUTPATIENT,CASH PRICE,10 Each
050740,40498,RALTEGRAVIR 400 MG PO TABS,00006022761,22017.60,OUTPATIENT,CASH PRICE,60 Each
050740,40536,FAMOTIDINE (PF) 20 MG/2 ML IV SOLN,63323073912,152.00,OUTPATIENT,CASH PRICE,2 mL
050740,40723,MAGNESIUM SULFATE IN WATER 2 GRAM/50 ML (4 %) IV PGBK,J3475,152.00,OUTPATIENT,CASH PRICE,50 mL
050740,40747,"CEFOTETAN IN DEXTROSE, ISO-OSM 1 GRAM/50 ML IV PGBK",00264317311,253.62,OUTPATIENT,CASH PRICE,1 Each
050740,40996,SEVELAMER CARBONATE 800 MG PO TABS,60687032831,885.00,OUTPATIENT,CASH PRICE,100 Each
050740,41017,INDIUM 111-PENTETREOTIDE 3-10 MCI/ML-MCG IV KIT,A9572,15953.79,OUTPATIENT,CASH PRICE,1 Each
050740,41043,MAGNESIUM SULFATE IN D5W  1 G/100 ML IV PGBK,J3475,152.00,OUTPATIENT,CASH PRICE,100 mL
050740,41195,BARIUM SULFATE   0.1 % PO SUSP,32909094503,152.00,OUTPATIENT,CASH PRICE,450 mL
050740,41324,FOSPHENYTOIN 500 MG PE/10 ML IJ SOLN,Q2009,231.00,OUTPATIENT,CASH PRICE,10 mL
050740,41386,TETANUS AND DIPHTHER. TOX (PF) 5-2 LF UNIT/0.5 ML IM SYRG,90714,426.53,OUTPATIENT,CASH PRICE,.5 mL
050740,41387,TETANUS AND DIPHTHER. TOX (PF) 5 LF UNIT- 2 LF UNIT/0.5ML IM SUSP,90714,426.53,OUTPATIENT,CASH PRICE,.5 mL
050740,41392,PANTOPRAZOLE 40 MG PO GRPS,00008084402,5782.50,OUTPATIENT,CASH PRICE,30 Each
050740,41749,"DIPH,PERTUSS(ACEL),TET VAC(PF) 2 LF-(2.5-5-3-5 MCG)-5LF/0.5 ML IM SYRG",90715,504.90,OUTPATIENT,CASH PRICE,.5 mL
050740,41976,REGADENOSON 0.4 MG/5 ML IV SYRG,J2785,3159.75,OUTPATIENT,CASH PRICE,5 mL
050740,73840,TOCILIZUMAB 400 MG/20 ML (20 MG/ML) IV SOLN,J3262,55425.00,OUTPATIENT,CASH PRICE,20 mL
050740,73852,METHYLPREDNISOLONE SOD SUC(PF) 40 MG/ML IJ SOLR,J2920,152.00,OUTPATIENT,CASH PRICE,1 Each
050740,73853,METHYLPREDNISOLONE SOD SUC(PF) 125 MG/2 ML IJ SOLR,J2930,152.00,OUTPATIENT,CASH PRICE,1 Each
050740,73855,METHYLPREDNISOLONE SOD SUC(PF) 1000 MG/8 ML IV SOLR,J2930,661.80,OUTPATIENT,CASH PRICE,1 Each
050740,73861,FLUCONAZOLE IN NACL (ISO-OSM) 100 MG/50 ML IV PGBK,J1450,152.00,OUTPATIENT,CASH PRICE,50 mL
050740,74371,MORPHINE 1 MG/ML PCA CSMC,J2270,1057.50,OUTPATIENT,CASH PRICE,30 mL
050740,74371,MORPHINE 1 MG/ML PCA CSMC,J2270,1057.50,OUTPATIENT,CASH PRICE,30 mL
050740,74394,KIT PREP OF TC-99M-MEBROFENIN 45 MG IV SOLR,A9537,1624.80,OUTPATIENT,CASH PRICE,10 Each
050740,74417,KIT PREP OF TC-99M-SOD PYROPH 12 MG IV SOLR,A9538,922.50,OUTPATIENT,CASH PRICE,5 Each
050740,74483,HYDROCORTISONE SOD SUCC (PF) 100 MG/2 ML IJ SOLR,J1720,152.00,OUTPATIENT,CASH PRICE,1 Each
050740,74528,RIFAXIMIN 550 MG PO TABS,65649030302,33121.80,OUTPATIENT,CASH PRICE,60 Each
050740,74877,AMIKACIN 500 MG/2 ML IJ SOLN,J0278,152.00,OUTPATIENT,CASH PRICE,2 mL
050740,74877,AMIKACIN 500 MG/2 ML IJ SOLN,J0278,171.33,OUTPATIENT,CASH PRICE,2 mL
050740,74888,AMIKACIN 1000 MG/4 ML IJ SOLN,J0278,342.96,OUTPATIENT,CASH PRICE,4 mL
050740,74890,NOREPINEPHRINE BITARTRATE-D5W 8 MG/250 ML (32 MCG/ML) IV SOLN,61553015361,6000.00,OUTPATIENT,CASH PRICE,250 mL
050740,75011,GLUCAGON (HUMAN RECOMBINANT) 1 MG/ML IJ SOLR,J1610,2399.25,OUTPATIENT,CASH PRICE,1 Each
050740,75580,KIT FOR TC 99M-SOD THIOSULFATE 2 MG MISC SOLR,A9541,1610.10,OUTPATIENT,CASH PRICE,5 Each
050740,75596,DABIGATRAN ETEXILATE 150 MG PO CAPS,00597013560,152.00,OUTPATIENT,CASH PRICE,60 Each
050740,75600,KIT FOR TC 99M-SESTAMIBI NO.1 IV SOLR,A9500,152.00,OUTPATIENT,CASH PRICE,10 mL
050740,76425,MILRINONE IN 5 % DEXTROSE 20 MG/100 ML (200 MCG/ML) IV PGBK,J2260,152.00,OUTPATIENT,CASH PRICE,100 mL
050740,76877,LIDOCAINE HCL  2 % MM JELP,76329301305,152.00,OUTPATIENT,CASH PRICE,10 mL
050740,78467,DOBUTAMINE 250 MG/20 ML (12.5 MG/ML) IV SOLN,J1250,152.00,OUTPATIENT,CASH PRICE,20 mL
050740,78470,DOBUTAMINE IN D5W 250 MG/250 ML (1 MG/ML) IV SOLP,J1250,152.00,OUTPATIENT,CASH PRICE,250 mL
050740,78478,"DOPAMINE IN 5 % DEXTROSE 400 MG/250 ML (1,600 MCG/ML) IV SOLN",J1265,152.00,OUTPATIENT,CASH PRICE,250 mL
050740,79426,LACOSAMIDE  50 MG PO TABS,00131247760,8505.00,OUTPATIENT,CASH PRICE,60 Each
050740,79428,LACOSAMIDE 100 MG PO TABS,00131247860,13455.90,OUTPATIENT,CASH PRICE,60 Each
050740,79804,LACOSAMIDE 200 MG/20 ML IV SOLN,C9254,762.00,OUTPATIENT,CASH PRICE,20 mL
050740,80077,NOREPINEPHRINE BITARTRATE-D5W 4 MG/250 ML (16 MCG/ML) IV SOLN,61553011561,6000.00,OUTPATIENT,CASH PRICE,250 mL
050740,81046,VANCOMYCIN  750 MG IV SOLR,J3370,152.00,OUTPATIENT,CASH PRICE,1 Each
050740,81284,THALLOUS CHLORIDE TL-201 37 MBQ/ML (1 MCI/ML) IV SOLN,A9505,152.00,OUTPATIENT,CASH PRICE,1 Each
050740,81462,SEVELAMER CARBONATE 0.8 GRAM PO PWPK,00955105290,10719.00,OUTPATIENT,CASH PRICE,90 Each
050740,82922,CEFTAROLINE FOSAMIL 400 MG IV SOLR,J0712,2775.00,OUTPATIENT,CASH PRICE,1 Each
050740,82923,CEFTAROLINE FOSAMIL 600 MG IV SOLR,J0712,2350.80,OUTPATIENT,CASH PRICE,1 Each
050740,82931,DABIGATRAN ETEXILATE  75 MG PO CAPS,00597014960,152.00,OUTPATIENT,CASH PRICE,60 Each
050740,83558,"ACETAMINOPHEN 1,000 MG/100 ML (10 MG/ML) IV SOLN",J0131,152.00,OUTPATIENT,CASH PRICE,100 mL
050740,83651,TETRACAINE HCL (PF) 0.5 % OP DROP,00065074114,152.00,OUTPATIENT,CASH PRICE,4 mL
050740,103038,AMIODARONE IN DEXTROSE 5 % 450 MG/250 ML (1.8 MG/ML) IV SOLN,J0282,562.50,OUTPATIENT,CASH PRICE,250 mL
050740,103636,NIACIN  500 MG PO TBSR,00904434260,152.00,OUTPATIENT,CASH PRICE,100 Each
050740,103823,GADOBUTROL 10 MMOL/10 ML (1 MMOL/ML) IV SOLN,A9585,440.40,OUTPATIENT,CASH PRICE,10 mL
050740,103988,IOFLUPANE I 123 5 MCI/2.5 ML (185 MBQ/2.5ML) IV SOLN,A9584,253.82,OUTPATIENT,CASH PRICE,2.5 mL
050740,104621,EPINEPHRINE 1 MG/ML (1 ML) IJ SOLN,J0171,195.75,OUTPATIENT,CASH PRICE,1 mL
050740,105072,TICAGRELOR 90 MG PO TABS,00186077739,8676.00,OUTPATIENT,CASH PRICE,100 Each
050740,105162,KIT FOR OF PREP TC-99M-ALBUMIN 2.5 MG IV SOLR,A9540,12588.30,OUTPATIENT,CASH PRICE,30 Each
050740,105180,ROPIVACAINE (PF) 5 MG/ML (0.5 %) IJ SOLN,J2795,152.00,OUTPATIENT,CASH PRICE,20 mL
050740,105180,ROPIVACAINE (PF) 5 MG/ML (0.5 %) IJ SOLN,J2795,152.00,OUTPATIENT,CASH PRICE,30 mL
050740,106213,INDIUM IN-111 OXYQUINOLINE 1 MCI/ML (37 MBQ/ML)(1 ML) IV SOLN,A9547,10590.00,OUTPATIENT,CASH PRICE,1 mL
050740,106245,PROCHLORPERAZINE EDISYLATE 10 MG/2 ML (5 MG/ML) IJ SOLN,J0780,152.00,OUTPATIENT,CASH PRICE,2 mL
050740,106623,BUPIVACAINE LIPOSOME (PF) 1.3 % (13.3 MG/ML) LINF SUSP,C9290,5010.00,OUTPATIENT,CASH PRICE,20 mL
050740,106665,RIVAROXABAN 15 MG PO TABS,50458057830,4927.50,OUTPATIENT,CASH PRICE,30 Each
050740,106665,RIVAROXABAN 15 MG PO TABS,50458057810,15658.50,OUTPATIENT,CASH PRICE,100 Each
050740,106666,RIVAROXABAN 20 MG PO TABS,50458057910,15658.50,OUTPATIENT,CASH PRICE,100 Each
050740,106772,"TRANEXAMIC ACID 1,000 MG/10 ML (100 MG/ML) IV SOLN",39822100106,152.00,OUTPATIENT,CASH PRICE,10 mL
050740,106811,LEVOTHYROXINE 100 MCG IV SOLR,63323064916,1432.50,OUTPATIENT,CASH PRICE,1 Each
050740,106995,SODIUM IODIDE-123 3.7 MBQ (100 MICROCI) PO CAPS,A9516,222.90,OUTPATIENT,CASH PRICE,1 Each
050740,107001,IOBENGUANE SULFATE I-123 10 MCI/5 ML (370 MBQ/5 ML) IV SOLN,A9582,11710.20,OUTPATIENT,CASH PRICE,5 mL
050740,107877,LEVETIRACETAM IN NACL (ISO-OS)  500 MG/100 ML IV PGBK,J1953,175.50,OUTPATIENT,CASH PRICE,100 mL
050740,107878,LEVETIRACETAM IN NACL (ISO-OS) 1000 MG/100 ML IV PGBK,J1953,465.00,OUTPATIENT,CASH PRICE,100 mL
050740,107879,LEVETIRACETAM IN NACL (ISO-OS) 1500 MG/100 ML IV PGBK,J1953,387.00,OUTPATIENT,CASH PRICE,100 mL
050740,108169,CEFAZOLIN IN DEXTROSE (ISO-OS) 2 GRAM/50 ML IV PGBK,J0690,178.50,OUTPATIENT,CASH PRICE,1 Each
050740,108877,LIDOCAINE 5 % TP OINT,50383093335,279.09,OUTPATIENT,CASH PRICE,35.44 gram
050740,110577,"MVI, ADULT NO.4 WITH VIT K 3,300 UNIT- 150 MCG/10 ML IV SOLN",54643564901,152.00,OUTPATIENT,CASH PRICE,10 mL
050740,111324,HYDROCODONE-HOMATROPINE 5-1.5 MG/5 ML (5 ML) PO SYRP,00121481105,152.00,OUTPATIENT,CASH PRICE,5 mL
050740,111550,MEGESTROL 400 MG/10 ML (10 ML) PO SUSP,00121477610,152.00,OUTPATIENT,CASH PRICE,10 mL
050740,111626,ACETAMINOPHEN-CODEINE 300 MG-30 MG /12.5 ML PO SOLN,50383007913,152.00,OUTPATIENT,CASH PRICE,12.5 mL
050740,111626,ACETAMINOPHEN-CODEINE 300 MG-30 MG /12.5 ML PO SOLN,00121050412,253.13,OUTPATIENT,CASH PRICE,12.5 mL
050740,112772,GALLIUM (GA-67) CITRATE ISOTOPE (NUC MED),A9556,193.05,OUTPATIENT,CASH PRICE,1 Each
050740,112777,MEDRONATE (TC-99M MDP) ISOTOPE (NUC MED),A9503,152.00,OUTPATIENT,CASH PRICE,1 Each
050740,112778,SODIUM PERTECHNETATE (TC-99M O4) ISOTOPE (NUC MED),A9512,152.00,OUTPATIENT,CASH PRICE,1 Each
050740,113023,APIXABAN 5 MG PO TABS,00003089431,7819.50,OUTPATIENT,CASH PRICE,100 Each
050740,113840,LABELED RED BLOOD CELLS (TC-99M RBC) (ULTRATAG) ISOTOPE (NUC MED),A9560,439.53,OUTPATIENT,CASH PRICE,1 kit
050740,114352,DEXMEDETOMIDINE IN 0.9 % NACL 200 MCG/50 ML (4 MCG/ML) IV SOLN,63323067105,499.05,OUTPATIENT,CASH PRICE,50 mL
050740,115276,HYDROMORPHONE 0.5 MG/0.5 ML IJ SYRG,J1170,152.00,OUTPATIENT,CASH PRICE,.5 mL
050740,115276,HYDROMORPHONE 0.5 MG/0.5 ML IJ SYRG,J1170,152.00,OUTPATIENT,CASH PRICE,.5 mL
050740,115363,NEOSTIGMINE METHYLSULFATE 1 MG/ML IV SOLN,J2710,812.25,OUTPATIENT,CASH PRICE,10 mL
050740,116707,MIDAZOLAM (PF) 1 MG/ML IJ SOLN,J2250,152.00,OUTPATIENT,CASH PRICE,2 mL
050740,116707,MIDAZOLAM (PF) 1 MG/ML IJ SOLN,J2250,152.00,OUTPATIENT,CASH PRICE,5 mL
050740,116976,TBO-FILGRASTIM 300 MCG SC SYRG,J1447,1048.28,OUTPATIENT,CASH PRICE,.5 mL
050740,116977,TBO-FILGRASTIM 480 MCG SC SYRG,J1447,3354.90,OUTPATIENT,CASH PRICE,.8 mL
050740,118080,MORPHINE  2 MG/ML IV SYRG,J2270,152.00,OUTPATIENT,CASH PRICE,1 mL
050740,118081,MORPHINE  4 MG/ML IV SYRG,J2270,152.00,OUTPATIENT,CASH PRICE,1 mL
050740,118616,"HUM PROTHROMBIN CPLX(PCC)4FACT 1,000 UNIT (800-1240 UNIT) IV SOLR",C9132,152.00,OUTPATIENT,CASH PRICE,1 Each
050740,120094,IPRATROPIUM-ALBUTEROL 20-100 MCG/ACTUATION IN MIST,J3535,5067.60,OUTPATIENT,CASH PRICE,4 gram
050740,120847,VASOPRESSIN 20 UNITS/ML IV SOLN,J3490,2754.30,OUTPATIENT,CASH PRICE,1 Each
050740,121236,OXYCODONE  10 MG PO TR12,59011041020,959.40,OUTPATIENT,CASH PRICE,20 Each
050740,122598,IMMUN GLOBG(IGG)-SUCR-IGA OV50  6 GRAM IV SOLR,J1566,5220.00,OUTPATIENT,CASH PRICE,1 Each
050740,122599,IMMUN GLOBG(IGG)-SUCR-IGA OV50 12 GRAM IV SOLR,J1566,10440.00,OUTPATIENT,CASH PRICE,12 gram
050740,125030,SUGAMMADEX 100 MG/ML IV SOLN,J3490,1464.00,OUTPATIENT,CASH PRICE,2 mL
050740,125030,SUGAMMADEX 100 MG/ML IV SOLN,J3490,2434.28,OUTPATIENT,CASH PRICE,5 mL
050740,127510,EPHEDRINE SULFATE 50 MG/ML IV SOLN,76014000525,153.75,OUTPATIENT,CASH PRICE,1 mL
050740,128096,FAT EMULSION 20% (SMOFLIPID) ADULT,63323082050,372.75,OUTPATIENT,CASH PRICE,500 mL
050740,128102,METHYLENE BLUE (ANTIDOTE) 5 MG/ML (0.5 %) IV SOLN,Q9968,2880.00,OUTPATIENT,CASH PRICE,10 mL
050740,134252,STERILE TALC 3 GRAM PL AERP,62327033303,2175.00,OUTPATIENT,CASH PRICE,1 Each
050740,134909,EPOETIN ALFA-EPBX  4000 UNITS IJ SOLN,Q5105,549.75,OUTPATIENT,CASH PRICE,1 mL
050740,134910,EPOETIN ALFA-EPBX 10000 UNITS IJ SOLN,Q5105,1374.30,OUTPATIENT,CASH PRICE,1 mL
050740,136436,VANCOMYCIN   1.25 GRAM IV SOLR,J3370,281.10,OUTPATIENT,CASH PRICE,1 Each
050740,136437,VANCOMYCIN   1.5 GRAM IV SOLR,J3370,337.20,OUTPATIENT,CASH PRICE,1 Each
050740,138221,FLU VAC QS2019-20 36MOS UP(PF) 60 MCG (15 MCG X 4)/0.5 ML IM SYRG,90686,224.10,OUTPATIENT,CASH PRICE,.5 mL
050740,138222,FLU VACC QS2019-20 6MOS UP(PF) 60 MCG (15 MCG X 4)/0.5 ML IM SYRG,90686,383.10,OUTPATIENT,CASH PRICE,.5 mL
050740,138497,FLU VACC QS2019-20 6MOS UP(PF) 60 MCG (15 MCG X 4)/0.5 ML IM SYRG FOR,D9R0H686,383.10,OUTPATIENT,CASH PRICE,.5 mL
050740,400493,DIETHYLENE TRIAMINE PENTAACETIC ACID (TC-99M DTPA) ISOTOPE (NUC MED),NA9567,11180.70,OUTPATIENT,CASH PRICE,30 Each
050740,400642,TECHNETIUM MERTIATIDE (TC-99M) (MAG3) ISOTOPE (NUC MED),A9562,9851.70,OUTPATIENT,CASH PRICE,10 mL
050740,400643,ACETYLCYSTEINE 200 MG/ML (20 %) ORAL/INHALATION SOLN,J7608,292.50,OUTPATIENT,CASH PRICE,30 mL
050740,401162,VANCOMYCIN ORAL SUSPENSION 50 MG/ML,99999001508,152.00,OUTPATIENT,CASH PRICE,5 mL
050740,401191,MIDAZOLAM INFUSION 15 MG/30ML,99999001517,355.50,OUTPATIENT,CASH PRICE,30 mL
050740,401229,FENTANYL PCA 300 MCG/30 ML,99999001514,152.00,OUTPATIENT,CASH PRICE,50 mL
050740,401230,MEPERIDINE PCA 300 MG/30 ML,99999077700,3168.00,OUTPATIENT,CASH PRICE,30 mL
050740,401237,MORPHINE INFUSION 1 MG/ML,J2270,152.00,OUTPATIENT,CASH PRICE,30 mL
050740,408006,"HEPARIN 30,000 UNITS IN 1000 ML SODIUM CHLORIDE 0.9% CELL SAVER (INTR",-PRJ1O6C4E4D,152.00,OUTPATIENT,CASH PRICE,1000 mL
050740,410043,BUMETANIDE (BUMEX) 25MG IN 100ML (STRAIGHT DRUG) INFUSION,99999900561,261.00,OUTPATIENT,CASH PRICE,100 mL
050740,500203,METRONIDAZOLE IN NACL (ISO-OS) 250 MG/50 ML IVPB,99999900206,152.00,OUTPATIENT,CASH PRICE,50 mL
050740,4088027,POTASSIUM CHLORID-D5-0.45%NACL 20 MEQ/L IV SOLP PREP TYPE,J3480,152.00,OUTPATIENT,CASH PRICE,1000 mL
050740,40828284,HYDROCODONE-ACETAMINOPHEN 7.5-325 MG/15 ML PO SOLN (MDRH),68094071462,152.00,OUTPATIENT,CASH PRICE,15 mL
