internal_revenue_code,description,cpt,ndc,OP_price,units
96,LOSARTAN  50 MG PO TABS,,68084034701,$846.00,100 Each
123,QUETIAPINE  25 MG PO TABS,,68084053001,$540.00,100 Each
123,QUETIAPINE  25 MG PO TABS,,16714045201,$152.00,100 Each
157,PENICILLIN V POTASSIUM 250 MG PO TABS,,16714023401,$152.00,100 Each
181,KETOROLAC 15 MG/ML IJ SOLN,J1885,63323016101,$152.00,1 mL
188,CEFUROXIME SODIUM 750 MG IJ SOLR,J0697,00143997922,$152.00,1 Each
198,NAFCILLIN   1 GRAM IJ SOLR,,55150012215,$152.00,1 Each
311,OCTREOTIDE ACETATE  100 MCG/ML IJ SOLN,J2354,25021045201,$152.00,1 mL
405,CEFAZOLIN   1 GRAM IJ SOLR,J0690,60505609305,$152.00,1 Each
415,OCTREOTIDE ACETATE  500 MCG/ML IJ SOLN,J2354,63323037701,$164.25,1 mL
450,LATANOPROST 0.005 % OP DROP,,17478062512,$152.00,2.5 mL
482,PHENOBARBITAL SODIUM  65 MG/ML IJ SOLN,J2560,00641047625,$276.15,1 mL
486,CLINDAMYCIN PHOSPHATE 150 MG/ML IJ SOLN,J3490,00009090211,$152.00,6 mL
486,CLINDAMYCIN PHOSPHATE 150 MG/ML IJ SOLN,J3490,67457081600,$152.00,6 mL
561,MANNITOL 25 % 25 % IV SOLN,J2150,63323002425,$152.00,50 mL
614,PIOGLITAZONE 15 MG PO TABS,,68084087811,$152.00,1 Each
614,PIOGLITAZONE 15 MG PO TABS,,00781542031,$153.45,30 Each
615,FUROSEMIDE 10 MG/ML IJ SOLN,J1940,00409610226,$152.00,4 mL
615,FUROSEMIDE 10 MG/ML IJ SOLN,J1940,00409610210,$152.00,10 mL
615,FUROSEMIDE 10 MG/ML IJ SOLN,J1940,00409610225,$152.00,2 mL
615,FUROSEMIDE 10 MG/ML IJ SOLN,J1940,00409610202,$152.00,2 mL
631,FLUCONAZOLE 100 MG PO TABS,,16714069101,$283.95,30 Each
656,METHOCARBAMOL 500 MG PO TABS,,63739016610,$169.50,100 Each
697,CLOTRIMAZOLE  10 MG MM TROC,,00574010777,$895.65,70 Each
728,SILVER SULFADIAZINE 1 % TP CREA,,43598021040,$480.00,400 gram
728,SILVER SULFADIAZINE 1 % TP CREA,,43598021055,$152.00,50 gram
926,DILTIAZEM HCL 5 MG/ML IV SOLN,J3490,55390056510,$152.00,10 mL
926,DILTIAZEM HCL 5 MG/ML IV SOLN,J3490,00641601310,$152.00,5 mL
939,ACETYLCYSTEINE 200 MG/ML (20 %) MISC SOLN,J7608,00517760425,$152.00,4 mL
959,TUBERCULIN PPD 5 TUB. UNIT /0.1 ML ID SOLN,,49281075221,"$1,054.05",1 mL
967,ANASTROZOLE 1 MG PO TABS,,16729003510,$152.00,30 Each
993,MORPHINE  2 MG/ML IJ SOLN,,63323045200,$152.00,1 mL
1007,HYDROXYUREA  500 MG PO CAPS,,68084028401,"$1,200.00",100 Each
1010,"NEOMYCIN-POLYMYXIN-HC 3.5-10,000-1 MG/ML-UNIT/ML-% OT SOLN",,24208063110,"$1,092.30",10 mL
1036,BICALUTAMIDE 50 MG PO TABS,,16714081602,$285.00,100 Each
1069,ASPIRIN-DIPYRIDAMOLE 25-200 MG PO CM12,,00093304006,$900.00,60 Each
1069,ASPIRIN-DIPYRIDAMOLE 25-200 MG PO CM12,,00597000160,"$7,884.00",60 Each
1172,NYSTATIN 100000 UNITS/ML PO SUSP,,66689003750,$152.00,5 mL
1202,VENLAFAXINE  37.5 MG PO CP24,,68084069801,$684.00,100 Each
1221,RIFAMPIN 600 MG IV SOLR,J3490,00068059701,"$1,034.70",1 Each
1226,EPINEPHRINE HCL 1 MG/ML NA SOLN,,42023010301,"$2,980.35",30 mL
1296,DESMOPRESSIN  4 MCG/ML IJ SOLN,J2597,55566220000,$555.00,1 mL
1387,COLISTIN (COLISTIMETHATE NA) 150 MG IJ SOLR,J0770,00574085801,$391.35,1 Each
1405,"LIDOCAINE-EPINEPHRINE (PF) 1 %-1:200,000 IJ SOLN",,63323048737,$152.00,30 mL
1405,"LIDOCAINE-EPINEPHRINE (PF) 1 %-1:200,000 IJ SOLN",,63323048731,$152.00,30 mL
1460,NITROFURANTOIN MACROCRYSTAL  50 MG PO CAPS,,51079058420,"$1,405.50",100 Each
1539,IODINE STRONG (LUGOLS) 5 % PO SOLN,,00395277516,"$1,135.20",473 mL
1558,"NEOMYCIN-BACITRACNZN-POLYMYXNB 3.5MG-400 UNIT- 5,000 UNIT/GRAM T",OINT,00713026831,$152.00,28.4 gram
1606,CEFUROXIME AXETIL 250 MG PO TABS,,16714040002,$812.70,60 Each
1614,ATORVASTATIN 20 MG PO TABS,,00904629161,$340.50,100 Each
1665,ARGATROBAN 100 MG/ML IV SOLN,J0883,67457021202,"$2,887.35",2.5 mL
1677,METOCLOPRAMIDE HCL  5 MG/ML IJ SOLN,J2765,00703450294,$152.00,2 mL
1733,POTASSIUM PHOSPHATE M-/D-BASIC 3 MMOL/ML IV SOLN,,00409729501,$152.00,15 mL
1749,IPRATROPIUM-ALBUTEROL 0.5 MG-3 MG(2.5 MG BASE)/3 ML IN NEBU,J7620,00487020101,$152.00,3 mL
1834,INSULIN GLARGINE 100 UNITS/ML SC SOLN,J1815,00088502101,$263.42,10 mL
1861,PILOCARPINE HCL  1 % OP DROP,,61314020315,"$1,057.50",15 mL
1893,HEPARIN (PORCINE)  1000 UNITS/ML IJ SOLN,J1644,63323054001,$152.00,1 mL
1961,CEFEPIME   1 GRAM IJ SOLR,J0692,60505603004,$152.00,1 Each
1966,SULFASALAZINE 500 MG PO TABS,,59762500001,$241.50,100 Each
1977,CLONIDINE 0.1 MG/24 HR TD PTWK,,00378087199,$884.28,4 Each
2072,FAT EMULSION 20 % IV EMUL,,00338051913,$202.50,500 mL
2164,ALBUTEROL SULFATE 2.5 MG /3 ML (0.083 %) IN NEBU,J7613,00487950101,$152.00,3 mL
2180,PROTAMINE 10 MG/ML IV SOLN,J2720,63323022905,$152.00,5 mL
2338,POTASSIUM CHLORID-D5-0.45%NACL 40 MEQ/L IV SOLP,J3480,00409790409,$152.00,1000 mL
2348,DIVALPROEX 250 MG PO TBEC,,68084077601,$307.50,100 Each
2444,PHYTONADIONE (VITAMIN K1) 10 MG/ML IJ SOLN,J3430,00409915801,$519.20,1 mL
2523,GLYCOPYRROLATE 0.2 MG/ML IJ SOLN,J7643,00143958725,$152.00,1 mL
2579,ATORVASTATIN 10 MG PO TABS,,51079020820,$393.00,100 Each
2629,INDOMETHACIN 50 MG PR SUPP,,42211010243,"$78,363.00",30 Each
2721,IOHEXOL 180 MG IODINE/ML IT SOLN,Q9965,00407141120,$234.00,20 mL
2767,DANTROLENE  20 MG IV SOLR,J3490,42023012306,$975.00,1 Each
2793,AZITHROMYCIN 250 MG PO TABS,,59762306003,$708.75,50 Each
2939,MICONAZOLE NITRATE 2 % TP CREA,,00472073556,$919.80,28 gram
2956,DILTIAZEM HCL 180 MG PO CP24,,63739028410,"$1,440.00",100 Each
3082,PRAMOXINE-CAMPHOR-ZINC ACETATE TP LOTN,,10939014633,"$1,513.35",177 mL
3103,CYCLOSPORINE MODIFIED  25 MG PO CAPS,J7515,00093574065,$190.80,30 Each
3250,DIATRIZOATE MEG-DIATRIZOAT SOD 66-10 % PO SOLN,Q9963,00270044535,$183.60,30 mL
3297,FLUCONAZOLE IN DEXTROSE(ISO-O) 200 MG/100 ML IV PGBK,J1450,00409468413,$152.00,100 mL
3304,POTASSIUM ACETATE 2 MEQ/ML IV SOLN,,51754200104,$152.00,20 mL
3321,SODIUM ACETATE 2 MEQ/ML IV SOLN,,00409329925,$152.00,100 mL
3321,SODIUM ACETATE 2 MEQ/ML IV SOLN,,00409729925,$152.00,20 mL
3443,ETHACRYNATE SODIUM 50 MG IV SOLR,,25010021027,"$70,112.40",1 Each
3470,CEPHALEXIN 250 MG PO CAPS,,50268015115,$231.00,50 Each
3493,HYDROCODONE-ACETAMINOPHEN 5-325 MG PO TABS,,00406012362,$498.00,100 Each
3571,MYCOPHENOLATE MOFETIL 250 MG PO CAPS,J7517,00093733401,$220.50,100 Each
3571,MYCOPHENOLATE MOFETIL 250 MG PO CAPS,J7517,68084079501,"$1,395.00",100 Each
3596,DEFEROXAMINE 500 MG IJ SOLR,J0895,00409233610,$152.00,1 Each
3600,FLUCONAZOLE IN NACL (ISO-OSM) 400 MG/200 ML IV PGBK,J1450,36000028806,$152.00,200 mL
3697,NALOXONE 0.4 MG/ML IJ SOLN,J2310,00409121525,$217.95,1 mL
3708,BACITRACIN 50000 UNITS IM SOLR,,00009023402,$152.00,1 Each
3783,ACYCLOVIR SODIUM 50 MG/ML IV SOLN,J0133,63323032520,$152.00,20 mL
3783,ACYCLOVIR SODIUM 50 MG/ML IV SOLN,J0133,55150015520,$152.00,20 mL
3783,ACYCLOVIR SODIUM 50 MG/ML IV SOLN,J0133,55150015411,$152.00,10 mL
3798,PROMETHAZINE 25 MG PR SUPP,J8498,00591299239,$633.78,12 Each
3821,MAGNESIUM SULFATE 4 MEQ/ML (50 %) IJ SOLN,J3475,39822402501,$152.00,10 mL
3821,MAGNESIUM SULFATE 4 MEQ/ML (50 %) IJ SOLN,J3475,63323006402,$152.00,2 mL
3901,METHADONE 10 MG PO TABS,,00406577162,$354.00,100 Each
3926,LORAZEPAM 2 MG/ML IJ SOLN,J2060,00641604825,$152.00,1 mL
4085,CEFEPIME   2 GRAM IJ SOLR,J0692,44567024110,$152.00,1 Each
4092,IODIXANOL 320 MG IODINE/ML IV SOLN,Q9967,00407222366,$711.00,150 mL
4100,ATOVAQUONE-PROGUANIL 250-100 MG PO TABS,,68462040467,"$1,431.36",24 Each
4121,SULFANILAMIDE 15 % VA CREA,,00037663104,"$3,160.80",120 gram
4225,DEMECLOCYCLINE 150 MG PO TABS,,62584015901,"$5,959.50",100 Each
4270,IOTHALAMATE MEGLUMINE 17.2 % UR SOLN,Q9958,00019086250,$367.50,250 mL
4315,CEFTRIAXONE 250 MG IJ SOLR,J0696,60505610404,$152.00,1 Each
4351,PROCAINAMIDE 500 MG/ML IJ SOLN,J2690,00409190301,$699.09,2 mL
4351,PROCAINAMIDE 500 MG/ML IJ SOLN,J2690,00409190325,"$1,974.60",2 mL
4472,"ESMOLOL IN NACL (ISO-OSM) 2,500 MG/250 ML (10 MG/ML) IV SOLP",,10019005561,"$2,767.50",250 mL
4482,POTASSIUM CHLORIDE-D5-0.9%NACL 20 MEQ/L IV SOLP,J3480,00409710709,$152.00,1000 mL
4544,CIPROFLOXACIN IN 5 % DEXTROSE 400 MG/200 ML IV PGBK,J0744,00409477750,$152.00,200 mL
4599,CEFOXITIN   1 GRAM IV SOLR,J0694,63323034125,$152.00,1 Each
4648,ETHACRYNIC ACID 25 MG PO TABS,,25010021515,"$34,170.00",100 Each
4737,OCTREOTIDE ACETATE   50 MCG/ML IJ SOLN,J2354,00703330104,$152.00,1 mL
4737,OCTREOTIDE ACETATE   50 MCG/ML IJ SOLN,J2354,25021045101,$152.00,1 mL
4758,SULFAMETHOXAZOLE-TRIMETHOPRIM 400-80 MG/5 ML IV SOLN,J3490,00703951403,$152.00,10 mL
4765,QUETIAPINE 200 MG PO TABS,,00904628061,"$1,320.00",100 Each
4796,SODIUM CHLORIDE 1 GRAM PO TABS,,00223176001,$152.00,100 Each
4886,EDROPHONIUM CHLORIDE 10 MG/ML IJ SOLN,,67457019015,$152.00,15 mL
4901,NIMODIPINE 30 MG PO CAPS,,23155010830,$715.50,30 Each
4939,CLONAZEPAM 1 MG PO TABS,,63739026410,$152.00,100 Each
4970,AMINO ACID 4.25%-DEXTROSE 10 % 4.25 % IV SOLP,,00338113403,$152.00,1000 mL
5312,PANTOPRAZOLE 40 MG IV SOLR,C9113,00008094102,$152.00,1 Each
5318,PERMETHRIN 5 % TP CREA,,45802026937,"$1,377.00",60 gram
5332,ACETAZOLAMIDE 250 MG PO TABS,,00527105001,"$3,225.00",100 Each
5368,CLINDAMYCIN HCL 150 MG PO CAPS,,63739005910,$307.50,100 Each
5573,PROMETHAZINE-CODEINE 6.25-10 MG/5 ML PO SYRP,,00603158558,$152.00,473 mL
5573,PROMETHAZINE-CODEINE 6.25-10 MG/5 ML PO SYRP,,99999900466,$152.00,5 mL
5578,BACITRACIN 500 UNIT/GRAM TP OINT,,00713028031,$152.00,28.4 gram
5614,METRONIDAZOLE IN NACL (ISO-OS) 500 MG/100 ML IV PGBK,,00409781110,$152.00,100 mL
5628,DIPHENOXYLATE-ATROPINE 2.5-0.025 MG PO TABS,,59762106101,$573.00,100 Each
5668,PARICALCITOL 5 MCG/ML IV SOLN,J2501,00074165801,$152.00,1 mL
5755,TOBRAMYCIN-DEXAMETHASONE 0.3-0.1 % OP OINT,,00065064835,"$3,175.52",3.5 gram
5798,CLOTRIMAZOLE 1 % VA CREA,,51672200306,$152.00,45 gram
5888,TOPIRAMATE  25 MG PO TABS,,68084034201,$342.00,100 Each
5934,COSYNTROPIN 0.25 MG IJ SOLR,J0834,67457025702,$560.55,1 Each
5952,ROCURONIUM 10 MG/ML IV SOLN,,00409955805,$152.00,5 mL
6010,VANCOMYCIN   5 GRAM IV SOLR,J3370,00409650901,$250.20,1 Each
6042,NAFCILLIN   2 GRAM IJ SOLR,,63323032820,$152.00,1 Each
6042,NAFCILLIN   2 GRAM IJ SOLR,,55150012316,$152.00,1 Each
6066,ERYTHROMYCIN 250 MG PO TBEC,,24338012213,"$7,477.50",100 Each
6120,METRONIDAZOLE 500 MG PO TABS,,68084096601,$930.00,100 Each
6128,LIDOCAINE HCL  2 % MM JELL,,17478071110,$152.00,5 mL
6143,TROPICAMIDE 1 % OP DROP,,24208058559,$152.00,2 mL
6162,AZATHIOPRINE  50 MG PO TABS,J7500,51079062006,$360.00,50 Each
6198,HETASTARCH 6 % IN 0.9 % NACL 6 % IV SOLN,,00264196510,$255.00,500 mL
6230,SUCCINYLCHOLINE CHLORIDE  20 MG/ML IJ SOLN,J0330,00409662925,$268.05,10 mL
6262,ACETAMINOPHEN-CODEINE 300-30 MG PO TABS,,00406048462,$183.00,100 Each
6279,CLOPIDOGREL  75 MG PO TABS,,00904629461,$246.00,100 Each
6285,"GELATIN SPONGE,ABSORB-PORCINE 100 TP SPGE",,00009034201,"$1,598.40",6 Each
6329,CIPROFLOXACIN HCL 250 MG PO TABS,,68084006901,$403.50,100 Each
6389,DEXTROMETHORPHAN-GUAIFENESIN 10-100 MG/5 ML PO SYRP,,00121063810,$152.00,10 mL
6446,LEVOFLOXACIN 250 MG PO TABS,,68084048101,$570.00,100 Each
6512,BACITRACIN ZINC 500 UNIT/GRAM TP OINT,,10939056433,$152.00,28.4 gram
6571,"ALBUMIN, HUMAN 5 % 5 % IV SOLP",P9041,44206031090,$562.50,250 mL
6604,ACYCLOVIR 400 MG PO TABS,J8499,68084010801,$537.00,100 Each
6661,DIVALPROEX 500 MG PO TBEC,,00832712401,$405.00,100 Each
6695,NICARDIPINE 25 MG/10 ML IV SOLN,,00143968910,$223.50,10 mL
6713,ENALAPRILAT 1.25 MG/ML IV SOLN,,00143978710,$152.00,1 mL
6714,VALACYCLOVIR 500 MG PO TABS,,16714069803,$457.65,90 Each
6747,CIPROFLOXACIN HCL 500 MG PO TABS,,63739055910,$195.00,100 Each
6785,SULFAMETHOXAZOLE-TRIMETHOPRIM 800-160 MG PO TABS,,63739022810,$360.00,100 Each
6799,HYDROCODONE-ACETAMINOPHEN 10-325 MG PO TABS,,00904642161,$585.00,100 Each
6824,PROCAINAMIDE 100 MG/ML IJ SOLN,J2690,00409190201,$838.95,10 mL
6848,IOHEXOL 300 MG IODINE/ML IV SOLN,Q9967,00407141359,$152.00,30 mL
6848,IOHEXOL 300 MG IODINE/ML IV SOLN,Q9967,00407141387,$152.00,100 mL
6969,VANCOMYCIN 1000 MG IV SOLR,J3370,70860010520,$152.00,1 Each
6969,VANCOMYCIN 1000 MG IV SOLR,J3370,00409653301,$152.00,1 Each
6990,DIGOXIN 250 MCG/ML (0.25 MG/ML) IJ SOLN,J1160,00641141035,$152.00,2 mL
7002,METHOCARBAMOL 100 MG/ML IJ SOLN,J2800,00641610301,$152.00,10 mL
7029,AMANTADINE HCL 100 MG PO CAPS,,62332024631,$975.00,100 Each
7048,MORPHINE (PF)  1 MG/ML IJ SOLN,J2274,00641601910,$403.50,10 mL
7122,TRIAMCINOLONE ACETONIDE 0.1 % TP CREA,,00603786278,$152.00,30 gram
7236,KETOROLAC 30 MG/ML (1 ML) IJ SOLN,J1885,63323016212,$152.00,1 mL
7266,HYDRALAZINE 20 MG/ML IJ SOLN,J0360,63323061455,$152.00,1 mL
7276,BUTALBITAL-ACETAMINOPHEN-CAFF 50-325-40 MG PO TABS,,00603254421,$837.00,100 Each
7427,LIDOCAINE-PRILOCAINE 2.5-2.5 % TP CREA,,00115146860,$152.00,5 gram
7452,HYDROMORPHONE (PF)  1 MG/ML IJ SOLN,J1170,63323085203,$152.00,1 mL
7594,LAMOTRIGINE  25 MG PO TABS,,51079049820,$152.00,100 Each
7633,ROPIVACAINE (PF) 2 MG/ML (0.2 %) IJ SOLN,J2795,63323028561,$529.50,100 mL
7713,ERYTHROMYCIN LACTOBIONATE  500 MG IV SOLR,J1364,00409648201,"$1,084.26",1 Each
7734,HYDROCORTISONE ACETATE 25 MG PR SUPP,,00713050312,"$1,929.24",12 Each
7743,POTASSIUM CHLORIDE 20 MEQ/15 ML PO LIQD,,66689004750,$181.80,15 mL
7786,ROPIVACAINE (PF) 10 MG/ML (1 %) IJ SOLN,J2795,63323028821,$152.00,20 mL
7806,KETOROLAC 10 MG PO TABS,,00378113401,"$2,533.50",100 Each
7854,SODIUM BICARBONATE 8.4 % IV SOLN,,00409662502,$152.00,50 mL
7941,CEFOTAXIME  1 GRAM IJ SOLR,J0698,00143993125,$152.00,1 Each
7965,PREDNISONE 10 MG PO DSPK,,00603533815,$296.10,21 Each
8028,CYCLOPENTOLATE 1 % OP DROP,,24208073501,$152.00,2 mL
8070,PRAMIPEXOLE 0.5 MG PO TABS,,68382019816,$152.00,90 Each
8117,AMINOCAPROIC ACID 250 MG/ML IV SOLN,J3490,00409434673,$152.00,20 mL
8121,METHYLPREDNISOLONE ACETATE 80 MG/ML IJ SUSP,J1040,00009347523,$200.07,1 mL
8181,FLUCONAZOLE IN NACL (ISO-OSM) 200 MG/100 ML IV PGBK,J1450,36000028706,$152.00,100 mL
8250,NITROGLYCERIN IN D5W 50 MG/250 ML (0.2 MG/ML) IV SOLN,,00338104902,$152.00,250 mL
8360,FOLIC ACID  5 MG/ML IJ SOLN,J3490,63323018411,$321.00,10 mL
8387,METHYLERGONOVINE 0.2 MG/ML (1 ML) IJ SOLN,J2210,17478050101,$315.00,1 mL
8449,"BETAMETHASONE ACET,SOD PHOS 6 MG/ML IJ SUSP",J0702,00517072001,$486.90,5 mL
8500,OXYCODONE-ACETAMINOPHEN 5-325 MG PO TABS,,00406051262,$310.50,100 Each
8529,HYDROCORTISONE  2.5 % TP CRPE,,10631040701,$978.93,28.35 gram
8575,"LIDOCAINE-EPINEPHRINE 1 %-1:100,000 IJ SOLN",,63323048227,$152.00,20 mL
8622,"ALBUMIN, HUMAN 25 % 25 % IV SOLP",P9047,44206025105,$453.00,50 mL
8622,"ALBUMIN, HUMAN 25 % 25 % IV SOLP",P9047,00053768033,$906.00,100 mL
8639,TERBINAFINE HCL 250 MG PO TABS,,16714050101,$152.00,30 Each
8669,RIFAMPIN 300 MG PO CAPS,,63739041510,"$1,395.00",100 Each
8725,ENTACAPONE 200 MG PO TABS,,51079027303,"$2,352.15",30 Each
8740,CEFTRIAXONE   1 GRAM IJ SOLR,J0696,00409733201,$152.00,1 Each
8740,CEFTRIAXONE   1 GRAM IJ SOLR,J0696,25021010610,$152.00,1 Each
8791,THIAMINE HCL (VITAMIN B1) 100 MG/ML IJ SOLN,J3411,63323001309,$152.00,2 mL
8857,SUMATRIPTAN SUCCINATE 6 MG/0.5 ML SC SOLN,J3030,55150017301,$152.00,.5 mL
8925,HYDROMORPHONE  2 MG PO TABS,,42858030125,$231.00,100 Each
8929,ALPRAZOLAM 0.25 MG PO TABS,,63739064410,$152.00,100 Each
8991,ALTEPLASE 100 MG IV SOLR,J2997,50242008527,"$123,065.25",1 Each
8993,POTASSIUM CHLORIDE IN WATER 10 MEQ/100 ML IV PGBK,J3480,00409707426,$152.00,100 mL
9067,ESMOLOL 100 MG/10 ML (10 MG/ML) IV SOLN,,63323065210,$152.00,10 mL
9137,PREDNISOLONE ACETATE 1 % OP DRPS,,61314063705,$618.75,5 mL
9146,DIPHENHYDRAMINE HCL 50 MG/ML IJ SOLN,J1200,63323066401,$152.00,1 mL
9301,CALCIUM CHLORIDE 100 MG/ML (10 %) IV SOLN,,00517271025,$152.00,10 mL
9325,TEMAZEPAM 15 MG PO CAPS,,63739023110,$152.00,100 Each
9359,CEFAZOLIN IN DEXTROSE (ISO-OS) 1 GRAM/50 ML IV PGBK,J0690,00264310311,$158.55,1 Each
9360,ETOMIDATE 2 MG/ML IV SOLN,,00409669510,$152.00,10 mL
9392,POTASSIUM CHLORIDE  8 MEQ PO TBSR,,66758011013,$495.00,100 Each
9516,CALCIUM GLUCONATE 100 MG/ML (10%) IV SOLN,J0610,63323031119,$152.00,10 mL
9554,HYDROMORPHONE  2 MG/ML IJ SOLN,J1170,00409336511,$152.00,1 mL
9555,CHLORDIAZEPOXIDE HCL  25 MG PO CAPS,,51079014120,$738.00,100 Each
9555,CHLORDIAZEPOXIDE HCL  25 MG PO CAPS,,00555015902,$152.00,100 Each
9583,METHOTREXATE SODIUM  2.5 MG PO TABS,J8610,51079067005,$705.30,20 Each
9620,LIDOCAINE HCL 4 % (40 MG/ML) MM SOLN,,00054350547,$405.00,50 mL
9707,POTASSIUM CHLORIDE IN WATER 20 MEQ/100 ML IV PGBK,J3480,00409707526,$152.00,100 mL
9728,GENTAMICIN 0.3 % OP DROP,,60758018805,$152.00,5 mL
9794,TAMSULOSIN 0.4 MG PO CAPS,,63739056710,$387.00,100 Each
9811,LINEZOLID 600 MG PO TABS,,00904655304,"$1,662.75",30 Each
9811,LINEZOLID 600 MG PO TABS,,00009513503,"$1,485.45",30 Each
9977,DOXYCYCLINE HYCLATE 100 MG IV SOLR,J3490,63323013011,$282.00,1 Each
9978,AMPICILLIN-SULBACTAM  3 GRAM IJ SOLR,J0295,00049001483,$152.00,1 Each
9978,AMPICILLIN-SULBACTAM  3 GRAM IJ SOLR,J0295,25021014330,$152.00,1 Each
10046,AMOXICILLIN 250 MG/5 ML PO SUSR,,00093415579,$152.00,80 mL
10155,CIPROFLOXACIN HCL 0.3 % OP DROP,,16571012025,$152.00,2.5 mL
10156,CALCITONIN (SALMON) 200 UNIT/ACTUATION NA SPRY,,00245000835,$442.22,3.7 mL
10278,MICONAZOLE NITRATE 2 % TP OINT,,11701006723,$152.00,57 gram
10292,PIPERACILLIN-TAZOBACTAM  3.375 GRAM IV SOLR,J2543,00781935095,$152.00,1 Each
10304,SODIUM BICARBONATE 650 MG PO TABS,,64980018210,$152.00,1000 Each
10355,PHENYTOIN SODIUM 50 MG/ML IV SOLN,J1165,00641049325,$152.00,2 mL
10355,PHENYTOIN SODIUM 50 MG/ML IV SOLN,J1165,00641255545,$152.00,5 mL
10372,SULFACETAMIDE SODIUM 10 % OP DROP,,61314070101,$525.83,15 mL
10417,CLINDAMYCIN IN 5 % DEXTROSE 900 MG/50 ML IV PGBK,J3490,00781922209,$152.00,50 mL
10420,ETHAMBUTOL 400 MG PO TABS,,68850001202,"$1,090.50",100 Each
10585,HYDROCORTISONE  1 % TP CREA,,45802043803,$152.00,28 gram
10606,BELLADONNA ALKALOIDS-OPIUM 16.2-30 MG PR SUPP,,00574704512,"$3,686.40",12 Each
10685,TRIAMCINOLONE ACETONIDE 40 MG/ML IJ SUSP,J3301,00003029305,$152.00,1 mL
10699,INSULIN ASPART U-100 100 UNITS/ML SC SOLN,J1815,99999001530,$606.00,10 mL
10699,INSULIN ASPART U-100 100 UNITS/ML SC SOLN,J1815,00169750111,$606.45,10 mL
10714,PHENYLEPHRINE HCL  1 % NA SPRY,,69536010015,$152.00,15 mL
10814,CEPHALEXIN 500 MG PO CAPS,,65862001901,$255.00,100 Each
10825,PIPERACILLIN-TAZOBACTAM  4.5 GRAM IV SOLR,J2543,00781336795,$152.00,1 Each
10851,COCAINE  4 % TP SOLN,C9046,00527172874,"$3,390.00",4 mL
10876,PANTOPRAZOLE 40 MG PO TBEC,,63739056410,$345.00,100 Each
10877,METHYLPREDNISOLONE SODIUM SUCC 1000 MG IV SOLR,J2930,00009069801,$585.75,1 Each
10885,ERYTHROMYCIN 5 MG/GRAM (0.5 %) OP OINT,,17478007035,$206.85,3.5 gram
10891,VENLAFAXINE  37.5 MG PO TABS,,68084084401,$774.00,100 Each
10901,OXYTOCIN 10 UNITS/ML IJ SOLN,J2590,63323001201,$152.00,1 mL
10923,ACETAZOLAMIDE SODIUM 500 MG IJ SOLR,J1120,39822019007,$216.75,1 Each
10938,METHYLPREDNISOLONE ACETATE 40 MG/ML IJ SUSP,J1030,00009307323,$152.00,1 mL
10947,CYANOCOBALAMIN (VITAMIN B-12) 1000 MCG/ML IJ SOLN,J3420,63323004401,$152.00,1 mL
11009,OSELTAMIVIR 75 MG PO CAPS,,00004080085,"$2,122.50",10 Each
11016,PYRIDOXINE (VITAMIN B6) 100 MG/ML IJ SOLN,J3415,63323018001,$152.00,1 mL
11238,FLUTICASONE PROPIONATE 100 MCG/ACTUATION IN DSDV,J3535,00173060200,"$1,331.40",28 Each
11304,"NEOMYCIN-POLYMYXIN B-DEXAMETH 3.5MG/ML-10,000 UNIT/ML-0.1 % OP DR",S,61314063006,$206.40,5 mL
11331,AZTREONAM 2 GRAM IJ SOLR,,63323040230,$756.15,1 Each
11346,TOBRAMYCIN 0.3 % OP DROP,,24208029005,$216.75,5 mL
11354,CISATRACURIUM 2 MG/ML IV SOLN,,00781903795,$152.00,5 mL
11374,DEXTROSE 25 % IN WATER (D25W) IV SYRG,,00409177510,$152.00,10 mL
11390,NYSTATIN 100000 UNIT/GRAM TP CREA,,00168005430,$292.50,30 gram
11489,CLOTRIMAZOLE-BETAMETHASONE 1-0.05 % TP CREA,,51672404801,$152.00,15 gram
11536,ADENOSINE 3 MG/ML IV SOLN,J0153,25021030102,$152.00,2 mL
11677,ATROPINE 0.1 MG/ML IJ SYRG,J0461,76329333901,$152.00,10 mL
11691,MEROPENEM 1 GRAM IV SOLR,J2185,63323050831,$152.00,1 Each
11704,INSULIN REGULAR HUMAN 100 UNITS/ML IJ SOLN,J1815,00169183311,$197.40,10 mL
11704,INSULIN REGULAR HUMAN 100 UNITS/ML IJ SOLN,J1815,99999001529,$196.50,10 mL
11807,CEFAZOLIN 500 MG IJ SOLR,J0690,00143992390,$152.00,1 Each
11807,CEFAZOLIN 500 MG IJ SOLR,J0690,63323023610,$152.00,1 Each
11842,LIDOCAINE 5 % TP PTMD,,00603188016,"$1,630.80",30 Each
12044,CANDESARTAN 16 MG PO TABS,,49884066009,"$2,311.20",90 Each
12053,AMPICILLIN SODIUM 500 MG IJ SOLR,J0290,00781340795,$152.00,1 Each
12100,IRON SUCROSE 100 MG IRON/5 ML IV SOLN,J1756,00517234010,$461.25,5 mL
12118,METHYLENE BLUE (ANTIDOTE) 1 % (10 MG/ML) IV SOLN,Q9968,17478050401,$288.00,1 mL
12239,BRIMONIDINE 0.2 % OP DROP,,61314014305,$152.00,5 mL
12255,DIGOXIN IMMUNE FAB 40 MG IV SOLR,J1162,50633012011,"$53,434.80",1 Each
12273,DIVALPROEX 125 MG PO TBEC,,00832712211,$152.00,100 Each
12301,EPINEPHRINE 0.1 MG/ML IJ SYRG,J0171,76329331601,$152.00,10 mL
12325,VALPROATE SODIUM 500 MG/5 ML (100 MG/ML) IV SOLN,,63323049405,$152.00,5 mL
12368,CALCIUM POLYCARBOPHIL 625 MG PO TABS,,00536430608,$152.00,60 Each
12477,HYDROCORTISONE 20 MG PO TABS,,59762007501,$682.50,100 Each
12578,CHLORPROMAZINE  25 MG/ML IJ SOLN,J3230,00641139835,$381.39,2 mL
12678,POTASSIUM CHLORIDE IN 0.9%NACL 20 MEQ/L IV SOLP,J3480,00264786500,$152.00,1000 mL
12729,"NYSTATIN-TRIAMCINOLONE 100,000-0.1 UNIT/G-% TP CREA",,00168008115,$939.60,15 gram
12772,AZITHROMYCIN 500 MG IV SOLR,J0456,63323039812,$152.00,1 Each
12831,AMPICILLIN-SULBACTAM  1.5 GRAM IJ SOLR,J0295,55150011620,$152.00,1 Each
12876,FENTANYL CITRATE (PF) 50 MCG/ML IJ SOLN,J3010,00409909422,$152.00,2 mL
13011,BUTALBITAL-ASPIRIN-CAFFEINE 50-325-40 MG PO CAPS,,00527155201,"$1,531.50",100 Each
13136,AMPICILLIN SODIUM  2 GRAM IJ SOLR,J0290,55150011420,$152.00,1 Each
13147,IOHEXOL 350 MG IODINE/ML IV SOLN,Q9967,00407141491,$152.00,100 mL
13181,MUPIROCIN CALCIUM 2 % TP CREA,,68462056417,"$2,128.50",15 gram
13212,SULFAMETHOXAZOLE-TRIMETHOPRIM 200-40 MG/5 ML PO SUSP,,99999001501,$152.00,5 mL
13212,SULFAMETHOXAZOLE-TRIMETHOPRIM 200-40 MG/5 ML PO SUSP,,65862049647,$152.00,473 mL
13240,AMPHOTERICIN B 50 MG IJ SOLR,J0285,39822105505,$530.55,1 Each
13324,OXYBUTYNIN CHLORIDE  5 MG PO TR24,,51079072220,"$1,035.00",100 Each
13351,MERCAPTOPURINE 50 MG PO TABS,,00054458111,$551.25,25 Each
13466,LIDOCAINE HCL  2 % MM SOLN,,50383077517,$152.00,15 mL
13582,BUDESONIDE 0.5 MG IN NBSP,J7626,00093681673,$152.00,2 mL
13700,VANCOMYCIN  500 MG IV SOLR,J3370,67457033900,$152.00,1 Each
13700,VANCOMYCIN  500 MG IV SOLR,J3370,00409433201,$152.00,500 mg
13709,TOBRAMYCIN SULFATE 40 MG/ML IJ SOLN,J3260,63323030602,$152.00,80 mg
13741,RALOXIFENE 60 MG PO TABS,,00093729056,$708.30,30 Each
13807,CHLORDIAZEPOXIDE HCL  10 MG PO CAPS,,51079037520,$676.50,100 Each
13932,VERAPAMIL 2.5 MG/ML IV SOLN,,00409114405,$178.20,2 mL
14028,DILTIAZEM HCL 120 MG PO CP24,,63739028310,$450.00,100 Each
14162,DORZOLAMIDE-TIMOLOL 22.3-6.8 MG/ML OP DROP,,50383023310,$209.55,10 mL
14172,HYDROCORTISONE  2.5 % TP CREA,,00472033730,$152.00,30 gram
14183,AMOXICILLIN 250 MG PO CAPS,,16714029801,$152.00,100 Each
14243,MONTELUKAST 10 MG PO TABS,,00904652961,$450.00,100 Each
14281,MORPHINE  15 MG PO TBSR,,00406831562,$729.00,100 Each
14315,CODEINE-GUAIFENESIN 10-100 MG/5 ML PO LIQD,,50383008707,$152.00,5 mL
14338,HALOPERIDOL LACTATE 5 MG/ML IJ SOLN,J1630,63323047401,$152.00,1 mL
14447,AMPICILLIN SODIUM  1 GRAM IJ SOLR,J0290,63323038910,$152.00,1 Each
14447,AMPICILLIN SODIUM  1 GRAM IJ SOLR,J0290,00781940485,$152.00,1 Each
14447,AMPICILLIN SODIUM  1 GRAM IJ SOLR,J0290,00781940495,$152.00,1 Each
14449,CEFTRIAXONE 500 MG IJ SOLR,J0696,00409733801,$152.00,1 Each
14460,KETAMINE  50 MG/ML IJ SOLN,,00143950810,$152.00,10 mL
14460,KETAMINE  50 MG/ML IJ SOLN,,00143950801,$152.00,10 mL
14478,SODIUM BICARBONATE 4 % IV SOLN,,00409660925,$152.00,5 mL
14595,CLONIDINE 0.3 MG/24 HR TD PTWK,,00378087399,"$1,214.40",4 Each
14713,MUPIROCIN 2 % TP OINT,,68462018022,$152.00,22 gram
14718,SODIUM NITROPRUSSIDE 25 MG/ML IV SOLN,,00187430202,"$1,162.50",50 mg
14718,SODIUM NITROPRUSSIDE 25 MG/ML IV SOLN,,25021031002,$272.70,2 mL
14785,ZOLPIDEM  5 MG PO TABS,,51079072420,$152.00,100 Each
14785,ZOLPIDEM  5 MG PO TABS,,16714062101,$152.00,100 Each
14823,SODIUM CHLORIDE 10 % IN NEBU,,00378699889,$152.00,15 mL
14835,BUMETANIDE 0.25 MG/ML IJ SOLN,J3490,00409141204,$152.00,4 mL
14838,METHYLPREDNISOLONE SODIUM SUCC  500 MG IV SOLR,J2930,00009075801,$322.50,500 mg
14862,PHENYLEPHRINE HCL 10 MG/ML IJ SOLN,J2370,76014000432,$217.50,5 mL
14862,PHENYLEPHRINE HCL 10 MG/ML IJ SOLN,J2370,00641614225,$152.00,1 mL
14888,PERMETHRIN 1 % TP LIQD,,63736012002,$152.00,59 mL
15037,"GELATIN SPONGE,ABSORB-PORCINE 12-7 MM TP SPGE",,00009031508,$699.84,12 Each
15106,CEFUROXIME SODIUM   1.5 GRAM IV SOLR,J0697,00143997790,$152.00,1 Each
15143,NYSTATIN 100000 UNIT/GRAM TP POWD,,00574200815,$152.00,15 gram
15156,COLLAGENASE CLOSTRIDIUM HISTO. 250 UNIT/GRAM TP OINT,,50484001030,"$3,072.15",30 gram
15202,DEXAMETHASONE SODIUM PHOSPHATE  4 MG/ML IJ SOLN,J1100,63323016505,$152.00,5 mL
15202,DEXAMETHASONE SODIUM PHOSPHATE  4 MG/ML IJ SOLN,J1100,63323016501,$152.00,1 mL
15232,LORAZEPAM 1 MG PO TABS,,00591024101,$152.00,100 Each
15272,AZTREONAM 1 GRAM IJ SOLR,,63323040120,$152.00,1 Each
15412,PHENYLEPHRINE HCL  2.5 % OP DROP,,17478020102,$431.40,2 mL
15455,MANNITOL 20 % 20 % IV SOLP,,00409771503,$240.00,500 mL
15481,CEFTAZIDIME   1 GRAM IJ SOLR,J0713,00409508216,$152.00,1 Each
15572,PROPOFOL 10 MG/ML IV EMUL,J2704,63323026937,$152.00,20 mL
15572,PROPOFOL 10 MG/ML IV EMUL,J2704,63323026967,$152.00,100 mL
15671,LEVOFLOXACIN 500 MG PO TABS,,00904635261,$295.50,100 Each
15702,PENICILLIN G POTASSIUM 20 MILLION UNIT IJ SOLR,J2540,00049053022,$495.00,1 Each
15743,POLYMYXIN B SULFATE 500000 UNITS IJ SOLR,,39822017107,$152.00,1 Each
15757,AMIODARONE 50 MG/ML IV SOLN,J0282,63323061603,$152.00,3 mL
15777,GENTAMICIN 40 MG/ML IJ SOLN,J1580,00409120703,$152.00,2 mL
15813,SCOPOLAMINE BASE 1 MG OVER 3 DAYS TD PT3D,,00067434504,$962.40,4 Each
15813,SCOPOLAMINE BASE 1 MG OVER 3 DAYS TD PT3D,,10019055302,"$5,770.80",24 Each
15813,SCOPOLAMINE BASE 1 MG OVER 3 DAYS TD PT3D,,10019055304,"$5,770.80",24 Each
15833,SODIUM PHOSPHATE 3 MMOL/ML IV SOLN,,00409739172,$203.63,15 mL
15860,NEOMYCIN 500 MG PO TABS,,39822031005,"$1,117.50",100 Each
15892,GENTAMICIN 0.3 % (3 MG/GRAM) OP OINT,,17478028435,$152.00,3.5 gram
15893,ALBUTEROL SULFATE 90 MCG/ACTUATION IN HFAA,J3535,00173068224,$293.16,8 gram
15969,TIMOLOL MALEATE 0.5 % OP DROP,,17478028810,$152.00,5 mL
15972,HEPARIN (PORCINE) 10000 UNITS/ML IJ SOLN,J1644,63323054201,$152.00,1 mL
15991,LOSARTAN-HYDROCHLOROTHIAZIDE 50-12.5 MG PO TABS,,16714022601,$152.00,30 Each
15994,COLCHICINE 0.6 MG PO TABS,,66993016502,"$6,690.00",100 Each
16239,KETOCONAZOLE 2 % TP CREA,,00168009915,$185.18,15 gram
16303,LABETALOL 5 MG/ML IV SOLN,,00409226754,$152.00,40 mL
16303,LABETALOL 5 MG/ML IV SOLN,,00409226725,$152.00,20 mL
16424,PIPERACILLIN-TAZOBACTAM  2.25 GRAM IV SOLR,J2543,00781934495,$152.00,1 Each
16430,AMPHOTERICIN B LIPOSOME 50 MG IV SUSR,J0289,00469305130,"$3,449.10",1 Each
16461,PROPARACAINE 0.5 % OP DROP,,61314001601,$403.65,15 mL
16461,PROPARACAINE 0.5 % OP DROP,,17478026312,$490.50,15 mL
16510,"LIDOCAINE-EPINEPHRINE 2 %-1:100,000 IJ SOLN",,63323048327,$152.00,20 mL
16573,ONDANSETRON 4 MG PO TBDL,S0119,65862039010,$152.00,30 Each
16609,SODIUM CHLORIDE  0.9 % IN NEBU,,00378698789,$152.00,15 mL
16609,SODIUM CHLORIDE  0.9 % IN NEBU,,00487930103,$152.00,3 mL
16653,DEXAMETHASONE SODIUM PHOSPHATE 10 MG/ML IJ SOLN,J1100,00641036725,$152.00,1 mL
16653,DEXAMETHASONE SODIUM PHOSPHATE 10 MG/ML IJ SOLN,J1100,00641036721,$152.00,1 mL
16710,AMINO ACID 5 % IN 15% DEXTROSE 5 % IV SOLP,,00338113703,$152.00,1000 mL
16824,FLUTICASONE PROPIONATE  50 MCG/ACTUATION NA SPSN,,49348018229,$152.00,15.8 mL
16869,CLOTRIMAZOLE 1 % TP CREA,,00904782231,$152.00,28.35 gram
16919,HEPARIN (PORCINE)  5000 UNITS/ML IJ SOLN,J1644,63323026255,$152.00,1 mL
16952,RISPERIDONE   1 MG PO TABS,,00904635961,$183.00,100 Each
16971,INDOCYANINE GREEN 25 MG IJ SOLR,,17238042406,"$1,013.55",1 Each
16979,ALTEPLASE   2 MG CATH SOLR,J2997,50242004164,"$2,140.50",1 Each
17023,TACROLIMUS 1 MG PO CAPS,J7507,00781930301,"$2,595.00",100 Each
17023,TACROLIMUS 1 MG PO CAPS,J7507,51079081820,"$1,602.00",100 Each
17048,EPHEDRINE SULFATE 50 MG/ML IJ SOLN,,17478051500,$153.80,1 mL
17144,HYDROXYZINE HCL 50 MG/ML IM SOLN,J3410,00517560125,$202.20,1 mL
17185,DOXYCYCLINE HYCLATE 100 MG PO TABS,,00904043004,"$1,332.90",30 Each
17294,LAMOTRIGINE 100 MG PO TABS,,63739051610,$268.50,100 Each
17399,BRIMONIDINE 0.15 % OP DROP,,61314014405,"$1,959.60",5 mL
17435,NOREPINEPHRINE BITARTRATE 1 MG/ML IV SOLN,,00409337525,$278.64,4 mL
17527,PNEUMOCOCCAL 23-VAL PS VACCINE 25 MCG/0.5 ML IJ SOLN,90732,00006494300,$713.33,.5 mL
17582,IPRATROPIUM BROMIDE 0.02 % IN SOLN,J7644,00487980101,$152.00,2.5 mL
17881,DIAZEPAM  5 MG PO TABS,,63739007310,$152.00,100 Each
17891,SODIUM CHLORIDE 3 % 3 % IV SOLP,J7131,00264780510,$152.00,500 mL
17972,REPAGLINIDE 1 MG PO TABS,,00574024101,$258.00,100 Each
17976,AMOXICILLIN-POT CLAVULANATE 875-125 MG PO TABS,,16714047801,$173.40,20 Each
18021,PHENOBARBITAL  32.4 MG PO TABS,,63739020110,$834.00,100 Each
18063,DORZOLAMIDE 2 % OP DROP,,50383023210,$489.30,10 mL
18087,SODIUM CHLORIDE 4 MEQ/ML IV SOLP,,63323018730,$152.00,30 mL
18108,CEFTRIAXONE   2 GRAM IJ SOLR,J0696,60505610204,$152.00,1 Each
18113,AMOXICILLIN-POT CLAVULANATE 500-125 MG PO TABS,,16714029601,$152.00,20 Each
18113,AMOXICILLIN-POT CLAVULANATE 500-125 MG PO TABS,,16714049401,$152.00,20 Each
18156,"BACITRACIN-POLYMYXIN B 500-10,000 UNIT/GRAM OP OINT",,24208055555,$152.00,3.5 gram
18188,METOPROLOL TARTRATE 5 MG/5 ML IV SOLN,,36000003310,$152.00,5 mL
18245,CLINDAMYCIN IN 5 % DEXTROSE 600 MG/50 ML IV PGBK,J3490,00781922109,$152.00,50 mL
18297,TOBRAMYCIN-DEXAMETHASONE 0.3-0.1 % OP DRPS,,24208029505,"$1,417.50",5 mL
18305,OXYCODONE   5 MG PO TABS,,63739036510,$210.00,100 Each
18356,FLUMAZENIL 0.1 MG/ML IV SOLN,J3490,63323042405,$152.00,5 mL
18415,"NEOMYCIN-POLYMYXIN B-DEXAMETH 3.5 MG/G-10,000 UNIT/G-0.1 % OP OINT",,61314063136,$223.13,3.5 gram
18429,"NEOMYCIN-POLYMYXIN-HC 3.5-10,000-1 MG/ML-UNIT/ML-% OT DRPS",,24208063562,"$1,062.00",10 mL
18492,CIPROFLOXACIN IN 5 % DEXTROSE 200 MG/100 ML IV PGBK,J0744,00409477749,$152.00,100 mL
18500,ERTAPENEM 1 GRAM IJ SOLR,J1335,00006384371,"$1,798.80",1 Each
19009,SODIUM HYPOCHLORITE 0.5 % MISC SOLN,,00436094616,$152.00,473 mL
19048,PAMIDRONATE 30 MG/10 ML (3 MG/ML) IV SOLN,J2430,67457047210,$377.55,10 mL
21308,ENOXAPARIN 30 MG/0.3 ML SC SYRG,J1650,63323056894,$152.00,.3 mL
21309,ENOXAPARIN 60 MG/0.6 ML SC SYRG,J1650,63323056898,$152.00,.6 mL
21310,ENOXAPARIN  80 MG/0.8 ML SC SYRG,J1650,63323056899,$152.00,.8 mL
21311,ENOXAPARIN 100 MG/ML SC SYRG,J1650,63323056895,$152.00,1 mL
21312,ENOXAPARIN 40 MG/0.4 ML SC SYRG,J1650,63323056896,$152.00,.4 mL
21561,VORICONAZOLE 200 MG PO TABS,,00093529056,"$7,798.50",30 Each
21562,VORICONAZOLE 200 MG IV SOLR,J3465,00781341694,$418.50,1 Each
21562,VORICONAZOLE 200 MG IV SOLR,J3465,00049319001,$419.40,1 Each
22090,CALCIUM CHLORIDE 100 MG/ML (10 %) IV SYRG,,76329330401,$152.00,10 mL
22609,PNEUMOCOCCAL 23-VAL PS VACCINE 25 MCG/0.5 ML IJ SYRG,90732,00006483703,$712.50,.5 mL
22680,DEXTROSE 50 % IN WATER (D50W) IV SYRG,,00409751716,$152.00,50 mL
22717,LINEZOLID IN DEXTROSE 5% 600 MG/300 ML IV PGBK,J2020,00009499202,$306.00,300 mL
22821,DIAZEPAM 5 MG/ML IJ SYRG,J3360,00409127332,$332.76,2 mL
22905,SODIUM BICARBONATE 4.2 % (0.5 MEQ/ML) IV SYRG,,00409553434,$152.00,10 mL
22906,SODIUM BICARBONATE 8.4 % (1 MEQ/ML) IV SYRG,,76329335201,$163.50,50 mL
22977,HYDROMORPHONE  1 MG/ML IJ SYRG,J1170,00409128331,$152.00,1 mL
22990,PENICILLIN G BENZATHINE 1200000 UNIT/2 ML IM SYRG,J0561,60793070102,"$2,400.00",2 mL
23026,NALOXONE 1 MG/ML IJ SYRG,J2310,76329336901,$415.50,2 mL
23664,EZETIMIBE 10 MG PO TABS,,66582041431,"$4,819.50",30 Each
23797,ARIPIPRAZOLE  10 MG PO TABS,,60505267403,$623.70,30 Each
24590,INSULIN ASP PRT-INSULIN ASPART 100 UNIT/ML (70-30) SC SOLN,,00169368512,$606.45,10 mL
25307,LEVOFLOXACIN IN D5W 500 MG/100 ML IV PGBK,J1956,25021082582,$152.00,100 mL
25308,LEVOFLOXACIN IN D5W 750 MG/150 ML IV PGBK,J1956,25021082583,$152.00,150 mL
25309,LEVOFLOXACIN IN D5W 250 MG/50 ML IV PGBK,J1956,25021082581,$152.00,50 mL
25321,"BUPIVACAINE-EPINEPHRINE (PF) 0.5 %-1:200,000 IJ SOLN",,63323046237,$152.00,30 mL
25323,"BUPIVACAINE-EPINEPHRINE (PF) 0.25 %-1:200,000 IJ SOLN",,63323046837,$152.00,30 mL
25324,BUPIVACAINE (PF) 0.25 % IJ SOLN,J3490,63323046437,$152.00,30 mL
25325,BUPIVACAINE (PF) 0.5 % IJ SOLN,J3490,63323046637,$152.00,30 mL
25390,POTASSIUM CHLORIDE-0.45 % NACL 20 MEQ/L IV SOLP,J3480,00409925739,$152.00,1000 mL
25468,PHENYLEPHRINE HCL  0.5 % NA SPRY,,69536005015,$152.00,15 mL
25540,SODIUM CHLORIDE  0.65 % NA SPRA,,00603038046,$152.00,45 mL
25847,"BACITRACIN-POLYMYXIN B 500-10,000 UNIT/GRAM TP PACK",,00168002109,$399.60,144 Each
26051,POTASSIUM CHLORIDE 2 MEQ/ML IV SOLN,J3480,00409665305,$152.00,20 mL
26184,CIPROFLOXACIN-DEXAMETHASONE 0.3-0.1 % OT DRPS,,00065853302,"$3,465.00",7.5 mL
26317,AMINOPHYLLINE 250 MG/10 ML IV SOLN,J0280,00409592101,$165.75,10 mL
26318,AMINOPHYLLINE 500 MG/20 ML IV SOLN,J0280,00409592201,$152.00,20 mL
26486,BUPROPION HCL 150 MG PO TB24,,51079004720,"$2,587.50",100 Each
27590,DAPTOMYCIN 500 MG IV SOLR,J0878,67919001101,"$1,080.00",1 Each
27852,MEMANTINE 10 MG PO TABS,,00904650661,$568.50,100 Each
28300,"BACITRACIN ZINC-POLYMYXIN B 500-10,000 UNIT/GRAM TP OINT",,10939056833,$152.00,28.4 gram
30717,CINACALCET 30 MG PO TABS,,55513007330,"$11,281.50",30 Each
30817,OLANZAPINE 10 MG IM SOLR,J3490,00781315972,$314.70,1 Each
31084,TERBUTALINE 1 MG/ML SC SOLN,J3105,63323066501,$152.00,1 mL
31177,ACETYLCYSTEINE 200 MG/ML (20 %) IV SOLN,J0132,00574080530,"$2,623.50",30 mL
31606,RACEPINEPHRINE 2.25 % IN NEBU,,00487590199,$152.00,1 Each
31855,RIFAXIMIN 200 MG PO TABS,,65649030103,"$8,210.70",30 Each
31954,NITROFURANTOIN 100 MG PO CAPS,,51079034820,"$5,202.00",100 Each
32091,LEVALBUTEROL HCL 1.25 MG IN NEBU,J7612,17478017130,$152.00,1 Each
32112,EMTRICITABINE-TENOFOVIR (TDF) 200-300 MG PO TABS,,61958070101,"$24,583.50",30 Each
32121,DULOXETINE 30 MG PO CPDR,,00904645361,"$1,758.00",100 Each
32634,"MVI, ADULT NO.1 WITH VIT K 3,300 UNIT- 150 MCG/10 ML IV SOLN",,61703042282,$152.00,10 mL
33147,MAGNESIUM SULFATE IN D5W 1 GRAM/50 ML IV PGBK,,61553041041,$152.00,50 mL
33148,MAGNESIUM SULFATE IN D5W 2 GRAM/50 ML IV PGBK,J3475,61553041141,$152.00,50 mL
33391,BENZOCAINE 20 % MM SPRY,,00283061026,$152.00,1 Each
33700,LEVALBUTEROL TARTRATE 45 MCG/ACTUATION IN HFAA,J3535,00591292754,$817.65,15 gram
34005,IPRATROPIUM BROMIDE 17 MCG/ACTUATION IN HFAA,J3535,00597008717,"$5,751.98",12.9 gram
34214,SILDENAFIL (PULM.HYPERTENSION) 20 MG PO TABS,,00093551798,$184.95,90 Each
34244,TIGECYCLINE 50 MG IV SOLR,J3243,00008499020,"$2,188.05",1 Each
34439,"CEFTRIAXONE IN DEXTROSE,ISO-OS 2 GRAM/50 ML IV PGBK",J0696,00264315511,$340.20,1 Each
34572,PREGABALIN  25 MG PO CAPS,,00071101268,"$10,300.50",90 Each
34574,PREGABALIN  75 MG PO CAPS,,00071101441,"$12,003.00",100 Each
34940,MEPERIDINE (PF)  25 MG/ML IJ SOLN,J2175,00641605201,$152.00,1 mL
34943,MEPERIDINE (PF)  25 MG/ML IJ SYRG,J2175,00409117630,$152.00,1 mL
34947,MEPERIDINE (PF) 100 MG/ML IJ SOLN,J2175,00641605401,$152.00,1 mL
35153,LOPINAVIR-RITONAVIR 200-50 MG PO TABS,,00074679922,"$14,310.00",120 Each
35720,"HEPARIN (PORCINE) IN 5 % DEX 25,000 UNIT/250 ML(100 UNIT/ML) IV SOLP",J1644,00409779362,$152.00,250 mL
35721,"HEPARIN, PORCINE (PF)  100 UNITS/ML IV SYRG",J1642,08290306516,$152.00,3 mL
35749,RANOLAZINE  500 MG PO TB12,,61958100301,"$5,481.00",60 Each
35873,HEPARIN(PORCINE) IN 0.45% NACL 25000 UNIT/250 ML IV SOLP,J1644,00409765062,$152.00,250 mL
36299,LIDOCAINE (PF) 10 MG/ML (1 %) IJ SOLN,J3490,63323049257,$152.00,5 mL
36299,LIDOCAINE (PF) 10 MG/ML (1 %) IJ SOLN,J3490,00143959501,$152.00,5 mL
36300,LIDOCAINE (PF) 20 MG/ML (2 %) IJ SOLN,J2001,63323049507,$152.00,5 mL
36300,LIDOCAINE (PF) 20 MG/ML (2 %) IJ SOLN,J2001,63323049504,$152.00,5 mL
36303,LIDOCAINE (PF) 20 MG/ML (2 %) IV SOLN,J2001,63323020805,$152.00,5 mL
36304,LIDOCAINE (PF) 100 MG/5 ML (2 %) IV SYRG,J2001,76329339001,$152.00,5 mL
36305,LIDOCAINE (PF) 50 MG/5 ML (1 %) IV SYRG,J2001,00409490434,$152.00,5 mL
36311,LIDOCAINE IN 5 % DEXTROSE (PF) 4 MG/ML (0.4 %) IV SOLP,J2001,00264959410,$152.00,500 mL
36556,GADOBENATE DIMEGLUMINE 529 MG/ML (0.1MMOL/0.2ML) IV SOLN,A9577,00270516414,$351.00,15 mL
36556,GADOBENATE DIMEGLUMINE 529 MG/ML (0.1MMOL/0.2ML) IV SOLN,A9577,00270516413,$238.50,10 mL
36862,FENOFIBRATE NANOCRYSTALLIZED 145 MG PO TABS,,45802013275,"$1,170.45",90 Each
36862,FENOFIBRATE NANOCRYSTALLIZED 145 MG PO TABS,,51079060820,"$3,709.50",100 Each
37078,LEVETIRACETAM 500 MG/5 ML IV SOLN,J1953,00143957410,$152.00,5 mL
37078,LEVETIRACETAM 500 MG/5 ML IV SOLN,J1953,25021078005,$152.00,5 mL
37239,"NEOMYCIN-BACITRACNZN-POLYMYXNB 3.5-400-5,000 MG-UNIT-UNIT TP OIPK",,45802014370,$293.76,144 Each
37424,SITAGLIPTIN  50 MG PO TABS,,00006011228,"$18,930.00",100 Each
37480,PERIT.DIALYSIS 6-1.5 % DEXTROS CA 2.5 MEQ/L- MG 0.5 MEQ/L IP SOLN,,00941040901,$152.00,6000 mL
37480,PERIT.DIALYSIS 6-1.5 % DEXTROS CA 2.5 MEQ/L- MG 0.5 MEQ/L IP SOLN,,00941040906,$152.00,2000 mL
37499,MICAFUNGIN 100 MG IV SOLR,J2248,00469321199,$915.30,1 Each
37523,ONDANSETRON HCL (PF) 4 MG/2 ML IJ SOLN,J2405,00641608025,$152.00,2 mL
37523,ONDANSETRON HCL (PF) 4 MG/2 ML IJ SOLN,J2405,00409475503,$152.00,2 mL
37831,DEXAMETHASONE SODIUM PHOS (PF) 10 MG/ML IJ SOLN,J1100,63323050601,$152.00,1 mL
38060,HEPATITIS B IMMUNE GLOBULIN GREATR THAN 312 UNIT/ML IM SOLN,90371,59730420201,"$2,054.55",1 mL
38089,ALISKIREN 150 MG PO TABS,,00078048515,"$2,902.50",30 Each
38370,HEPATITIS B VIRUS VACC.REC(PF) 20 MCG/ML IM SYRG,90632,58160082152,$713.85,1 mL
38591,ETHYL CHLORIDE 100 % TP SPRA,,00386000103,$414.52,103.5 mL
38595,PEG 3350-ELECTROLYTES 236-22.74-6.74 -5.86 GRAM PO SOLR,,43386009019,$180.00,4000 mL
38693,"NEOMYCIN-POLYMYXIN-GRAMICIDIN 1.75 MG-10,000 UNIT-0.025MG/ML OP D",OP,24208079062,$713.85,10 mL
40314,THROMBIN (BOVINE)  5000 UNITS TP SOLR,,60793021505,$665.55,1 Each
40480,OSELTAMIVIR 30 MG PO CAPS,,00004080285,"$1,947.00",10 Each
40498,RALTEGRAVIR 400 MG PO TABS,,00006022761,"$22,017.60",60 Each
40536,FAMOTIDINE (PF) 20 MG/2 ML IV SOLN,,63323073912,$152.00,2 mL
40723,MAGNESIUM SULFATE IN WATER 2 GRAM/50 ML (4 %) IV PGBK,J3475,00409672924,$152.00,50 mL
40747,"CEFOTETAN IN DEXTROSE, ISO-OSM 1 GRAM/50 ML IV PGBK",,00264317311,$253.62,1 Each
40996,SEVELAMER CARBONATE 800 MG PO TABS,,60687032831,$885.00,100 Each
41017,INDIUM 111-PENTETREOTIDE 3-10 MCI/ML-MCG IV KIT,A9572,00019905040,"$15,953.79",1 Each
41043,MAGNESIUM SULFATE IN D5W  1 G/100 ML IV PGBK,J3475,63323010801,$152.00,100 mL
41195,BARIUM SULFATE   0.1 % PO SUSP,,32909094503,$152.00,450 mL
41324,FOSPHENYTOIN 500 MG PE/10 ML IJ SOLN,Q2009,00069547402,$231.00,10 mL
41386,TETANUS AND DIPHTHER. TOX (PF) 5-2 LF UNIT/0.5 ML IM SYRG,90714,49281021515,$426.53,.5 mL
41387,TETANUS AND DIPHTHER. TOX (PF) 5 LF UNIT- 2 LF UNIT/0.5ML IM SUSP,90714,49281021510,$426.53,.5 mL
41392,PANTOPRAZOLE 40 MG PO GRPS,,00008084402,"$5,782.50",30 Each
41749,"DIPH,PERTUSS(ACEL),TET VAC(PF) 2 LF-(2.5-5-3-5 MCG)-5LF/0.5 ML IM SYRG",90715,49281040015,$504.90,.5 mL
41976,REGADENOSON 0.4 MG/5 ML IV SYRG,J2785,00469650189,"$3,159.75",5 mL
73840,TOCILIZUMAB 400 MG/20 ML (20 MG/ML) IV SOLN,J3262,50242013701,"$55,425.00",20 mL
73852,METHYLPREDNISOLONE SOD SUC(PF) 40 MG/ML IJ SOLR,J2920,00009003932,$152.00,1 Each
73853,METHYLPREDNISOLONE SOD SUC(PF) 125 MG/2 ML IJ SOLR,J2930,00009004726,$152.00,1 Each
73855,METHYLPREDNISOLONE SOD SUC(PF) 1000 MG/8 ML IV SOLR,J2930,00009001820,$661.80,1 Each
73861,FLUCONAZOLE IN NACL (ISO-OSM) 100 MG/50 ML IV PGBK,J1450,36000026110,$152.00,50 mL
74371,MORPHINE 1 MG/ML PCA CSMC,J2270,61553069668,"$1,057.50",30 mL
74371,MORPHINE 1 MG/ML PCA CSMC,J2270,99999007776,"$1,057.50",30 mL
74394,KIT PREP OF TC-99M-MEBROFENIN 45 MG IV SOLR,A9537,00270008320,"$1,624.80",10 Each
74417,KIT PREP OF TC-99M-SOD PYROPH 12 MG IV SOLR,A9538,45567006001,$922.50,5 Each
74483,HYDROCORTISONE SOD SUCC (PF) 100 MG/2 ML IJ SOLR,J1720,00009001104,$152.00,1 Each
74528,RIFAXIMIN 550 MG PO TABS,,65649030302,"$33,121.80",60 Each
74877,AMIKACIN 500 MG/2 ML IJ SOLN,J0278,00703903203,$152.00,2 mL
74877,AMIKACIN 500 MG/2 ML IJ SOLN,J0278,23155029041,$171.33,2 mL
74888,AMIKACIN 1000 MG/4 ML IJ SOLN,J0278,23155029042,$342.96,4 mL
74890,NOREPINEPHRINE BITARTRATE-D5W 8 MG/250 ML (32 MCG/ML) IV SOLN,,61553015361,"$6,000.00",250 mL
75011,GLUCAGON (HUMAN RECOMBINANT) 1 MG/ML IJ SOLR,J1610,00597026010,"$2,399.25",1 Each
75580,KIT FOR TC 99M-SOD THIOSULFATE 2 MG MISC SOLR,A9541,45567003001,"$1,610.10",5 Each
75596,DABIGATRAN ETEXILATE 150 MG PO CAPS,,00597013560,$152.00,60 Each
75600,KIT FOR TC 99M-SESTAMIBI NO.1 IV SOLR,A9500,00019-9092-D0,$152.00,10 mL
76425,MILRINONE IN 5 % DEXTROSE 20 MG/100 ML (200 MCG/ML) IV PGBK,J2260,00409277623,$152.00,100 mL
76877,LIDOCAINE HCL  2 % MM JELP,,76329301305,$152.00,10 mL
78467,DOBUTAMINE 250 MG/20 ML (12.5 MG/ML) IV SOLN,J1250,00409234402,$152.00,20 mL
78470,DOBUTAMINE IN D5W 250 MG/250 ML (1 MG/ML) IV SOLP,J1250,00409234632,$152.00,250 mL
78478,"DOPAMINE IN 5 % DEXTROSE 400 MG/250 ML (1,600 MCG/ML) IV SOLN",J1265,00409780922,$152.00,250 mL
79426,LACOSAMIDE  50 MG PO TABS,,00131247760,"$8,505.00",60 Each
79428,LACOSAMIDE 100 MG PO TABS,,00131247860,"$13,455.90",60 Each
79804,LACOSAMIDE 200 MG/20 ML IV SOLN,C9254,00131181067,$762.00,20 mL
80077,NOREPINEPHRINE BITARTRATE-D5W 4 MG/250 ML (16 MCG/ML) IV SOLN,,61553011561,"$6,000.00",250 mL
81046,VANCOMYCIN  750 MG IV SOLR,J3370,00409653102,$152.00,1 Each
81284,THALLOUS CHLORIDE TL-201 37 MBQ/ML (1 MCI/ML) IV SOLN,A9505,17156029918,$152.00,1 Each
81462,SEVELAMER CARBONATE 0.8 GRAM PO PWPK,,00955105290,"$10,719.00",90 Each
82922,CEFTAROLINE FOSAMIL 400 MG IV SOLR,J0712,00456040010,"$2,775.00",1 Each
82923,CEFTAROLINE FOSAMIL 600 MG IV SOLR,J0712,00456060010,"$2,350.80",1 Each
82931,DABIGATRAN ETEXILATE  75 MG PO CAPS,,00597014960,$152.00,60 Each
83558,"ACETAMINOPHEN 1,000 MG/100 ML (10 MG/ML) IV SOLN",J0131,43825010201,$152.00,100 mL
83651,TETRACAINE HCL (PF) 0.5 % OP DROP,,00065074114,$152.00,4 mL
103038,AMIODARONE IN DEXTROSE 5 % 450 MG/250 ML (1.8 MG/ML) IV SOLN,J0282,61553073511,$562.50,250 mL
103636,NIACIN  500 MG PO TBSR,,00904434260,$152.00,100 Each
103823,GADOBUTROL 10 MMOL/10 ML (1 MMOL/ML) IV SOLN,A9585,50419032512,$440.40,10 mL
103988,IOFLUPANE I 123 5 MCI/2.5 ML (185 MBQ/2.5ML) IV SOLN,A9584,17156021001,$253.82,2.5 mL
104621,EPINEPHRINE 1 MG/ML (1 ML) IJ SOLN,J0171,42023015925,$195.75,1 mL
105072,TICAGRELOR 90 MG PO TABS,,00186077739,"$8,676.00",100 Each
105162,KIT FOR OF PREP TC-99M-ALBUMIN 2.5 MG IV SOLR,A9540,65174027030,"$12,588.30",30 Each
105180,ROPIVACAINE (PF) 5 MG/ML (0.5 %) IJ SOLN,J2795,63323028620,$152.00,20 mL
105180,ROPIVACAINE (PF) 5 MG/ML (0.5 %) IJ SOLN,J2795,63323028635,$152.00,30 mL
106213,INDIUM IN-111 OXYQUINOLINE 1 MCI/ML (37 MBQ/ML)(1 ML) IV SOLN,A9547,17156002101,"$10,590.00",1 mL
106245,PROCHLORPERAZINE EDISYLATE 10 MG/2 ML (5 MG/ML) IJ SOLN,J0780,23155049742,$152.00,2 mL
106623,BUPIVACAINE LIPOSOME (PF) 1.3 % (13.3 MG/ML) LINF SUSP,C9290,65250026620,"$5,010.00",20 mL
106665,RIVAROXABAN 15 MG PO TABS,,50458057830,"$4,927.50",30 Each
106665,RIVAROXABAN 15 MG PO TABS,,50458057810,"$15,658.50",100 Each
106666,RIVAROXABAN 20 MG PO TABS,,50458057910,"$15,658.50",100 Each
106772,"TRANEXAMIC ACID 1,000 MG/10 ML (100 MG/ML) IV SOLN",,39822100106,$152.00,10 mL
106811,LEVOTHYROXINE 100 MCG IV SOLR,,63323064916,"$1,432.50",1 Each
106995,SODIUM IODIDE-123 3.7 MBQ (100 MICROCI) PO CAPS,A9516,48815100101,$222.90,1 Each
107001,IOBENGUANE SULFATE I-123 10 MCI/5 ML (370 MBQ/5 ML) IV SOLN,A9582,17156023501,"$11,710.20",5 mL
107877,LEVETIRACETAM IN NACL (ISO-OS)  500 MG/100 ML IV PGBK,J1953,67457025510,$175.50,100 mL
107878,LEVETIRACETAM IN NACL (ISO-OS) 1000 MG/100 ML IV PGBK,J1953,67457026510,$465.00,100 mL
107879,LEVETIRACETAM IN NACL (ISO-OS) 1500 MG/100 ML IV PGBK,J1953,43598063752,$387.00,100 mL
108169,CEFAZOLIN IN DEXTROSE (ISO-OS) 2 GRAM/50 ML IV PGBK,J0690,00264310511,$178.50,1 Each
108877,LIDOCAINE 5 % TP OINT,,50383093335,$279.09,35.44 gram
110577,"MVI, ADULT NO.4 WITH VIT K 3,300 UNIT- 150 MCG/10 ML IV SOLN",,54643564901,$152.00,10 mL
111324,HYDROCODONE-HOMATROPINE 5-1.5 MG/5 ML (5 ML) PO SYRP,,00121481105,$152.00,5 mL
111550,MEGESTROL 400 MG/10 ML (10 ML) PO SUSP,,00121477610,$152.00,10 mL
111626,ACETAMINOPHEN-CODEINE 300 MG-30 MG /12.5 ML PO SOLN,,50383007913,$152.00,12.5 mL
111626,ACETAMINOPHEN-CODEINE 300 MG-30 MG /12.5 ML PO SOLN,,00121050412,$253.13,12.5 mL
112772,GALLIUM (GA-67) CITRATE ISOTOPE (NUC MED),A9556,11994012106,$193.05,1 Each
112777,MEDRONATE (TC-99M MDP) ISOTOPE (NUC MED),A9503,00270387680,$152.00,1 Each
112778,SODIUM PERTECHNETATE (TC-99M O4) ISOTOPE (NUC MED),A9512,99999900480,$152.00,1 Each
113023,APIXABAN 5 MG PO TABS,,00003089431,"$7,819.50",100 Each
113840,LABELED RED BLOOD CELLS (TC-99M RBC) (ULTRATAG) ISOTOPE (NUC MED),A9560,00019N068B0,$439.53,1 kit
114352,DEXMEDETOMIDINE IN 0.9 % NACL 200 MCG/50 ML (4 MCG/ML) IV SOLN,,63323067105,$499.05,50 mL
115276,HYDROMORPHONE 0.5 MG/0.5 ML IJ SYRG,J1170,00409128305,$152.00,.5 mL
115276,HYDROMORPHONE 0.5 MG/0.5 ML IJ SYRG,J1170,76045000996,$152.00,.5 mL
115363,NEOSTIGMINE METHYLSULFATE 1 MG/ML IV SOLN,J2710,76014000310,$812.25,10 mL
116707,MIDAZOLAM (PF) 1 MG/ML IJ SOLN,J2250,00409230521,$152.00,2 mL
116707,MIDAZOLAM (PF) 1 MG/ML IJ SOLN,J2250,00409230505,$152.00,5 mL
116976,TBO-FILGRASTIM 300 MCG SC SYRG,J1447,63459091011,"$1,048.28",.5 mL
116977,TBO-FILGRASTIM 480 MCG SC SYRG,J1447,63459091211,"$3,354.90",.8 mL
118080,MORPHINE  2 MG/ML IV SYRG,J2270,00409189001,$152.00,1 mL
118081,MORPHINE  4 MG/ML IV SYRG,J2270,00409189101,$152.00,1 mL
118616,"HUM PROTHROMBIN CPLX(PCC)4FACT 1,000 UNIT (800-1240 UNIT) IV SOLR",C9132,63833038702,$152.00,1 Each
120094,IPRATROPIUM-ALBUTEROL 20-100 MCG/ACTUATION IN MIST,J3535,00597002402,"$5,067.60",4 gram
120847,VASOPRESSIN 20 UNITS/ML IV SOLN,J3490,42023016425,"$2,754.30",1 Each
121236,OXYCODONE  10 MG PO TR12,,59011041020,$959.40,20 Each
122598,IMMUN GLOBG(IGG)-SUCR-IGA OV50  6 GRAM IV SOLR,J1566,44206041706,"$5,220.00",1 Each
122599,IMMUN GLOBG(IGG)-SUCR-IGA OV50 12 GRAM IV SOLR,J1566,44206041812,"$10,440.00",12 gram
125030,SUGAMMADEX 100 MG/ML IV SOLN,J3490,00006542312,"$1,464.00",2 mL
125030,SUGAMMADEX 100 MG/ML IV SOLN,J3490,00006542315,"$2,434.28",5 mL
127510,EPHEDRINE SULFATE 50 MG/ML IV SOLN,,76014000525,$153.75,1 mL
128096,FAT EMULSION 20% (SMOFLIPID) ADULT,,63323082050,$372.75,500 mL
128102,METHYLENE BLUE (ANTIDOTE) 5 MG/ML (0.5 %) IV SOLN,Q9968,00517037405,"$2,880.00",10 mL
134252,STERILE TALC 3 GRAM PL AERP,,62327033303,"$2,175.00",1 Each
134909,EPOETIN ALFA-EPBX  4000 UNITS IJ SOLN,Q5105,00069130710,$549.75,1 mL
134910,EPOETIN ALFA-EPBX 10000 UNITS IJ SOLN,Q5105,00069130810,"$1,374.30",1 mL
136436,VANCOMYCIN   1.25 GRAM IV SOLR,J3370,67457082312,$281.10,1 Each
136437,VANCOMYCIN   1.5 GRAM IV SOLR,J3370,67457082415,$337.20,1 Each
138221,FLU VAC QS2019-20 36MOS UP(PF) 60 MCG (15 MCG X 4)/0.5 ML IM SYRG,90686,33332031901,$224.10,.5 mL
138222,FLU VACC QS2019-20 6MOS UP(PF) 60 MCG (15 MCG X 4)/0.5 ML IM SYRG,90686,58160089652,$383.10,.5 mL
138497,FLU VACC QS2019-20 6MOS UP(PF) 60 MCG (15 MCG X 4)/0.5 ML IM SYRG FOR,D9R0H686,19515090652,$383.10,.5 mL
400493,DIETHYLENE TRIAMINE PENTAACETIC ACID (TC-99M DTPA) ISOTOPE (NUC MED),NA9567,65174028830,"$11,180.70",30 Each
400642,TECHNETIUM MERTIATIDE (TC-99M) (MAG3) ISOTOPE (NUC MED),A9562,00019N096BO,"$9,851.70",10 mL
400643,ACETYLCYSTEINE 200 MG/ML (20 %) ORAL/INHALATION SOLN,J7608,63323069030,$292.50,30 mL
401162,VANCOMYCIN ORAL SUSPENSION 50 MG/ML,,99999001508,$152.00,5 mL
401191,MIDAZOLAM INFUSION 15 MG/30ML,,99999001517,$355.50,30 mL
401229,FENTANYL PCA 300 MCG/30 ML,,99999001514,$152.00,50 mL
401230,MEPERIDINE PCA 300 MG/30 ML,,99999077700,"$3,168.00",30 mL
401237,MORPHINE INFUSION 1 MG/ML,J2270,76329191101,$152.00,30 mL
408006,"HEPARIN 30,000 UNITS IN 1000 ML SODIUM CHLORIDE 0.9% CELL SAVER (INTR",-PRJ1O6C4E4D,RE9)9999001620,$152.00,1000 mL
410043,BUMETANIDE (BUMEX) 25MG IN 100ML (STRAIGHT DRUG) INFUSION,,99999900561,$261.00,100 mL
500203,METRONIDAZOLE IN NACL (ISO-OS) 250 MG/50 ML IVPB,,99999900206,$152.00,50 mL
4088027,POTASSIUM CHLORID-D5-0.45%NACL 20 MEQ/L IV SOLP PREP TYPE,J3480,00409790209,$152.00,1000 mL
40828284,HYDROCODONE-ACETAMINOPHEN 7.5-325 MG/15 ML PO SOLN (MDRH),,68094071462,$152.00,15 mL
