Description,CPT Code,Pricing
20610 Drn/Inj Maj Jnt/Bursa WO US  RT,20610, $537.00
36415 Venipuncture,36415, $18.00
36416 Capillary draw,36416, $10.00
70190 XR Orbits Complete Bilateral,70190, $120.00
70486 CT Maxillofacial w/o Contrast,70486, $589.00
70487 CT Maxillofacial w/ Contrast,70487, $625.00
70490 CT Soft Tissue Neck w/o Contrast,70490, $589.00
70491 CT Soft Tissue Neck w/ Contrast,70491, $625.00
70492 CT Soft Tissue Neck w + w/o Contrast,70492, $675.00
70498 CTA NECK W/O & W/CONTRAST,70498," $1,493.00 "
71250 CT Chest w/o Contrast,71250, $589.00
71260 CT Chest w/ Contrast,71260, $625.00
71270 CT Chest w and w/o Contrast,71270, $675.00
72125 CT Spine Cervical w/o Contrast,72125, $589.00
72132 CT Spine Lumbar w/ Contrast,72132, $625.00
73000 XR Clavicle Bilateral,73000, $147.00
73000 XR Shoulder/Clavicle,73000, $147.00
73010 XR Scapula Complete Bilateral,73010, $151.00
73020 XR Shoulder 1 View Bilateral,73020, $136.00
73030 XR Shoulder Complete Bilateral,73030, $181.00
73060 XR Humerus Bilateral,73060, $177.00
73070 XR Elbow 2 Views Bilateral,73070, $146.00
73080 XR Elbow Complete Bilateral,73080, $195.00
73090 XR Forearm 2 Views Bilateral,73090, $160.00
73092 XR Upper Extremity Infant Bilateral,73092, $133.00
73100 XR Wrist 2 Views Bilateral,73100, $155.00
73110 XR Wrist Complete Bilateral,73110, $190.00
73120 XR Hand 2 Views Bilateral,73120, $136.00
73130 XR Hand Complete Bilateral,73130, $176.00
73200 CT Upper Extremity w/o Contrast Bilat,73200, $589.00
73201 CT Upper Extremity w/ Contrast Bilat,73201, $566.25
73202 CT Upper Extremity w/+w/o Contrast Bilat,73202, $566.25
73218 MRI UE Non Joint w/o Contrast Bilateral,73218, $677.30
73219 MRI UE Non Joint w/ Contrast Bilateral,73219, $677.30
73220 MRI UE Non Joint w/ + w/o Contrast Bilat,73220, $677.30
73221 MRI UE Joint w/o Contrast Bilateral,73221, $677.30
73222 MRI UE Joint w/ Contrast Bilateral,73222, $677.30
73223 MRI UE Joint w/ + w/o Contrast Bilateral,73223, $677.30
73225 MRA Upper Extremity w/&w/o,73225, $815.10
73552 XR Femur 2 Views Bilateral,73552, $155.00
73560 XR Knee 1 or 2 Views Bilateral,73560, $139.00
73562 XR Knee 3 Views Bilateral,73562, $193.00
73564 XR Knee Complete Bilateral,73564, $279.00
73590 XR Tibia/Fibula Bilateral,73590, $183.00
73592 XR Lower Extremity Infant Bilateral,73592, $178.00
73600 XR Ankle 2 Views Bilateral,73600, $134.00
73610 XR Ankle Complete Bilateral,73610, $179.00
73620 XR Foot 2 Views Bilateral,73620, $122.00
73630 XR Foot Complete Bilateral,73630, $173.00
73650 XR Calcaneus Bilateral,73650, $147.00
73700 CT Lower Extremity w/o Contrast Bilat,73700, $589.00
73701 CT Lower Extremity w/ Contrast Bilat,73701, $625.00
73702 CT Lower Extremity w/+w/o Contrast Bilat,73702, $566.25
73718 MRI LE Non Joint w/o Contrast Bilat,73718, $677.30
73719 MRI LE Non Joint w/ Contrast Bilateral,73719, $677.30
73720 MRI LE Non Joint w/ + w/o Contrast Bilat,73720, $677.30
73721 MRI LE Joint w/o Contrast Bilateral,73721, $677.30
73722 MRI LE Joint w/ Contrast Bilateral,73722, $677.30
73723 MRI LE Joint w/ + w/o Contrast Bilateral,73723, $677.30
73725 MRA Lower Extremity w/ + w/o Bilat,73525, $815.10
74150 CT Abdomen w/o Contrast,74150, $580.00
74160 CT Abdomen w/Contrast,74160, $625.00
74174 CT Angiography Chest + Abdomen Pelvis - Dissection,74174," $2,194.00 "
74176 CT Abdomen & Pelvis w/o Contrast,74176, $675.00
74177 CT Abdomen & Pelvis w/Contrast,74177, $625.00
74178 CT Chest w/ Contrast + Abdomen/Pelvis w + w/o  Contrast,74178, $675.00
76882 US Lower Extremity Non Vascular Bilat,76882, $151.00
76882 US Upper Extremity Non Vascular Bilat,76882, $151.00
77061 Digital Breast Tomosynthesis Unilateral,77061, $21.00
77062 Digital Breast Tomosynthesis Bilateral,77062, $100.00
77063 Screening Digital Breast Tomosynthesis Bilateral,77063, $100.00
80184 Primidone and Phenobarbital - AMS,80184, $110.00
80299 Adalimumab & Anti-Adalimumab Ab - AMS,, $125.00
"81207 BCR/ABL RNA Detection, RT-PCR - AMS",81207, $255.00
82103 Alpha-1-Antitrypsin AMS,82103, $76.00
82248 Bilirubin Direct (Inhouse),82248, $51.00
82373 Carbohydrate Deficient Transferrin AMS,82373, $430.00
82565 BUN Creatinine Ratio w/ eGFR,82565, $35.00
"82570 Albumin/Creatinine Ratio,  Urine - AMS",82570, $44.00
82746 Vitamin B12 and Folate AMS,82746, $125.00
"82784 Immunoelectrophoresis, Serum AMS",82784, $63.00
"82784 Immunoglobulins, Quant Serum - AMS",82784, $99.00
82785 RL GAMMAGLOBULIN IGE- AMS,82785, $134.00
83021 Hemoglobin FractJ/QuantJ Chromotography,83021, $64.00
83516 Giardia / Cryptosporidium Antigen Screen AMS,83516, $89.00
83516 Mitochondia Antibody AMS,83516, $84.00
"83516 Tissue Transglutaminase Ab, IgA/IgG - AMS",83516, $89.00
83519 Myasthenia Gravis Evaluation - AMS\r\n83519 Myasthenia Gravis Evaluation - AMS,83519, $85.00
83520 Inflammatory Bowel Disease Panel - AMS,83520, $50.00
83550 Iron Profile - AMS,83550, $67.00
84153 Prostate Specific Antigen (Diagnostic) AMS,84153, $75.00
"84156 Immunoelectrophoresis, Urine AMS",84156, $59.00
"84156 Protein/Creatinine Ratio, Urine AMS",84156, $59.00
84165 Serum Protein Electrophoresis (SPEP) - AMS,84165, $122.00
"84166 Immunoelectrophoresis, Urine AMS",84166, $99.00
84166 PROTEIN ELEC OTH FLUIDS URINE AMS,84166, $122.00
"84166 Protein electrophoresis, Urine AMS",84166, $99.00
84402 Testosterone Free - AMS,84402, $26.52
"84403 Testosterone, Total",84403, $26.88
85611 Prothrombin Time AMS,85611, $25.04
85705 PTT,85705, $124.00
85730 Partial Thromboplastin Time,85730, $29.00
85732 Thromboplastin Time Partial AMS,85732, $29.74
"86003 Allergen, Nonseasonal Inhalant Panel - AMS",86003, $13.00
"86003 Allergen, Food Panel - AMS",86003, $20.00
86003 Midwest Allergy Panel - AMS,86003, $20.00
86003 RL ALLERGEN SPECIFIC IGE EACH-AMS,86003, $12.48
86038 ANA Quant Add On AMS,86038, $86.00
86146 Beta 2 Glycoprotein Ab IgM,86146, $73.07
86235 ANA Panel Quantitative AMS,86235, $99.00
86235 Sjogrens Group - AMS,86235, $67.00
86255 ANA Panel Quantitative AMS,86255, $102.00
86334 Immunoelectrophoresis Serum AMS,86334, $197.00
86376 Liv/Kid Microsome AMS,86376, $78.00
"86638 Q Fever Antibodies, IgG, IgM - AMS",86638, $13.00
86663 Epstein-Bar Virus Serology - AMS,86663, $151.00
86665 Epstein-Barr Virus Serology AMS,86665, $125.00
"86694 Herpes Simplex 1/2, IgG, IgM - AMS",86694, $112.00
"86695 Herpes Simplex 1/2, IgG, IgM - AMS",86695, $130.00
86705 Hepatitis Panel AMS,86705, $138.00
86708 Hepatitis A AMS,86708, $77.00
86709 Hepatitis Panel AMS,86709, $141.00
"86757 Spotted Fever Group IgG, IgM - AMS",86757, $185.00
86762 - Rubella - AMS,86762, $45.00
86765 - Rubeola - AMS,86765, $74.00
86774 Diphtheria/Tetanus Ab Panel - AMS,86774, $91.00
86787 - Varicella Zoster - AMS,86787, $76.00
"86788 West Nile virus Antibody IgG, IgM, Serum - AMS",86788, $103.00
"86800 Thyroglobulin, Tumor Marker - AMS (THYROGLOBULIN ANTIBODY )",86800, $182.00
86900 Blood Type ABO AMS,86900, $69.00
86901 - Rh Type,86901, $69.00
86901 Type and Cross GL,86901, $69.00
86901 Type and Screen GL,86901, $69.00
86920 Crossmatch IS Technique,86920, $429.00
86922 Crossmatch AHG Technique,86922, $310.00
87046 Stool Culture with Shiga Toxin AMS,87046, $58.00
87070 Aerobic/Anaerobic Wound Culture - AMS,87070, $63.00
87070 Sputum Culture with Gram Stain AMS,87070, $62.00
87075 Body Fluid Culture (Aerobic and Anaerobic) AMS,87075, $62.00
87075 Body Fluid Culture (Aerobic and Anaerobic) with Gram Stain A,87075, $62.00
87075 Wound Culture (Aerobic and Anarobic) AMS,87075, $62.00
87077 Organism ID (other than Urine),87077, $63.00
"87147 ID, Strep Group Each AMS",87147, $23.75
87147 Staph Latex ID (additional test for culture) AMS,87147, $23.00
87186 Sensitivities,87186, $63.00
87205 Aerobic/Anaerobic Wound Culture - AMS,87205, $19.00
87205 Body Fluid Culture (Aerobic and Anaerobic) with Gram Stain A,87205, $19.00
87205 Wound Culture Aerobic w/ Gram Stain - AMS,87205, $19.00
87206 AFB Culture and Smear AMS,87206, $62.00
87209 Ova and Parasites Exam AMS,87209, $47.74
87340 Hepatitis Panel AMS,87340, $45.00
87491 Claymydia Trach DNA Amp Probe AMS,87491, $332.00
87591 Chlam/ GC Nucleic Acid Screen AMS,87591, $106.00
87804 Influenza A/B - molecular,87804, $70.00
87804 Rapid Influenza A and B,87804, $59.00
88274 Chronic Lymphocytic Leukemia (CLL) Fish - AMS,88274, $190.00
88275 Chronic Lymphocytic Leukemia (CLL) Fish - AMS,88275, $190.00
99001 Handling of specimen for transfer from the patient in other than an office to a laboratory,99001, 33.00|15.00
G2023 Specimen Collect Covid-19,, $33.00
P9016 LEUKO REDUCED RED BLOOD CELLS EA UN,, $500.00
"P9032 Platelets, irradiated, each unit",, $300.00
Influenza POC (87804),87804, $60.00
PT/ INR POC (85610),85610, $78.00
TB Skin Test POC (86580),86580, $18.00
UA with Micro POC (81001),81001, $40.00
Urine Pregnancy POC (81025),81025, $35.00
CR EKG 12 or more leads tracing 93005,93005, $115.00
CR EKG 93798,93005, $115.00
CR Holter Monitor 93225,93225, $242.00
CR Holter Monitor Scan 93226,93226, $239.00
Electrocardiogram Tracing Only,93005, $115.00
Holter Monitor 24 hr,93226, $239.00
Holter Monitor 48 hr,93226, $239.00
"96360- Hydration, first hour",96360, $172.00
"96361- Hydration, each additional hour",96361, $172.00
"96365- IV tx, first hour",96365, $172.00
"96366- IV tx, each additional hour",96366, $172.00
"96367- IV tx, sequential infusion",96367, $172.00
"96368- IV tx, concurrent infusion",96368, $1.00
96372- Subq/IM Injection,96372, $56.00
"96374- IV Injection, single/initial",96374, $56.00
"96375- IV Injection, add new drug",96375, $56.00
"96376- IV Injection, add same drug",96376, $56.00
99281 - Level 1,99281, $220.00
99282 - Level 2,99282, $345.00
99283 - Level 3,99283, $525.00
99284 - Level 4,99284, $895.00
99285 - Level 5,99285," $1,390.00 "
99291 - Critical Care,99291," $1,315.00 "
"99292 - Critical Care, each 30 min",99292, $390.00
ER 96373- Intra-Arterial Injection,96373, $56.00
ER 10005 FNA BX W/US GDN 1ST LESION,10005, $829.00
ER 10006 FNA BX W/US GDN EA ADDL,10006, $829.00
ER 10007 FNA BX W/FLUOR GDN 1ST LES,10007, $829.00
ER 10008 FNA BX W/CT GDN 1ST LES,10008, $829.00
ER 10060 I&D ABSCESS SIMPLE/SINGLE,10060, $714.00
ER 10061 INCIS & DRAIN ABSCESS COMP,10061," $1,338.00 "
ER 10080 INCIS & DRAIN PILONIDAL CYST S,10080, $885.00
ER 10120 I&R FRGN BODY SUBCU TISS SIMPLE,10120," $1,385.00 "
ER 10121 I&R FRGN BODY SUBCU TISS COMP,10121," $1,367.00 "
ER 10140 I&D HEMATOMA SEROMA/FLUID COLL,10140," $1,069.00 "
ER 10160 PUNCTURE ASPIRATION OF ABSCESS,10160, $854.00
ER 11000 DEBRIDE INFECTED SKIN UP TO 10%,11000, $359.00
ER 11042 DEBRIDE SUBQ TISSUE 20 SQ CM/<,11042, $359.00
ER 11043 DEBRIDE MUSC/FASIA 1ST 20 SQ CM<,11043, $359.00
ER 11044 DEBRIDEMENT SKIN TISS/MSCL/BONE,11044, $359.00
ER 11055 PARING/CUT BENIGN LES SING,11055, $213.00
ER 11056 CUT/TRIM HYPERKARTC 2-4 LES,11056, $279.00
ER 11104 PUNCH BX SKIN SINGLE LESION,11104, $576.00
ER 11106 INCAL BX SKN SINGLE LES,11106, $576.00
ER 11200 REMOVE SKIN TAGS UP TO 15 LES,11200, $576.00
ER 11300 SHAVE LESION TAL 0.5CM OR LESS,11300, $67.00
ER 11301 SHAVE LESION TAL 0.6 TO 1.0CM,11301, $67.00
ER 11302 SHAVE LESION TAL 1.1 TO 2.0CM,11302, $67.00
ER 11305 SHAVE LESION SHF 0.5 CM OR LESS,11305, $67.00
ER 11307 SHAVE LESION SHF 1.1-2.0CM,11307, $67.00
ER 11400 EXCISE BENIGN LES 0.5 OR LESS,11400, $566.00
ER 11401 EXCISE BENIGN LES TAL 0.6-1.0CM,11401, $754.00
ER 11402 EXCIS BEN LES TAL 1.1 TO 2.0CM,11402, $800.00
ER 11406 EXCIS BEN LES TAL OVER 4.0CM,11406," $1,872.00 "
ER 11423 EXC H/F/NK/SP B9 2.1-3 CM,11423," $1,478.00 "
ER 11426 EXC H/F/NK/SP BENIGN > 4CM,11426," $1,696.00 "
ER 11443 EXC FACE-MM B9+MARG 2.1-3 CM,11443," $1,269.00 "
ER 11602 EXC TR-EXT MAL+MARG 1.1-2 CM,11602, $814.00
ER 11606 EXC TR-EXT MAL+MARG >4 CM,11606," $1,801.00 "
ER 11626 EXCIS LES SHF MAL+MRG > 4.0 CM,11626," $2,017.00 "
ER 11643 EXC F/E/E/N/L MAL+MRG 2.1-3,11643, $934.00
ER 11646 EXC F/E/E/N/L MAL+MRG >4 CM,11646," $1,709.00 "
ER 11730 AVULSN NAIL PLATE PART/COM SIMP,11730, $95.00
ER 11750 EXCIS NAIL & MATRIX PART/COMP,11750, $465.00
ER 11760 REPAIR OF NAIL BED,11760, $335.00
ER 11765 EXCISION OF NAIL FOLD TOE,11765, $624.00
ER 11772 EXCISE PILONIDAL CYST/SINUS COMP,11772," $3,799.00 "
ER 12001 SIMPLE RPR STHF 2.5CM OR LESS,12001, $345.00
ER 12002 SIMPLE RPR STHF 2.6CM-7.5CM,12002, $589.00
ER 12004 SIMPLE RPR STHF 7.6CM-12.5CM,12004, $521.00
ER 12005 SIMPLE RPR STHF 12.6-20CM,12005, $729.00
ER 12006 RPR SIMP S/N/A/GN/TRK20.1-30.0CM,12006," $1,386.00 "
ER 12007 RPR SIMP  S/N/A/G/TRNK >30.0 CM,12007," $1,386.00 "
ER 12011 SIMPLE RPR FACE 2.5CM OR LESS,12011, $612.00
ER 12013 REPAIR SIMP FEL 2.6CM-5.0CM,12013, $429.00
ER 12014 RPR SIMP F/E/E/N/L/M 5.1-7.5 CM,12014, $429.00
ER 12015 RPR SIMP F/E/E/N/L/M 7.6-12.5 CM,12015, $729.00
ER 12016 RPR SIMP F/E/E/L/M 12.6-20.0 CM,12016, $729.00
ER 12017 REPAIR SIMP FEL 20.1 TO 30.0CM,12017," $1,386.00 "
ER 12020 TRMT SUPERFICIAL DEHISCENCE SIMP,12020, $195.00
ER 12021 TRMT SUPERFICIAL WOUND PACKING,12021, $195.00
ER 12031 INTRMD RPR SATE 2.5CM OR LESS,12031, $939.00
ER 12032 REPAIR INTER SATE 2.6-7.5CM,12032," $1,184.00 "
ER 12034 INTMD RPR S/TR/EXT 7.6-12.5,12034," $1,395.00 "
ER 12035 INTMD RPR S/A/T/EXT 12.6-20,12035," $1,643.00 "
ER 12036 INTMD RPR S/A/T/EXT 20.1-30,12036," $1,987.00 "
ER 12041 INTMD RPR N-HF/GENIT 2.5CM/<,12041, $480.00
ER 12042 INTMD RPR N-HF/GENIT2.6-7.5,12042, $637.00
ER 12044 INTMD RPR N-HF/GENIT7.6-12.5,12044, $729.00
ER 12045 LAYER CLOSURE NHF 12.6 TO 20CM,12045, $979.00
ER 12051 INTMD RPR FACE/MM 2.5 CM/<,12051, $644.00
ER 12052 INTMD RPR FACE/MM 2.6-5.0 CM,12052, $794.00
ER 12053 INTMD RPR FACE/MM 5.1-7.5 CM,12053, $877.00
ER 12054 INTMD RPR FACE/MM 7.6-12.5CM,12054, $956.00
ER 12055 INTMD RPR FACE/MM 12.6-20 CM,12055," $1,229.00 "
ER 13100 CMPLX RPR TRUNK 1.1-2.5 CM,13100, $279.00
ER 13120  COMPLEX RPR S/A/L 1.1-2.5 CM,13120, $279.00
ER 13121 CMPLX RPR S/A/L 2.6-7.5 CM,13121, $486.00
ER 13131  REPAIR COMP FNH 1.1CM-2.5CM,13131, $710.00
ER 13132  REPAIR CMPLX FNH 2.6-7.5CM,13132, $909.00
ER 13151 REPAIR COMPLX ENEL 1.1-2.5 CM,13151," $1,185.00 "
ER 13152 CMPLX RPR E/N/E/L 2.6-7.5 CM,13152," $1,458.00 "
ER 14040 TISSUE TRANS FGHF 10SQ.CM<,14040," $1,603.00 "
ER 14060 TISSUE TRANS ENEL 10 SQ CM<,14060," $1,719.00 "
ER 16020 DRESS/DEBRID  BURN SM < 5%,16020, $460.00
ER 16025  DRESS/DEBRIDE BURN MED 5-10%,16025, $478.00
ER 16030  DRESS/DEBRID BURN  LG >10%,16030, $478.00
ER 17000 DESTRUCT ANY METHOD 1ST LESION,17000, $273.00
ER 17110 DESTRUCT B9 LESION 1-14,17110, $895.00
ER 19020 MASTOTOMY DEEP ABSCESS,19020," $1,592.00 "
ER 19101 BIOPSY OF BREAST INCISIONAL,19101," $1,360.00 "
ER 20102  EXPLR PENETR WOUND ABD/FLK/BCK,20102, $279.00
ER 20103 EXPL PENETRATING WOUND EXTRM,20103, $279.00
ER 20550 INJ TENDON SHEATH/LIGAMENT,20550, $183.00
ER 20551  INJ SNGL TENDON ORIGIN/INSERT,20551, $183.00
ER 20552 INJ TRIGGER POINT 1 OR 2 MUSCL,20552, $183.00
ER 20553  INJ TRIGGER POINTS 3 OR > MUSC,20553, $183.00
ER 20600 DRAIN/INJ JNT/BURSA SM WO/US,20600, $308.00
ER 20604 DRAIN/INJ JNT/BURSA SM W/US,20604, $417.00
ER 20605 ARTHROCENT/ASP/INJ INT JNT WO US,20605, $328.00
ER 20606 DRAIN/INJ JNT/BURSA INT W/US,20606, $349.00
ER 20610 DRN/INJ MAJOR JOINT/BURSA WO US,20610, $376.00
ER 20610 DRN/INJ MAJ JNT/BURSA BIL WO US,20610, $376.00
ER 20611 DRAIN/INJ JNT/BURSA MAJ W/US,20611, $523.00
ER 20612 ASPIRATION/INJ GANGLION CYST,20612, $183.00
ER 21315  CLSD TRMT NASAL FX W/O STABLZTN,21315," $1,762.00 "
ER 23500 CLSD TRMT CLAVICULAR WO MANIP,23500, $729.00
ER 23545 TREAT CLAVICLE DISLOCATION,23545, $729.00
ER 23600 CLSD TRMT PROX HUMERAL WO MN,23600," $1,310.00 "
ER 23650  CLSD TRMT SHOULDER DISCLOC W/MNP,23650, $809.00
ER 24200 REMOVAL OF ARM FOREIGN BODY,24200, $658.00
ER 24500 CLSD TRMT HUMERAL SHAFT WO MAN,24500," $1,310.00 "
ER 24600  CLSD TRMT ELBOW DISLOC WO ANES,24600, $729.00
ER 24605 TREAT ELBOW DISLOCATION,24605," $1,006.00 "
ER 24640 CLSD TRMT RADIAL HD SBLUX CHILD,24640, $729.00
ER 24650 CLS TRT RDL HEAD/NECK WO MAN,24650, $729.00
ER 24655 TREAT RADIUS FX W/MANIPULATION,24655," $1,006.00 "
ER 24670 CLSD TRMT ULNAR FRAC WO MANIP,24670," $1,310.00 "
ER 25500 CLSD TRT RADIAL SHAFT WO MANIP,25500," $1,310.00 "
ER 25505 CLSD TRMT RADIAL SHAFT FX W/MNP,25505," $1,310.00 "
ER 25530 CLSD TRMT ULNAR SHAFT WO MANIP,25530," $1,310.00 "
ER 25560 CLSD TRMT RAD/ULN WO MAN,25560," $1,310.00 "
ER 25600 CLSD TX DSTL RAD/ULN W/O MAN,25600," $1,310.00 "
ER 25605 CLSD TRMT DISTAL RADIAL W MAN,25605," $1,292.00 "
ER 25630 TREAT WRIST BONE FRACTURE,25630, $488.00
ER 25660 CLSD TRMT RAD/INT CARPAL W MAN,25660," $1,310.00 "
ER 25675 CLSD TRMT DISTAL RAD DISLOC,25675, $729.00
ER 26010 DRAINAGE OF FINGER ABSCESS SIMP,26010, $288.00
ER 26011 DRAINAGE FINGER ABSCESS COMP,26011, $957.00
ER 26070 ARTHROTOMY CARPOMETACARPAL JNT,26070," $1,310.00 "
ER 26075 EXPLORE/TREAT METACARPHAL JNT,56405," $1,310.00 "
ER 26080 ARTHROTOMY INTERPHALANG JNT,26080," $1,310.00 "
ER 26530 STRAPPING KNEE,26530," $1,785.00 "
ER 26600 CLSD TRMT METACARP FX SINGLE,26600, $389.00
ER 26605 CLSD TRMT METACARPAL W/MANIP,26605, $729.00
ER 26641 CLSD TRMT THUMB W/MAN,26641, $729.00
ER 26670 TRMT HAND DISLOC W/MANIP,26670, $729.00
ER 26700 CLSD TRMT METACARPOPHA WO ANES,26700, $729.00
ER 26720 CLSD TRMT FINGER SHAFT WO MN,26720, $729.00
ER 26725 CLSD TRMT FINGER SHAFT W OR WO,26725," $1,025.00 "
ER 26740 CLSD TRMT ARTICULAR FRACTURE,26740, $729.00
ER 26742 CLSD TRMT ART RX W/MANIP EA.,26742," $2,267.00 "
ER 26750 CLSD TRMT DISTAL PHLNGL FX WO MN,26750, $389.00
"ER 26755 Closed treatment of distal phalangeal fracture, finger or thumb; with manipulation, each",26755, $488.00
ER 26770 CLSD TX INTERPHALANGE WO ANE,26770, $729.00
ER 26775 CLSD TX INTERPHALANGE W/ANES,26775, $729.00
ER 26951 AMPUTATION FINGER/THUMB SNGL,26951," $1,887.00 "
ER 26952 AMPUTATION FINGER/THUMB SNGL,26952," $1,887.00 "
ER 27041 BIOPSY PELVIS/HIP DEEP,27041, $729.00
ER 27096 INJ SACROILIAC JOINT W IMAGE,27096, $870.00
ER 27250 CLSD TX HIP DISCL WO ANES,27250, $488.00
ER 27265 CLSD TX HIP ARTHROPLST WO AN,27265, $729.00
ER 27266 CLSD TX HIP ARTHROPLASTY W/AN,27266, $971.00
ER 27301 I&D DEEP ABSCESS THIGH OR KNEE,27301," $3,306.00 "
ER 27310 EXPLORATION KNEE,27310," $2,582.00 "
ER 27345 EXCIS SYNOVIAL CYST,27345," $2,958.00 "
ER 27502 CLSD TX FEMORAL SHAFT W MAN,27502," $1,310.00 "
ER 27510 TREATMENT OF THIGH FRACTURE,27510," $1,310.00 "
ER 27514 E OPEN TX FEMORAL FX,27514," $3,459.00 "
ER 27520 CLSD TX PATELLAR FX WO MAN,27520," $1,310.00 "
ER 27524 OPEN TX PATELLAR FX,27524," $4,030.00 "
ER 27530 CLSD TX TIBIAL FX WO MAN,27530," $1,310.00 "
ER 27532 TRMT FRACTURE W/TRACTION,27532," $1,310.00 "
ER 27550 TRMT KNEE DISLOC WO ANES,27550, $729.00
ER 27560 CLSD TX PATELLAR DSLC WO ANS,27560, $729.00
ER 27562 CLSD TX PATELLAR DSLC,27562," $2,276.00 "
ER 27603 I&D LEG/ANKLE DEEP OR HEMATOMA,27603, $737.00
ER 27614 BIOPSY LEG/ANKLE DEEP,27614, $488.00
ER 27618 EXCIS TUMOR LEG/ANKLE SUB TISS,27618, $279.00
ER 27630 EXCIS LESION TENDON SHEATH/CAP,27630," $2,123.00 "
ER 27750 CLSD TX TIBIAL SHAFT WO MAN,27750," $1,310.00 "
ER 27752 CLSD TX TIBIAL SHAFT W MAN,27752," $1,310.00 "
ER 27760 CLSD TX MED MALL FX W/O MAN,27760," $1,310.00 "
ER 27762 CLSD TX MED MALL FRAC W MAN,27762," $1,310.00 "
ER 27780 CLSD TX PROX FIB/SHAFT WO MN,27780," $1,310.00 "
ER 27786 CLSD TX DISTAL FIBULA WO MN,27786," $1,310.00 "
ER 27810  CLSD TX ANKLE BIMALL FX W MN,27810," $1,310.00 "
ER 27818 CLSD TX ANKLE TRIMOLL W/MANI,27818," $1,726.00 "
ER 27840 TREAT ANKLE DISLOCATION,27840, $729.00
ER 28022 EXPLORATION OF FOOT JOINT,28022," $1,310.00 "
ER 28043 EXCIS TUMOR FOOT SC < 1.5CM,28043, $910.00
ER 28092 EXCIS LESION TOES EA,28092," $2,582.00 "
ER 28190 REM FRGN BODY FOOT,28190," $1,795.00 "
ER 28192  REM FRGN BODY FOOT DEEP,28192," $1,123.00 "
ER 28470 CLSD TRMT METATARSAL PRO WO MN,28470," $1,310.00 "
ER 28475 CLSD TX METATARSAL FX W MN,28475," $1,457.00 "
ER 28490 CLSD TX TOE FX WO MANI,28490," $1,310.00 "
ER 28495 CLSD TX GREAT TOE FX W/MAN,28495," $1,457.00 "
ER 28505 OPEN TX GREAT TOE FX,28505," $1,944.00 "
ER 28510 CLSD TX PHALANX/PHALANG WO M,28510, $389.00
ER 28515 FC CLSD TX PHALANX/PHALANG W MN,28515, $389.00
ER 28635 TREAT TOE DISLOCATION,28635, $971.00
ER 28660 CLSD TX INTERPHALANGE DISLOC,28660, $729.00
ER 28665 TREAT TOE DISLOCATION W/ANES,28665, $971.00
ER 28820  AMPUTATION/TOE,28820," $3,873.00 "
ER 29065 APPLICATION OF LONG ARM CAST,29065, $556.00
ER 29075 APPLICATION OF FOREARM CAST,29075, $556.00
ER 29085 APPLY CAST HAND/WRIST,29085, $556.00
ER 29086 CAST APPLY FINGER SPICA,29086, $91.00
ER 29105 APPLY LONG ARM SPLINT,29105, $297.00
ER 29125 APPLY FOREARM SPLINT,29125, $297.00
ER 29126 APPLY SPLINT SHORT ARM DYNAMIC,29126, $297.00
ER 29130 APPLICATION OF FINGER SPLINT,29130, $297.00
ER 29131 SPLINT APPL FINGER DYNAMIC,29131, $297.00
ER 29240 STRAPPING OF SHOULDER,29240, $358.00
ER 29260 STRAPPING OF ELBOW OR WRIST,29260, $358.00
ER 29280 STRAPPING OF HAND OR FINGER,29280, $358.00
ER 29365 CAST APPLY CYLINDER CAST,29365, $556.00
ER 29405 APPLY SHORT LEG WALKING CAST,29405, $358.00
ER 29425 APPL WALKING/AMBULATORY CAST,29425, $258.00
ER 29505 SPLINT APPL LONG LEG,29505, $297.00
ER 29515 APPLICATION LOWER LEG SPLINT,29515, $297.00
ER 29540 STRAPPING OF ANKLE AND/OR FT,29540, $358.00
ER 29550 STRAPPING OF TOES,29550, $358.00
ER 29580 APPLY UNNA BOOT,29580, $358.00
ER 29581 APPLY MULTLAY COMPRS LWR LEG,29581, $358.00
ER 29700 REMOVE GAUNTLET/ BOOT/BDY CAST,29700, $359.00
ER 29705 CAST REMOVAL FULL ARM/LEG,29705, $359.00
ER 30300 REM FRGN BODY INTRANASAL,30300, $845.00
ER 30901 CONTROL NASAL HEMORRHAGE ANTERIOR SIMPLE,30901, $440.00
ER 30903 CONTROL NASAL HEMORRHAGE ANTERIOR COMPLEX,30903, $535.00
ER 30905 NASAL HEMOR POSTER W/NASAL PK,30905, $319.00
ER 30906 NASAL HEMOR POS W/NASAL PK SUB,30906, $189.00
ER 32554 ASPIRATE PLEURA W/O IMAGING,32554, $669.00
ER 32555 ASPIRATE PLEURA WITH IMAGING,32555, $777.00
ER 36000 INTRO NEEDLE OR INTRACATH- VEIN,36000, $67.00
ER 36556 INSERT NT CV CATH 5+,36556," $2,402.00 "
ER 36558 INSERT CV CATH TUNN WO PRT >5YR,36558," $2,764.00 "
ER 36589 REMOVE TUNNELED CV CATH,36589, $864.00
ER 36600 ARTERIAL PUNCTURE DRAW FEE,36600, $87.00
ER 38300 DRAIN LYMPH NODE ABSCESS SIMPL,38300, $279.00
ER 38510 EXCIS DEEP CERVICAL NODE,38510," $3,567.00 "
ER 38525 EXCISION/BIOPSY AXILLARY LYMPH,38525," $3,403.00 "
ER 38589 LAPAROSCOPY LYMPH SYS UNLISTED,38589," $3,459.00 "
ER 41112  EXCIS LESION TONGUE,41112, $501.00
ER 43215 ENDOSCOPY W/FRGN BODY RMVL,43215, $824.00
ER 43241 EGD TUBE/CATH INSERT,43241, $824.00
ER 43246 EGD PLACE GASTRO TUBE,43246," $1,923.00 "
ER 43250 EGD CAUTERY TUMOR POLYP,43250," $1,057.00 "
ER 43251 EGD REMOVE LESION SNARE,43251," $1,219.00 "
ER 43450  DILATION OF ESOPHAGUS,43450, $739.00
ER 43762 REPLACE GTUBE W/O REVISION GASTRO TRACT,43762, $417.00
ER 43763 REPLACE GTUBE REQ REVISION OF GASTRO TRACT,43763, $417.00
ER 45382 COLONOSCOPY W/CONTRL BLEEDING,45382," $1,190.00 "
ER 46083 INC THROMBOSED HEMORRHOID EXT,46083, $105.00
ER 46600 ANOSCOPY DIAGNOSTIC,46600, $762.00
ER 46604 ANOSCOPY/DILATION,46604, $728.00
ER 51700 IRRIGATION OF BLADDER,51700, $87.00
ER 51701 INSERT STRAIGHT CATHETER ER,51701, $87.00
ER 51702 INSERT FOLEY CATHETER SIMPLE,51702, $87.00
ER 51705 CHANGE CYSTOSTOMY TUBE SIMPLE,51705, $61.00
ER 51710 CYSTOSTOMY TUBE CHANGE COMPL,51710, $279.00
ER 51798 US URINE CAPACITY MEASUREMENT,51798, $87.00
ER 59025 FETAL NON STRESS TEST,59025, $130.00
ER 62270 SPINAL PUNCTURE LUMBAR DIAG,62270, $558.00
ER 62272 SPINAL TAP THERAPEUTIC,62272, $558.00
ER 64402 INJ ANES FACIAL NERVE,, $342.00
ER 64450 INJ ANES AGENT OTHR PERIPH NRV,64450, $774.00
ER 64455 NERVE BLK INJ PLANTAR DIGIT,64455, $279.00
ER 65205 REM FRGN BODY EXT EYE SUPRF,65205, $279.00
ER 65210 REM FRGN BODY EXT EYE CONJ EMB,65210, $279.00
ER 65220 REM FRGN BODY CORNEAL WO LAMP,65220, $488.00
ER 65235 REMOVE FOREIGN BODY FROM EYE,65235, $501.00
ER 67938 REM FRGN BODY EYELID EMBEDDED,67938, $312.00
ER 69200 Removal foreign body from external auditory canal w/o anes,69200, $217.00
ER 69209 REMOVE IMPACTED EAR WAX UNI,69209, $445.00
ER 69210 REMOVE IMPACT EAR WAX W INSTRMT,69210, $412.00
ER 90471 IMMUNIZATION ADMIN ONE VACCINE,90471, $8.00
ER 90472 IMMUNIZATION ADMIN ADDL VACC,90472, $8.00
"ER 90739 HEPATITIS B VACCINE, IM",90739, $164.00
ER 92950 CARDIOPULMONARY RESUSCITATION ER Charge,92950, $298.00
ER 92977 THROMBOLYSIS CORONARY BY IV,92977, $956.00
ER 94640 PRESSURIZED/NOPRESS INHAL TRMT,94640, $54.00
ER 94660 POS AIRWAY PRESSURE CPAP,94660, $348.00
ER 94664 DEMONSTRATE/EVAL NEBUL/MDI/IPPB,94664, $45.00
ER 96401 ADMIN CHEMO SC/IM NON-HORMONAL,96401, $46.00
ER 96409 IV PUSH CHEMO INITIAL,96409, $172.00
ER 96413 IV INFU CHEMO INTITAL UP TO 1 HR,96413, $252.00
ER 96523 IRRIGATE IMPLANT VEN ACC DEVICE,96523, $49.00
ER 97597 DEBRIDE EA SESS 1ST 20SQ CM <,97597, $156.00
ER 97602 NON SELECTIVE DEBRIDEMENT,97602, $96.00
ER 97760 ORTHOTIC MGMT/TRAINING EA 15MIN,97760, $27.00
ER 99195 THERAPEUTIC PHLEBOTOMY,99195, $62.00
ER 99291 CRITICAL 30-75 MIN Charge,99291," $1,315.00 "
ER 99292 CRITICAL ADDTL 30 MIN Charge,99292, $390.00
ER G0008 Influenza Vac for ER,, $10.00
ER IM OR SQ INJECTION PER STICK 96372,96372, $56.00
ER IV INFU HYDRAT EA ADD'L HR 2ND 96361,96361, $165.00
ER VISIT LEVEL 3 99283,99283, $525.00
99211 Treatment Room Established Patient Level 1,99211, $75.00
99211 Treatment Room Established Patient Level 1 (Nurse Only Visit),99211, $42.00
99212 Treatment Room Established Patient Level 2,99212, $88.00
99212 Treatment Room Established Patient Level 2 (Nurse Only Visit),99212, $88.00
99213 Treatment Room Established Patient Level 3,99213, $110.00
99213 Treatment Room Established Patient Level 3 (Nurse Only Visit),99213, $110.00
99214 Treatment Room Established Patient Level 4,99214, $174.00
99214 Treatment Room Established Patient Level 4 (Nurse Only Visit),99214, $174.00
99215 Treatment Room Established Patient Level 5,99215, $256.00
99215 Treatment Room Established Patient Level 5  (Nurse Only Visit),99215, $256.00
.Gluc 2 Hr,82952, $51.00
.Gluc 3 Hr,82952, $51.00
.Gluc Fasting,82951, $50.00
"5-HIAA, 24 hr Urine - AMS",83497, $168.00
81001 UA AUTOMATED W/ MICRO,81001, $40.00
ABO and Rh AMS,86901, $69.00
ABORh GL,86900, $69.00
ACE - AMS,82164, $119.00
ACTH - AMS,82024, $170.00
ADAMTS13 Activity and Inhibitor Profile - AMS,82384, $230.00
AFB Culture AMS,87118, $49.00
AFP,82105, $109.00
"ANA Panel, Quantitative AMS",86038, $400.00
ANA Screen AMS,86038, $86.00
ANA w/ Titer - AMS,86235, $67.00
ANCA AMS,86021, $35.00
ARC ABO 86900,86900, $69.00
ARC AG TYPE UNIT 86902,86902, $469.00
ARC CMV 86644,86644, $147.00
ARC CROSS-MATCH 86922,86922, $310.00
ARC DAT 86880,86880, $70.00
ARC RH 86901,86901, $69.00
AT3 AMS,85300, $97.00
Acetaminophen Lvl,80329, $131.00
Acetaminophen AMS,80329, $131.00
Activated Protein C Resistance V - AMS,85307, $320.76
Adalimumab & Anti-Adalimumab Ab - AMS,82397, $53.00
Aerobic Body Fluid Culture AMS,87070, $62.00
Aerobic Wound Culture AMS,87075, $62.00
Aerobic/Anaerobic Wound Culture - AMS,87075, $62.00
Alanine Aminotransferase,84460, $32.00
Albumin Level,82040, $51.00
Albumin Random Urine (Microalbumin) - AMS,82043, $32.00
"Albumin/Creatinine Ratio,  Urine - AMS",82043, $32.00
"Alcohol, Blood AMS",80320, $95.00
"Aldolase, S - AMS",82085, $92.00
"Aldosterone, Serum - AMS",82088, $159.00
Alkaline Phosphatase,84075, $33.00
"Allergen, Food Panel - AMS",86003, $20.00
"Allergen, Nonseasonal Inhalant Panel - AMS",86003, $13.00
Alpha Fetoprotein AMS,82105, $109.00
Alpha Melanocyte Stimulating Hormone - AMS,83519, $340.00
Alpha-1 Antitrypsin - AMS,82103, $122.00
"Amiodarone, S - AMS",, $85.00
Ammonia AMS,82140, $97.00
Ammonia Level,82140, $97.00
"Amphetamine Confirmation, Urine - AMS",80326, $72.00
Amphetamine/Methamphetamine Urine - AMS,80307, $150.00
Amylase Level,82150, $91.00
Androstenedione - AMS,82157, $250.00
Anti-Smooth Muscle Ab - AMS,86255, $54.00
Antibody ID AMS,86870, $191.00
Antibody Screen GL,86850, $125.00
Antibody Screen AMS,86850, $125.00
Antithrombin Ag - AMS,85301, $71.60
Arginine Vasopressin - AMS,84588, $166.00
Aspartate Aminotransferase,84450, $32.00
B-Type Natriuretic Peptide,83880, $121.00
"BCR/ABL RNA Detection, RT-PCR - AMS",81206, $250.00
"BK Virus DNA Urine QN, PCR - AMS",87799, $250.00
BK Virus PCR Plasma QN - AMS,87799, $250.00
BUN Creatinine Ratio w/ eGFR,84520, $51.00
"Barbiturates Confirmation, Urine - AMS",80345, $72.00
Basic Metabolic Panel,80048, $102.00
Benzodiazepine Confirmation AMS,80346, $95.00
Beta 2 Glycoprotein Ab IgG/IgM - AMS,86146, $73.07
Beta Human Chorionic Gonadotropin Quantitative,84702, $122.00
"Beta-2 Microglobulin, S AMS",82232, $103.00
"Beta-2 Transferrin, Fld - AMS",86335, $197.00
Bilirubin Direct,82248, $51.00
Bilirubin Total,82247, $51.00
Bilirubin Total and Direct,82247, $51.00
Blood Culture AMS,87040, $110.00
Blood Culture #2 AMS,87040, $110.00
Blood Gas Arterial,82803, $200.00
Blood Gas Venous,82803, $88.00
Blood Urea Nitrogen,84520, $51.00
Body Fluid Culture (Aerobic and Anaerobic)  AMS,87070, $63.00
Body Fluid Culture (Aerobic and Anaerobic) with Gram Stain AMS,87070, $63.00
"Bordetella pertussis, Amplified NA - AMS",87798, $239.00
"Buprenorphine, Urine - AMS",80348, $31.00
C Diff,87493, $88.00
C-Peptide AMS,84681, $66.00
C-Reactive Protein,86140, $55.00
C-Reactive Protein AMS,86140, $55.00
C. difficile toxin B gene by PCR - AMS,87493, $88.00
C. difficile Antigen Test - AMS,87324, $88.00
CA 125 SMV,86304, $102.00
CA 15-3 - AMS,86300, $73.00
CA 19-9 AMS,86301, $114.00
CA 27.29 - AMS,86300, $73.00
CA-125,86304, $102.00
CA-125 AMS,86304, $102.00
CA-19-9,86301, $114.00
CEA AMS,82378, $143.00
CK-MB,82553, $110.00
"CMV DNA QT, Plasma - AMS",87497, $147.00
COLLECTION: Capillary,36416, $10.00
COLLECTION: Venous Draw,36415, $18.00
COLLECTION: Fingerstick,36416, $10.00
COVID-19 - RL,, $104.00
CRP High Sensitivity AMS,86141, $61.00
CSF Cell Count with Differential - AMS,89051, $132.00
Calcium Ionized AMS,82330, $89.00
Calcium Level Total,82310, $51.00
Calcium Random Urine - AMS,82310, $51.00
Calcium Timed Urine - AMS,82340, $29.00
Calprotectin - AMS,83993, $88.00
Carbamazepine Level,80156, $185.00
Carbamazepine AMS,80156, $185.00
Carbon Dioxide Level,82374, $51.00
Carboxyhemoglobin - AMS,82375, $95.00
Carcinoembryonic Antigen,82378, $143.00
"Cardiolipin Ab, IgG - AMS",86147, $100.93
"Cardiolipin Ab, IgM - AMS",86147, $100.93
"Catecholamine Fract, Free, Urine - AMS",82384, $230.00
Catheter Tip Culture AMS,87070, $62.00
Celiac Disease Ab Panel - AMS,82784, $89.00
Cell Count w/ Diff Cerebrospinal Fluid,89051, $132.00
"Ceruloplasmin, S - AMS",82390, $89.00
Chlam/ GC Nucleic Acid Screen AMS,87591, $106.00
Chloride Level,82435, $51.00
"Chloride, CSF - AMS",82438, $12.00
Cholesterol,82465, $51.00
Chromogranin A - AMS,86316, $75.00
Chronic Lymphocytic Leukemia (CLL) Fish - AMS,88291, $142.00
Citrate Excretion 24 hr Urine - AMS,82507, $218.00
"Coag Factor V Assay, P - AMS",85220, $85.00
"Cocaine Confirmation, Urine - AMS",80353, $46.00
Cold Agglutinin Titer AMS,86157, $40.00
"Complement, Total - AMS",86162, $161.00
Complete Blood Count w/o Diff,85027, $76.00
Complete Blood Count with Differential,85025, $99.00
Complete Blood Count with Automated Differential,85025, $99.00
Complete Blood Count with Manual Differential,85027, $76.00
Complete Blood Count w/ Auto Diff only,85025, $99.00
Comprehensive Metabolic Panel,80053, $58.00
"Copper, Serum - AMS",82525, $35.00
Cortisol AM AMS,82533, $78.00
"Cortisol Free, 24 hr Urine - AMS",82530, $86.00
Cortisol PM AMS,82533, $78.00
"Cortisol, Free - AMS",82530, $86.00
"Cortisol, Free, Random U - AMS",82530, $86.00
Cow IgE - AMS,86003, $12.48
Creatine Kinase,82550, $51.00
Creatinine,82565, $35.00
Creatinine Clearance 1,82575, $72.00
Creatinine 24 Hour Urine,82570, $44.00
Creatinine Urine,82570, $44.00
Creatinine with eGFR,82565, $35.00
Creatinine Clearance 2,82575, $72.00
Creatinine Clearance - AMS,82575, $72.00
Creatinine Random Urine - AMS,82570, $51.00
Creatinine Timed Urine - AMS,82570, $44.00
Cryptosporidium,87328, $58.00
Cryptosporidium Antigen - AMS,87328, $71.00
"Crystal Exam, Synovial Fluid AMS",89060, $149.00
Cyc. Citrullinated Peptide - AMS,86200, $62.00
Cyclospora Stain - AMS,87015, $47.00
"Cystinuria Quant, 24 hour - AMS",82136, $263.00
"Cytomegalovirus IgG, Serum - AMS",86644, $147.00
D-Dimer,85379, $149.00
D-Dimer AMS,85379, $149.00
DAT GL,86880, $70.00
DHEA (Dehydroepiandrosterone) - AMS,82626, $228.00
DHEA Serum,82626, $228.00
DHEA Sulfate - AMS,82627, $104.00
DS DNA Autoantibody AMS,86225, $124.00
Desmoglein 1 and 3 - AMS,83516, $119.00
Diazepam and Nordiazepam - AMS,80346, $145.00
Digoxin Level,80162, $70.00
Diphtheria/Tetanus Ab Panel - AMS,86648, $51.00
EKG (Lab),93005, $115.00
EKG OP (Lab),93005, $115.00
Ear Culture - AMS,87070, $62.00
Electrolyte Panel,80051, $83.00
Endomysial IgA Abs - AMS,86255, $165.00
Epstein-Bar Virus Serology - AMS,86664, $81.00
Erythropoietin - AMS,82668, $136.00
Estradiol - AMS,82670, $200.00
Estradiol Level,82670, $200.00
Estrogen Fractionated - AMS,82671, $186.00
Estrone - AMS,82679, $80.00
Ethanol Level,80320, $95.00
Ethosuximide - AMS,80168, $64.00
Eye Culture AMS,87070, $102.00
FSH - AMS,83001, $145.00
Fabry Disease Full Gene Analysis - AMS,81405, $953.00
"Factor V Leiden Mutation, B - AMS",81241, $225.00
"Fat, Fecal - AMS",82710, $122.00
Fecal Leukocyte Stain - AMS,89055, $20.00
Fecal Occult Blood Screen x3,82270, $43.00
Fecal Occult Blood Diagnostic x3,82272, $43.00
Fecal Occult Blood Diagnostic - IA,82274, $42.25
Fecal Occult Blood Diagnostic x3 with QC,82272, $43.00
Fecal Occult Blood Screen x3 with QC,82270, $43.00
Ferritin - AMS,82728, $80.00
Fibrinogen - AMS,85384, $116.00
"Flow, Basic LSP - AMS",86355, $105.00
Fluid Cell Count w/ Differential - AMS,89051, $132.00
Fluid Culture and smear AMS,87070, $62.00
Folate - AMS,82746, $125.00
Folate Level,82746, $125.00
Follicle Stimulating Hormone,83001, $145.00
Food Allergy Panel - AMS,86003, $12.48
Francisella Tularensis Ab - AMS,86668, $33.00
Free Dilantin - AMS,80186, $71.00
GC/Chlamydia RML,87591, $106.00
GGT - AMS,82977, $51.00
GTT 1 Hr Gestational,82951, $63.00
"GTT 2hr (F,1,2)",82951, $50.00
"GTT 2hr (F,30 min,1,2)",82951, $50.00
Gamma Glutamyl Transferase,82977, $51.00
Gastrin - AMS,82941, $131.00
Genital Culture AMS,87070, $62.00
Gentamicin Level Peak,80170, $229.00
Gentamicin Level Trough,80170, $229.00
Gentamicin Random AMS,80170, $229.00
Giardia,87329, $112.00
Giardia / Cryptosporidium Antigen Screen AMS,87329, $71.00
Gliadin IgA - AMS,83516, $53.50
Gliadin IgG - AMS,83516, $53.50
Glucose 1 Hr Post Glucola,82950, $43.00
Glucose 2 Hour Postprandial,82951, $50.00
Glucose Cerebrospinal Fluid,82945, $29.00
Glucose Dipstick Urine,82945, $29.00
Glucose Level,82947, $51.00
"Glucose, CSF - AMS",82945, $29.00
Gonorrhoeae Culture AMS,87081, $65.00
Gram Stain - AMS,87205, $19.00
Group A Strep Culture - AMS,87081, $65.00
Group B Strep Culture AMS,87653, $97.00
Growth Hormone - AMS,83003, $88.00
H. pylori C Urea Breath - AMS,83013, $399.00
HCG Quantitative AMS,84702, $122.00
HDL,83718, $26.00
HIV Antigen/Antibody Combo - AMS,86703, $122.00
HIV Screen,86703, $122.00
HLA-B27 Antigen - AMS,86812, $71.00
Helicobacter IgG - AMS,86677, $273.00
"Helicobacter Pylori Ag, Stool - AMS",87338, $40.00
Hematocrit,85014, $5.00
Hematocrit,85014, $37.00
Hemoglobin,85018, $37.00
Hemoglobin,85018, $37.00
Hemoglobin Electrophoresis Cascade - AMS,83020, $67.00
"Hemosiderin, Urine - AMS",83070, $13.00
Hep B Surface Antibody AMS,86706, $116.00
Hepatic Function Panel,80076, $50.00
Hepatitis B Surface Antigen,87340, $45.00
Hepatitis B Surface Antigen AMS,87340, $45.00
Hepatitis B Core Ab Total - AMS,86704, $57.00
Hepatitis C Total Ab - AMS,86803, $88.00
Hepatitis C RNA AMS,87522, $157.00
Hepatitis C Genotype - AMS,87902, $712.00
Hepatitis Panel - AMS,80074, $178.00
"Herpes Simplex 1/2, IgG, IgM - AMS",86695, $130.00
Herpes Simplex Virus Molecular - AMS,87529, $97.00
Hexagonal Phospholipid - AMS,85598, $193.40
Hgb A1c,83036, $40.00
Holter Monitor Recording (Lab),93225, $242.00
Homocysteine - AMS,83090, $359.00
IGF-1and IGF Binding Protein 3 - AMS,84305, $156.00
"IgA, Serum - AMS",82784, $63.00
IgE (Immunoglobulin E) - AMS,82785, $134.00
IgG Subclasses - AMS,86335, $197.00
"IgG, Serum - AMS",82784, $63.00
"IgM, Serum - AMS",82784, $99.00
"Immunoelectrophoresis, Serum AMS",86334, $197.00
"Immunoelectrophoresis Random, Urine AMS",86335, $197.00
"Immunoglobulin Free Light Chains, Serum AMS",83883, $148.00
"Immunoglobulin Light Chains, Urine AMS",83883, $148.00
"Immunoglobulins, Quant Serum - AMS",82784, $63.00
Immunoglobulin D - AMS,82784, $63.00
Inflammatory Bowel Disease Panel - AMS,86255, $165.00
Influenza A/B - Molecular,87804, $70.00
Influenza by PCR,87502, $154.30
Insulin - AMS,83525, $117.00
Intrinsic Factor Blocking Ab - AMS,86340, $68.00
Iron - AMS,83540, $68.00
Iron Level,83540, $53.00
Iron Profile - AMS,83540, $53.00
JAK2 V617F Mutation Detection Blood - AMS,81270, $204.00
JO1 Autoantibody AMS,86235, $99.00
LDH - AMS,83615, $51.00
LDL Direct,83721, $92.00
LDL Direct AMS,83721, $92.00
LR Platelet Irr - Product Type,, $300.00
LRBC,, $500.00
LRBC - Product Type,, $500.00
Lactate Dehydrogenase,83615, $51.00
Lactic Acid,83605, $122.00
Lamotrigine - AMS,80175, $47.00
"Lead, Blood AMS",83655, $62.00
Levetiracetam - AMS,80177, $99.00
Lipase Level,83690, $62.00
Lipid Panel Screen,80061, $119.00
Lipid Panel,83721, $92.00
Lithium - AMS,80178, $102.00
Lupus Anticoagulant Profile - AMS,85610, $60.94
Luteinizing Hormone,83002, $145.00
Luteinizing Hormone AMS,83002, $142.00
Lyme Disease EIA - AMS,86618, $112.00
MRSA Screen AMS,87081, $65.00
MTHFR Mutation Analysis - AMS,81291, $504.00
Magnesium Level,83735, $66.00
Magnesium Level - AMS,83735, $28.00
Magnesium Timed Urine - AMS,83735, $33.00
Manual Differential (05),85007, $50.00
Manual Differential (01),85007, $50.00
Manual Differential (03),85007, $50.00
Manual Differential (04),85007, $50.00
Manual Differential (20),85007, $50.00
Manual Differential (25),85007, $50.00
"Metanephrines Fractionated, 24 hr Urine - AMS",83835, $134.00
Methadone Confirmation - AMS,80358, $73.00
"Methylmalonic Acid, Serum - AMS",83921, $102.00
Microalbumin Level Urine,82044, $51.00
Microalbumin/Creatinine Ratio Urine,82044, $51.00
Midwest Allergy Panel - AMS,86003, $20.00
"Mumps, Measles, Rubella, Varicella Zoster Ig - AMS",86735, $115.00
Myasthenia Gravis Evaluation - AMS,83519, $47.00
Mycoplasma Antibody,86738, $189.00
Myoglobin,83874, $92.00
NT-Pro BNP - AMS,83880, $75.00
Neonatal Bilirubin,82247, $51.00
"Nicotine and Metabolites, Serum - AMS",80323, $47.00
No - Manual Differential?,85025, $99.00
No - Manual Differential?,85025, $99.00
Nut Allergy Panel - AMS,86003, $12.48
"Opiate Confirmation, Ur - AMS",80363, $90.00
"Osmolality, Urine - AMS",83935, $88.00
Ova and Parasite Exam AMS,87177, $71.00
"Oxalate, 24 hr Urine - AMS",83945, $63.00
"Oxcarbazepine, S - AMS",, $85.00
"Oxycodone Confirmation, Urine - AMS",80365, $86.00
PSA Reflex - AMS,84153, $74.00
PSA Total - AMS,, $70.00
"PSA, Ultrasensitive - AMS",84153, $169.00
PT,85610, $78.00
PTH,83970, $200.00
PTH - AMS,83970, $200.00
Parasite Screen with QC,87329, $112.00
Partial Thromboplastin Time,85730, $78.00
Pathologist Review - AMS,85060, $102.00
Phenobarbital - AMS,80184, $110.00
Phenytoin AMS,80185, $110.00
Phenytoin Level,80185, $110.00
Phospholipid Ab IgA - AMS,86147, $100.92
Phosphorus Level,84100, $33.00
Phosphorus Level - AMS,84100, $33.00
Phosphorus Timed Urine - AMS,84105, $136.00
Pinworm Exam,87172, $18.00
Platelet Count,85049, $81.00
Pork IgE - AMS,86003, $12.48
"Porphobilinogen, QN, Random Urine - AMS",84110, $51.00
Potassium Level,84132, $33.00
Potassium Random Urine - AMS,84133, $26.00
Potassium Timed Urine - AMS,84133, $43.00
Prealbumin Level,84134, $114.00
Prealbumin AMS,84134, $114.00
"Pregnancy Screen, Serum - AMS",84703, $44.17
Primidone and Phenobarbital - AMS,80188, $132.00
Pro-BNP,83880, $75.00
Procalcitonin - AMS,84145, $118.00
Progesterone Level,84144, $98.00
Progesterone - AMS,84144, $98.00
Prolactin - AMS,84146, $161.00
Prolactin Level,84146, $161.00
Prostate Specific Antigen Diagnostic,84153, $70.00
Prostate Specific Antigen Free,84154, $121.00
Protein 24 Hour Urine,84156, $59.00
Protein C Activity - AMS,85303, $110.00
Protein Cerebrospinal Fluid,84157, $32.00
Protein Dipstick Urine,84156, $59.00
Protein S Activity - AMS,85306, $140.00
Protein Timed Urine - AMS,84156, $24.00
Protein Total,84155, $32.00
Protein Urine,84156, $59.00
"Protein electrophoresis, Urine Random - AMS",84156, $59.00
"Protein, CSF - AMS",84157, $32.00
"Protein/Creatinine Ratio, Urine AMS",82570, $51.00
Protime/INR Fingerstick,85610, $78.00
"Q Fever Antibodies, IgG, IgM - AMS",86638, $13.00
Quantiferon TB Test - AMS,86480, $171.00
"RBC, Folate - AMS",82747, $92.00
RNP Autoantibody - AMS,86235, $33.74
RSV - Molecular,86756, $150.00
RSV - Rapid Molecular - AMS,87801, $186.41
Rapid Clostridium Difficile Toxin,87493, $88.00
Rapid Drug Screen Urine w/ QC,80305, $28.00
Rapid Drug Screen Urine,80305, $28.00
Rapid Helicobacter Pylori IgG with QC,86677, $73.00
Rapid Influenza A and B with QC,87804, $59.00
Rapid Influenza A and B,87804, $59.00
Rapid Mono Screen with QC,86308, $42.00
Rapid Mono Screen,86308, $42.00
Rapid Occult Blood Screen Stool,82272, $18.64
Rapid Pregnancy Test with QC,84703, $78.00
Rapid Pregnancy Test Urine with QC,81025, $30.00
Rapid Pregnancy Test,84703, $78.00
Rapid Pregnancy Test Urine,81025, $30.00
Rapid Respiratory Syncytial Virus Screen with QC,87420, $71.00
Rapid Strep A Screen with QC,87880, $59.00
Rapid Strep A Screen,87880, $59.00
Rapid Urease Test with QC,87077, $63.00
Rapid Urease Test,87077, $63.00
Reflex Inhibitor Screen - AMS,85611, $25.04
Renal Function Panel,80069, $109.00
Renin Activity - AMS,84244, $103.00
Respiratory Panel - Bio Fire,87633, $200.00
Respiratory Virus Panel-PCR - AMS,87633, $200.00
Reticulocyte Count Automated - AMS,85045, $103.00
Reverse T3 - AMS,84482, $122.00
Rheumatoid Factor,86431, $53.00
Rheumatoid Factor - AMS,86431, $53.00
Rhogam Workup GL,86901, $69.00
Rocky Mt Spotted Fever Ab AMS,86757, $185.00
"Rotaviris, Rapid Ag - AMS",87425, $71.00
Rubella IgG - AMS,86762, $45.00
SCL Autoantibody AMS,86235, $67.00
SM Autoantibody AMS,86235, $67.00
SSA Autoantibody AMS,86235, $67.00
SSB Autoantibody AMS,86235, $67.00
Salicylate Level,80329, $125.00
Sedimentation Rate,85651, $58.00
"Serotonin, S - AMS",84260, $262.00
"Sertraline, Serum - AMS",82542, $241.00
Serum Protein Electrophoresis(SPEP) - AMS,84155, $32.00
Sjogrens Group - AMS,86235, $67.00
"Smith IgG, Referral - AMS",86235, $67.00
Sodium Level,84295, $33.00
"Sodium Random, Urine - AMS",84300, $44.00
Sodium Timed Urine - AMS,84300, $44.00
"Spotted Fever Group IgG, IgM - AMS",86757, $185.00
Sputum Culture with Gram Stain AMS,87205, $19.00
Stone Analysis - AMS,82365, $65.00
Stool Culture with Shiga toxin AMS,87045, $50.00
Strep A - Molecular,87880, $75.00
Streptolysin O Ab AMS,86060, $83.00
Syphilis Ab Screen w/ Reflex - AMS,86780, $53.00
T3 Free - AMS,84481, $233.00
T3 Total - AMS,84480, $99.00
T3 Uptake - AMS,84479, $37.00
THC GC/MS Confirmation - AMS,80349, $31.00
Tacrolimus (Prograf) - AMS,80197, $87.00
Testosterone Level Total,84403, $150.00
Testosterone Free,84402, $220.00
Testosterone Total - AMS,84403, $150.00
Testosterone Free and Total w/ SHBG (Adult Male) - AMS,84270, $22.63
Tetanus Toxoid IgG Ab - AMS,86317, $90.00
Therapeutic Phlebotomy,99195, $231.00
Thyroglobulin Ab screen AMS,86800, $182.00
"Thyroglobulin, Tumor Marker - AMS",84432, $172.00
Thyroid Autoantibodies - AMS,86376, $120.45
Thyroid Stimulating Hormone,84443, $78.00
Thyroid-Stim Immunoglob - AMS,84445, $680.00
Thyroperoxidase Ab (TPO) - AMS,86376, $98.00
Thyroxine,84436, $58.00
Thyroxine (T4) AMS,84436, $58.00
Thyroxine Free,84439, $59.00
Tis. Transglutaminase IgA - AMS,83516, $89.00
"Tissue Transglutaminase Ab, IgA/IgG - AMS",83516, $89.00
Topiramate - AMS,80201, $136.00
Total Iron Binding Capacity,83550, $85.00
Transferrin,84466, $158.00
Transferrin - AMS,84466, $158.00
Triglycerides,84478, $32.00
Triiodothyronine Free,84481, $233.00
Triiodothyronine,84480, $99.00
Troponin-I,84484, $149.00
Type and Cross GL,86900, $69.00
Type and Screen GL,86900, $69.00
UA Microscopic,81015, $35.00
Upper Respiratory Culture  AMS,87070, $62.00
Uric Acid,84550, $51.00
Uric Acid Random Urine - AMS,84560, $32.00
Uric Acid Timed Urine - AMS,84560, $32.00
"Urinalysis with Microscopic, if indicated",81003, $29.00
Urinalysis,81001, $40.00
Urinalysis Dipstick,81003, $29.00
Urine Culture AMS,87086, $59.00
Valproic Acid,80164, $132.00
Valproic Acid AMS,80164, $132.00
Vanco Level,80202, $78.00
Vancomycin Level Peak,80202, $78.00
Vancomycin Trough - RL,80202, $78.00
Vancomycin Trough - AMS,80202, $121.00
"Vanillylmandelic Acid (VMA), 24 hr Urine - AMS",84585, $124.00
Vitamin B12 Level,82607, $110.00
Vitamin B12 AMS,82607, $110.00
Vitamin B12 and Folate - AMS,82607, $110.00
Vitamin C - AMS,82180, $58.00
Vitamin D 25 Hydroxy Level,82306, $275.00
"Vitamin D, 25-Hydroxy  AMS",82306, $275.00
"Vitamin D, 1,25-Dihydroxy AMS",82652, $163.00
"West Nile virus Antibody IgG, IgM, Serum - AMS",86789, $103.00
Wet Prep 1,87210, $50.00
Wet Prep 3,87210, $50.00
White Blood Cell Count,85048, $37.00
Wound Culture Aerobic w/ Gram Stain - AMS,87070, $62.00
Yes - Manual Differential?,85027, $76.00
Yes - Manual Differential?,85027, $76.00
"Zinc, Serum - AMS",84630, $53.00
pH Fluid,83986, $24.00
pH Urine Dipstick,83986, $24.00
zzFungal Culture AMS,87102, $73.00
TR 96367 IV INFU THER EA ADD'L HR SEQ NEW Charge,96367, $172.00
TR IRRIGATE IMPLANT VEN ACC DEVICE Charge,96523, $70.00
TR IV INFU HYDRAT EA ADD'L HR Charge,96361, $172.00
TR IV INFUSION INITIAL NON-CVRD Charge,96365, $172.00
Anaerobic Culture,87075, $62.00
BPen Oral,87070, $62.00
Beta Lactamase,87185, $24.00
Blood Culture,87040, $110.00
Body Fluid Culture,87070, $62.00
Cellulose tape preparation,87070, $62.00
Ear Culture,87070, $62.00
Eye Culture,87070, $61.00
Flagellar stain,87070, $62.00
Fusidic Acid,87081, $65.00
Genital Culture,87070, $62.00
Kirby-Bauer,87184, $50.00
MRSA Culture,87081, $65.00
Minimum Inhibitory Concentration,87186, $63.00
Nasal Culture,87070, $62.00
Neisseria meningitidis antisera B,87070, $62.00
Shigella typing,87070, $62.00
Sputum Culture,87070, $62.00
Tease mount,87086, $59.00
Throat Culture,87070, $62.00
Tissue Culture,87070, $62.00
Urine Culture,86304, $102.00
Wound Culture,82306, $275.00
Compression Device SCD Charge per day,, $45.00
IV Pump Charge per day,, $48.00
OBS IM OR SQ INJECTION PER STICK Charge,96372, $53.75
OBS IM OR SQ INJ WITH IV Charge,96372, $53.75
OBS IMMUNIZATION ADMIN ONE VACCINE Charge,90471, $25.00
OBS IMMUNIZATION ADMIN ADDL VACCINE Charge,90472, $15.00
OBS INHALATION TRMT (AEROSOL/NEB) Charge,94640, $50.00
OBS IV INFU THERAP CONCURRENT Charge,96368, $54.00
OBS IV INFU HYDRAT EA ADD'L HRCharge,96361, $50.00
OBS IV INFU THER INITIAL 16-90 MIN  Charge,96365, $165.00
OBS IV INFU THERAP EA ADD'L HR Charge,96366, $50.00
OBS IV INFU THERAP EA ADD'L SEQ NEW  Charge,96367, $165.00
OBS IV INFUS HYDRAT INIT 31 MIN-1HR Charge,96360, $165.00
OBS IV INFU HYDRAT EA ADD'L HR 2ND,96361, $165.00
OBS IV PUSH SINGLE OR INITIAL Charge,96374, $75.00
OBS IV PUSH EA ADD'L SEQ NEW DRUG Charge,96375, $54.00
OBS IV PUSH EA ADD'L SAME DRUG Charge,96376, $54.00
OBSRV BLOOD ADMIN 1ST HR Charge,36430, $300.00
OBSRV BLOOD ADMIN EA ADDL HR,, $40.00
CL 10040 ACNE SURGERY,10040, $160.00
OT Apply Multi Layer Compress Arm/Hand Units,29584, $358.00
OBSRV 1ST HOUR,, $550.00
OBSRV 1ST HR W/IV INFUSION,, $400.00
OBSRV ADD'L HR 1ST DAY,, $33.00
OBSRV ADD'L HR W/IV INF 1ST DAY,, $20.00
OBSRV ADD'L HR SUBSEQUENT DAY,, $55.00
OBSRV ADD'L HR W/IV INF SUBSEQ DAY Charge,, $25.00
TB Skin Test POC,86580, $18.00
UA Dipstick POC (Glucose and Protein),81002, $33.00
Application Modality HOT or COLD Pack Units 97010,97010, $27.30
Contrast Bath/15min Units 97034,97034, $58.00
E-STIM Manual/15min Units 97032,97032, $90.00
Gait Training Units 97116,97116, $95.00
Manual Therapy Charge Units 97140,97140, $83.00
Mechanical Traction Provided  Units 97012,97012, $72.00
Muscle Testing Trunk Units 95831,, $37.00
Neuromuscular Reeducation Units 97112,97112, $69.00
PT App Multi Layer Compress Lower Leg Units,29581, $358.00
PT Apply Long Leg Splint Units,29505, $296.00
PT Apply Multi Layer Compress UPR Arm Units,29584, $358.00
PT Apply Multi Layer Compress Arm/Hand Units,29584, $358.00
PT Electrical Stimulation Unattended Charge G0283 97014,, $42.00
PT High Complex Units 97163,97163, $140.00
PT Iontophoresis Charges 97033,97033, $94.00
PT Low Complex Units 97161,97161, $149.26
PT Massage Charge Units 97124,97124, $83.00
PT Moderate Complex Units 97162,97162, $149.26
PT Multi Layer Compress All Arm,29584, $358.00
PT Parafin Bath Charge 97018,97018, $69.00
PT Physical Performance Test 97750,97750, $69.00
PT ReEval Units 97164,97164, $110.00
"PT Self Care, Home Management Charges 97535",97535, $34.00
PT Splint Appl Calf To Foot Units,29515, $296.00
PT Strapping of Ankle and/or Foot Units,29540, $358.00
PT Ultrasound Units,97035, $100.00
PT Ultrasound Charges 97035,97035, $100.00
Phonophoresis Units,97035, $100.00
ROM Trunk Units 95851,95851, $39.00
Therapeutic Activities Charge 97530,97530, $50.00
Therapeutic Exercise Charges 97110,97110, $100.00
Therapeutic Exercise Units,97110, $100.00
Therapeutic Activities Units,97530, $50.00
Wound Care Selective Debridement Charge,97597, $138.00
ROOM/BED: Private,," $1,000.00 "
ROOM/BED: SB Intermediate Private,, $200.00
ROOM/BED: SB Intermediate Semi Private,, $185.00
ROOM/BED: SB Skilled Private,, $950.00
Epicord 2cm x 3cm,, $645.00
Epicord 3cm x 5cm,, $645.00
Epifix 2cm x 3cm,, $573.00
Epifix 3cm x 4cm,, $573.00
Epifix 4cm x 4cm,, $573.00
Epifix 5cm x 6cm,, $573.00
Epifix 7cm x 7cm,, $573.00
Telehealth Originating Site Fee Q3014,, $50.00
BD Bone Density DEXA Axial Skeleton,77080, $254.00
CT Abdomen w/ + w/o Contrast,74170, $566.25
CT Abdomen w/ Contrast,74160, $625.00
CT Abdomen w/o Contrast,74150, $589.00
CT Abdomen + Pelvis w/ + w/o Contrast,74178, $675.00
CT Abdomen + Pelvis w/ Contrast,74177, $625.00
CT Abdomen + Pelvis w/o Contrast,74176, $675.00
CT Abdomen w + w/o Contrast + Chest/Pelvis w/ Contrast,74170, $675.00
"CT Abdomen + Pelvis wo Contrast, Stone Protocol",74176, $675.00
CT Angiography Abdomen,74175, $675.00
CT Angiography Chest w/ + w/o Contrast,71275," $1,472.28 "
CT Angiography Head w/ + w/o Contrast,70496," $1,434.05 "
CT Angiography Neck w/ + w/o Contrast,70498," $1,492.61 "
CT Angiography Abdomen + Pelvis,74174," $2,193.46 "
CT Angiography Chest for PE,71275," $1,472.28 "
CT Angiography Chest w,71275," $1,473.00 "
CT Angiography Chest + Abdomen Pelvis - Dissection,71275," $1,473.00 "
CT Angiography Neck w/,70498," $1,493.00 "
CT Angiography Head w + w/o + Neck w,70496," $1,434.05 "
CT Angiography Head + Neck w/,70496," $1,434.05 "
CT Ankle w/ Contrast Left,73701, $625.00
CT Ankle w/ Contrast Right,73701, $625.00
CT Ankle w/o Contrast Left,73700, $589.00
CT Ankle w/o Contrast Right,73700, $589.00
CT Chest + Abdomen w/ Contrast,74160, $625.00
CT Chest + Abdomen w/o Contrast,74150, $589.00
CT Chest + Abdomen w/ + w/o,74170, $675.00
CT Chest High Resolution,71250, $589.00
CT Chest w/ Contrast + Abdomen/Pelvis w + w/o  Contrast,71270, $675.00
CT Chest w/ + w/o Contrast,71270, $675.00
CT Chest w/ Contrast,71260, $625.00
CT Chest w/o Contrast,71250, $566.25
"CT Chest, High Resolution w/o",71250, $566.25
"CT Chest, High Resolution w + w/o",71270, $675.00
"CT Chest, High Resolution w/",71260, $625.00
CT Chest/Abdomen/Pelvis w + w/o Contrast,74177, $625.00
CT Chest/Abdomen/Pelvis w/ Contrast,74177, $625.00
CT Chest/Abdomen/Pelvis wo/ Contrast,74176, $625.00
CT Elbow w/ Contrast Left,73201, $566.25
CT Elbow w/ Contrast Right,73201, $566.25
CT Elbow w/o Contrast Left,73200, $589.00
CT Elbow w/o Contrast Right,73200, $589.00
CT Head + Neck + Chest w/o Contrast,70450, $588.90
CT Head + Spine Cervical w/o Contrast,70450, $589.00
CT Head or Brain w/ + w/o Contrast,70470, $675.00
CT Head or Brain w/ Contrast,70460, $625.00
CT Head or Brain w/o Contrast,70450, $566.25
CT IAC w/ + w/o Contrast,70482, $625.00
CT IAC w/o Contrast,70480, $589.00
CT Knee w/o Contrast Left,73700, $589.00
CT Knee w/o Contrast Right,73700, $589.00
CT Low Dose Lung Cancer Screening,, $588.90
CT Lower Extremity w/+w/o Contrast Bilat,73702, $566.25
CT Lower Extremity w/+w/o Contrast Left,73702, $566.25
CT Lower Extremity w/+w/o Contrast Right,73702, $566.25
CT Lower Extremity w/ Contrast Bilat,73701, $625.00
CT Lower Extremity w/ Contrast Left,73701, $625.00
CT Lower Extremity w/ Contrast Right,73701, $625.00
CT Lower Extremity w/o Contrast Bilat,73700, $589.00
CT Lower Extremity w/o Contrast Left,73700, $589.00
CT Lower Extremity w/o Contrast Right,73700, $589.00
CT Maxillofacial w/ + w/o Contrast,70488, $675.00
CT Maxillofacial w/ Contrast,70487, $625.00
CT Maxillofacial w/o Contrast,70486, $589.00
CT Neck + Chest w/ Contrast,70491, $625.00
CT Neck + Chest + Abdomen + Pelvis w/ Contrast,70491, $625.00
CT Neck + Chest + Abdomen + Pelvis w/ + w/o Contrast,70492, $675.00
CT Neck + Chest + Abdomen w + wo,70492, $675.00
CT Neck + Chest + Abdomen w/ Contrast,70491, $625.00
CT Neck + Chest w/ + w/o Contrast,70492, $675.00
CT Neck + Chest + Abdomen w/o Contrast,70490, $580.00
CT Neck + Chest w/o Contrast,70490, $580.00
CT Neck + Chest + Abdomen + Pelvis w/o Contrast,70490, $580.00
CT Neck + Chest w/ + w/o Contrast,70492, $675.00
CT Orbit Sella etc. w/ + w/o Contrast,70482, $675.00
CT Orbit Sella etc. w/ Contrast,70481, $625.00
CT Orbit Sella etc. w/o Contrast,70480, $589.00
CT Pelvis w/ + w/o Contrast,72194, $675.00
CT Pelvis w/ Contrast,72193, $625.00
CT Pelvis w/o Contrast,72192, $589.00
CT Shoulder w/ Contrast Left,73201, $566.25
CT Shoulder w/ Contrast Right,73201, $566.25
CT Shoulder w/o Contrast Left,73200, $589.00
CT Shoulder w/o Contrast Right,73200, $589.00
CT Sinus w/ + w/o Contrast,70488, $675.00
CT Sinus w/ Contrast,70487, $625.00
CT Sinus w/o Contrast,70486, $589.00
CT Soft Tissue Neck w/ + w/o Contrast,70492, $675.00
CT Soft Tissue Neck w/ Contrast,70491, $625.00
CT Soft Tissue Neck w/o Contrast,70490, $589.00
CT Spine Cervical w/ + w/o Contrast,72127, $675.00
CT Spine Cervical w/ Contrast,72126, $625.00
CT Spine Cervical w/o Contrast,72125, $589.00
CT Spine Lumbar w/ + w/o Contrast,72133, $675.00
CT Spine Lumbar w/ Contrast,72132, $625.00
CT Spine Lumbar w/o Contrast,72131, $589.00
CT Spine Thoracic w/ + w/o Contrast,72130, $675.00
CT Spine Thoracic w/ Contrast,72129, $625.00
CT Spine Thoracic w/o Contrast,72128, $589.00
CT Thorax w/ + w/o Contrast,71270, $675.00
CT Thorax w/ Contrast,71260, $625.00
CT Thorax w/o Contrast,71250, $566.25
CT Upper Extremity w/+w/o Contrast Bilat,73202, $566.25
CT Upper Extremity w/+w/o Contrast Left,73202, $566.25
CT Upper Extremity w/+w/o Contrast Right,73202, $566.25
CT Upper Extremity w/ Contrast Bilat,73201, $566.25
CT Upper Extremity w/ Contrast Left,73201, $566.25
CT Upper Extremity w/ Contrast Right,73201, $566.25
CT Upper Extremity w/o Contrast Bilat,73200, $589.00
CT Upper Extremity w/o Contrast Left,73200, $589.00
CT Upper Extremity w/o Contrast Right,73200, $589.00
CT Wrist w/ Contrast Left,73201, $566.25
CT Wrist w/ Contrast Right,73201, $566.25
CT Wrist w/o Contrast Left,73200, $589.00
CT Wrist w/o Contrast Right,73200, $589.00
ECHO (Rad),93306," $1,896.25 "
EKG (Radiology),93005, $115.00
Holter Monitor Analysis w/ Report (RAD),93226, $239.00
Holter Monitor Recording (RAD),93225, $242.00
MG Mammo 3D Digital Diagnostic - Bilateral,77066, $200.00
MG Mammo 3D Digital Diagnostic - Left,77065, $175.00
MG Mammo 3D Digital Diagnostic - Right,77065, $175.00
MG Mammo 3D Digital Screening Right,77067, $200.00
MG Mammo 3D Digital Screening Left,77067, $200.00
MG Mammo 3D Digital Screening Bilateral,77067, $200.00
MG Mammogram Digital Diagnostic Bilat,77066, $200.00
MG Mammogram Digital Diagnostic Left,77065, $175.00
MG Mammogram Digital Diagnostic Right,77065, $175.00
MG Mammogram Digital Screening Bilat,77067, $175.00
MG Mammogram Digital Screening Left,77067, $175.00
MG Mammogram Digital Screening Right,77067, $175.00
MRA Abdomen w/ Contrast,74185, $815.10
MRA Abdomen w/ + w/o Contrast,74185, $815.10
MRA Abdomen w/o Contrast,74185, $815.10
MRA Chest w/ + w/o Contrast,71555, $815.10
MRA Chest w/ Contrast,71555, $815.10
MRA Chest w/o Contrast,71555, $815.10
MRA Head w/ + w/o Contrast,70546, $815.10
MRA Head w/ Contrast,70545, $815.10
MRA Head w/o Contrast,70544, $815.10
MRA Lower Extremity w/ + w/o Bilat,73725, $815.10
MRA Lower Extremity w/ + w/o Right,73725, $815.10
MRA Lower Extremity w/ + w/o Left,73725, $815.10
MRA Lower Extremity w/o Right,73725, $815.10
MRA Lower Extremity w/o Left,73725, $815.10
MRA Lower Extremity w/o Bilat,73725, $815.10
MRA Lower Extremity w/ Right,73725, $815.10
MRA Lower Extremity w/ Left,73725, $815.10
MRA Lower Extremity w/ Bilat,73725, $815.10
MRA Neck w/ + w/o Contrast,70549, $815.10
MRA Neck w/ Contrast,70548, $815.10
MRA Neck w/o Contrast,70547, $815.10
MRA Pelvis w/o Contrast,72198, $815.10
MRA Pelvis w/ Contrast,72198, $815.10
MRA Pelvis w/ + w/o Contrast,72198, $815.10
MRA Spinal Canal + Contents,72159, $815.10
MRA Upper Extremity w/ + w/o Contrast Bt,73225, $815.10
MRA Upper Extremity w/ + w/o Contrast Lt,73225, $815.10
MRA Upper Extremity w/ + w/o Contrast Rt,73225, $815.10
MRA Upper Extremity w/ Contrast Bilat,73225, $815.10
MRA Upper Extremity w/ Contrast Left,73225, $815.10
MRA Upper Extremity w/ Contrast Right,73225, $815.10
MRA Upper Extremity w/o Contrast Bilat,73225, $815.10
MRA Upper Extremity w/o Contrast Left,73225, $815.10
MRA Upper Extremity w/o Contrast Right,73225, $815.10
MRI Abdomen w/ + w/o Contrast,74183, $677.30
MRI Abdomen w/ Contrast,74182, $677.30
MRI Abdomen w/o Contrast,74181, $677.30
MRI Brain w/ + w/o Contrast,70553, $677.30
MRI Brain w/ Contrast,70552, $677.30
MRI Brain w/o Contrast,70551, $677.30
MRI Chest w/ + w/o Contrast,71552, $677.30
MRI Chest w/ Contrast,71551, $677.30
MRI Chest w/o Contrast,71550, $677.30
MRI Face Neck Orbit w/ + w/o Contrast,70543, $677.30
MRI Face Neck Orbit w/ Contrast,70542, $677.30
MRI Face Neck Orbit w/o Contrast,70540, $677.30
MRI LE Joint w/ + w/o Contrast Bilateral,73723, $677.30
MRI LE Joint w/ + w/o Contrast Left,73723, $677.30
MRI LE Joint w/ + w/o Contrast Right,73723, $677.30
MRI LE Joint w/ Contrast Bilateral,73722, $677.30
MRI LE Joint w/ Contrast Left,73722, $677.30
MRI LE Joint w/ Contrast Right,73722, $677.30
MRI LE Joint w/o Contrast Bilateral,73721, $677.30
MRI LE Joint w/o Contrast Left,73721, $677.30
MRI LE Joint w/o Contrast Right,73721, $677.30
MRI LE Non Joint w/ + w/o Contrast Bilat,73720, $677.30
MRI LE Non Joint w/ + w/o Contrast Left,73720, $677.30
MRI LE Non Joint w/ + w/o Contrast Right,73720, $677.30
MRI LE Non Joint w/ Contrast Bilateral,73719, $677.30
MRI LE Non Joint w/ Contrast Left,73719, $677.30
MRI LE Non Joint w/ Contrast Right,73719, $677.30
MRI LE Non Joint w/o Contrast Bilat,73718, $677.30
MRI LE Non Joint w/o Contrast Left,73718, $677.30
MRI LE Non Joint w/o Contrast Right,73718, $677.30
MRI MR-CP w/o Contrast,74181, $677.30
MRI MR-CP w/ Contrast,74182, $677.30
MRI MR-CP w/ + w/o Contrast,74183, $677.30
MRI Pelvis w/ + w/o Contrast,72197, $677.30
MRI Pelvis w/ Contrast,72196, $677.30
MRI Pelvis w/o Contrast,72195, $677.30
MRI Spine Cervical w/ + w/o Contrast,72156, $677.30
MRI Spine Cervical w/ Contrast,72142, $677.30
MRI Spine Cervical w/o Contrast,72141, $677.30
MRI Spine Lumbar w/ + w/o Contrast,72158, $677.30
MRI Spine Lumbar w/ Contrast,72149, $677.30
MRI Spine Lumbar w/o Contrast,72148, $677.30
MRI Spine Thoracic w/ Contrast,72147, $677.30
MRI Spine Thoracic w/ + w/o Contrast,72157, $677.30
MRI Spine Thoracic w/o Contrast,72146, $677.30
MRI TMJ,70336, $677.30
MRI UE Joint w/ + w/o Contrast Bilateral,73223, $677.30
MRI UE Joint w/ + w/o Contrast Left,73223, $677.30
MRI UE Joint w/ + w/o Contrast Right,73223, $677.30
MRI UE Joint w/ Contrast Bilateral,73222, $677.30
MRI UE Joint w/ Contrast Left,73222, $677.30
MRI UE Joint w/ Contrast Right,73222, $677.30
MRI UE Joint w/o Contrast Bilateral,73221, $677.30
MRI UE Joint w/o Contrast Left,73221, $677.30
MRI UE Joint w/o Contrast Right,73221, $677.30
MRI UE Non Joint w/ + w/o Contrast Bilat,73220, $677.30
MRI UE Non Joint w/ + w/o Contrast Left,73220, $677.30
MRI UE Non Joint w/ + w/o Contrast Right,73220, $677.30
MRI UE Non Joint w/ Contrast Left,73219, $677.30
MRI UE Non Joint w/ Contrast Bilateral,73219, $677.30
MRI UE Non Joint w/ Contrast Right,73219, $677.30
MRI UE Non Joint w/o Contrast Bilateral,73218, $677.30
MRI UE Non Joint w/o Contrast Left,73218, $677.30
MRI UE Non Joint w/o Contrast Right,73218, $677.30
Spirometry (Rad),94010, $387.40
Spirometry Pre & Post (Rad),94060, $245.80
US Abdomen Complete,76700, $195.00
US Abdomen Limited,76705, $151.00
US Abdomen/Pelvic/Scrotal Art/Vein Comp,93975, $619.00
US Ankle Brachial Index,93922, $619.00
US Aorta Complete,76706, $195.00
US Aorta Duplex Complete,76706, $188.00
US Aorta Duplex Limited,76775, $151.00
US Aorta IVC Iliac Duplex Complete,93978, $619.00
US Bladder,51798, $87.00
US Breast Left Complete,76641, $122.00
US Breast Right Complete,76641, $122.00
US Carotid Doppler Bilateral,93880, $618.80
US Carotid Duplex Bilateral,93880, $618.80
US Carotid Duplex Left,93882, $619.00
US Carotid Duplex Right,93882, $619.00
US Chest,76604, $143.00
US Echo 2D Comp w/ Color Flow Doppler,93306," $1,896.25 "
US Echo 2D Comp w/o Color Flow Doppler,93307, $1.00
US Echocardiogram,93306," $1,972.00 "
US Extremity Non Vascular Limited,76882, $151.00
US Fetal Biophysical Profile w/ Non Str,76818, $109.00
US Fetal Biophysical Profile w/o N Str,76819, $125.00
US Follow Up Study,76970, $86.00
US Gallbladder,76705, $151.00
US Head/Neck Soft Tissue,76536, $618.00
US LE Arterial Duplex Right,93926, $618.80
US LE Arterial Duplex Left,93926, $618.80
US LE Arterial Duplex Bilateral,93925, $618.80
US LE Venous Duplex Right,93971, $618.80
US LE Venous Duplex Left,93971, $618.80
US LE Venous Duplex Bilateral,93970, $618.80
US LE Venous Doppler Bilateral,93970, $618.80
US Lower Extremity Non Vascular Bilat,76882, $151.00
US Lower Extremity Non Vascular Left,76882, $151.00
US Lower Extremity Non Vascular Right,76882, $151.00
US Pelvis Non OB Limited,76857, $133.00
US Pelvis Non OB Complete,76856, $159.00
US Pregnancy Transvaginal,76817, $120.00
US Pregnancy Limited,76815, $117.00
US Pregnancy Follow Up,76816, $91.00
US Pregnancy After 1st Trimester,76805, $170.00
US Pregnancy 1st Trimester,76801, $90.00
US Pregnancy 1st Trimester Ea Addl Gest,76802, $100.00
US Pregnancy After 1st Trim Ea Addl Gest,76810, $95.00
US Prostate,76856, $159.00
US Prostate Transrectal,76872, $130.00
US Renal Artery Doppler,93975, $619.00
US Renal Complete,76770, $195.00
US Renal Duplex,93975, $619.00
US Retroperitoneal Limited,76775, $151.00
US Retroperitoneal Complete,76770, $195.00
US Scrotum (Contents),76870, $159.00
US Soft Tissue Abdomen,76705, $151.00
US Soft Tissue Upper Back,76604, $143.00
US Soft Tissue Lower Back,76705, $150.00
US Soft Tissue Groin,76882, $150.00
US Soft Tissue Buttock,76857, $132.00
US Testicular Duplex Doppler,93976, $618.80
US Thyroid,76536, $618.00
US Transvaginal Non OB,76830, $159.00
US Transvaginal OB,76817, $120.00
US UE Arterial Duplex Right,93931, $619.00
US UE Arterial Duplex Left,93931, $619.00
US UE Arterial Duplex Bilateral,93930, $619.00
US UE Venous Duplex Right,93971, $618.80
US UE Venous Duplex Left,93971, $618.80
US UE Venous Duplex Bilateral,93970, $618.80
US Upper Extremity Non Vascular Bilat,76882, $151.00
US Upper Extremity Non Vascular Left,76882, $151.00
US Upper Extremity Non Vascular Right,76882, $151.00
XR AC Joints Bilateral w/ + w/o wts,73050, $189.00
XR Abdomen 1 View,74018, $173.00
XR Abdomen 2 Views,74019, $129.00
XR Abdomen Series w/ Chest 1 View,74022, $340.00
XR Abdomen 2 View,74019, $129.00
XR Abdomen 2 Views,74019, $129.00
XR Ankle 2 Views Bilateral,73600, $134.00
XR Ankle 2 Views Left,73600, $134.00
XR Ankle 2 Views Right,73600, $134.00
XR Ankle Complete Bilateral,73610, $179.00
XR Ankle Complete Left,73610, $179.00
XR Ankle Complete Right,73610, $179.00
XR Bone Age Studies,77072, $179.00
XR Bone Survey Complete (Mets),77075, $652.00
XR Bone Survey Infant,77076, $625.00
XR Bone Survey Limited (Mets),77074, $50.00
XR Calcaneus Bilateral,73650, $147.00
XR Calcaneus Left,73650, $147.00
XR Calcaneus Right,73650, $147.00
XR Chest 1 View Frontal,71045, $160.00
XR Chest 1 View,71045, $159.00
XR Chest 2 Views,71046, $172.00
XR Chest Decubitus Left,71045, $159.00
XR Clavicle Bilateral,73000, $147.00
XR Clavicle Left,73000, $147.00
XR Clavicle Right,73000, $147.00
XR Elbow 2 Views Right,73070, $146.00
XR Elbow 2 Views Left,73070, $146.00
XR Elbow 2 Views Bilateral,73070, $146.00
XR Elbow Complete Right,73080, $195.00
XR Elbow Complete Left,73080, $195.00
XR Elbow Complete Bilateral,73080, $195.00
XR Esophagus,74220, $348.00
XR Facial Bones Minimum 3 Views,70150, $244.00
XR Facial Bones < 3 Views,70140, $231.00
XR Femur Bilateral,73552, $155.00
XR Femur Min 2 Views Rt,73552, $155.00
XR Femur Min 2 Views Lt,73552, $155.00
XR Finger 2nd Digit Right,73140, $136.00
XR Finger 2nd Digit Left,73140, $136.00
XR Finger 3rd Digit Right,73140, $136.00
XR Finger 3rd Digit Left,73140, $136.00
XR Finger 4th Digit Right,73140, $136.00
XR Finger 4th Digit Left,73140, $136.00
XR Finger 5th Digit Right,73140, $136.00
XR Finger 5th Digit Left,73140, $136.00
XR Finger Thumb Right,73140, $136.00
XR Finger Thumb Left,73140, $136.00
XR Foot 2 Views Right,73620, $122.00
XR Foot 2 Views Left,73620, $122.00
XR Foot 2 Views Bilateral,73620, $122.00
XR Foot Complete Right,73630, $173.00
XR Foot Complete Left,73630, $173.00
XR Foot Complete Bilateral,73630, $173.00
XR Forearm 2 Views Right,73090, $160.00
XR Forearm 2 Views Left,73090, $160.00
XR Forearm 2 Views Bilateral,73090, $160.00
XR Foreign Body Loc Nose/Rectum Child,76010, $145.00
XR Foreign Body Loc Eye Bilateral,70030, $108.00
XR Hand 2 Views Right,73120, $136.00
XR Hand 2 Views Left,73120, $136.00
XR Hand 2 Views Bilateral,73120, $136.00
XR Hand Complete Right,73130, $176.00
XR Hand Complete Left,73130, $176.00
XR Hand Complete Bilateral,73130, $176.00
XR Hip 1 View Right,73501, $108.00
XR Hip 1 View Left,73501, $108.00
XR Hip 1 View Lt w/ Pelvis,73501, $108.00
XR Hip 1 View Rt w/ Pelvis,73501, $108.00
XR Hip 2-3 Views Lt w/ Pelvis,73502, $155.00
XR Hip 2-3 Views Rt w/ Pelvis,73502, $155.00
XR Hip 2-3 View - Left,73502, $155.00
XR Hip 2-3 View - Right,73502, $155.00
XR Hip Bilateral w/Pelvis,73522, $155.00
XR Hip Complete Right,73502, $155.00
XR Hip Complete Left,73502, $155.00
XR Hip Min 4 Views Lt w/ Pelvis,73503, $1.00
XR Hip Min 4 Views Rt w/ Pelvis,73503, $1.00
XR Hips Bil w/ Pelvis 3-4 Views,73522, $155.00
XR Hips Bil w/ Pelvis Min 5 Views,73523, $327.00
XR Humerus Right,73060, $177.00
XR Humerus Left,73060, $177.00
XR Humerus Bilateral,73060, $177.00
XR Knee 1 or 2 Views Right,73560, $139.00
XR Knee 1 or 2 Views Left,73560, $139.00
XR Knee 1 or 2 Views Bilateral,73560, $139.00
XR Knee 3 Views Right,73562, $193.00
XR Knee 3 Views Left,73562, $193.00
XR Knee 3 Views Bilateral,73562, $193.00
XR Knee 4 Views w/ Patella Left,73564, $279.00
XR Knee 4 Views w/ Patella Right,73564, $279.00
XR Knee 4 Views w/ Tunnel + Sunrise Left,73564, $279.00
XR Knee 4 Views w/ Tunnel +Sunrise Right,73564, $279.00
XR Knee Complete 4 or More Views Right,73564, $279.00
XR Knee Complete 4 or More Views Left,73564, $279.00
XR Knee Complete 4 or More Views Bilateral,73564, $279.00
XR Knee Standing AP Bilateral,73565, $141.00
XR Lower Extremity Infant Right,73592, $178.00
XR Lower Extremity Infant Left,73592, $178.00
XR Lower Extremity Infant Bilateral,73592, $178.00
XR Mandible Partial Less Than 4 Views,70100, $272.00
XR Mandible Complete Minimum 4 Views,70110, $272.00
XR Nasal Bones Minimum 3 Views,70160, $190.17
XR Neck Soft Tissue,70360, $166.00
XR Orbits Complete Bilateral,70190, $120.00
XR Pelvis 1 or 2 Views,72170, $163.00
XR Pelvis Complete Minimum 3 Views,72190, $175.00
XR Ribs 2 Views Right,71100, $172.00
XR Ribs 2 Views Left,71100, $172.00
XR Ribs 3 Views Bilateral,71110, $173.00
XR Ribs Min 3 Views Left w/ PA Chest,71101, $257.00
XR Ribs Min 3 Views Right w/ PA Chest,71101, $257.00
XR Ribs w/ PA Chest Right,71101, $257.00
XR Ribs w/ PA Chest Left,71101, $257.00
XR Ribs w/ PA Chest Bilateral,71111, $316.00
XR Sacroiliac Joints Minimum 3 Views,72202, $184.00
XR Sacroiliac Joints 1 or 2 Views,72200, $183.00
XR Sacrum/Coccyx Minimum 2 Views,72220, $184.00
XR Scapula Right,73010, $151.00
XR Scapula Left,73010, $151.00
XR Scapula Bilateral,73010, $151.00
XR Shoulder Complete Right,73030, $181.00
XR Shoulder Complete Left,73030, $181.00
XR Shoulder Complete Bilateral,73030, $181.00
XR Shoulder 1 View Right,73020, $136.00
XR Shoulder 1 View Left,73020, $136.00
XR Shoulder 1 View Bilateral,73020, $136.00
XR Shoulder + Clavicle - Left,73030, $181.00
XR Shoulder + Clavicle - Right,73030, $181.00
XR Sinuses Paranasal Complete,70220, $250.00
XR Sinuses Paranasal < 3 Views,70210, $138.00
XR Skull < 4 Views,70250, $184.18
XR Skull Complete,70260, $272.00
XR Spine 1 View Thoracic,72020, $220.00
XR Spine 1 View Lumbar,72020, $220.00
XR Spine Cervical 2 or 3 Views,72040, $206.00
XR Spine Cervical Minimum 4 Views,72050, $297.00
XR Spine Cervical w/ Flext and/or Ext,72050, $297.00
XR Spine Cervical Flexion + Extension,72052, $349.00
XR Spine Cervical Complete,72052, $349.00
XR Spine Lumbosacral Minimum 4 Views,72110, $319.00
XR Spine Lumbosacral Complete w/ Bending,72114, $385.00
XR Spine Lumbosacral Bending Only,72120, $300.00
XR Spine Lumbosacral 2 or 3 Views,72100, $225.00
XR Spine Lumbar Flexion + Extension,72120, $301.00
XR Spine Single View Specify Level,72020, $220.00
XR Spine Thoracolumbar 2 Views,72080, $248.00
XR Spine Thoracic Minimum 4 Views,72074, $218.00
XR Spine Thoracic 2 Views,72070, $200.00
XR Sternoclavicular Joint(s),71130, $120.00
XR Sternum Minimum 2 Views,71120, $187.00
XR TMJ Open and Closed Bilateral,70330, $155.00
XR Tibia/Fibula Right,73590, $183.00
XR Tibia/Fibula Left,73590, $183.00
XR Tibia/Fibula Bilateral,73590, $183.00
XR Toes 2nd Digit Right,73660, $139.00
XR Toes 2nd Digit Left,73660, $139.00
XR Toes 3rd Digit Right,73660, $139.00
XR Toes 3rd Digit Left,73660, $139.00
XR Toes 4th Digit Right,73660, $139.00
XR Toes 4th Digit Left,73660, $139.00
XR Toes 5th Digit Right,73660, $139.00
XR Toes 5th Digit Left,73660, $139.00
XR Toes Great Right,73660, $139.00
XR Toes Great Left,73660, $139.00
XR Upper Extremity Infant Bilateral,73092, $133.00
XR Upper Extremity Infant Left,73092, $133.00
XR Upper Extremity Infant Right,73092, $133.00
XR Wrist 2 Views Bilateral,73100, $155.00
XR Wrist 2 Views Left,73100, $155.00
XR Wrist 2 Views Right,73100, $155.00
XR Wrist Complete Right,73110, $190.00
XR Wrist Complete Left,73110, $190.00
XR Wrist Complete Bilateral,73110, $190.00
XR Zygomatic Arches,70150, $244.00
ARTERIAL PUNCTURE DRAWING FEE,36600, $116.00
CONTINUOUS AEROSOL TX 1ST HR,94644, $181.00
ECHO 2D M-MODE DOPPLER,93307, $1.00
ECHO 2D W/SPEC/CLR FLOW M-MODE COMP,93306," $1,896.25 "
HOLTER MONITOR RECORDING,93225, $242.00
HOLTER MONITOR ANALYSIS W/REPORT,93226, $239.00
O2 DAILY CHARGE,, $135.00
O2 HOURLY 1-4 LPM CHARGE,, $3.00
O2 HOURLY 5-10 LPM CHARGE,, $3.00
O2 PER HOUR CHARGE,, $7.00
PF BREATHING CAPACITY TEST,94010, $372.50
PF BRONCHODILATION RESPONSIVENESS PRE & POST MEDICATION,94060, $226.00
PF MAXIMUM VOLUNTARY VENTILATION,94200, $76.23
PRESSURIZED/NOPRESS INHALATION TRMT,94640, $55.00
RHC1 EKG TRACING ONLY Charge,93005, $115.00
RHC2 EKG TRACING ONLY Charge,93005, $115.00
Speech Sound Lang Comprehen Eval Units 92523,92523, $150.00
Swallow Evaluation Units 92610,92610, $150.00
"Treatment of Speech,Lang,Voice Units 92507",92507, $96.25
Treatment of Swallowing Dysfunction Unit 92526,92526, $75.00
0.9% SODIUM CHLORIDE IRR,, $6.30
ABDOMINAL PAD 7-1/2X8,, $5.00
ABDOMINAL PAD 8X10IN,, $5.00
ADAPTER NUT AND NIPPLE OXYGEN SUPPLY TUBING CONNECTOR,, 5.00|5.00
ADAPTER OXYGEN QUICK CONNECT  1/8IN NPT MALE OHMEDA STYLE,, 32.50|32.50
ADULT MASK NONREBREATH W/SAFETY VENT,, $5.00
ADULT OX MASK HIGH CONCENTRATION PARTIAL NONREBREAT,, $5.00
ADULT OXIGEN MASK HIGH CONCENTRATION NON REBREATHER,, $5.00
AIRWAY BERMAN 50MM 5CM INFANT WHITE SINGLE USE NONSTERILE,, $5.00
AIRWAY BERMAN KIT 6 SIZES COLD STERILIZE DISPOSABLE BOXED,, $5.00
AIRWAY NASOPHARYNGEAL 14FR W/ INTERIOR STRIATION SOFT PVC,, $6.10
AIRWAY NASOPHARYNGEAL 16FR W/ INTERIOR STRIATION SOFT PVC,, $6.10
AIRWAY NASOPHARYNGEAL 20FR W/ INTERIOR STRIATION SOFT PVC,, $6.10
AIRWAY NASOPHARYNGEAL 22FR W/ INTERIOR STRIATION SOFT PVC,, $6.10
AIRWAY NASOPHARYNGEAL 24FR STERILE LATEX FREE,, $6.10
AIRWAY NASOPHARYNGEAL 26FR    STERILE LATEX FREE,, $6.10
AIRWAY NASOPHARYNGEAL PVC 28FR7.0MM STERILE INDIVIDUAL WRAP,, $6.10
ANTI-EMBOLISM STOCKING THIGH HI MD/REG,, $8.80
ANTI-EMBOLISM STOCKING THIGH HI MD/LONG,, $8.80
ANTI-EMBOLISM STOCKING THIGH HI LG/LONG,, $19.50
ANTI-EMBOLISM STOCKING THIGH HI SM/REG,, $8.80
ANTI-EMBOLISM STOCKING THIGH HI SM/LONG,, $7.80
APPLICATOR CHLORAPREP ONE STEPSTERILE 3ML CLEAR,, $5.00
APPLICATOR COTTON TIP 6 STR 2PK,, $5.00
AQUACEL AG EXTRA DRESSING WOUND HYDROFIBER  4X5IN,, 22.20|22.20
ARGYLE SUCTION TUBING 1/4X6' W/MOLDED CONNECTORS,, $5.00
ARM SLING W/PAD LG,, $8.10
ARM SLING W/PAD XLG,, $6.10
ARMBOARD IV BENDABLE LARGE 9 X4 3/4IN REUSABLE VELCRO,, $15.70
ARMBOARD IV MEDIUM 13.7X6.4CM BENDABLE ADULT/GERIATRIC,, $13.20
BACITRACIN ZINC OINTMENT 0.9 G,, $5.00
BAG DRAIN URINE 2LITER W/ HOOKBARDIA LATEX FREE,, $5.00
BAG EMESIS 6 1/2X15IN 1.35ML  LATEX FREE,, $5.00
BAG LEG URINARY 32OZ LARGE W/ SLIDE TAP & COMFORT STRAP,, $8.10
BANDAGE CONFORMING 2INX4.1YD  STRETCH GAUZE LIGHT STERILE,, $5.00
BANDAGE CONFORMING 3INX4.1YD  STRETCH GAUZE LIGHT STERILE,, $5.00
BANDAGE ELASTIC 6INX4 1/2YD W/ CLIPS ECONOWRAP REINFORCED,, $5.00
BANDAGE FLEXIBLE FABRIC 3/4X3IN,, $5.00
BANDAGE GAUZE 1INX4 1/2YD FLEXICON STRETCH STERILE,, $5.00
BANDAGE STRETCH CONFORM 3X75IN,, $5.00
BENZOIN TINCTURE STERI STRIP,, $5.00
BERMAN ORAL AIRWAY 10CM,, $5.00
BLACK WRIST SPLINT MD 8IN,, $19.70
BOOT WALKER ANKLE AIR MEDIUM  NYLON/FOAM LINER MAXTRAX,, $77.00
BOOT WALKER LARGE PROCARE MAX,, $81.50
BOOT WALKER MEDIUM PROCARE MAX,, $81.50
BOOT WALKER SMALL PROCARE MAX,, $81.50
BOOT WALKING MAXTRAX LARGE  AIR ANKLE WALKER,, $77.00
BOOT WALKING MAXTRAX PEDIATRICAIR ANKLE WALKER XSMALL,, $77.00
BOOT WALKING MAXTRAX SMALL AIR ANKLE WALKER,, $77.00
BOOT WALKING XLARGE MAXTRAX  AIR ANKLE WALKER,, $77.00
BRACE ANKLE STABILIZING SMALL BLACK 11-12IN PRO DONJOY,, $53.70
BRACE ANKLE FORM FIT LARGE  BLACK SPEED LACE UP,, $27.90
BRACE ANKLE FORM FIT MEDIUM BLACK  SPEED LACE UP,, $27.90
BRACE ANKLE FORM FIT SMALL BLACK  SPEED LACE UP,, $27.90
BRACE ANKLE FORM FIT XLARGE BLACK  SPEED LACE UP,, $27.90
BRACE HINGED KNEE LARGE 13IN  ACTION NEOPRENE FRONT OPENING,, $54.40
BRACE KNEE HINGED REDDIE LARGE NEOPRENE 20 1/2-23IN,, $37.90
CALMOSEPTINE BARRIER CREAM,, $11.90
CANNULA NASAL 7FT TUBING ADULTPLASTIC OVER THE EAR NONFLARED,, 5.00|5.00
CANNULA NASAL ADULT NONFLARED 14FT TUBING OVER THE EAR,, 5.00|5.00
CATHETER  FOLEY 18FR 15CC SILICONE COUDE TIP,, $11.70
CATHETER FOLEY 14FR 5CC 2WAY  SILICONE COATED LATEX STERILE,, 5.00|5.00
CATHETER FOLEY 16FR 30CC 2WAY ALL SILICONE ROUND TIP 2EYE,, 10.20|10.20|10.20
CATHETER FOLEY 16FR 5CC 2WAY  ALL SILICONE ROUND TIP 2EYE,, 7.10|7.10|7.10
CATHETER FOLEY 16FR 5CC 2WAY  COUDE TIEMANN TIP STERILE,, 18.20|18.20
CATHETER FOLEY 16FR 5CC 2WAY  SILICONE COATED LATEX STERILE,, 5.00|5.00
CATHETER FOLEY 18FR 30CC 2WAY 100% SILICONE STERILE,, 16.60|16.60
CATHETER FOLEY 18FR 5CC 2WAY  SILICONE COATED LATEX STERILE,, 5.00|5.00
CATHETER FOLEY 20FR 30CC 2WAY LATEX ROUND TIP 2EYE STERILE,, 8.40|8.40
CATHETER FOLEY 20FR 5CC 2WAY  SILICONE COATED LATEX STERILE,, 5.00|5.00
CATHETER FOLEY 22FR 30CC 2WAY ALL SILICONE ROUND TIP 2EYE,, 10.20|10.20|10.20
CATHETER FOLEY 22FR 5CC 2WAY  ALL SILICONE ROUND TIP 2EYE,, 7.10|7.10|7.10
CATHETER FOLEY 24FR 30CC LATEXSILICONE COATED STERILE,, 5.00|5.00
CATHETER FOLEY 18FR 30CC 2WAY ALL SILICONE,, $28.40
CATHETER FOLEY 18FR 30CC 2WAY ALL SILICONE COUDE TIP,, $46.10
CATHETER FOLEY 22FR 30CC SILICONE COATED,, $5.00
CATHETER PLUG AND TUBE TIP PROTECTOR,, $5.00
CATHETER SUCTION COILED 10FR  AMSURE,, $5.00
CATHETER SUCTION COILED 12FR  AMSURE,, 5.00|5.00
CATHETER SUCTION 12FR GRADUATED COILED,, 5.00|5.00
CATHETER URETHRAL 16FR COUDE  LATEX RED RUBBER STERILE 1EYE,, 7.40|7.40
CAUTERY SURGICAL HI-TEMP FINE TIP STERILE NEW STYLE,, $17.60
COLLAR CERVICAL PEDIATRIC EMT PHILADELPHIA ADJUSTABLE COLLAR,, $12.20
COLLAR CERVICAL UNIVERSAL FOAMREGULAR NARROW 2 1/5INX24IN,, $8.00
COMPOUND BENZOIN TINCTURE SWABSTICK,, $5.00
COMPRESSION COFLEX TWO LAYER  ZINC KIT WITH LF BANDAGE 3IN,, 18.70|18.70
COMPRESSION COFLEX 2 LAYER ZINC KIT W/LF BANDAGE 3 IN,, $18.70
CONFORM STRETCH BANDAGE 2X75,, $5.00
CONNECTOR SWIVEL MALE TO MALE FOR OXYGEN TUBING,, 5.00|5.00
CONNECTOR TUBING OXYGEN 1PIECEOLIVE GREEN CHRISTMAS TREE,, 5.00|5.00
CREAM PROTECTIVE 3.4OZ TUBE W/10% ZINC OXIDE SCENT,, $7.00
CURETTE DERMAL 5MM DISPOSABLE STERILE SURGICAL STEEL TIP,, 5.00|5.00
CURETTE EAR LIGHTED VARIETY PACK 50 CURETTES/1 LIGHTSOURCE,, 5.00|5.00
CURETTE EAR LIGHTED,, $5.00
DERMABOND MINI,, $50.00
DERMAGRAN-B HYDROPHOILC WOUND DRESS,, $23.90
DEVICE STABILIZATION FOLEY FORLATEX & SILICONE CATH STATLOCK,, 6.60|6.60|6.60
DRAIN CHEST SINGLE COLLECTION OASIS DRY SUCTION CONTROL W/,, 112.70|112.70
DRESSING ALLDRESS 6X6 IN,, $5.00
DRESSING BIOPATCH 1IN DISK 4MMHOLE ANTIMICROBIAL STERILE,, 22.30|22.30
DRESSING CALCIUM ALGINATE RESTORE 2X2,, $5.00
DRESSING DERMAFOAM 4X4 1/4IN  WATERPROOF NONADHESIVE,, 5.00|5.00
DRESSING DUODERM CGF 4X4IN  EXTRA THIN SQUARE STERILE,, $5.00
DRESSING DUODERM CGF 4X4 IN EXTRA THIN STERILE,, $5.00
DRESSING ISLAND TELFA 4X8IN   ADHESIVE STERILE,, 5.00|5.00
DRESSING MEPILEX BORDER 3X3IN SOFT SILICONE SELF ADHERENT,, 5.20|5.20
DRESSING MEPILEX BORDER 4X4IN SELF ADHERENT FOAM SILICONE,, 7.10|7.10|7.10
DRESSING TEGADERM +PAD FILM 2X2 3/4IN NONADHERENT PAD,, 5.00|5.00
DRESSING TEGADERM 4 7/8X5 1/2ISACRAL HYDROCOLLOID STERILE,, 13.70|13.70|13.70
DRESSING TEGADERM 6X8IN FILM  TRANSPARENT FRAME STYLE,, 5.00|5.00
DRESSING TEGADERM TRANSPARENT 4X4 3/4IN W/ LABEL STERILE,, 5.00|5.00
DRESSING TELFA 3X8 IN STERILE NONADHERENT,, $5.00
EDOTRACHEALTUBE UNCUFFED 5.0MM,, $5.00
EDOTRACHEALTUBE UNCUFFED 5.5MM,, $5.00
EDOTRACHEALTUBE UNCUFFED 9.0MM,, $5.00
ELASTIC BANDAGE 4INX41/2YD REINFORCED,, $5.00
ELASTIC BANDAGE 2INX41/2YD REINFORCED,, $5.00
ELASTIC BANDAGE SELF CLOSURE 4X5YDS,, $5.00
ELASTIC BANDAGE 4X10YRDS,, $5.00
ELASTIC BANDAGE 3INX41/2YD REINFORCED,, $5.00
ELASTIC BANDAGE 6IN,, $5.00
ENDOTRACHEAL TUBE  CUFFED W/STYLET ORAL/NASAL 7.5MM,, $10.40
ENDOTRACHEAL TUBE 8.5 W/STYLET,, $15.00
ENDOTRACHEAL TUBE 3.5MM 14FR UNCUFFED NASAL/ORAL,, $5.00
ENDOTRACHEAL TUBE 4.0MM 16FR UNCUFFED NASAL/ORAL,, $5.00
ENDOTRACHEAL TUBE UNCUFFED 16FR 4.0MM,, $17.60
EPICORD 3CMX5CM,, $321.00
EPIFIX 5CM X 6CM,, $11.40
FLOWMETER OXYGEN CHROME  0-15 LPM PURITAN BENNETT,, $74.70
GAUZE DRESSING XEROFORM 5X9IN STERILE PETROLATUM NONADHERENT,, 5.00|5.00
GAUZE PATCH XEROFORM 1X8IN    STERILE PETROLATUM NONADHERENT,, 5.00|5.00
GAUZE PATCH XEROFORM 1X8IN STERILE PETROLUM NONADHERENT,, $5.00
GAUZE ROLL 4 1/2INX4.1YD 6PLY LARGE STERILE 1'S KERLIX,, 13.50|13.50
GERI-SLEEVES MD,, $200.00
HANDLE LIGHTED FOR EAR CURETTE,, $5.00
HOLDER FOLEY CATH TUBE HOLD INPLACE LEG BAND FITS UP TO 20IN,, 9.10|9.10
HUMIDIFIER PREFILLED 340ML  AQUAPAK W/ STERILE WATER,, $5.00
INFANT NASAL CANNULA W/7' TUBING,, $5.00
INTRODUCER ET BOUGIE 10FR CHILD STERILE,, 6.30|6.30
KIT 2LAYER UNNA BOOT 4INX6YD  W/ ZINC TAN 2ROLLS/KIT,, $20.80
KIT SUPRALARYNGEAL AIRWAY,, $85.00
L3908 SUPPORT WRIST/FOREARM RIGHT,, $12.00
L3908 WRIST BRACE MD. RIGHT,, $20.80
L3923 COMFORT COOL THUMB SPLINT,, $46.90
MASK AEROSOL PEDIATRIC CLEAR SOFT VINYL W/O TUBING,, $5.00
MASK FACE NEBULIZER PEDIATRIC AEROSOL BUBBLES THE FISH  PVC,, 5.00|5.00
MASK NON REBREATHER PEDIATRIC W/VENT,, 5.00|5.00
MASK OXIGEN ADULT UNDER CHIN W/7' TUBING DISPOSABLE,, $5.00
MASK REBREATHER PEDIATRIC,, $5.00
MEPILEX BORDER SACRUM,, $5.00
MOBILITY GLOVE MESHBACK,, $15.80
NEBULIZER MOUTHPIECE RESERVOIR6IN TUBING T UP-DRAFT II,, 5.00|5.00
NEBULIZER W/ADULT AEROSOL MASK& TUBING UP-DRAFT II OPTI-NEB,, 5.00|5.00
NEEDLE HUBER SAFETY 19GX1IN  GRIPPER PLUS POWER PAC  Y-SITE,, 17.30|17.30
NEEDLE HUBER SAFETY GRIPPER,, $17.10
NEEDLE HYPODERMIC 18GX1IN PINKSTERILE REGULAR BEVEL,, 5.00|5.00
NEEDLE HYPODERMIC 20GX1IN DISPOSABLE REGULAR BEVEL,, 5.00|5.00
NEEDLE HYPODERMIC 21GX1 1/2IN DISPOSABLE REGULAR BEVEL,, 5.00|5.00
NEEDLE HYPODERMIC 21GX1IN REGULAR A BEVEL POLY HUB,, 5.00|5.00
NEEDLE HYPODERMIC 22GX1IN REGULAR A BEVEL POLY HUB BLUE,, 5.00|5.00
NEEDLE HYPODERMIC 23GX1 1/2IN REGULAR BEVEL THIN WALL,, 5.00|5.00
NEEDLE HYPODERMIC 25GX1 1/2IN REGULAR BEVEL DISPOSABLE,, 5.00|5.00
NEEDLE HYPODERMIC 25GX5/8IN REGULAR BEVEL DISPOSABLE,, 5.00|5.00
NEEDLE HYPODERMIC 30GX1IN SPECIAL USE REGULAR BEVEL,, 5.00|5.00
NEEDLE MAGELLAN 25GX1IN SAFETY,, 5.00|5.00
NEEDLE PRECISIONGLIDE 22X1 1/2,, $5.00
NONADHERENT PAD 2X3,, $5.00
NORMAL SALINE 500ML,, $5.00
OINTMENT ANTIBIOTIC TRIPLE 9GRAM FOIL PACK,, $5.00
OINTMENT CALMOSEPTINE 3.5GRAM FOIL PACK TOPICAL BARRIER,, $5.00
OINTMENT CALMOSEPTINE 4OZ TUBETOPICAL BARRIER CREAM,, $11.90
ORAL AIRWAYS 50MM INFANT,, $5.00
ORTHO-GLASS PRE-CUT 2X15 PADDED SPLINT,, $12.60
OXYGEN TUBING WITH RIBBED CONNECTOR 15,, $5.00
PACKING NASAL LARGE SLIMLINE RHINO ROCKET 8X1X2CM,, 31.80|31.80
PACKING NASAL MEDIUM SLIMLINE RHINO ROCKET 5X1X2CM,, 27.00|27.00
PACKING NASAL SMALL SLIMLINE RHINO ROCKET 3X1X2CM 30 SECOND,, 26.40|26.40|26.40
PAD NON ADHERENT STERILE 3X4,, $5.00
PAD NONADHERENT STERILE 2X3 IN,, $5.00
PED MD CONC O2 MASK,, $5.00
PEDIATRIC NON REBREATHING MASK W/TUBING,, $5.00
PICC AND CVC DRESS CHANGE KIT,, $46.40
PRESSURE LINE ADAPTOR,, $5.00
PRIMARY PLUM Y-TYPE BLOOD SET,, $28.50
RHINO ROCKET NASAL PACKING SM,, $26.40
RHINO ROCKET NASAL PACKING MD,, $27.00
RHINO ROCKET NASAL PACKING LG,, $31.80
SALINE STERILE 100ML BOTTLE 3.38OZ W/ SAFETY SEAL 6/BOX,, $5.00
SCISSORS IRIS 4 1/2IN CURVED  SHARP/SHARP ECONO STERILE,, $5.00
SCISSORS IRIS 4 1/2IN STRAIGHTSHARP/SHARP ECONO STERILE,, $5.00
SCISSORS IRIS 4IN CURVED 10.2CM,, $48.30
SCISSORS IRIS 4IN STRAIGHT MEISTERHAND,, $46.50
SECONDARY SET 34 INCH PLUM,, $5.00
SHILEY INTUBATING STYLET 10FR,, $5.00
SLEEVE KNEE NEOPRENE MED,, $18.50
SLEEVE KNEE BLACK LARGE OPEN  PATELLA NEOPRENE FORMFIT,, $14.70
SLING & SWATHE LARGE 4X54IN W/ENVELOPE 11X17IN BUCKLE,, $17.20
SLING & SWATHE SHOULDER MEDIUM4X49IN SWATHE 10X16IN ENVELOPE,, $17.20
SLING & SWATHE SHOULDER SMALL 4X44IN SWATHE 9X14IN ENVELOPE,, $17.20
SLING & SWATHE UNIVERSAL DELUXE,, $13.40
SLING AND SWATHE CUTAWAY  UNIVERSAL OPENED/CLOSED ELBOW,, $24.20
SLING ARM CHILD CARTOON PRINT CANVAS W/FOAM PAD & THUMB LOOP,, $9.10
SLING ARM LARGE DELUXE W/ PAD 8 1/2X17 1/2IN,, $5.50
SLING ARM MEDIUM DELUXE W/ PAD8X15IN,, $5.50
SLING ARM SMALL DELUXE W/ PAD 7 1/2X12 1/2IN,, $5.50
SLING ARM XLARGE DELUXE W/ PAD9X20IN,, $5.50
SLING ARM XXSMALL DELUXE W/PAD6 1/2X8 1/4IN,, $5.50
SOLUTION SODIUM CHLORIDE 0.9% 500ML IRRIGATION BOTTLE,, $9.60
SOLUTIONS SODIUM CHLORIDE .45%1000ML INJECTION VIAFLEX BAG,, $5.00
SPIROMETER VOLUMETRIC 4000ML  INCENTIVE W/O VALVE,, $9.20
SPLINT FINGER ALUM STRIP  12EA/BX     3/4X18,, $5.00
SPLINT PRECUT PADDED 3X12IN  ORTHO-GLASS,, $10.50
SPLINT PRECUT PADDED 4X15IN  ORTHO-GLASS,, $12.60
SPLINT SAM 4 1/2X18IN FLATFOLDTACTICAL,, $17.10
SPLINT SAM 4 1/2X18 IN FLATFOLD,, $17.10
SPLINT WRIST PED LEFT FOAM  FOAM WRIST SPLINT 6 3/4-7 3/4,, $8.90
SPLINT WRIST PED RIGHT FOAM  FOAM WRIST SPLINT 6 3/4-7 3/4,, $8.90
STABILOCK ENDOTRACHEAL TUBE HOLDER,, $17.30
STAINLESS STEEL DISPOSABLE SCALPEL 10,, $5.00
STAPLER MULTI-SHOT DISPOSABLE W/ 15 STAPLES,, 10.00|10.00
STERILE WATER 250ML,, $8.00
STOCKING ANTI EMBOLISM KNEE  LARGE REGULAR INSPECTION TOE,, $11.70
STOCKING ANTI EMBOLISM KNEE  LENGTH XLARGE LONG CAP W/,, $6.90
STOCKING ANTI EMBOLISM KNEE  MEDIUM REGULAR INSPECTION TOE,, $11.70
STOCKING ANTI EMBOLISM KNEE  SMALL REGULAR INSPECTION TOE,, $11.70
STOCKING ANTI-EMOLISM XXL REG.,, $12.70
STOCKING ANTI-EMBOLISM XXL REG KNEE,, $29.30
STOCKING ANTI-EMBOLISM XL LONG KNEE,, $8.60
STRETCH BANDAGE 4x75,, $5.00
STRIP FLUORESCEIN OPHTHALMIC  BIO GLO INDIVIDUALLY WRAPPED,, $5.00
STRIP GAUZE PACKING 1/4INX5YD W/ IODOFORM STERILE,, 8.00|8.00
STRIP STERI WOUND CLOSURE 1/8X3IN STERILE SKIN CLOSURE,, 5.00|5.00
STRIP VASELINE GAUZE 3X18IN STERILE PETROLATUM NONADHERENT,, 5.00|5.00
STRIP WOUND CLOSURE 1/4X3IN   STERILE SKIN CLOSURE,, 5.00|5.00
STRIP WOUND CLOSURE LARGE  1/2X4IN STERILE SKIN CLOSURE,, $5.00
STRIPS CHEMICAL INDICATOR 4IN STEAM TYPE 4  SMALSTRIP,, 5.00|5.00
STRIPS PACKING PLAIN 1/2INX5YDSTERILE CURITY,, 5.00|5.00
STYLETTE INTUBATION 10FR,, 5.00|5.00
SUCTION CATHETER KIT 14FR,, $5.00
SUPPORT KNEE MEDIUM UNIVERSAL 1/8IN NEOPRENE W/ BUTTRESS,, 16.50|16.50
SUPPORT KNEE SPORT SMALL W/OPEN PATELLA NEOPRENE,, 15.50|15.50
SUPRALARYNFEAL AIRWAY,, $85.00
SUPRALARYNGEAL AIRWAY KIT,, $85.00
SUTURE CHROMIC GUT 5-0  PS-5 BLUE  18IN 45 CM,, 43.80|43.80|43.80
SUTURE CHROMIC GUT 6-0 PS-4 18IN 45CM,, 44.20|44.20
SUTURE ETHILON 2-0  PS BLACK  MONOFILAMENT 18IN 45 CM,, 28.10|28.10
SUTURE ETHILON 5-0 FS-2 BLACK MONOFILAMENT PLIABILIZED 18IN,, 14.80|14.80
SUTURE ETHILON 5-0 PS-3 BLACK MONOFILAMENT PLIABILIZED 18IN,, 28.90|28.90|28.90
SUTURE PLAIN GUT 5-0 PS-4 18IN,, 43.50|43.50
SUTURE PLAIN GUT 6-0 G-1 18IN 45CM YELLOWISH TAN,, 60.20|60.20
SUTURE PROLENE 5-0  PS-2 BLUE MONOFILAMENT  18IN,, 33.60|33.60
SUTURE PROLENE 5-0 PS-3 BLUE MONOFILAMENT 18IN 45CM,, 36.40|36.40
SUTURE PROLENE 6-0 P-1 BLUE   MONOFILAMENT 18IN 45CM,, 44.70|44.70
SUTURE PROLONE 4-0 P-3 BLUE MONOFILAMENT 18IN 45CM,, $42.50
SUTURE VICRYL 3-0  PS-1 COATEDUNDYED BRAIDED  18IN 45,, 31.20|31.20
SUTURE VICRYL 4-0 PS-2 COATED UNDYED BRAIDED 18IN 45CM,, 28.60|28.60
SUTURE VICRYL 5-0  P-2  COATED UNDYED BRAIDED  18IN,, $37.30
SUTURE VICRYL 5-0  PS-4 COATED UNDYED BRAIDED  18IN,, 28.90|28.90|28.90
SYRINGE FLUSH 10CC PREFILLED  NORMAL SALINE POSIFLUSH,, 5.00|5.00
SYRINGE FLUSH 5CC PREFILLED   NORMAL SALINE POSIFLUSH 10ML,, 5.00|5.00
SYRINGE NEEDLE 1CC 25GX5/8IN  TB SAFETY TUBERCULIN STERILE,, 5.00|5.00
SYSTEM COMPRESSION 4INX2.9YD  COBAN 2 LITE 2LAYER W/STOCKING,, 23.90|23.90|23.90
TAPE MEDIPORE 3INX10YD HYPOALLERGENIC SURGICAL CLOTH,, 10.80|10.80
TAPE MICROPORE 1/2INX10YD HYPOALLERGENIC SURGICAL PAPER,, 5.00|5.00
TAPE MICROPORE 2INX10YD SURGICAL PAPER HYPOALLERGENIC,, 5.00|5.00
TAPE TRANSPORE 1/2INX10YD SURGICAL CLEAR HYPOALLERGENIC,, 5.80|5.80
TAPE TRANSPORE 1INX10YD CLEAR POROUS SURGICAL HYPOALLERGENIC,, 5.00|5.00
TAPE TRANSPORE 2INX10YD  SURGICAL CLEAR HYPOALLERGENIC,, 5.00|5.00
TEFA PAD 2X3 ST,, $10.30
THERAPY PUTTY,, $6.60
TRACHEAL TUBE CUFFED 7.5,, $5.00
TRAY FOLEY 18FR 5CC LATEX FREE LUBRISIL ANTIREFLUX CHAMBER,, $5.00
TRU-PUNCH DISPOSABLE BIOPSY PUNCH 4MM DISPOSABLE,, $5.00
TUBE ENDOTRACHEAL NASAL 5.0MM PREFORMED MURPHY EYES UNCUFFED,, 10.50|10.50
TUBE ENDOTRACHEAL ORAL 6.0MM  PREFORMED MURPHY EYES UNCUFFED,, 10.50|10.50
TUBE ENDOTRACHEAL STYLETTE 3.5MM UNCUFF,, 5.00|5.00
TUBE ENDOTRACHEAL 5.0MM CUFFEDW/ STYLET NASAL/ORAL,, 5.00|5.00
TUBE ENDOTRACHEAL 6.0MM CUFFEDW/ STYLET NASAL/ORAL,, 5.00|5.00
TUBE ENDOTRACHEAL 6.5MM 26FR  CUFFED W/ STYLETTE NASAL/ORAL,, 5.00|5.00
TUBE ENDOTRACHEAL 7.0MM CUFFEDW/ STYLET NASAL/ORAL,, 5.00|5.00
TUBE ENDOTRACHEAL 7.5,, $5.00
TUBE ENTERAL FEEDING 12FR 43INNASOGASTRIC KANGAROO ENTRIFLEX,, 21.70|21.70
TUBE NASOGASTRIC FEED 8FRX55IN3G WEIGHTED TIP KANGAROO,, 24.00|24.00
TUBE SALEM SUMP 12FR 48IN W/ FUNNEL CONNECTOR,, 5.00|5.00
TUBE STOMACH SALEM SUMP 10FR  GIENTRI MULTI-FUNTIONAL PORT,, 18.70|18.70
TUBE SUMP SALEM 14FR 48IN,, 5.00|5.00
TUBE SUMP SALEM 48IN 18FR,, 5.00|5.00
TUBING IV LIFESHIELD PRIMARY  100 Y SITE,, 7.10|7.10|7.10
TUBING LAVAGE 48IN 32FR TUM-E-VAC RADIOPAQUE STRIPE,, 14.50|14.50
TUBING OXYGEN SUPPLY 7FT PLASTIC 5 CHANNEL INNER LUMEN,, 5.00|5.00
UNIVERSAL KLEENSPEC SINGLE USE SPECULA ADULT,, $5.00
URINE LEG BAG 500ML MD,, $6.50
URNIE DRAINAGE BAG,, $5.60
UROLOGICAL CATHETER 16FR COUDE TIP,, $7.40
VALVE ACCESS IV MAX PLUS CONNECTOR CLEAR,, 5.00|5.00
WALKER ANKLE LARGE SHORT UPRIGHT PLASTIC SHELL,, 58.80|58.80|58.80
WALKER ANKLE MEDIUM SHORT UPRIGHT PLASTIC SHELL,, 58.80|58.80|58.80
WALKER ANKLE SMALL SHORT UPRIGHT PLASTIC SHELL,, 58.80|58.80|58.80
WALKER ANKLIZER II PEDIATRIC  LG,, 90.00|90.00
WALKER ANKLIZER II PEDIATRIC  S/M,, 90.00|90.00
WALKER BLACK EQUALIZER LARGE,, 55.20|55.20
WALKER PEDIATRIC MED,, 90.10|90.10|90.10
WALKER SHORT LEG DELUXE BLACK XLARGE UNIVERSAL FIT,, 85.80|85.80
WRAP COBAN 1INX5YD ELASTIC TANSELF ADHERENT NONSTERILE,, $5.00
WRAP COBAN 2INX5YD ELASTIC SELF ADHERENT TAN NONSTERILE,, $5.00
WRAP COBAN 3INX5YD ELASTIC SELF ADHERENT TAN NONSTERILE,, $5.00
WRAP COBAN 4INX5YD ELASTIC SELF ADHERENT TAN NONSTERILE,, $5.00
YANKAUER SUCTION HANDLE WIRT TAPERED BULBOUS TIP,, $5.00
OR 36571 INSERT PICVAD W/PORT >5YRS Charge,36571, $116.00
TR 10040 ACNE SURGERY,10040, $201.00
TR 10060 I&D ABSCESS SIMPLE SINGLE,10060," $1,020.00 "
TR 10061 I&D COMPLICATED/MULTIPLE Charge,10061," $1,911.00 "
TR 11042 DEBRIDE SUBQ TISSUE 1ST 20SQCM/,11042, $347.07
TR 11043 DEBRIDE MUSC/FASCIA 20 SQ CM/<,11043, $347.07
TR 11044 DEBRIDEMENT SKIN TISS/MSCL/BONE,11044, $347.07
TR 11045 DBRDMT SUBCUTANEOUS TISSUE EA ADDL 20 SQ CM,11045, $347.07
TR 11046 DEBRIDEMENT MUSCLE &/FASCIA EA ADDL 20 SQ CM,11046, $347.07
TR 11047 DEBRIDE BONE EA ADDL 20 SQ CM,11047, $347.07
TR 11055 PARING/CUT BENIGN LESION SINGLE,11055, $304.00
TR 11056 TRIM SKIN LESIONS 2 TO 4,11056, $400.00
TR 11057 PARING/CUT BENIGN LESION >4,11057, $400.00
TR 11102 TANGNTL BX SKIN SINGLE LES,11102, $825.00
TR 11103 TANGNTL BX SKIN EA SEP/ADDL,11103, $825.00
TR 11104 PUNCH BX SKIN SINGLE LESION,11104, $825.00
TR 11105 PUNCH BX SKIN EA SEP/ADDL,11105, $825.00
TR 11106 INCAL BX SKN SINGLE LES,11106, $825.00
TR 11107 INCAL BX SKN EA SEP/ADDL,11107, $825.00
TR 11200 REMOVE SKIN TAGS UP TO 15 LES,11200, $823.00
TR 11300 SHAVE LESION TAL 0.5CM OR LESS Charge,11300, $100.00
TR 11310 SHAVE LESION FEL TO 0.5CM,11310, $100.00
TR 11400 EXCISE BENIGN LES 0.5 OR LESS Charge,11400, $900.00
TR 11401 EXCIS BENIGN LES TAL 0.6CM-1.0CM Charge,11401," $1,050.00 "
TR 11402 EXCIS BEN LES TAL 1.1 TO 2.0CM Charge,11402," $1,143.00 "
TR 11403 EXCIS BEN LESION TAL 2.1-3.0CM Charge,11403," $1,500.00 "
TR 11404 EXCIS BEN LES TAL 3.1 TO 4.0CM Charge,11404," $1,800.00 "
TR 11420 EXCIS BEN LES SHF 0.5 OR LESS,11420," $1,050.00 "
TR 11422 EXCIS BEN LES SHF 1.1 TO 2.0CM Charge,11422," $1,600.00 "
TR 11441 EXCIS EYE/NOSE/LIP 0.6-1.0CM Charge,11441," $1,300.00 "
TR 11601 EXCIS MAL LES TAL 0.6 TO 1.0CM Charge,11601," $1,060.00 "
TR 11602 EXCIS MAL LES TAL 1.1 TO 2.0CM,11602," $1,050.00 "
TR 11621 EXC S/N/H/F/G MAL+MRG 0.6-1,11621, $100.00
TR 11640 EXC MALG LES FEENL 0.5 CM OR< Charge,11640, $595.00
TR 11641 EXC F/E/E/N/L MAL+MRG 0.6-1 11641,11641, $750.00
TR 11642 EXCIS MAL LES FEL 1.1 TO 2.0CM Charge,11642, $950.00
TR 11719 TRIM NAIL(S) ANY NUMBER,11719, $96.00
TR 15271 APP SKN SUB GRFT T/A/L AREA/100SQ CM /<1ST 25,15271," $3,753.64 "
TR 15272 SKN GRFT TR/AM/LG EA+25CM <100,15272," $1,251.21 "
TR 15273 SKIN SUB GRFT T/ARM/LG CHILD,15273," $3,077.10 "
TR 15274 SKN GRFT T/A/L CHILD EA+100CM,15274," $1,025.70 "
TR 15275 SUB GRFT F/S/N/H/F/G/M/D <100SQ CM 1ST 25 SQ CM,15275," $5,582.04 "
TR 15276 SKIN GRFT FACE/NK/HF/G EA +25CM,15276," $1,860.68 "
TR 15277 SKN SUB GRFT F/N/HF/G CHILD,15277," $1,007.26 "
TR 15278 SKN GRFT F/N/HF/G CHILD EA +100,15278, $335.75
TR 16020 DRESS/DEBRID BURN SM < 5%,16020, $478.00
TR 16025 DRESS/DEBRIDE BURN 5-10% MED,16025, $478.00
TR 16030 DRS&/DBRDMT PRTL-THKNS BURNS 1ST/SBSQ LARGE,16030, $478.00
TR 17000 DESTRUCT ANY METH 1ST LESION Charge,17000, $390.00
TR 17003 DESTRUCT ANY METH 2-14 EACH Charge,17003, $10.00
TR 17004 DESTRUCT ANY METH 15 OR MORE Charge,17004," $1,042.00 "
TR 17110 DESTRUCT B9 LESION 1-14 Charge,17110," $1,278.00 "
TR 17111 DESTRUCT LESION ANY METHOD 15+,17111," $2,315.00 "
TR 20526 CARPAL TUNNEL THERAPEUTIC INJ,20526, $340.00
TR 20550 INJ TENDON SHEATH/LIGAMENT Charge,20550, $183.00
TR 20551 INJ SNGL TENDON ORIGIN/INSERT,20551, $183.00
TR 20552 INJ TRIGGER POINT 1 OR 2 MUSCL Charge,20552, $183.00
TR 20553 INJECT TRIGGER POINTS 3/>,20553, $183.00
TR 20600 DRAIN/INJ JNT/BURSA SM WO/US Charge,20600, $440.00
TR 20605 ARTHROCENT/ASP/INJ INT JNT WO US Charge,20605, $468.00
TR 20610 DRN/INJ MAJ JNT/BURSA WO US Charge,20610, $537.00
TR 20610 DRN/INJ MAJ JNT/BURSA BIL WO US Charge,20610, $537.00
TR 20612 ASPIRATION/INJ OF GANGLION CYST Charge,20612, $183.00
TR 24640 CLSD TRMT RADIAL HD SBLUX CHILD,24640, $800.00
TR 24650 CLS TRT RDL HEAD/NECK WO MAN,24650, $800.00
TR 25530 CLSD TRMT ULNAR SHAFT WO MANIP,25530," $1,400.00 "
TR 27257 TX SPON HIP DISLC ABDCT SPLNT/TRCJ W/MANJ ANES,27257, $900.00
TR 28450 Tx Tarsal Bone Fx W/O Manip Ea,28450," $1,400.00 "
TR 29075 APPLICATION FOREARM CAST,29075, $556.00
TR 29085 APPLY CAST HAND/WRIST,29085, $556.00
TR 29105 SPLINT APPL SHLDR TO HAND,29105, $296.00
TR 29125 APPLY FOREARM SPLINT,29125, $296.00
TR 29240 STRAPPING OF SHOULDER,29240, $358.00
TR 29405 APPLY CAST SHORT LEG,29405, $358.00
TR 29515 APPLICATION LOWER LEG SPLINT,29515, $296.00
TR 29530 STRAPPING OF KNEE,29530, $358.00
TR 29540 STRAPPING OF ANKLE AND/OR FT,29540, $358.00
TR 29584 APPL MULT LAYER COMPRESS ARM/HND,29584, $358.00
TR 36000 INTRO NEEDLE OR INTRACATH VEIN Charge,36000, $87.00
TR 36430 BLOOD ADMIN 0-4HRS (PER DAY) Charge,36430, $550.00
TR 36430 BLOOD ADMIN 0-8HRS (PER DAY) Charge,36430, $650.00
TR 36430 BLOOD ADMIN 0-12HRS (PER DAY) Charge,36430, $800.00
TR 36430 BLOOD ADMIN 0-16 HRS (PER DAY) Charge,36430, $950.00
TR 36430 BLOOD ADMIN 0-24HRS (PER DAY) Charge,36430," $1,050.00 "
TR 36569 INSERT PICC WO PORT WO IMG 5YR/>,36569, $650.00
TR 36571 INSERT CVP W/PORT OVER 5 YEARS,36571," $3,500.00 "
TR 36589 REMOVE CENTRAL VENOUS CATHETER Charge,36589," $1,150.00 "
TR 45380 COLONOSCOPY W/BIOPSY SINGLE/MULT Charge,45380," $1,687.50 "
TR 49083 ABD PARACENTESIS W/IMAGING,49083, $689.00
TR 51700 IRRIGATION OF BLADDER Charge,51700, $87.00
TR 51701 INSERT STRAIGHT CATHETER,51701, $87.00
TR 51702 INSERT FOLEY CATHETER SIMPLE Charge,51702, $87.00
TR 51703 CATHETERIZATION URETHRA COMPL Charge,51703, $87.00
TR 62320 INJECT SPINE CERV/THORACIC Charge,62320, $758.00
TR 64615 CHEMODENERV MUSC  MIGRAINE Charge,64615, $291.00
TR 90471 ADMIN IMMUNIZATION ONE VACCINE Charge,90471, $10.00
TR 90472 IMMUNIZATION ADMIN ADDL VACCINE Charge,90472, $10.00
TR 94617 EXERCISE TST BRNCSPSM,94617, $105.00
TR 94640 INHALATION TRMT (AEROSOL/NEB) Charge,94640, $75.00
TR 95115 ALLERGY INJECTION SINGLE DOSE,95115, $70.00
TR 95117 ALLERGY INJECTION MULTI DOSE,95117, $75.00
TR 96360 IV HYDRA. INITIAL 31-90 MIN Charge,96360, $172.00
TR 96361 IV HRDRA ADD'L > 90 MIN Charge,96361, $172.00
TR 96365 IV THER. INITIAL 16-90 MIN Charge,96365, $172.00
TR 96366 IV THER. ADD'L HRS > 91 MINS Charge,96366, $172.00
TR 96367 IV THER SEQ NEW DRUG 1 Hr Charge,96367, $172.00
TR 96372 IM OR SQ INJECTION PER STICK Charge,96372, $90.00
TR 96374 IV PUSH SINGLE OR INITIAL,96374, $75.00
TR 96375 ADD'L PUSH NEW DRUG Charge,96375, $60.00
TR 96376 ADD'L PUSH SAME DRUG Charge,96376, $60.00
TR 96413 Chemo Therapeutic Initial Charge,96413, $252.00
TR 97597 SELECTIVE DEBRIDE 1ST 20 SQ CM Charge,97597, $250.00
TR 97602 NON SELECTIVE DEBRIDEMENT Charge,97602, $125.00
TR 97605 NEG WOUND PRESSURE THERAPY <50CM,97605, $250.00
TR 97606 NEG WOUND PRESSURE THERAPY >50CM,97606, $250.00
TR 97607 NEG PRESS WND TX <=50 SQ CM DISP,97607, $319.00
TR 99211 EVAL LEVEL 1 Charge,99211, $75.00
TR 99211 EVAL LEVEL 1 NURSE ONLY,99211, $75.00
TR 99211 WOUND CARE UP TO 10 SQ CM Charge,99211, $42.00
TR 99212 EVAL LEVEL 2 Charge,99212, $68.00
TR 99212 WOUND CARE 11-25 SQ CM Charge,99212, $68.00
TR 99213 WOUND CARE 26-50 SQ CM,99213, $87.00
TR 99214 WOUND CARE 51-75 SQ CM,99214, $104.00
UC 16000 BURN CARE INITIAL 1ST DEGREE,16000, $75.00
