Description,CPT Code,Pricing
10040 Incision and Drainage of Acne,10040, $201.00
10060 Incision and drainage of abscess; simple or single,10060, $221.00
10061 Incision and drainage of abscess; complicated/multiple,10061, $385.00
"10120 Incision and removal of foreign body, subcutaneous tissues; simple",10120, $281.00
"10140 Incision and drainage of hematoma, seroma or fluid collection",10140, $311.00
"10160 Puncture aspiration of abscess, hematoma, bulla, or cyst",10160, $242.00
11000 Debridement of extensive eczematous or infected skin; up to 10% of body surface,11000, $103.00
11042 Debridement subcutaneous tissue; first 20 sq cm or less,11042, $225.00
11045 Debridement subcutaneous tissue; each additional 20 sq cm,11045, $77.00
11055 Paring Or Cut Benign Hyperkera,11055, $104.00
11056 Paring Or Cut Benign Hyper 2-4,11056, $124.00
"11200 Removal of skin tags, multiple fibrocutaneous tags, any area; up to and including 15 lesions",11200, $164.00
11201 Removal Skin Tags Addtl 10,11201, $36.00
"11300 Shaving of epidermal or dermal lesion, single lesion, trunk, arm or legs; lesion diameter 0.5",11300, $179.00
11301 Shaving Epidermal 0.6-1.0cm,11301, $221.00
11302 Shaving Lesion 1.1 To 2.0 Cm,11302, $258.00
11303 Shaving Lesion >2.0 Cm,11303, $285.00
"11305 Shaving of epidermal or dermal lesion, single lesion, scalp, neck, hands, feet, genitalia; les",11305, $189.00
11306 Shaving Epiderm 0.6 To 1.0 Cm,11306, $225.00
11307 Shaving Epiderm 1.1 To 2.0 Cm,11307, $266.00
11308 Shaving Epiderm Extr >2.0 Cm,11308, $284.00
"11310 Shaving of epidermal or dermal lesion, single lesion, face, ears, eyelids, nose, lips, mucous",11310, $210.00
11312 Shaving Epiderm Face 1.1-2.0cm,11312, $294.00
"11400 Excision, benign lesion including margins, except skin tag, trunk, arms or legs; excised diame",11400, $229.00
"11401 Excision, benign lesion including margins, except skin tag, trunk, arms or legs; excised diame",11401, $279.00
"11402 Excision, benign lesion including margins, except skin tag, trunk, arms or legs; excised diame",11402, $310.00
11403 Ex Benign Lesion Trnk 2.1-3cm,11403, $359.00
11404 Ex Benign Lesion Trnk 3.1-4cm,11404, $407.00
11406 Ex Ben Lesion Trunk >4.0cm,11406, $585.00
"11420 Excision, benign lesion including margins, except skin tag, scalp, neck, hands, feet, genitali",11420, $230.00
"11421 Excision, benign lesion including margins, except skin tag, scalp, neck, hands, feet, genitali",11421, $293.00
"11422 Excision, benign lesion including margins, except skin tag, scalp, neck, hands, feet, genitali",11422, $329.00
11423 Ex Ben Lesion Scalp 2.1-3.0cm,11423, $376.00
11424 Ex Ben Lesion Scalp 3.1-4.0cm,11424, $435.00
11426 Ex Ben Lesion Scalp >4.0cm,11426, $624.00
"11440 Excision, other benign lesion including margins, except skin tag, face, ears, eyelids, nose, l",11440, $254.00
11441 Ex Ben Lesion Face 0.6-1.0cm,11441, $314.00
"11442 Excision, other benign lesion including margins, except skin tag, face, ears, eyelids, nose, l",11442, $351.00
11443 Ex Ben Lesion Face 2.1-3.0cm,11443, $418.00
"11600 Excision, malignant lesion including margins, trunk, arms, or legs; excised diameter 0.5 cm or",11600, $359.00
"11601 Excision, malignant lesion including margins, trunk, arms, or legs; excised diameter 0.6 to 1.",11601, $424.00
"11602 Excision, malignant lesion including margins, trunk, arms, or legs; excised diameter 1.1 to 2.",11602, $459.00
"11603 Excision, malignant lesion including margins, trunk, arms, or legs; excised diameter 2.1 to 3.",11603, $525.00
11606 Ex Mal Lesion Trunk Over 4.0 C,11606, $835.00
"11620 Excision, malignant lesion including margins, scalp, neck, hands, feet, genitalia; excised dia",11620, $362.00
"11621 Excision, malignant lesion including margins, scalp, neck, hands, feet, genitalia; excised dia",11621, $426.00
"11622 Excision, malignant lesion including margins, scalp, neck, hands, feet, genitalia; excised dia",11622, $475.00
11623 Ex Mal Lesion Scalp 2.1 To 3.0,11623, $557.00
"11640 Excision, malignant lesion including margins, face, ears, eyelids, nose, lips; excised diamete",11640, $373.00
"11641 Excision, malignant lesion including margins, face, ears, eyelids, nose, lips; excised diamete",11641, $441.00
"11642 Excision, malignant lesion including margins, face, ears, eyelids, nose, lips; excised diamete",11642, $503.00
11719 Trimming Nails,11719, $27.00
11720 Debridement of nail[s] by any method[s]; 1 to 5,11720, $62.00
"11730 Avulsion of nail plate, partial or complete, simple; single",11730, $203.00
11732 Avul par/comp nail,11732, $61.00
11740 Evac Of Subungual Hematoma,11740, $95.00
"11750 Excision of nail and nail matrix, partial or complete or permanent removal",11750, $290.00
11765 Wedge excision of skin of nail fold,11765, $313.00
"11976 Removal, implantable contraceptive capsules",11976, $270.00
"12001 Simple repair of superficial wounds of scalp, neck, axillae, external genitalia, trunk and/or",12001, $176.00
"12002 Simple repair of superficial wounds of scalp, neck, axillae, external genitalia, trunk and/or",12002, $215.00
"12004 Simple repair of superficial wounds of scalp, neck, axillae, external genitalia, trunk and/or",12004, $252.00
12005 Suture Trunk/Extrem 12.6-20.0,12005, $327.00
12006 Suture Trunk/Extrem 20.1-30.0,12006, $387.00
"12011 Simple repair of superficial wounds of face, ears, eyelids, nose, lips and/or mucous membranes",12011, $215.00
"12013 Simple repair of superficial wounds of face, ears, eyelids, nose, lips and/or mucous membranes",12013, $225.00
12014 Suture Face/Ears 5.1 To 7.5 Cm,12014, $271.00
12015 Suture Face/Ears 7.6 To 12.5 C,12015, $328.00
12016 Suture Face/Ears 12.6 To 20.0,12016, $414.00
"12031 Repair, intermediate, wounds of scalp, axillae, trunk and/or extremities excluding hands and f",12031, $483.00
"12032 Repair, intermediate, wounds of scalp, axillae, trunk and/or extremities excluding hands and f",12032, $599.00
"12034 Repair, intermediate, wounds of scalp, axillae, trunk and/or extremities excluding hands and f",12034, $590.00
"12035 Repair, intermediate, wounds of scalp, axillae, trunk and/or extremities excluding hands and f",12035, $709.00
12041 Layer Clos Neck/Hand 2.5 Or Le,12041, $483.00
12042 Lay Clos Neck/Hand 2.6-7.5 Cm,12042, $547.00
"12051 Repair, intermediate, wounds of face, ears, eyelids, nose, lips and/or mucous membranes; 2.5 c",12051, $523.00
"12052 Repair, intermediate, wounds of face, ears, eyelids, nose, lips and/or mucous membranes; 2.6 c",12052, $557.00
13101 Complex Trunk 2.6 To 7.5 Cm,13101, $740.00
13132 Complex Forehead 2.6 To 7.5 Cm,13132, $890.00
16000 Initial Tx 1st Deg Local Tx Re,16000, $131.00
16020 Dress/Debrid Intial W/O Anes,16020, $151.00
16025 Dress/Debrid/Intial/Med,16025, $278.00
16030 Dress/Debrid Intial W/O Ane Lg,16030, $352.00
"17000 Destruction, premalignant lesions; first lesion",17000, $121.00
"17003 Destruction, premalignant lesions; second through 14 lesions, each",17003, $10.00
"17004 Destruction premalignant lesions (eg, actinic keratoses); 15 or more lesions",17004, $281.00
"17110  Destruction, of benign lesions other than skin tags or cutaneous vascular proliferative lesio",17110, $203.00
17260 Destr Malg Les Trnk/Ext =<.5cm,17260, $177.00
17261 Destr Malg Les Trnk/Ext .6-1cm,17261, $267.00
17270 Destr Mal Les Scalp <=.5cm,17270, $276.00
17272  Destruction Malignant Lesion trunk arms or legs 1.1 to 2.0 cm,17272, $347.00
17280 Dest Mal Les Face <0.6cm,17280, $258.00
17281 Destr Mal Les Face 0.6-1.0 Cm,17281, $332.00
"17282 Destruction, malignant lesion (eg, laser surgery, electrosurgery, cryosurgery, chemosurgery, s",17282, $381.00
19000 Punc Aspir Breast Cyst,19000, $203.00
20525 Rem Fb Mus/Tendon Complicated,20525, $882.00
"20550 Injection(s): single tendon sheath, or ligament, aponeurosis",20550, $99.00
20552 Injection of trigger points 1 or 2 muscles,20552, $103.00
"20553 Injection(single or multiple trigger point[s], 3 or more muscle[s])",20553, $119.00
"20600 Arthrocentesis, aspiration and/or injection, small joint or bursa; without ultrasound guidance",20600, $91.00
"20605 2 Arthrocentesis, aspiration and/or injection, intermediate joint or bursa; w/o ultrasound gui",20605, $95.00
"20610 Arthrocentesis, aspiration and/or injection, major joint or bursa; without ultrasound guidance",20610, $112.00
"20610 Arthrocentesis, Aspiration and/or Injection X 2",20610, $112.00
20612 Aspiration/Injection Ganglion,20612, $112.00
23500 Closed treatment of clavicular fracture; without manipulation,23500, $405.00
23505 Clos Tx Clavicular Fx W Manipu,23505, $659.00
"23650 Closed treatment of shoulder dislocation, with manipulation; without anesthesia",23650, $594.00
23665 Clos Tx Shoulder Hum Tub W Ma,23665, $795.00
24200 Rem Fb Upper Arm Elbow Subcut,24200, $391.00
24500 Closed treatment of humeral shaft fracture; without manipulation,24500, $662.00
24576 Closed tx of humeral condylar fracture,24576, $636.00
24600 Treatment of closed elbow dislocation; without anesthesia,24600, $689.00
"24640 Closed treatment of radial head subluxation in child, nursemaid elbow, with manipulation",24640, $189.00
24650 Closed treatment of radial head or neck fracture; without manipulation,24650, $483.00
24670 Clos Tx Ulnar Proximal W/O ManClos,24670, $537.00
25028 I&D Forearm/Wrist Deep Abscess/Hematoma,25028, $980.00
25111 Ganglion cyst removal,25111, $598.00
25248 Rem Deep Fb Forearm Or Wrist,25248, $772.00
25500 Clos Tx Radial Shaft W/O Manip,25500, $511.00
25530 Closed treatment of ulnar shaft fracture; without manipulation,25530, $483.00
25560 Clos Tx Radial/Ulnar W/O Manip,25560, $522.00
"25600 Closed treatment of distal radial fracture or epiphyseal separation, includes closed treatment",25600, $609.00
"25605 Closed treatment of distal radial fracture or epiphyseal separation, includes closed treatment",25605," $1,006.00 "
25622 Closed treatment of carpal scaphoid fracture; without manipulation,25622, $565.00
25650 Clos Tx Ulnar Styloid Fx,25650, $598.00
26010 Drainage of finger abscess; simple,26010, $501.00
26160 Ganglion Cyst,26160," $1,075.00 "
26210 E/O Curettage bone cyst/benign tumor,26210, $828.00
"26600 Closed treatment of metacarpal fracture, single; without manipulation, each bone",26600, $544.00
26605 Clos Tx Metacarpal Sing W Mani,26605, $599.00
26641 Clos Tx Dislocate Thumb W/Man,26641, $701.00
26645 Clos Tx Carpometacarpal W Man,26645, $797.00
"26720  Closed treatment of phalangeal shaft fracture, proximal or middle phalanx, finger or thumb; w",26720, $365.00
26740 Clos Tx Articular Fx W/O Manip,26740, $425.00
26742 Clos Tx Articular Fx W Man Eac,26742, $691.00
"26750 Closed treatment of distal phalangeal fracture, finger or thumb; without manipulation, each",26750, $342.00
26755 Clos Tx Distal Phalangeal W Ma,26755, $585.00
26770 Clos Tx Interphal W Man W/O An,26770, $519.00
27250 Clos Tx Hip Traumatic W/O Anes,27250, $343.00
27560 Clos Tx Patellar Without Anest,27560, $683.00
27760 Closed treatment of medial malleolus fracture; without manipulation,27760, $617.00
27786 Closed treatment of distal fibular fracture lateral malleolus; without manipulation,27786, $583.00
27816 Clo Tx Trimalleolar Ankle Fx,27816, $602.00
28190 Removal Fb Foot Subcutaneous,28190, $479.00
28400 Clos Tx Calcaneal Fx W/O Manip,28400, $461.00
28450 Tx Tarsal Bone Fx W/O Manip Ea,28450, $397.00
"28470 Closed treatment of metatarsal fracture; without manipulation, each",28470, $408.00
28515 Clos Tx Phal Other Gt Toe W Ma,28515, $305.00
"29075 Application, cast; elbow to finger (short arm)",29075, $160.00
29085 Hand & Lower Forearm (Gauntlet,29085, $175.00
29105 Application of long arm splint,29105, $152.00
29125 Application of short arm splint; static,29125, $119.00
29130 Application of finger splint; static,29130, $77.00
29240 Strapping Shoulder (Splint),29240, $58.00
29260 Application of splint elbow,29260, $56.00
29280 Strapping hand or finger,29280, $58.00
29405 Application of short leg cast,29405, $150.00
29505 Application of long leg splint,29505, $158.00
29515 App Short Leg Splint Calf To F,29515, $133.00
29580 Unna Boot,29580, $116.00
"30300 Removal Foreign Body, Nasal",30300, $341.00
"30901 Control nasal hemorrhage, anterior, simple (limited cautery and/or packing) any method",30901, $254.00
31505 Indirect Laryscopy,31505, $156.00
"32554 Thoracentesis, puncture",32554, $392.00
"32555 Thoracentesis, needle or catheter, aspiration of the pleural space; with imaging guidance",32555, $555.00
37609 Ligation of Biopsy Temporal Artery,37609, $574.00
40490 Biopsy of lip,40490, $234.00
"45330 Sigmoidoscopy, diagnostic",45330, $315.00
"46050 Incision and drainage, perianal abscess, superficial",46050, $386.00
46083 Incision Thrombosed Ext Hemorr,46083, $340.00
46320 Exc ext thrombotic,46320, $352.00
"46600 Anoscopy; diagnostic, including collection of specimens by brushing or washing when performed",46600, $176.00
"47000 Biopsy of liver, needle; percutaneous",47000, $565.00
49083 Abdominal paracentesis (diagnostic or therapeutic);  with imaging guidance,49083, $549.00
51702 Insertion of temporary indwelling bladder catheter; simple,51702, $115.00
54160 Circumcision other than clamp/ dorsal slit,54160, $415.00
"55000 Puncture aspiration of hydrocele, tunica vaginalis, with or without injection of medication",55000, $219.00
56405 Incision and drainage of,56405, $213.00
56420 Incision and drainage of Bartholin's gland abscess,56420, $252.00
57160 Insertion of pessary,57160, $118.00
57500 Biopsy of cervix uterus,57500, $248.00
57511 Cryocautery of cervix,57511, $291.00
"58100 Endometrial sampling (biopsy) with or without endocervical sampling [biopsy], without [cervica",58100, $173.00
58301 Removal of intrauterine device (IUD),58301, $178.00
64615 CHEMODENERV MUSC MIGRAINE,64615, $272.00
"65205 Removal of foreign body, external eye; conjunctival superficial",65205, $86.00
"65220 Removal of foreign body, external eye; conjunctival superficial; corneal, without [slit lamp]",65220, $111.00
67938 Removal Embedded FB Eyelid,67938, $467.00
69000 Drainage external ear,69000, $344.00
69020 Drainage external,69020, $426.00
69100 Biopsy external ear,69100, $181.00
69200 Removal foreign body from external auditory canal; without anesthesia,69200, $151.00
"69210 Removal impacted cerumen requiring instrumentation, unilateral",69210, $88.00
"97597 Debridement (eg, high pressure waterjet with/without [suction], sharp selective debridement wi",97597, $164.00
"97602 Removal of devitalized tissue from wounds, without anesthesia, including topical appilcation,",97602, $75.00
"98925 Osteopathic (OMT), 1-2 Regions",98925, $59.00
"98926 Osteopathic (OMT), 3-4 Regions",98926, $86.00
98927 Osteopathic (OMT); 5-6 Regions,98927, $113.00
UA non-automated without microscopy POC (81002),81002, $6.00
59425 Antepartum care only; 4-6 visits,59425, $853.00
59426 Antepartum care only; 7 or more visits,59426," $1,523.00 "
67810 Biopsy of eyelid,67810, $324.00
"99201 Level 1, Brief, 10min",99201, $86.00
99201 Office or other outpatient visit for the evaluation and management of a new patient - Level 1,99201, $86.00
99202 Office or other outpatient visit for the evaluation and management of a new patient - Level 2,99202, $142.00
99203 Office or other outpatient visit for the evaluation and management of a new patient - Level 3,99203, $167.00
99203 Treatment Room New Patient Level 3,99203, $167.00
99204 Office or other outpatient visit for the evaluation and management of a new patient - Level 4,99204, $256.00
99204 Treatment Room New Patient Level 4,99204, $256.00
99205 Office or other outpatient visit for the evaluation and management of a new patient - Level 5,99205, $341.00
99205 Treatment Room New Patient Level 5,99205, $341.00
"99211 Level 1, Brief (Nursing Only)",99211, $42.00
99211 Office visit for the evaluation and management of an established pt - Level 1,99211, $42.00
99212 Office visit for the evaluation and management of an established pt - Level 2,99212, $88.00
99213 Office visit for the evaluation and management of an established pt - Level 3,99213, $120.00
99214 Office visit for the evaluation and management of an established pt - Level 4,99214, $174.00
99215 Office visit for the evaluation and management of an established pt - Level 5,99215, $256.00
99217 Observation care discharge day management,99217, $145.00
"99218 Initial observation care, Level 1",99218, $199.00
"99219 Initial observation care, Level 2",99219, $271.00
"99220 Initial observation care, Level 3",99220, $341.00
"99221 Initial hospital care, Level 1",99221, $205.00
"99222 Initial hospital care, Level 2",99222, $314.00
"99223 Initial hospital care, Level 3",99223, $408.00
"99224 Subsequent observation care, Level 1",99224, $80.00
"99225 Subsequent observation care, Level 2",99225, $144.00
99226 Outpatient obs subq care per day 35 min,99226, $279.00
"99231 Subsequent hospital care, Level 1",99231, $79.00
"99232 Subsequent hospital care, Level 2",99232, $154.00
"99233 Subsequent hospital care, Level 3",99233, $208.00
99234 Hospital Care Admit Discharge Patient Level 1,99234, $271.00
99235 Hospital Care Admit Discharge Patient Level 2,99235, $339.00
99236 Hospital Care Admit Discharge Patient Level 3,99236, $511.00
99238 Hospital discharge day management; Patient Level 1,99238, $145.00
99239 Hospital discharge day management; Patient Level 2,99239, $214.00
"99241 Office consultation for a new or established patient, with 3 key requirements",99241, $142.00
"99242 Office consultation, low",99242, $170.00
"99243 Office consultation, moderate",99243, $221.00
99281 Emergency department visit for the evaluation and management of a patient - Level 1,99281, $58.00
99282 Emergency department visit for the evaluation and management of a patient - Level 2,99282, $113.00
99283 Emergency department visit for the evaluation and management of a patient - Level 3,99283, $169.00
99284 Emergency department visit for the evaluation and management of a patient - Level 4,99284, $321.00
99285 Emergency department visit for the evaluation and management of a patient - Level 5,99285, $473.00
"99291 Critical care, evaluation and management of the critically ill or critically injured patient;",99291, $529.00
"99292 Critical care, evaluation and management of the critically ill or critically injured patient;",99292, $330.00
"99304 Initial nursing facility care, Patient Level 1",99304, $187.00
"99305 Initial nursing facility care, Patient Level 2",99305, $266.00
"99306 Initial nursing facility care, Patient Level 3",99306, $337.00
"99307 Subsequent nursing facility care, Patient Level 1",99307, $89.00
"99308 Subsequent nursing facility care, Patient Level 2",99308, $138.00
"99309 Subsequent nursing facility care, Patient Level 3",99309, $181.00
"99310 Subsequent nursing facility care, Patient Level 4",99310, $271.00
99315 Nursing facility discharge day management; Patient Level 1,99315, $146.00
99316 Nursing facility discharge day management; Patient Level 2,99316, $210.00
99324 Nursing home npt visit problem focused,99324, $112.00
99325 NP -Mod. Assited Living Visit,99325, $162.00
99326 Nursing home npt detailed,99326, $280.00
99327 Nursing home npt comprehensive,99327, $373.00
99328 Nursing home npt comprehensive/ complex,99328, $434.00
99334 Est. Low Assisted Living,99334, $121.00
99335 Est. Moderate Assisted Living,99335, $190.00
99336 Nursing home estb pt detailed,99336, $269.00
99337 Nursing home estb pt comprehensive,99337, $387.00
"99347 Home visit for the evaluation and management of an established patient, 15 minutes are spent f",99347, $112.00
"99348 Home visit for the evaluation and management of an established patient, 25 minutes are spent f",99348, $169.00
"99349 Home visit for the evaluation and management of an established patient, 40 minutes are spent f",99349, $256.00
99350 Home Visit,99350, $356.00
99354 Proglonged physician services,99354, $199.00
99355 Prolonged physician services,99355, $195.00
99356 Prolonged physician services,99356, $184.00
99357 Prolonged physician services,99357, $183.00
99443 Telephone Eval and Management Est Pt 21-30min,99443, $109.00
G0439 Annual Wellness Visit; Subsequent,, $217.00
